 2.00000000e-14  6.68925859e-01 
 2.08596224e-14  6.68615418e-01 
 2.25788672e-14  6.68855199e-01 
 2.60173568e-14  6.71649582e-01 
 3.28943360e-14  6.77855131e-01 
 4.48530853e-14  6.86868568e-01 
 5.96101032e-14  6.96394591e-01 
 8.53786501e-14  7.10496539e-01 
 1.36915744e-13  7.31655551e-01 
 2.39989931e-13  7.55310755e-01 
 4.46138306e-13  7.65146842e-01 
 8.58435057e-13  7.48737745e-01 
 1.42921753e-12  7.22789613e-01 
 2.00000000e-12  6.98602369e-01 
 2.11415649e-12  6.93781643e-01 
 2.34246948e-12  6.84249366e-01 
 2.79909546e-12  6.65634434e-01 
 3.71234742e-12  6.29853892e-01 
 5.53885132e-12  5.63679184e-01 
 7.53885132e-12  4.98669229e-01 
 9.53885132e-12  4.40809105e-01 
 1.15388513e-11  3.89833703e-01 
 1.35388513e-11  3.45425209e-01 
 1.55388513e-11  3.07149892e-01 
 1.75388513e-11  2.74526189e-01 
 1.95388513e-11  2.47053345e-01 
 2.15388513e-11  2.24235723e-01 
 2.35388513e-11  2.05585037e-01 
 2.55388513e-11  1.90638032e-01 
 2.75388513e-11  1.78958234e-01 
 2.95388513e-11  1.70150477e-01 
 3.15388513e-11  1.63858042e-01 
 3.35388513e-11  1.59769995e-01 
 3.55388513e-11  1.57613212e-01 
 3.75388513e-11  1.57154924e-01 
 3.95388513e-11  1.58192736e-01 
 4.15388513e-11  1.60555334e-01 
 4.35388513e-11  1.64092574e-01 
 4.55388513e-11  1.68676063e-01 
 4.75388513e-11  1.74190428e-01 
 4.95388513e-11  1.80534658e-01 
 5.15388513e-11  1.87614981e-01 
 5.35388513e-11  1.95347225e-01 
 5.55388513e-11  2.03651193e-01 
 5.75388513e-11  2.12453797e-01 
 5.95388513e-11  2.21684489e-01 
 6.15388513e-11  2.31278758e-01 
 6.35388513e-11  2.41174135e-01 
 6.55388513e-11  2.51313739e-01 
 6.75388513e-11  2.61642568e-01 
 6.95388513e-11  2.72110932e-01 
 7.15388513e-11  2.82670900e-01 
 7.35388513e-11  2.93279597e-01 
 7.55388513e-11  3.03895752e-01 
 7.75388513e-11  3.14482862e-01 
 7.95388513e-11  3.25005817e-01 
 8.15388513e-11  3.35433919e-01 
 8.35388513e-11  3.45737509e-01 
 8.55388513e-11  3.55890776e-01 
 8.75388513e-11  3.65868269e-01 
 8.95388513e-11  3.75647461e-01 
 9.15388513e-11  3.85205181e-01 
 9.35388513e-11  3.94520153e-01 
 9.55388513e-11  4.03569716e-01 
 9.75388513e-11  4.12332741e-01 
 9.95388513e-11  4.20786893e-01 
 1.01538851e-10  4.28911959e-01 
 1.03538851e-10  4.36687419e-01 
 1.05538851e-10  4.44095841e-01 
 1.07538851e-10  4.51120389e-01 
 1.09538851e-10  4.57748022e-01 
 1.11538851e-10  4.63966815e-01 
 1.13538851e-10  4.69768913e-01 
 1.15538851e-10  4.75147700e-01 
 1.17538851e-10  4.80100587e-01 
 1.19538851e-10  4.84626102e-01 
 1.21538851e-10  4.88726573e-01 
 1.23538851e-10  4.92405211e-01 
 1.25538851e-10  4.95668733e-01 
 1.27538851e-10  4.98524461e-01 
 1.29538851e-10  5.00982915e-01 
 1.31538851e-10  5.03054941e-01 
 1.33538851e-10  5.04754278e-01 
 1.35538851e-10  5.06094722e-01 
 1.37538851e-10  5.07092666e-01 
 1.39538851e-10  5.07764299e-01 
 1.41538851e-10  5.08128125e-01 
 1.43538851e-10  5.08204049e-01 
 1.45538851e-10  5.08011442e-01 
 1.47538851e-10  5.07567071e-01 
 1.49538851e-10  5.06890958e-01 
 1.51538851e-10  5.06004212e-01 
 1.53538851e-10  5.04930838e-01 
 1.55538851e-10  5.03691705e-01 
 1.57538851e-10  5.02308998e-01 
 1.59538851e-10  5.00803744e-01 
 1.61538851e-10  4.99198133e-01 
 1.63538851e-10  4.97513064e-01 
 1.65538851e-10  4.95770474e-01 
 1.67538851e-10  4.93991475e-01 
 1.69538851e-10  4.92196748e-01 
 1.71538851e-10  4.90406251e-01 
 1.73538851e-10  4.88641048e-01 
 1.75538851e-10  4.86920477e-01 
 1.77538851e-10  4.85265257e-01 
 1.79538851e-10  4.83693416e-01 
 1.81538851e-10  4.82224448e-01 
 1.83538851e-10  4.80876331e-01 
 1.85538851e-10  4.79667731e-01 
 1.87538851e-10  4.78615793e-01 
 1.89538851e-10  4.77738342e-01 
 1.91538851e-10  4.77051688e-01 
 1.93538851e-10  4.76572814e-01 
 1.95538851e-10  4.76317201e-01 
 1.97538851e-10  4.76300996e-01 
 1.99538851e-10  4.76538859e-01 
 2.01538851e-10  4.77046108e-01 
 2.03538851e-10  4.77836593e-01 
 2.05538851e-10  4.78924811e-01 
 2.07538851e-10  4.80323804e-01 
 2.09538851e-10  4.82047251e-01 
 2.11538851e-10  4.84107384e-01 
 2.13538851e-10  4.86517057e-01 
 2.15538851e-10  4.89287682e-01 
 2.17538851e-10  4.92430829e-01 
 2.19538851e-10  4.95957760e-01 
 2.21538851e-10  4.99879262e-01 
 2.23538851e-10  5.04205287e-01 
 2.25538851e-10  5.08945664e-01 
 2.27538851e-10  5.14109502e-01 
 2.29538851e-10  5.19705568e-01 
 2.31538851e-10  5.25742086e-01 
 2.33538851e-10  5.32226637e-01 
 2.35538851e-10  5.39166500e-01 
 2.37538851e-10  5.46567919e-01 
 2.39538851e-10  5.54437155e-01 
 2.41538851e-10  5.62778915e-01 
 2.43538851e-10  5.71598344e-01 
 2.45538851e-10  5.80898351e-01 
 2.47538851e-10  5.90682838e-01 
 2.49538851e-10  6.00952548e-01 
 2.51538851e-10  6.11709973e-01 
 2.53538851e-10  6.22953166e-01 
 2.55538851e-10  6.34682974e-01 
 2.57538851e-10  6.46893996e-01 
 2.59538851e-10  6.59585103e-01 
 2.61538851e-10  6.72746293e-01 
 2.63538851e-10  6.86373983e-01 
 2.65538851e-10  7.00451845e-01 
 2.67538851e-10  7.14973131e-01 
 2.69538851e-10  7.29912607e-01 
 2.71538851e-10  7.45259301e-01 
 2.73538851e-10  7.60975345e-01 
 2.75538851e-10  7.76991205e-01 
 2.77538851e-10  7.93305455e-01 
 2.79538851e-10  8.09869887e-01 
 2.81538851e-10  8.26630448e-01 
 2.83538851e-10  8.43521857e-01 
 2.85538851e-10  8.60471636e-01 
 2.87538851e-10  8.77397113e-01 
 2.89538851e-10  8.94210092e-01 
 2.91538851e-10  9.10816548e-01 
 2.93538851e-10  9.27122545e-01 
 2.95538851e-10  9.43035895e-01 
 2.97538851e-10  9.58472244e-01 
 2.99538851e-10  9.73356612e-01 
 3.01538851e-10  9.87627734e-01 
 3.03538851e-10  1.00123770e+00 
 3.05538851e-10  1.01415382e+00 
 3.07538851e-10  1.02635635e+00 
 3.09538851e-10  1.03783871e+00 
 3.11538851e-10  1.04860432e+00 
 3.13538851e-10  1.05866626e+00 
 3.15538851e-10  1.06804415e+00 
 3.17538851e-10  1.07676384e+00 
 3.19538851e-10  1.08485466e+00 
 3.21538851e-10  1.09234943e+00 
 3.23538851e-10  1.09928210e+00 
 3.25538851e-10  1.10568808e+00 
 3.27538851e-10  1.11160228e+00 
 3.29538851e-10  1.11705970e+00 
 3.31538851e-10  1.12209375e+00 
 3.33538851e-10  1.12673714e+00 
 3.35538851e-10  1.13102044e+00 
 3.37538851e-10  1.13497305e+00 
 3.39538851e-10  1.13862202e+00 
 3.41538851e-10  1.14199315e+00 
 3.43538851e-10  1.14510989e+00 
 3.45538851e-10  1.14799449e+00 
 3.47538851e-10  1.15066705e+00 
 3.49538851e-10  1.15314666e+00 
 3.51538851e-10  1.15545045e+00 
 3.53538851e-10  1.15759481e+00 
 3.55538851e-10  1.15959440e+00 
 3.57538851e-10  1.16146334e+00 
 3.59538851e-10  1.16321425e+00 
 3.61538851e-10  1.16485938e+00 
 3.63538851e-10  1.16640965e+00 
 3.65538851e-10  1.16787573e+00 
 3.67538851e-10  1.16926708e+00 
 3.69538851e-10  1.17059301e+00 
 3.71538851e-10  1.17186168e+00 
 3.73538851e-10  1.17308115e+00 
 3.75538851e-10  1.17425840e+00 
 3.77538851e-10  1.17540036e+00 
 3.79538851e-10  1.17651289e+00 
 3.81538851e-10  1.17759933e+00 
 3.83538851e-10  1.17866433e+00 
 3.85538851e-10  1.17971514e+00 
 3.87538851e-10  1.18075587e+00 
 3.89538851e-10  1.18179063e+00 
 3.91538851e-10  1.18282245e+00 
 3.93538851e-10  1.18385444e+00 
 3.95538851e-10  1.18488873e+00 
 3.97538851e-10  1.18592751e+00 
 3.99538851e-10  1.18697208e+00 
 4.01538851e-10  1.18802382e+00 
 4.03538851e-10  1.18908327e+00 
 4.05538851e-10  1.19015695e+00 
 4.07538851e-10  1.19123806e+00 
 4.09538851e-10  1.19232659e+00 
 4.11538851e-10  1.19342758e+00 
 4.13538851e-10  1.19453364e+00 
 4.15538851e-10  1.19564349e+00 
 4.17538851e-10  1.19675584e+00 
 4.19538851e-10  1.19786895e+00 
 4.21538851e-10  1.19898120e+00 
 4.23538851e-10  1.20009049e+00 
 4.25538851e-10  1.20119493e+00 
 4.27538851e-10  1.20229223e+00 
 4.29538851e-10  1.20338038e+00 
 4.31538851e-10  1.20445702e+00 
 4.33538851e-10  1.20552021e+00 
 4.35538851e-10  1.20656767e+00 
 4.37538851e-10  1.20759757e+00 
 4.39538851e-10  1.20860781e+00 
 4.41538851e-10  1.20959667e+00 
 4.43538851e-10  1.21056214e+00 
 4.45538851e-10  1.21150253e+00 
 4.47538851e-10  1.21241575e+00 
 4.49538851e-10  1.21330003e+00 
 4.51538851e-10  1.21415314e+00 
 4.53538851e-10  1.21497313e+00 
 4.55538851e-10  1.21575762e+00 
 4.57538851e-10  1.21650454e+00 
 4.59538851e-10  1.21721133e+00 
 4.61538851e-10  1.21787575e+00 
 4.63538851e-10  1.21849507e+00 
 4.65538851e-10  1.21906683e+00 
 4.67538851e-10  1.21958809e+00 
 4.69538851e-10  1.22005617e+00 
 4.71538851e-10  1.22046794e+00 
 4.73538851e-10  1.22082054e+00 
 4.75538851e-10  1.22111064e+00 
 4.77538851e-10  1.22133521e+00 
 4.79538851e-10  1.22149077e+00 
 4.81538851e-10  1.22157411e+00 
 4.83538851e-10  1.22158156e+00 
 4.85538851e-10  1.22150971e+00 
 4.87538851e-10  1.22135466e+00 
 4.89538851e-10  1.22111272e+00 
 4.91538851e-10  1.22078307e+00 
 4.93538851e-10  1.22036115e+00 
 4.95538851e-10  1.21983868e+00 
 4.97538851e-10  1.21921129e+00 
 4.99538851e-10  1.21847401e+00 
 5.01538851e-10  1.21762214e+00 
 5.03538851e-10  1.21665032e+00 
 5.05538851e-10  1.21555342e+00 
 5.07538851e-10  1.21432570e+00 
 5.09538851e-10  1.21296162e+00 
 5.11538851e-10  1.21145503e+00 
 5.13538851e-10  1.20979997e+00 
 5.15538851e-10  1.20798987e+00 
 5.17538851e-10  1.20601833e+00 
 5.19538851e-10  1.20387829e+00 
 5.21538851e-10  1.20156282e+00 
 5.23538851e-10  1.19906429e+00 
 5.25538851e-10  1.19637509e+00 
 5.27538851e-10  1.19348693e+00 
 5.29538851e-10  1.19039138e+00 
 5.31538851e-10  1.18707912e+00 
 5.33538851e-10  1.18354054e+00 
 5.35538851e-10  1.17976489e+00 
 5.37538851e-10  1.17574091e+00 
 5.39538851e-10  1.17145586e+00 
 5.41538851e-10  1.16689609e+00 
 5.43538851e-10  1.16204600e+00 
 5.45538851e-10  1.15688847e+00 
 5.47538851e-10  1.15140374e+00 
 5.49538851e-10  1.14556964e+00 
 5.51538851e-10  1.13936032e+00 
 5.53538851e-10  1.13269605e+00 
 5.55538851e-10  1.12559487e+00 
 5.57538851e-10  1.11799557e+00 
 5.59538851e-10  1.10978482e+00 
 5.61538851e-10  1.10096257e+00 
 5.63538851e-10  1.09145456e+00 
 5.65538851e-10  1.08117696e+00 
 5.67538851e-10  1.07003362e+00 
 5.69538851e-10  1.05792102e+00 
 5.71538851e-10  1.04473102e+00 
 5.73538851e-10  1.03036144e+00 
 5.75538851e-10  1.01472542e+00 
 5.77538851e-10  9.97764653e-01 
 5.79538851e-10  9.79455511e-01 
 5.81538851e-10  9.59810957e-01 
 5.83538851e-10  9.38872589e-01 
 5.85538851e-10  9.16701339e-01 
 5.87538851e-10  8.93366367e-01 
 5.89538851e-10  8.68939091e-01 
 5.91538851e-10  8.43556760e-01 
 5.93538851e-10  8.17271796e-01 
 5.95538851e-10  7.90070872e-01 
 5.97538851e-10  7.62019596e-01 
 5.99538851e-10  7.33177911e-01 
 6.01538851e-10  7.03605301e-01 
 6.03538851e-10  6.73358446e-01 
 6.05538851e-10  6.42494887e-01 
 6.07538851e-10  6.11071586e-01 
 6.09538851e-10  5.79147970e-01 
 6.11538851e-10  5.46785388e-01 
 6.13538851e-10  5.14050227e-01 
 6.15538851e-10  4.81014689e-01 
 6.17538851e-10  4.47761030e-01 
 6.19538851e-10  4.14384763e-01 
 6.21538851e-10  3.81001845e-01 
 6.23538851e-10  3.47756419e-01 
 6.25538851e-10  3.14999235e-01 
 6.27538851e-10  2.83032181e-01 
 6.29538851e-10  2.52047107e-01 
 6.31538851e-10  2.22411766e-01 
 6.33538851e-10  1.94530839e-01 
 6.35538851e-10  1.68789554e-01 
 6.37538851e-10  1.45507626e-01 
 6.39538851e-10  1.24883823e-01 
 6.41538851e-10  1.06977458e-01 
 6.43538851e-10  9.17075552e-02 
 6.45538851e-10  7.88836817e-02 
 6.47538851e-10  6.82410799e-02 
 6.49538851e-10  5.94821599e-02 
 6.51538851e-10  5.23062445e-02 
 6.53538851e-10  4.64334602e-02 
 6.55538851e-10  4.16156163e-02 
 6.57538851e-10  3.76423913e-02 
 6.59538851e-10  3.43398956e-02 
 6.61538851e-10  3.15684337e-02 
 6.63538851e-10  2.92169863e-02 
 6.65538851e-10  2.71990705e-02 
 6.67538851e-10  2.54473393e-02 
 6.69538851e-10  2.39101502e-02 
 6.71538851e-10  2.25475110e-02 
 6.73538851e-10  2.13288774e-02 
 6.75538851e-10  2.02304118e-02 
 6.77538851e-10  1.92337977e-02 
 6.79538851e-10  1.83244481e-02 
 6.81538851e-10  1.74909961e-02 
 6.83538851e-10  1.67241068e-02 
 6.85538851e-10  1.60163698e-02 
 6.87538851e-10  1.53614689e-02 
 6.89538851e-10  1.47542944e-02 
 6.91538851e-10  1.41903201e-02 
 6.93538851e-10  1.36658273e-02 
 6.95538851e-10  1.31774003e-02 
 6.97538851e-10  1.27222040e-02 
 6.99538851e-10  1.22975491e-02 
 7.01538851e-10  1.19011914e-02 
 7.03538851e-10  1.15309412e-02 
 7.05538851e-10  1.11849681e-02 
 7.07538851e-10  1.08614412e-02 
 7.09538851e-10  1.05588306e-02 
 7.11538851e-10  1.02755723e-02 
 7.13538851e-10  1.00103617e-02 
 7.15538851e-10  9.76183930e-03 
 7.17538851e-10  9.52887598e-03 
 7.19538851e-10  9.31027557e-03 
 7.21538851e-10  9.10505159e-03 
 7.23538851e-10  8.91214577e-03 
 7.25538851e-10  8.73069542e-03 
 7.27538851e-10  8.55976629e-03 
 7.29538851e-10  8.39861016e-03 
 7.31538851e-10  8.24640962e-03 
 7.33538851e-10  8.10252449e-03 
 7.35538851e-10  7.96624440e-03 
 7.37538851e-10  7.83702006e-03 
 7.39538851e-10  7.71421689e-03 
 7.41538851e-10  7.59732547e-03 
 7.43538851e-10  7.48571288e-03 
 7.45538851e-10  7.37882157e-03 
 7.47538851e-10  7.27595056e-03 
 7.49538851e-10  7.17650830e-03 
 7.51538851e-10  7.07990064e-03 
 7.53538851e-10  6.98586281e-03 
 7.55538851e-10  6.89435132e-03 
 7.57538851e-10  6.80574482e-03 
 7.59538851e-10  6.72055254e-03 
 7.61538851e-10  6.63945109e-03 
 7.63538851e-10  6.56292955e-03 
 7.65538851e-10  6.49135111e-03 
 7.67538851e-10  6.42470010e-03 
 7.69538851e-10  6.36276754e-03 
 7.71538851e-10  6.30501504e-03 
 7.73538851e-10  6.25083352e-03 
 7.75538851e-10  6.19943829e-03 
 7.77538851e-10  6.15011740e-03 
 7.79538851e-10  6.10209794e-03 
 7.81538851e-10  6.05475427e-03 
 7.83538851e-10  6.00743966e-03 
 7.85538851e-10  5.95966260e-03 
 7.87538851e-10  5.91089802e-03 
 7.89538851e-10  5.86123754e-03 
 7.91538851e-10  5.81021883e-03 
 7.93538851e-10  5.75673170e-03 
 7.95538851e-10  5.69988630e-03 
 7.97538851e-10  5.63920458e-03 
 7.99538851e-10  5.57449522e-03 
 8.01538851e-10  5.50512686e-03 
 8.03538851e-10  5.43011779e-03 
 8.05538851e-10  5.34858032e-03 
 8.07538851e-10  5.25941772e-03 
 8.09538851e-10  5.16174786e-03 
 8.11538851e-10  5.05470834e-03 
 8.13538851e-10  4.93780784e-03 
 8.15538851e-10  4.81071868e-03 
 8.17538851e-10  4.67347903e-03 
 8.19538851e-10  4.52622249e-03 
 8.21538851e-10  4.36928716e-03 
 8.23538851e-10  4.20296144e-03 
 8.25538851e-10  4.02760412e-03 
 8.27538851e-10  3.84345681e-03 
 8.29538851e-10  3.65079797e-03 
 8.31538851e-10  3.44979935e-03 
 8.33538851e-10  3.24068865e-03 
 8.35538851e-10  3.02361675e-03 
 8.37538851e-10  2.79881056e-03 
 8.39538851e-10  2.56643634e-03 
 8.41538851e-10  2.32673993e-03 
 8.43538851e-10  2.07990509e-03 
 8.45538851e-10  1.82618512e-03 
 8.47538851e-10  1.56575967e-03 
 8.49538851e-10  1.29886227e-03 
 8.51538851e-10  1.02563923e-03 
 8.53538851e-10  7.46276382e-04 
 8.55538851e-10  4.60862687e-04 
 8.57538851e-10  1.69518589e-04 
 8.59538851e-10 -1.27733382e-04 
 8.61538851e-10 -4.30836396e-04 
 8.63538851e-10 -7.39818758e-04 
 8.65538851e-10 -1.05465504e-03 
 8.67538851e-10 -1.37537161e-03 
 8.69538851e-10 -1.70189792e-03 
 8.71538851e-10 -2.03415495e-03 
 8.73538851e-10 -2.37189672e-03 
 8.75538851e-10 -2.71478628e-03 
 8.77538851e-10 -3.06224106e-03 
 8.79538851e-10 -3.41351947e-03 
 8.81538851e-10 -3.76760437e-03 
 8.83538851e-10 -4.12333998e-03 
 8.85538851e-10 -4.47938758e-03 
 8.87538851e-10 -4.83442424e-03 
 8.89538851e-10 -5.18714590e-03 
 8.91538851e-10 -5.53646660e-03 
 8.93538851e-10 -5.88148741e-03 
 8.95538851e-10 -6.22162489e-03 
 8.97538851e-10 -6.55650837e-03 
 8.99538851e-10 -6.88604390e-03 
 9.01538851e-10 -7.21027656e-03 
 9.03538851e-10 -7.52943827e-03 
 9.05538851e-10 -7.84381623e-03 
 9.07538851e-10 -8.15381158e-03 
 9.09538851e-10 -8.45982538e-03 
 9.11538851e-10 -8.76232941e-03 
 9.13538851e-10 -9.06176538e-03 
 9.15538851e-10 -9.35862190e-03 
 9.17538851e-10 -9.65334143e-03 
 9.19538851e-10 -9.94639930e-03 
 9.21538851e-10 -1.02382155e-02 
 9.23538851e-10 -1.05292339e-02 
 9.25538851e-10 -1.08198375e-02 
 9.27538851e-10 -1.11104264e-02 
 9.29538851e-10 -1.13972976e-02 
 9.31538851e-10 -1.16831319e-02 
 9.33538851e-10 -1.19723549e-02 
 9.35538851e-10 -1.22636434e-02 
 9.37538851e-10 -1.25567341e-02 
 9.39538851e-10 -1.28566203e-02 
 9.41538851e-10 -1.31598739e-02 
 9.43538851e-10 -1.34608663e-02 
 9.45538851e-10 -1.37608485e-02 
 9.47538851e-10 -1.40591350e-02 
 9.49538851e-10 -1.43551572e-02 
 9.51538851e-10 -1.46471145e-02 
 9.53538851e-10 -1.49332352e-02 
 9.55538851e-10 -1.52109008e-02 
 9.57538851e-10 -1.54774789e-02 
 9.59538851e-10 -1.57298169e-02 
 9.61538851e-10 -1.59647957e-02 
 9.63538851e-10 -1.61790535e-02 
 9.65538851e-10 -1.63693203e-02 
 9.67538851e-10 -1.65322638e-02 
 9.69538851e-10 -1.66646504e-02 
 9.71538851e-10 -1.67632577e-02 
 9.73538851e-10 -1.68249117e-02 
 9.75538851e-10 -1.68464452e-02 
 9.77538851e-10 -1.68246571e-02 
 9.79538851e-10 -1.67563077e-02 
 9.81538851e-10 -1.66380328e-02 
 9.83538851e-10 -1.64663686e-02 
 9.85538851e-10 -1.62376394e-02 
 9.87538851e-10 -1.59480043e-02 
 9.89538851e-10 -1.55933288e-02 
 9.91538851e-10 -1.51692452e-02 
 9.93538851e-10 -1.46710116e-02 
 9.95538851e-10 -1.40935797e-02 
 9.97538851e-10 -1.34314427e-02 
 9.99538851e-10 -1.26787030e-02 
 1.00153885e-09 -1.18289094e-02 
 1.00353885e-09 -1.08751186e-02 
 1.00553885e-09 -9.80971949e-03 
 1.00753885e-09 -8.62448205e-03 
 1.00953885e-09 -7.31036450e-03 
 1.01153885e-09 -5.85754254e-03 
 1.01353885e-09 -4.25519192e-03 
 1.01553885e-09 -2.49148746e-03 
 1.01753885e-09 -5.53350119e-04 
 1.01953885e-09  1.57360203e-03 
 1.02153885e-09  3.90540670e-03 
 1.02353885e-09  6.45991474e-03 
 1.02553885e-09  9.25720807e-03 
 1.02753885e-09  1.23198910e-02 
 1.02953885e-09  1.56737026e-02 
 1.03153885e-09  1.93480343e-02 
 1.03353885e-09  2.33768216e-02 
 1.03553885e-09  2.77994075e-02 
 1.03753885e-09  3.26618401e-02 
 1.03953885e-09  3.80181941e-02 
 1.04153885e-09  4.39323212e-02 
 1.04353885e-09  5.04795103e-02 
 1.04553885e-09  5.77482173e-02 
 1.04753885e-09  6.58409192e-02 
 1.04953885e-09  7.48735553e-02 
 1.05153885e-09  8.49717415e-02 
 1.05353885e-09  9.62626266e-02 
 1.05553885e-09  1.08861448e-01 
 1.05753885e-09  1.22855463e-01 
 1.05953885e-09  1.38290778e-01 
 1.06153885e-09  1.55169082e-01 
 1.06353885e-09  1.73455560e-01 
 1.06553885e-09  1.93093146e-01 
 1.06753885e-09  2.14015531e-01 
 1.06953885e-09  2.36155598e-01 
 1.07153885e-09  2.59449127e-01 
 1.07353885e-09  2.83835910e-01 
 1.07553885e-09  3.09259362e-01 
 1.07753885e-09  3.35665846e-01 
 1.07953885e-09  3.63003665e-01 
 1.08153885e-09  3.91222172e-01 
 1.08353885e-09  4.20270644e-01 
 1.08553885e-09  4.50097225e-01 
 1.08753885e-09  4.80647519e-01 
 1.08953885e-09  5.11863099e-01 
 1.09153885e-09  5.43679495e-01 
 1.09353885e-09  5.76023828e-01 
 1.09553885e-09  6.08811598e-01 
 1.09753885e-09  6.41942790e-01 
 1.09953885e-09  6.75296890e-01 
 1.10153885e-09  7.08727318e-01 
 1.10353885e-09  7.42055720e-01 
 1.10553885e-09  7.75068043e-01 
 1.10753885e-09  8.07514780e-01 
 1.10953885e-09  8.39118810e-01 
 1.11153885e-09  8.69592432e-01 
 1.11353885e-09  8.98662189e-01 
 1.11553885e-09  9.26095180e-01 
 1.11753885e-09  9.51719177e-01 
 1.11953885e-09  9.75431074e-01 
 1.12153885e-09  9.97193906e-01 
 1.12353885e-09  1.01702624e+00 
 1.12553885e-09  1.03498897e+00 
 1.12753885e-09  1.05117263e+00 
 1.12953885e-09  1.06568698e+00 
 1.13153885e-09  1.07865288e+00 
 1.13353885e-09  1.09019616e+00 
 1.13553885e-09  1.10044318e+00 
 1.13753885e-09  1.10951748e+00 
 1.13953885e-09  1.11753747e+00 
 1.14153885e-09  1.12461483e+00 
 1.14353885e-09  1.13085350e+00 
 1.14553885e-09  1.13634917e+00 
 1.14753885e-09  1.14118909e+00 
 1.14953885e-09  1.14545221e+00 
 1.15153885e-09  1.14920946e+00 
 1.15353885e-09  1.15252421e+00 
 1.15553885e-09  1.15545274e+00 
 1.15753885e-09  1.15804485e+00 
 1.15953885e-09  1.16034437e+00 
 1.16153885e-09  1.16238982e+00 
 1.16353885e-09  1.16421486e+00 
 1.16553885e-09  1.16584890e+00 
 1.16753885e-09  1.16731753e+00 
 1.16953885e-09  1.16864299e+00 
 1.17153885e-09  1.16984456e+00 
 1.17353885e-09  1.17093892e+00 
 1.17553885e-09  1.17194046e+00 
 1.17753885e-09  1.17286161e+00 
 1.17953885e-09  1.17371304e+00 
 1.18153885e-09  1.17450391e+00 
 1.18353885e-09  1.17524205e+00 
 1.18553885e-09  1.17593419e+00 
 1.18753885e-09  1.17658604e+00 
 1.18953885e-09  1.17720249e+00 
 1.19153885e-09  1.17778771e+00 
 1.19353885e-09  1.17834524e+00 
 1.19553885e-09  1.17887811e+00 
 1.19753885e-09  1.17938893e+00 
 1.19953885e-09  1.17987869e+00 
 1.20153885e-09  1.18034926e+00 
 1.20353885e-09  1.18080326e+00 
 1.20553885e-09  1.18124239e+00 
 1.20753885e-09  1.18166807e+00 
 1.20953885e-09  1.18208135e+00 
 1.21153885e-09  1.18248319e+00 
 1.21353885e-09  1.18287435e+00 
 1.21553885e-09  1.18325556e+00 
 1.21753885e-09  1.18362738e+00 
 1.21953885e-09  1.18399037e+00 
 1.22153885e-09  1.18434494e+00 
 1.22353885e-09  1.18469150e+00 
 1.22553885e-09  1.18503034e+00 
 1.22753885e-09  1.18536583e+00 
 1.22953885e-09  1.18569702e+00 
 1.23153885e-09  1.18601952e+00 
 1.23353885e-09  1.18633391e+00 
 1.23553885e-09  1.18664037e+00 
 1.23753885e-09  1.18693904e+00 
 1.23953885e-09  1.18722986e+00 
 1.24153885e-09  1.18751274e+00 
 1.24353885e-09  1.18778750e+00 
 1.24553885e-09  1.18805390e+00 
 1.24753885e-09  1.18831167e+00 
 1.24953885e-09  1.18856049e+00 
 1.25153885e-09  1.18880004e+00 
 1.25353885e-09  1.18903006e+00 
 1.25553885e-09  1.18925031e+00 
 1.25753885e-09  1.18946071e+00 
 1.25953885e-09  1.18966134e+00 
 1.26153885e-09  1.18985255e+00 
 1.26353885e-09  1.19003495e+00 
 1.26553885e-09  1.19020947e+00 
 1.26753885e-09  1.19037727e+00 
 1.26953885e-09  1.19053961e+00 
 1.27153885e-09  1.19069778e+00 
 1.27353885e-09  1.19085294e+00 
 1.27553885e-09  1.19100603e+00 
 1.27753885e-09  1.19115777e+00 
 1.27953885e-09  1.19130866e+00 
 1.28153885e-09  1.19145898e+00 
 1.28353885e-09  1.19160891e+00 
 1.28553885e-09  1.19175848e+00 
 1.28753885e-09  1.19190767e+00 
 1.28953885e-09  1.19205642e+00 
 1.29153885e-09  1.19220464e+00 
 1.29353885e-09  1.19235223e+00 
 1.29553885e-09  1.19249672e+00 
 1.29753885e-09  1.19263856e+00 
 1.29953885e-09  1.19278064e+00 
 1.30153885e-09  1.19292425e+00 
 1.30353885e-09  1.19306973e+00 
 1.30553885e-09  1.19321546e+00 
 1.30753885e-09  1.19336139e+00 
 1.30953885e-09  1.19350789e+00 
 1.31153885e-09  1.19365564e+00 
 1.31353885e-09  1.19380548e+00 
 1.31553885e-09  1.19395839e+00 
 1.31753885e-09  1.19411540e+00 
 1.31953885e-09  1.19427755e+00 
 1.32153885e-09  1.19444584e+00 
 1.32353885e-09  1.19462118e+00 
 1.32553885e-09  1.19480442e+00 
 1.32753885e-09  1.19499632e+00 
 1.32953885e-09  1.19519753e+00 
 1.33153885e-09  1.19540863e+00 
 1.33353885e-09  1.19563015e+00 
 1.33553885e-09  1.19586251e+00 
 1.33753885e-09  1.19610610e+00 
 1.33953885e-09  1.19636124e+00 
 1.34153885e-09  1.19662821e+00 
 1.34353885e-09  1.19690727e+00 
 1.34553885e-09  1.19719865e+00 
 1.34753885e-09  1.19750257e+00 
 1.34953885e-09  1.19781927e+00 
 1.35153885e-09  1.19814899e+00 
 1.35353885e-09  1.19849202e+00 
 1.35553885e-09  1.19884868e+00 
 1.35753885e-09  1.19921935e+00 
 1.35953885e-09  1.19960447e+00 
 1.36153885e-09  1.20000454e+00 
 1.36353885e-09  1.20042012e+00 
 1.36553885e-09  1.20085182e+00 
 1.36753885e-09  1.20130033e+00 
 1.36953885e-09  1.20176631e+00 
 1.37153885e-09  1.20225049e+00 
 1.37353885e-09  1.20275352e+00 
 1.37553885e-09  1.20327606e+00 
 1.37753885e-09  1.20381864e+00 
 1.37953885e-09  1.20438172e+00 
 1.38153885e-09  1.20496555e+00 
 1.38353885e-09  1.20557013e+00 
 1.38553885e-09  1.20619509e+00 
 1.38753885e-09  1.20683944e+00 
 1.38953885e-09  1.20750136e+00 
 1.39153885e-09  1.20817800e+00 
 1.39353885e-09  1.20886540e+00 
 1.39553885e-09  1.20955874e+00 
 1.39753885e-09  1.21025292e+00 
 1.39953885e-09  1.21094315e+00 
 1.40153885e-09  1.21162554e+00 
 1.40353885e-09  1.21229738e+00 
 1.40553885e-09  1.21295706e+00 
 1.40753885e-09  1.21360394e+00 
 1.40953885e-09  1.21423803e+00 
 1.41153885e-09  1.21485975e+00 
 1.41353885e-09  1.21546975e+00 
 1.41553885e-09  1.21606871e+00 
 1.41753885e-09  1.21665733e+00 
 1.41953885e-09  1.21723619e+00 
 1.42153885e-09  1.21780581e+00 
 1.42353885e-09  1.21836656e+00 
 1.42553885e-09  1.21891874e+00 
 1.42753885e-09  1.21946256e+00 
 1.42953885e-09  1.21999815e+00 
 1.43153885e-09  1.22052558e+00 
 1.43353885e-09  1.22104488e+00 
 1.43553885e-09  1.22155604e+00 
 1.43753885e-09  1.22205905e+00 
 1.43953885e-09  1.22255386e+00 
 1.44153885e-09  1.22304044e+00 
 1.44353885e-09  1.22351873e+00 
 1.44553885e-09  1.22398868e+00 
 1.44753885e-09  1.22445026e+00 
 1.44953885e-09  1.22490339e+00 
 1.45153885e-09  1.22534800e+00 
 1.45353885e-09  1.22578356e+00 
 1.45553885e-09  1.22621022e+00 
 1.45753885e-09  1.22662856e+00 
 1.45953885e-09  1.22703824e+00 
 1.46153885e-09  1.22743877e+00 
 1.46353885e-09  1.22782961e+00 
 1.46553885e-09  1.22821006e+00 
 1.46753885e-09  1.22857926e+00 
 1.46953885e-09  1.22893610e+00 
 1.47153885e-09  1.22927922e+00 
 1.47353885e-09  1.22960690e+00 
 1.47553885e-09  1.22991708e+00 
 1.47753885e-09  1.23020534e+00 
 1.47953885e-09  1.23046866e+00 
 1.48153885e-09  1.23070541e+00 
 1.48353885e-09  1.23091169e+00 
 1.48553885e-09  1.23108320e+00 
 1.48753885e-09  1.23121529e+00 
 1.48953885e-09  1.23130303e+00 
 1.49153885e-09  1.23134138e+00 
 1.49353885e-09  1.23132527e+00 
 1.49553885e-09  1.23124974e+00 
 1.49753885e-09  1.23111003e+00 
 1.49953885e-09  1.23090169e+00 
 1.50153885e-09  1.23062053e+00 
 1.50353885e-09  1.23026271e+00 
 1.50553885e-09  1.22982463e+00 
 1.50753885e-09  1.22930292e+00 
 1.50953885e-09  1.22869436e+00 
 1.51153885e-09  1.22799578e+00 
 1.51353885e-09  1.22720404e+00 
 1.51553885e-09  1.22631596e+00 
 1.51753885e-09  1.22532824e+00 
 1.51953885e-09  1.22423748e+00 
 1.52153885e-09  1.22304011e+00 
 1.52353885e-09  1.22173238e+00 
 1.52553885e-09  1.22031038e+00 
 1.52753885e-09  1.21876999e+00 
 1.52953885e-09  1.21710688e+00 
 1.53153885e-09  1.21531653e+00 
 1.53353885e-09  1.21339418e+00 
 1.53553885e-09  1.21133485e+00 
 1.53753885e-09  1.20913331e+00 
 1.53953885e-09  1.20678406e+00 
 1.54153885e-09  1.20428131e+00 
 1.54353885e-09  1.20161893e+00 
 1.54553885e-09  1.19879045e+00 
 1.54753885e-09  1.19578901e+00 
 1.54953885e-09  1.19260730e+00 
 1.55153885e-09  1.18923747e+00 
 1.55353885e-09  1.18568567e+00 
 1.55553885e-09  1.18194167e+00 
 1.55753885e-09  1.17798056e+00 
 1.55953885e-09  1.17379224e+00 
 1.56153885e-09  1.16936522e+00 
 1.56353885e-09  1.16468685e+00 
 1.56553885e-09  1.15974277e+00 
 1.56753885e-09  1.15451687e+00 
 1.56953885e-09  1.14899074e+00 
 1.57153885e-09  1.14310615e+00 
 1.57353885e-09  1.13683574e+00 
 1.57553885e-09  1.13018387e+00 
 1.57753885e-09  1.12311448e+00 
 1.57953885e-09  1.11558590e+00 
 1.58153885e-09  1.10754924e+00 
 1.58353885e-09  1.09894786e+00 
 1.58553885e-09  1.08971606e+00 
 1.58753885e-09  1.07977897e+00 
 1.58953885e-09  1.06905261e+00 
 1.59153885e-09  1.05744605e+00 
 1.59353885e-09  1.04486514e+00 
 1.59553885e-09  1.03121930e+00 
 1.59753885e-09  1.01643006e+00 
 1.59953885e-09  1.00044050e+00 
 1.60153885e-09  9.83222138e-01 
 1.60353885e-09  9.64777066e-01 
 1.60553885e-09  9.45134162e-01 
 1.60753885e-09  9.24341512e-01 
 1.60953885e-09  9.02457894e-01 
 1.61153885e-09  8.79546020e-01 
 1.61353885e-09  8.55668213e-01 
 1.61553885e-09  8.30884381e-01 
 1.61753885e-09  8.05251353e-01 
 1.61953885e-09  7.78859074e-01 
 1.62153885e-09  7.51751745e-01 
 1.62353885e-09  7.23940167e-01 
 1.62553885e-09  6.95475122e-01 
 1.62753885e-09  6.66391411e-01 
 1.62953885e-09  6.36742600e-01 
 1.63153885e-09  6.06591207e-01 
 1.63353885e-09  5.75987096e-01 
 1.63553885e-09  5.44983776e-01 
 1.63753885e-09  5.13638402e-01 
 1.63953885e-09  4.82015221e-01 
 1.64153885e-09  4.50187502e-01 
 1.64353885e-09  4.18242512e-01 
 1.64553885e-09  3.86286544e-01 
 1.64753885e-09  3.54453063e-01 
 1.64953885e-09  3.22911696e-01 
 1.65153885e-09  2.91878789e-01 
 1.65353885e-09  2.61625083e-01 
 1.65553885e-09  2.32476194e-01 
 1.65753885e-09  2.04798161e-01 
 1.65953885e-09  1.78964849e-01 
 1.66153885e-09  1.55310668e-01 
 1.66353885e-09  1.34082268e-01 
 1.66553885e-09  1.15404635e-01 
 1.66753885e-09  9.92715557e-02 
 1.66953885e-09  8.55597151e-02 
 1.67153885e-09  7.40587642e-02 
 1.67353885e-09  6.45069512e-02 
 1.67553885e-09  5.66240734e-02 
 1.67753885e-09  5.00913529e-02 
 1.67953885e-09  4.46835701e-02 
 1.68153885e-09  4.02440761e-02 
 1.68353885e-09  3.65720581e-02 
 1.68553885e-09  3.35047090e-02 
 1.68753885e-09  3.09140095e-02 
 1.68953885e-09  2.87065661e-02 
 1.69153885e-09  2.68015785e-02 
 1.69353885e-09  2.51299241e-02 
 1.69553885e-09  2.36489271e-02 
 1.69753885e-09  2.23256161e-02 
 1.69953885e-09  2.11342153e-02 
 1.70153885e-09  2.00546634e-02 
 1.70353885e-09  1.90710514e-02 
 1.70553885e-09  1.81707501e-02 
 1.70753885e-09  1.73434934e-02 
 1.70953885e-09  1.65808994e-02 
 1.71153885e-09  1.58759605e-02 
 1.71353885e-09  1.52227924e-02 
 1.71553885e-09  1.46163593e-02 
 1.71753885e-09  1.40523372e-02 
 1.71953885e-09  1.35269629e-02 
 1.72153885e-09  1.30369483e-02 
 1.72353885e-09  1.25793941e-02 
 1.72553885e-09  1.21517268e-02 
 1.72753885e-09  1.17516499e-02 
 1.72953885e-09  1.13770928e-02 
 1.73153885e-09  1.10261864e-02 
 1.73353885e-09  1.06972198e-02 
 1.73553885e-09  1.03886318e-02 
 1.73753885e-09  1.00989734e-02 
 1.73953885e-09  9.82691078e-03 
 1.74153885e-09  9.57119107e-03 
 1.74353885e-09  9.33065380e-03 
 1.74553885e-09  9.10419916e-03 
 1.74753885e-09  8.89080525e-03 
 1.74953885e-09  8.68949827e-03 
 1.75153885e-09  8.49937372e-03 
 1.75353885e-09  8.31956788e-03 
 1.75553885e-09  8.14928164e-03 
 1.75753885e-09  7.98775248e-03 
 1.75953885e-09  7.83427995e-03 
 1.76153885e-09  7.68819772e-03 
 1.76353885e-09  7.54890010e-03 
 1.76553885e-09  7.41581428e-03 
 1.76753885e-09  7.28842792e-03 
 1.76953885e-09  7.16626241e-03 
 1.77153885e-09  7.04890270e-03 
 1.77353885e-09  6.93597276e-03 
 1.77553885e-09  6.82716841e-03 
 1.77753885e-09  6.72223571e-03 
 1.77953885e-09  6.62100641e-03 
 1.78153885e-09  6.52337704e-03 
 1.78353885e-09  6.42934216e-03 
 1.78553885e-09  6.33896615e-03 
 1.78753885e-09  6.25240286e-03 
 1.78953885e-09  6.16984648e-03 
 1.79153885e-09  6.09152488e-03 
 1.79353885e-09  6.01762454e-03 
 1.79553885e-09  5.94827117e-03 
 1.79753885e-09  5.88347351e-03 
 1.79953885e-09  5.82316845e-03 
 1.80153885e-09  5.76725756e-03 
 1.80353885e-09  5.71571164e-03 
 1.80553885e-09  5.66857072e-03 
 1.80753885e-09  5.62592878e-03 
 1.80953885e-09  5.58781606e-03 
 1.81153885e-09  5.55414053e-03 
 1.81353885e-09  5.52460901e-03 
 1.81553885e-09  5.49875374e-03 
 1.81753885e-09  5.47594250e-03 
 1.81953885e-09  5.45546715e-03 
 1.82153885e-09  5.43657808e-03 
 1.82353885e-09  5.41856429e-03 
 1.82553885e-09  5.40076033e-03 
 1.82753885e-09  5.38259251e-03 
 1.82953885e-09  5.36355543e-03 
 1.83153885e-09  5.34323458e-03 
 1.83353885e-09  5.32126704e-03 
 1.83553885e-09  5.29735441e-03 
 1.83753885e-09  5.27121797e-03 
 1.83953885e-09  5.24260821e-03 
 1.84153885e-09  5.21125726e-03 
 1.84353885e-09  5.17700662e-03 
 1.84553885e-09  5.13970782e-03 
 1.84753885e-09  5.09867715e-03 
 1.84953885e-09  5.05304670e-03 
 1.85153885e-09  5.00227326e-03 
 1.85353885e-09  4.94573008e-03 
 1.85553885e-09  4.88262149e-03 
 1.85753885e-09  4.81201037e-03 
 1.85953885e-09  4.73297442e-03 
 1.86153885e-09  4.64467696e-03 
 1.86353885e-09  4.54650528e-03 
 1.86553885e-09  4.43810534e-03 
 1.86753885e-09  4.31941757e-03 
 1.86953885e-09  4.19060280e-03 
 1.87153885e-09  4.05198816e-03 
 1.87353885e-09  3.90395794e-03 
 1.87553885e-09  3.74691447e-03 
 1.87753885e-09  3.58121481e-03 
 1.87953885e-09  3.40718435e-03 
 1.88153885e-09  3.22509515e-03 
 1.88353885e-09  3.03520539e-03 
 1.88553885e-09  2.83774713e-03 
 1.88753885e-09  2.63296509e-03 
 1.88953885e-09  2.42109711e-03 
 1.89153885e-09  2.20240408e-03 
 1.89353885e-09  1.97714151e-03 
 1.89553885e-09  1.74558239e-03 
 1.89753885e-09  1.50798367e-03 
 1.89953885e-09  1.26460602e-03 
 1.90153885e-09  1.01567891e-03 
 1.90353885e-09  7.61420259e-04 
 1.90553885e-09  5.02002522e-04 
 1.90753885e-09  2.37573948e-04 
 1.90953885e-09 -3.17730887e-05 
 1.91153885e-09 -3.05978193e-04 
 1.91353885e-09 -5.85041125e-04 
 1.91553885e-09 -8.68993629e-04 
 1.91753885e-09 -1.15792217e-03 
 1.91953885e-09 -1.45193295e-03 
 1.92153885e-09 -1.75116521e-03 
 1.92353885e-09 -2.05574421e-03 
 1.92553885e-09 -2.36577926e-03 
 1.92753885e-09 -2.68129906e-03 
 1.92953885e-09 -3.00223095e-03 
 1.93153885e-09 -3.32832080e-03 
 1.93353885e-09 -3.65910617e-03 
 1.93553885e-09 -3.99384882e-03 
 1.93753885e-09 -4.33154762e-03 
 1.93953885e-09 -4.67094163e-03 
 1.94153885e-09 -5.01061572e-03 
 1.94353885e-09 -5.34909575e-03 
 1.94553885e-09 -5.68501328e-03 
 1.94753885e-09 -6.01720199e-03 
 1.94953885e-09 -6.34480267e-03 
 1.95153885e-09 -6.66726176e-03 
 1.95353885e-09 -6.98433548e-03 
 1.95553885e-09 -7.29601301e-03 
 1.95753885e-09 -7.60248249e-03 
 1.95953885e-09 -7.90404810e-03 
 1.96153885e-09 -8.20111022e-03 
 1.96353885e-09 -8.49410448e-03 
 1.96553885e-09 -8.78350409e-03 
 1.96753885e-09 -9.06977697e-03 
 1.96953885e-09 -9.35340168e-03 
 1.97153885e-09 -9.63483409e-03 
 1.97353885e-09 -9.91453016e-03 
 1.97553885e-09 -1.01929173e-02 
 1.97753885e-09 -1.04704212e-02 
 1.97953885e-09 -1.07474390e-02 
 1.98153885e-09 -1.10243683e-02 
 1.98353885e-09 -1.13015797e-02 
 1.98553885e-09 -1.15794435e-02 
 1.98753885e-09 -1.18582981e-02 
 1.98953885e-09 -1.21345331e-02 
 1.99153885e-09 -1.24107992e-02 
 1.99353885e-09 -1.26957418e-02 
 1.99553885e-09 -1.29852626e-02 
 1.99753885e-09 -1.32747191e-02 
 1.99953885e-09 -1.35650310e-02 
 2.00153885e-09 -1.38561387e-02 
 2.00353885e-09 -1.41477168e-02 
 2.00553885e-09 -1.44387527e-02 
 2.00753885e-09 -1.47279355e-02 
 2.00953885e-09 -1.50133511e-02 
 2.01153885e-09 -1.52927526e-02 
 2.01353885e-09 -1.55634095e-02 
 2.01553885e-09 -1.58223391e-02 
 2.01753885e-09 -1.60662724e-02 
 2.01953885e-09 -1.62918417e-02 
 2.02153885e-09 -1.64955906e-02 
 2.02353885e-09 -1.66740902e-02 
 2.02553885e-09 -1.68239413e-02 
 2.02753885e-09 -1.69418149e-02 
 2.02953885e-09 -1.70244350e-02 
 2.03153885e-09 -1.70685649e-02 
 2.03353885e-09 -1.70709792e-02 
 2.03553885e-09 -1.70284210e-02 
 2.03753885e-09 -1.69375744e-02 
 2.03953885e-09 -1.67950094e-02 
 2.04153885e-09 -1.65971599e-02 
 2.04353885e-09 -1.63402645e-02 
 2.04553885e-09 -1.60203503e-02 
 2.04753885e-09 -1.56331704e-02 
 2.04953885e-09 -1.51741919e-02 
 2.05153885e-09 -1.46385297e-02 
 2.05353885e-09 -1.40209337e-02 
 2.05553885e-09 -1.33157172e-02 
 2.05753885e-09 -1.25167394e-02 
 2.05953885e-09 -1.16173255e-02 
 2.06153885e-09 -1.06102406e-02 
 2.06353885e-09 -9.48759610e-03 
 2.06553885e-09 -8.24081032e-03 
 2.06753885e-09 -6.86049636e-03 
 2.06953885e-09 -5.33640092e-03 
 2.07153885e-09 -3.65726518e-03 
 2.07353885e-09 -1.81073133e-03 
 2.07553885e-09  2.16836669e-04 
 2.07753885e-09  2.44050809e-03 
 2.07953885e-09  4.87708694e-03 
 2.08153885e-09  7.54535595e-03 
 2.08353885e-09  1.04664548e-02 
 2.08553885e-09  1.36642962e-02 
 2.08753885e-09  1.71661534e-02 
 2.08953885e-09  2.10033238e-02 
 2.09153885e-09  2.52120283e-02 
 2.09353885e-09  2.98344482e-02 
 2.09553885e-09  3.49200609e-02 
 2.09753885e-09  4.05271417e-02 
 2.09953885e-09  4.67245245e-02 
 2.10153885e-09  5.35933199e-02 
 2.10353885e-09  6.12283695e-02 
 2.10553885e-09  6.97385866e-02 
 2.10753885e-09  7.92451605e-02 
 2.10953885e-09  8.98759266e-02 
 2.11153885e-09  1.01754764e-01 
 2.11353885e-09  1.14986375e-01 
 2.11553885e-09  1.29640615e-01 
 2.11753885e-09  1.45743110e-01 
 2.11953885e-09  1.63277369e-01 
 2.12153885e-09  1.82196519e-01 
 2.12353885e-09  2.02437826e-01 
 2.12553885e-09  2.23933791e-01 
 2.12753885e-09  2.46618289e-01 
 2.12953885e-09  2.70428837e-01 
 2.13153885e-09  2.95306906e-01 
 2.13353885e-09  3.21197311e-01 
 2.13553885e-09  3.48047397e-01 
 2.13753885e-09  3.75806053e-01 
 2.13953885e-09  4.04422771e-01 
 2.14153885e-09  4.33846518e-01 
 2.14353885e-09  4.64024558e-01 
 2.14553885e-09  4.94900974e-01 
 2.14753885e-09  5.26414964e-01 
 2.14953885e-09  5.58498621e-01 
 2.15153885e-09  5.91074212e-01 
 2.15353885e-09  6.24050605e-01 
 2.15553885e-09  6.57318878e-01 
 2.15753885e-09  6.90746964e-01 
 2.15953885e-09  7.24173895e-01 
 2.16153885e-09  7.57404609e-01 
 2.16353885e-09  7.90207618e-01 
 2.16553885e-09  8.22318407e-01 
 2.16753885e-09  8.53451584e-01 
 2.16953885e-09  8.83322082e-01 
 2.17153885e-09  9.11671768e-01 
 2.17353885e-09  9.38293818e-01 
 2.17553885e-09  9.63047793e-01 
 2.17753885e-09  9.85862385e-01 
 2.17953885e-09  1.00672824e+00 
 2.18153885e-09  1.02568550e+00 
 2.18353885e-09  1.04281057e+00 
 2.18553885e-09  1.05820435e+00 
 2.18753885e-09  1.07198287e+00 
 2.18953885e-09  1.08427018e+00 
 2.19153885e-09  1.09519307e+00 
 2.19353885e-09  1.10487712e+00 
 2.19553885e-09  1.11344390e+00 
 2.19753885e-09  1.12100901e+00 
 2.19953885e-09  1.12768076e+00 
 2.20153885e-09  1.13355940e+00 
 2.20353885e-09  1.13873682e+00 
 2.20553885e-09  1.14329646e+00 
 2.20753885e-09  1.14731357e+00 
 2.20953885e-09  1.15085553e+00 
 2.21153885e-09  1.15398240e+00 
 2.21353885e-09  1.15674737e+00 
 2.21553885e-09  1.15919740e+00 
 2.21753885e-09  1.16137374e+00 
 2.21953885e-09  1.16331256e+00 
 2.22153885e-09  1.16504542e+00 
 2.22353885e-09  1.16659985e+00 
 2.22553885e-09  1.16799975e+00 
 2.22753885e-09  1.16926589e+00 
 2.22953885e-09  1.17041624e+00 
 2.23153885e-09  1.17146634e+00 
 2.23353885e-09  1.17242961e+00 
 2.23553885e-09  1.17331759e+00 
 2.23753885e-09  1.17414022e+00 
 2.23953885e-09  1.17490600e+00 
 2.24153885e-09  1.17562222e+00 
 2.24353885e-09  1.17629513e+00 
 2.24553885e-09  1.17693004e+00 
 2.24753885e-09  1.17753148e+00 
 2.24953885e-09  1.17810333e+00 
 2.25153885e-09  1.17864889e+00 
 2.25353885e-09  1.17917096e+00 
 2.25553885e-09  1.17967198e+00 
 2.25753885e-09  1.18015276e+00 
 2.25953885e-09  1.18061506e+00 
 2.26153885e-09  1.18106143e+00 
 2.26353885e-09  1.18149346e+00 
 2.26553885e-09  1.18191249e+00 
 2.26753885e-09  1.18231951e+00 
 2.26953885e-09  1.18271542e+00 
 2.27153885e-09  1.18310094e+00 
 2.27353885e-09  1.18347676e+00 
 2.27553885e-09  1.18384342e+00 
 2.27753885e-09  1.18420144e+00 
 2.27953885e-09  1.18455122e+00 
 2.28153885e-09  1.18489313e+00 
 2.28353885e-09  1.18522748e+00 
 2.28553885e-09  1.18555861e+00 
 2.28753885e-09  1.18588558e+00 
 2.28953885e-09  1.18620391e+00 
 2.29153885e-09  1.18651422e+00 
 2.29353885e-09  1.18681667e+00 
 2.29553885e-09  1.18711140e+00 
 2.29753885e-09  1.18739832e+00 
 2.29953885e-09  1.18767737e+00 
 2.30153885e-09  1.18794833e+00 
 2.30353885e-09  1.18821098e+00 
 2.30553885e-09  1.18846501e+00 
 2.30753885e-09  1.18871014e+00 
 2.30953885e-09  1.18894601e+00 
 2.31153885e-09  1.18917237e+00 
 2.31353885e-09  1.18938896e+00 
 2.31553885e-09  1.18959571e+00 
 2.31753885e-09  1.18979268e+00 
 2.31953885e-09  1.18998022e+00 
 2.32153885e-09  1.19015894e+00 
 2.32353885e-09  1.19032977e+00 
 2.32553885e-09  1.19049384e+00 
 2.32753885e-09  1.19065247e+00 
 2.32953885e-09  1.19080693e+00 
 2.33153885e-09  1.19095839e+00 
 2.33353885e-09  1.19110782e+00 
 2.33553885e-09  1.19125595e+00 
 2.33753885e-09  1.19140327e+00 
 2.33953885e-09  1.19155011e+00 
 2.34153885e-09  1.19169661e+00 
 2.34353885e-09  1.19184284e+00 
 2.34553885e-09  1.19198877e+00 
 2.34753885e-09  1.19213434e+00 
 2.34953885e-09  1.19227946e+00 
 2.35153885e-09  1.19242404e+00 
 2.35353885e-09  1.19256561e+00 
 2.35553885e-09  1.19270464e+00 
 2.35753885e-09  1.19284396e+00 
 2.35953885e-09  1.19298487e+00 
 2.36153885e-09  1.19312769e+00 
 2.36353885e-09  1.19327081e+00 
 2.36553885e-09  1.19341418e+00 
 2.36753885e-09  1.19355817e+00 
 2.36953885e-09  1.19370343e+00 
 2.37153885e-09  1.19385083e+00 
 2.37353885e-09  1.19400132e+00 
 2.37553885e-09  1.19415597e+00 
 2.37753885e-09  1.19431579e+00 
 2.37953885e-09  1.19448179e+00 
 2.38153885e-09  1.19465488e+00 
 2.38353885e-09  1.19483593e+00 
 2.38553885e-09  1.19502568e+00 
 2.38753885e-09  1.19522480e+00 
 2.38953885e-09  1.19543387e+00 
 2.39153885e-09  1.19565340e+00 
 2.39353885e-09  1.19588382e+00 
 2.39553885e-09  1.19612553e+00 
 2.39753885e-09  1.19637883e+00 
 2.39953885e-09  1.19664401e+00 
 2.40153885e-09  1.19692131e+00 
 2.40353885e-09  1.19721097e+00 
 2.40553885e-09  1.19751319e+00 
 2.40753885e-09  1.19782823e+00 
 2.40953885e-09  1.19815630e+00 
 2.41153885e-09  1.19849770e+00 
 2.41353885e-09  1.19885273e+00 
 2.41553885e-09  1.19922177e+00 
 2.41753885e-09  1.19960525e+00 
 2.41953885e-09  1.20000367e+00 
 2.42153885e-09  1.20041757e+00 
 2.42353885e-09  1.20084758e+00 
 2.42553885e-09  1.20129435e+00 
 2.42753885e-09  1.20175856e+00 
 2.42953885e-09  1.20224091e+00 
 2.43153885e-09  1.20274208e+00 
 2.43353885e-09  1.20326269e+00 
 2.43553885e-09  1.20380331e+00 
 2.43753885e-09  1.20436436e+00 
 2.43953885e-09  1.20494614e+00 
 2.44153885e-09  1.20554866e+00 
 2.44353885e-09  1.20617158e+00 
 2.44553885e-09  1.20681395e+00 
 2.44753885e-09  1.20747404e+00 
 2.44953885e-09  1.20814906e+00 
 2.45153885e-09  1.20883514e+00 
 2.45353885e-09  1.20952750e+00 
 2.45553885e-09  1.21022105e+00 
 2.45753885e-09  1.21091095e+00 
 2.45953885e-09  1.21159329e+00 
 2.46153885e-09  1.21226525e+00 
 2.46353885e-09  1.21292518e+00 
 2.46553885e-09  1.21357237e+00 
 2.46753885e-09  1.21420681e+00 
 2.46953885e-09  1.21482889e+00 
 2.47153885e-09  1.21543924e+00 
 2.47353885e-09  1.21603855e+00 
 2.47553885e-09  1.21662750e+00 
 2.47753885e-09  1.21720668e+00 
 2.47953885e-09  1.21777660e+00 
 2.48153885e-09  1.21833763e+00 
 2.48353885e-09  1.21889008e+00 
 2.48553885e-09  1.21943415e+00 
 2.48753885e-09  1.21996998e+00 
 2.48953885e-09  1.22049764e+00 
 2.49153885e-09  1.22101716e+00 
 2.49353885e-09  1.22152853e+00 
 2.49553885e-09  1.22203174e+00 
 2.49753885e-09  1.22252673e+00 
 2.49953885e-09  1.22301349e+00 
 2.50153885e-09  1.22349194e+00 
 2.50353885e-09  1.22396206e+00 
 2.50553885e-09  1.22442379e+00 
 2.50753885e-09  1.22487707e+00 
 2.50953885e-09  1.22532184e+00 
 2.51153885e-09  1.22575801e+00 
 2.51353885e-09  1.22618508e+00 
 2.51553885e-09  1.22660318e+00 
 2.51753885e-09  1.22701269e+00 
 2.51953885e-09  1.22741321e+00 
 2.52153885e-09  1.22780416e+00 
 2.52353885e-09  1.22818485e+00 
 2.52553885e-09  1.22855442e+00 
 2.52753885e-09  1.22891179e+00 
 2.52953885e-09  1.22925559e+00 
 2.53153885e-09  1.22958416e+00 
 2.53353885e-09  1.22989544e+00 
 2.53553885e-09  1.23018510e+00 
 2.53753885e-09  1.23045014e+00 
 2.53953885e-09  1.23068894e+00 
 2.54153885e-09  1.23089765e+00 
 2.54353885e-09  1.23107199e+00 
 2.54553885e-09  1.23120735e+00 
 2.54753885e-09  1.23129881e+00 
 2.54953885e-09  1.23134134e+00 
 2.55153885e-09  1.23132988e+00 
 2.55353885e-09  1.23125943e+00 
 2.55553885e-09  1.23112524e+00 
 2.55753885e-09  1.23092280e+00 
 2.55953885e-09  1.23064794e+00 
 2.56153885e-09  1.23029675e+00 
 2.56353885e-09  1.22986564e+00 
 2.56553885e-09  1.22935121e+00 
 2.56753885e-09  1.22875023e+00 
 2.56953885e-09  1.22805954e+00 
 2.57153885e-09  1.22727600e+00 
 2.57353885e-09  1.22639641e+00 
 2.57553885e-09  1.22541752e+00 
 2.57753885e-09  1.22433591e+00 
 2.57953885e-09  1.22314805e+00 
 2.58153885e-09  1.22185019e+00 
 2.58353885e-09  1.22043845e+00 
 2.58553885e-09  1.21890871e+00 
 2.58753885e-09  1.21725668e+00 
 2.58953885e-09  1.21547784e+00 
 2.59153885e-09  1.21356746e+00 
 2.59353885e-09  1.21152059e+00 
 2.59553885e-09  1.20933201e+00 
 2.59753885e-09  1.20699625e+00 
 2.59953885e-09  1.20450754e+00 
 2.60153885e-09  1.20185980e+00 
 2.60353885e-09  1.19904658e+00 
 2.60553885e-09  1.19606106e+00 
 2.60753885e-09  1.19289596e+00 
 2.60953885e-09  1.18954350e+00 
 2.61153885e-09  1.18600980e+00 
 2.61353885e-09  1.18228466e+00 
 2.61553885e-09  1.17834336e+00 
 2.61753885e-09  1.17417588e+00 
 2.61953885e-09  1.16977085e+00 
 2.62153885e-09  1.16511572e+00 
 2.62353885e-09  1.16019630e+00 
 2.62553885e-09  1.15499663e+00 
 2.62753885e-09  1.14949856e+00 
 2.62953885e-09  1.14364453e+00 
 2.63153885e-09  1.13740761e+00 
 2.63353885e-09  1.13079218e+00 
 2.63553885e-09  1.12376267e+00 
 2.63753885e-09  1.11627800e+00 
 2.63953885e-09  1.10828997e+00 
 2.64153885e-09  1.09974269e+00 
 2.64353885e-09  1.09057131e+00 
 2.64553885e-09  1.08070181e+00 
 2.64753885e-09  1.07005100e+00 
 2.64953885e-09  1.05852844e+00 
 2.65153885e-09  1.04604009e+00 
 2.65353885e-09  1.03249471e+00 
 2.65553885e-09  1.01781235e+00 
 2.65753885e-09  1.00193381e+00 
 2.65953885e-09  9.84827867e-01 
 2.66153885e-09  9.66493917e-01 
 2.66353885e-09  9.46958690e-01 
 2.66553885e-09  9.26268868e-01 
 2.66753885e-09  9.04482582e-01 
 2.66953885e-09  8.81662378e-01 
 2.67153885e-09  8.57870732e-01 
 2.67353885e-09  8.33167794e-01 
 2.67553885e-09  8.07610681e-01 
 2.67753885e-09  7.81290291e-01 
 2.67953885e-09  7.54250905e-01 
 2.68153885e-09  7.26502632e-01 
 2.68353885e-09  6.98096428e-01 
 2.68553885e-09  6.69066741e-01 
 2.68753885e-09  6.39467162e-01 
 2.68953885e-09  6.09360552e-01 
 2.69153885e-09  5.78796590e-01 
 2.69353885e-09  5.47828450e-01 
 2.69553885e-09  5.16512818e-01 
 2.69753885e-09  4.84913216e-01 
 2.69953885e-09  4.53101901e-01 
 2.70153885e-09  4.21164660e-01 
 2.70353885e-09  3.89205735e-01 
 2.70553885e-09  3.57355730e-01 
 2.70753885e-09  3.25780511e-01 
 2.70953885e-09  2.94691729e-01 
 2.71153885e-09  2.64354937e-01 
 2.71353885e-09  2.35091019e-01 
 2.71553885e-09  2.07263360e-01 
 2.71753885e-09  1.81246890e-01 
 2.71953885e-09  1.57381733e-01 
 2.72153885e-09  1.35924293e-01 
 2.72353885e-09  1.17011511e-01 
 2.72553885e-09  1.00648939e-01 
 2.72753885e-09  8.67229438e-02 
 2.72953885e-09  7.50297059e-02 
 2.73153885e-09  6.53107626e-02 
 2.73353885e-09  5.72864289e-02 
 2.73553885e-09  5.06350377e-02 
 2.73753885e-09  4.51295468e-02 
 2.73953885e-09  4.06122317e-02 
 2.74153885e-09  3.68786316e-02 
 2.74353885e-09  3.37626571e-02 
 2.74553885e-09  3.11335139e-02 
 2.74753885e-09  2.88957250e-02 
 2.74953885e-09  2.69665751e-02 
 2.75153885e-09  2.52753021e-02 
 2.75353885e-09  2.37782004e-02 
 2.75553885e-09  2.24415160e-02 
 2.75753885e-09  2.12388593e-02 
 2.75953885e-09  2.01497196e-02 
 2.76153885e-09  1.91578322e-02 
 2.76353885e-09  1.82503170e-02 
 2.76553885e-09  1.74167013e-02 
 2.76753885e-09  1.66484638e-02 
 2.76953885e-09  1.59384712e-02 
 2.77153885e-09  1.52807596e-02 
 2.77353885e-09  1.46702099e-02 
 2.77553885e-09  1.41024506e-02 
 2.77753885e-09  1.35736593e-02 
 2.77953885e-09  1.30805191e-02 
 2.78153885e-09  1.26200861e-02 
 2.78353885e-09  1.21897704e-02 
 2.78553885e-09  1.17872405e-02 
 2.78753885e-09  1.14104176e-02 
 2.78953885e-09  1.10574045e-02 
 2.79153885e-09  1.07264873e-02 
 2.79353885e-09  1.04160816e-02 
 2.79553885e-09  1.01247392e-02 
 2.79753885e-09  9.85110574e-03 
 2.79953885e-09  9.59393207e-03 
 2.80153885e-09  9.35203908e-03 
 2.80353885e-09  9.12433222e-03 
 2.80553885e-09  8.90977225e-03 
 2.80753885e-09  8.70739157e-03 
 2.80953885e-09  8.51626907e-03 
 2.81153885e-09  8.33554781e-03 
 2.81353885e-09  8.16441243e-03 
 2.81553885e-09  8.00210749e-03 
 2.81753885e-09  7.84791652e-03 
 2.81953885e-09  7.70118041e-03 
 2.82153885e-09  7.56127759e-03 
 2.82353885e-09  7.42764248e-03 
 2.82553885e-09  7.29974683e-03 
 2.82753885e-09  7.17711906e-03 
 2.82953885e-09  7.05932781e-03 
 2.83153885e-09  6.94600335e-03 
 2.83353885e-09  6.83682427e-03 
 2.83553885e-09  6.73154166e-03 
 2.83753885e-09  6.62996863e-03 
 2.83953885e-09  6.53200532e-03 
 2.84153885e-09  6.43762671e-03 
 2.84353885e-09  6.34690082e-03 
 2.84553885e-09  6.25996367e-03 
 2.84753885e-09  6.17701715e-03 
 2.84953885e-09  6.09827818e-03 
 2.85153885e-09  6.02394996e-03 
 2.85353885e-09  5.95415646e-03 
 2.85553885e-09  5.88892847e-03 
 2.85753885e-09  5.82819801e-03 
 2.85953885e-09  5.77187641e-03 
 2.86153885e-09  5.71991509e-03 
 2.86353885e-09  5.67235767e-03 
 2.86553885e-09  5.62928614e-03 
 2.86753885e-09  5.59075087e-03 
 2.86953885e-09  5.55666486e-03 
 2.87153885e-09  5.52676534e-03 
 2.87353885e-09  5.50059075e-03 
 2.87553885e-09  5.47753234e-03 
 2.87753885e-09  5.45687681e-03 
 2.87953885e-09  5.43788578e-03 
 2.88153885e-09  5.41983291e-03 
 2.88353885e-09  5.40205680e-03 
 2.88553885e-09  5.38396470e-03 
 2.88753885e-09  5.36505416e-03 
 2.88953885e-09  5.34489258e-03 
 2.89153885e-09  5.32312215e-03 
 2.89353885e-09  5.29942931e-03 
 2.89553885e-09  5.27354380e-03 
 2.89753885e-09  5.24520462e-03 
 2.89953885e-09  5.21415624e-03 
 2.90153885e-09  5.18022948e-03 
 2.90353885e-09  5.14329165e-03 
 2.90553885e-09  5.10266868e-03 
 2.90753885e-09  5.05751607e-03 
 2.90953885e-09  5.00728269e-03 
 2.91153885e-09  4.95136543e-03 
 2.91353885e-09  4.88896911e-03 
 2.91553885e-09  4.81917138e-03 
 2.91753885e-09  4.74103438e-03 
 2.91953885e-09  4.65371612e-03 
 2.92153885e-09  4.55656853e-03 
 2.92353885e-09  4.44921939e-03 
 2.92553885e-09  4.33157165e-03 
 2.92753885e-09  4.20377668e-03 
 2.92953885e-09  4.06613953e-03 
 2.93153885e-09  3.91905155e-03 
 2.93353885e-09  3.76290616e-03 
 2.93553885e-09  3.59807528e-03 
 2.93753885e-09  3.42487827e-03 
 2.93953885e-09  3.24360139e-03 
 2.94153885e-09  3.05449432e-03 
 2.94353885e-09  2.85780042e-03 
 2.94553885e-09  2.65375355e-03 
 2.94753885e-09  2.44260126e-03 
 2.94953885e-09  2.22459297e-03 
 2.95153885e-09  1.99999406e-03 
 2.95353885e-09  1.76906694e-03 
 2.95553885e-09  1.53207960e-03 
 2.95753885e-09  1.28928367e-03 
 2.95953885e-09  1.04092117e-03 
 2.96153885e-09  7.87202517e-04 
 2.96353885e-09  5.28314076e-04 
 2.96553885e-09  2.64397802e-04 
 2.96753885e-09 -4.43912677e-06 
 2.96953885e-09 -2.78141926e-04 
 2.97153885e-09 -5.56695353e-04 
 2.97353885e-09 -8.40136957e-04 
 2.97553885e-09 -1.12853910e-03 
 2.97753885e-09 -1.42201540e-03 
 2.97953885e-09 -1.72069377e-03 
 2.98153885e-09 -2.02471096e-03 
 2.98353885e-09 -2.33417081e-03 
 2.98553885e-09 -2.64912116e-03 
 2.98753885e-09 -2.96949350e-03 
 2.98953885e-09 -3.29506360e-03 
 2.99153885e-09 -3.62538397e-03 
 2.99353885e-09 -3.95975451e-03 
 2.99553885e-09 -4.29719186e-03 
 2.99753885e-09 -4.63646744e-03 
 2.99953885e-09 -4.97616826e-03 
 3.00153885e-09 -5.31482834e-03 
 3.00353885e-09 -5.65105363e-03 
 3.00553885e-09 -5.98366108e-03 
 3.00753885e-09 -6.31174945e-03 
 3.00953885e-09 -6.63474277e-03 
 3.01153885e-09 -6.95235906e-03 
 3.01353885e-09 -7.26457499e-03 
 3.01553885e-09 -7.57155257e-03 
 3.01753885e-09 -7.87359503e-03 
 3.01953885e-09 -8.17108615e-03 
 3.02153885e-09 -8.46446784e-03 
 3.02353885e-09 -8.75420175e-03 
 3.02553885e-09 -9.04076551e-03 
 3.02753885e-09 -9.32462836e-03 
 3.02953885e-09 -9.60625731e-03 
 3.03153885e-09 -9.88609978e-03 
 3.03353885e-09 -1.01645948e-02 
 3.03553885e-09 -1.04421595e-02 
 3.03753885e-09 -1.07192026e-02 
 3.03953885e-09 -1.09961128e-02 
 3.04153885e-09 -1.12732724e-02 
 3.04353885e-09 -1.15510429e-02 
 3.04553885e-09 -1.18297752e-02 
 3.04753885e-09 -1.21058721e-02 
 3.04953885e-09 -1.23819864e-02 
 3.05153885e-09 -1.26667141e-02 
 3.05353885e-09 -1.29560035e-02 
 3.05553885e-09 -1.32452396e-02 
 3.05753885e-09 -1.35353684e-02 
 3.05953885e-09 -1.38263471e-02 
 3.06153885e-09 -1.41178907e-02 
 3.06353885e-09 -1.44090162e-02 
 3.06553885e-09 -1.46984643e-02 
 3.06753885e-09 -1.49843561e-02 
 3.06953885e-09 -1.52644963e-02 
 3.07153885e-09 -1.55361817e-02 
 3.07353885e-09 -1.57964678e-02 
 3.07553885e-09 -1.60420951e-02 
 3.07753885e-09 -1.62697159e-02 
 3.07953885e-09 -1.64758664e-02 
 3.08153885e-09 -1.66571251e-02 
 3.08353885e-09 -1.68100763e-02 
 3.08553885e-09 -1.69313953e-02 
 3.08753885e-09 -1.70177901e-02 
 3.08953885e-09 -1.70660320e-02 
 3.09153885e-09 -1.70728853e-02 
 3.09353885e-09 -1.70351085e-02 
 3.09553885e-09 -1.69493835e-02 
 3.09753885e-09 -1.68123038e-02 
 3.09953885e-09 -1.66203092e-02 
 3.10153885e-09 -1.63696702e-02 
 3.10353885e-09 -1.60564272e-02 
 3.10553885e-09 -1.56763735e-02 
 3.10753885e-09 -1.52249973e-02 
 3.10953885e-09 -1.46974616e-02 
 3.11153885e-09 -1.40885457e-02 
 3.11353885e-09 -1.33926200e-02 
 3.11553885e-09 -1.26035827e-02 
 3.11753885e-09 -1.17148264e-02 
 3.11953885e-09 -1.07191664e-02 
 3.12153885e-09 -9.60879485e-03 
 3.12353885e-09 -8.37519453e-03 
 3.12553885e-09 -7.00907577e-03 
 3.12753885e-09 -5.50026875e-03 
 3.12953885e-09 -3.83763396e-03 
 3.13153885e-09 -2.00892261e-03 
 3.13353885e-09 -6.48161741e-07 
 3.13553885e-09  2.20211025e-03 
 3.13753885e-09  4.61595499e-03 
 3.13953885e-09  7.25946163e-03 
 3.14153885e-09  1.01534975e-02 
 3.14353885e-09  1.33216775e-02 
 3.14553885e-09  1.67908884e-02 
 3.14753885e-09  2.05919879e-02 
 3.14953885e-09  2.47606335e-02 
 3.15153885e-09  2.93383486e-02 
 3.15353885e-09  3.43737814e-02 
 3.15553885e-09  3.99242364e-02 
 3.15753885e-09  4.60573672e-02 
 3.15953885e-09  5.28529574e-02 
 3.16153885e-09  6.04043817e-02 
 3.16353885e-09  6.88191528e-02 
 3.16553885e-09  7.82173664e-02 
 3.16753885e-09  8.87265866e-02 
 3.16953885e-09  1.00471729e-01 
 3.17153885e-09  1.13560249e-01 
 3.17353885e-09  1.28066171e-01 
 3.17553885e-09  1.44019795e-01 
 3.17753885e-09  1.61408522e-01 
 3.17953885e-09  1.80187936e-01 
 3.18153885e-09  2.00296321e-01 
 3.18353885e-09  2.21666319e-01 
 3.18553885e-09  2.44231496e-01 
 3.18753885e-09  2.67928970e-01 
 3.18953885e-09  2.92699813e-01 
 3.19153885e-09  3.18488546e-01 
 3.19353885e-09  3.45242280e-01 
 3.19553885e-09  3.72909807e-01 
 3.19753885e-09  4.01440589e-01 
 3.19953885e-09  4.30783715e-01 
 3.20153885e-09  4.60886672e-01 
 3.20353885e-09  4.91693959e-01 
 3.20553885e-09  5.23145354e-01 
 3.20753885e-09  5.55173813e-01 
 3.20953885e-09  5.87702747e-01 
 3.21153885e-09  6.20642605e-01 
 3.21353885e-09  6.53886513e-01 
 3.21553885e-09  6.87305065e-01 
 3.21753885e-09  7.20740513e-01 
 3.21953885e-09  7.54001496e-01 
 3.22153885e-09  7.86860224e-01 
 3.22353885e-09  8.19055200e-01 
 3.22553885e-09  8.50302323e-01 
 3.22753885e-09  8.80315320e-01 
 3.22953885e-09  9.08832041e-01 
 3.23153885e-09  9.35639503e-01 
 3.23353885e-09  9.60590091e-01 
 3.23553885e-09  9.83605597e-01 
 3.23753885e-09  1.00467080e+00 
 3.23953885e-09  1.02382140e+00 
 3.24153885e-09  1.04113064e+00 
 3.24353885e-09  1.05669736e+00 
 3.24553885e-09  1.07063641e+00 
 3.24753885e-09  1.08307130e+00 
 3.24953885e-09  1.09412871e+00 
 3.25153885e-09  1.10393450e+00 
 3.25353885e-09  1.11261077e+00 
 3.25553885e-09  1.12027380e+00 
 3.25753885e-09  1.12703268e+00 
 3.25953885e-09  1.13298853e+00 
 3.26153885e-09  1.13823409e+00 
 3.26353885e-09  1.14285367e+00 
 3.26553885e-09  1.14692335e+00 
 3.26753885e-09  1.15051131e+00 
 3.26953885e-09  1.15367831e+00 
 3.27153885e-09  1.15647824e+00 
 3.27353885e-09  1.15895867e+00 
 3.27553885e-09  1.16116142e+00 
 3.27753885e-09  1.16312314e+00 
 3.27953885e-09  1.16487586e+00 
 3.28153885e-09  1.16644747e+00 
 3.28353885e-09  1.16786226e+00 
 3.28553885e-09  1.16914129e+00 
 3.28753885e-09  1.17030280e+00 
 3.28953885e-09  1.17136256e+00 
 3.29153885e-09  1.17233420e+00 
 3.29353885e-09  1.17322945e+00 
 3.29553885e-09  1.17405838e+00 
 3.29753885e-09  1.17482965e+00 
 3.29953885e-09  1.17555067e+00 
 3.30153885e-09  1.17622778e+00 
 3.30353885e-09  1.17686637e+00 
 3.30553885e-09  1.17747107e+00 
 3.30753885e-09  1.17804580e+00 
 3.30953885e-09  1.17859392e+00 
 3.31153885e-09  1.17911830e+00 
 3.31353885e-09  1.17962138e+00 
 3.31553885e-09  1.18010526e+00 
 3.31753885e-09  1.18057036e+00 
 3.31953885e-09  1.18101827e+00 
 3.32153885e-09  1.18145153e+00 
 3.32353885e-09  1.18187154e+00 
 3.32553885e-09  1.18227950e+00 
 3.32753885e-09  1.18267626e+00 
 3.32953885e-09  1.18306262e+00 
 3.33153885e-09  1.18343923e+00 
 3.33353885e-09  1.18380666e+00 
 3.33553885e-09  1.18416542e+00 
 3.33753885e-09  1.18451593e+00 
 3.33953885e-09  1.18485854e+00 
 3.34153885e-09  1.18519358e+00 
 3.34353885e-09  1.18552537e+00 
 3.34553885e-09  1.18585299e+00 
 3.34753885e-09  1.18617198e+00 
 3.34953885e-09  1.18648296e+00 
 3.35153885e-09  1.18678611e+00 
 3.35353885e-09  1.18708154e+00 
 3.35553885e-09  1.18736920e+00 
 3.35753885e-09  1.18764901e+00 
 3.35953885e-09  1.18792077e+00 
 3.36153885e-09  1.18818425e+00 
 3.36353885e-09  1.18843916e+00 
 3.36553885e-09  1.18868520e+00 
 3.36753885e-09  1.18892202e+00 
 3.36953885e-09  1.18914936e+00 
 3.37153885e-09  1.18936696e+00 
 3.37353885e-09  1.18957472e+00 
 3.37553885e-09  1.18977269e+00 
 3.37753885e-09  1.18996117e+00 
 3.37953885e-09  1.19014077e+00 
 3.38153885e-09  1.19031236e+00 
 3.38353885e-09  1.19047707e+00 
 3.38553885e-09  1.19063619e+00 
 3.38753885e-09  1.19079102e+00 
 3.38953885e-09  1.19094274e+00 
 3.39153885e-09  1.19109234e+00 
 3.39353885e-09  1.19124056e+00 
 3.39553885e-09  1.19138795e+00 
 3.39753885e-09  1.19153481e+00 
 3.39953885e-09  1.19168134e+00 
 3.40153885e-09  1.19182759e+00 
 3.40353885e-09  1.19197355e+00 
 3.40553885e-09  1.19211915e+00 
 3.40753885e-09  1.19226432e+00 
 3.40953885e-09  1.19240896e+00 
 3.41153885e-09  1.19255057e+00 
 3.41353885e-09  1.19268962e+00 
 3.41553885e-09  1.19282900e+00 
 3.41753885e-09  1.19297001e+00 
 3.41953885e-09  1.19311292e+00 
 3.42153885e-09  1.19325606e+00 
 3.42353885e-09  1.19339938e+00 
 3.42553885e-09  1.19354324e+00 
 3.42753885e-09  1.19368829e+00 
 3.42953885e-09  1.19383538e+00 
 3.43153885e-09  1.19398548e+00 
 3.43353885e-09  1.19413960e+00 
 3.43553885e-09  1.19429880e+00 
 3.43753885e-09  1.19446408e+00 
 3.43953885e-09  1.19463638e+00 
 3.44153885e-09  1.19481653e+00 
 3.44353885e-09  1.19500532e+00 
 3.44553885e-09  1.19520341e+00 
 3.44753885e-09  1.19541140e+00 
 3.44953885e-09  1.19562980e+00 
 3.45153885e-09  1.19585906e+00 
 3.45353885e-09  1.19609955e+00 
 3.45553885e-09  1.19635161e+00 
 3.45753885e-09  1.19661552e+00 
 3.45953885e-09  1.19689154e+00 
 3.46153885e-09  1.19717988e+00 
 3.46353885e-09  1.19748078e+00 
 3.46553885e-09  1.19779445e+00 
 3.46753885e-09  1.19812113e+00 
 3.46953885e-09  1.19846111e+00 
 3.47153885e-09  1.19881469e+00 
 3.47353885e-09  1.19918224e+00 
 3.47553885e-09  1.19956418e+00 
 3.47753885e-09  1.19996099e+00 
 3.47953885e-09  1.20037324e+00 
 3.48153885e-09  1.20080152e+00 
 3.48353885e-09  1.20124649e+00 
 3.48553885e-09  1.20170883e+00 
 3.48753885e-09  1.20218924e+00 
 3.48953885e-09  1.20268839e+00 
 3.49153885e-09  1.20320693e+00 
 3.49353885e-09  1.20374541e+00 
 3.49553885e-09  1.20430430e+00 
 3.49753885e-09  1.20488389e+00 
 3.49953885e-09  1.20548423e+00 
 3.50153885e-09  1.20610503e+00 
 3.50353885e-09  1.20674542e+00 
 3.50553885e-09  1.20740376e+00 
 3.50753885e-09  1.20807737e+00 
 3.50953885e-09  1.20876249e+00 
 3.51153885e-09  1.20945443e+00 
 3.51353885e-09  1.21014809e+00 
 3.51553885e-09  1.21083858e+00 
 3.51753885e-09  1.21152187e+00 
 3.51953885e-09  1.21219502e+00 
 3.52153885e-09  1.21285626e+00 
 3.52353885e-09  1.21350481e+00 
 3.52553885e-09  1.21414057e+00 
 3.52753885e-09  1.21476393e+00 
 3.52953885e-09  1.21537548e+00 
 3.53153885e-09  1.21597593e+00 
 3.53353885e-09  1.21656594e+00 
 3.53553885e-09  1.21714612e+00 
 3.53753885e-09  1.21771699e+00 
 3.53953885e-09  1.21827894e+00 
 3.54153885e-09  1.21883228e+00 
 3.54353885e-09  1.21937723e+00 
 3.54553885e-09  1.21991393e+00 
 3.54753885e-09  1.22044244e+00 
 3.54953885e-09  1.22096282e+00 
 3.55153885e-09  1.22147505e+00 
 3.55353885e-09  1.22197911e+00 
 3.55553885e-09  1.22247498e+00 
 3.55753885e-09  1.22296260e+00 
 3.55953885e-09  1.22344193e+00 
 3.56153885e-09  1.22391293e+00 
 3.56353885e-09  1.22437555e+00 
 3.56553885e-09  1.22482972e+00 
 3.56753885e-09  1.22527539e+00 
 3.56953885e-09  1.22571247e+00 
 3.57153885e-09  1.22614046e+00 
 3.57353885e-09  1.22655948e+00 
 3.57553885e-09  1.22696996e+00 
 3.57753885e-09  1.22737148e+00 
 3.57953885e-09  1.22776349e+00 
 3.58153885e-09  1.22814532e+00 
 3.58353885e-09  1.22851611e+00 
 3.58553885e-09  1.22887483e+00 
 3.58753885e-09  1.22922013e+00 
 3.58953885e-09  1.22955040e+00 
 3.59153885e-09  1.22986361e+00 
 3.59353885e-09  1.23015552e+00 
 3.59553885e-09  1.23042316e+00 
 3.59753885e-09  1.23066494e+00 
 3.59953885e-09  1.23087705e+00 
 3.60153885e-09  1.23105526e+00 
 3.60353885e-09  1.23119498e+00 
 3.60553885e-09  1.23129132e+00 
 3.60753885e-09  1.23133927e+00 
 3.60953885e-09  1.23133374e+00 
 3.61153885e-09  1.23126975e+00 
 3.61353885e-09  1.23114251e+00 
 3.61553885e-09  1.23094748e+00 
 3.61753885e-09  1.23068044e+00 
 3.61953885e-09  1.23033748e+00 
 3.62153885e-09  1.22991497e+00 
 3.62353885e-09  1.22940948e+00 
 3.62553885e-09  1.22881778e+00 
 3.62753885e-09  1.22813669e+00 
 3.62953885e-09  1.22736309e+00 
 3.63153885e-09  1.22649378e+00 
 3.63353885e-09  1.22552552e+00 
 3.63553885e-09  1.22445491e+00 
 3.63753885e-09  1.22327842e+00 
 3.63953885e-09  1.22199234e+00 
 3.64153885e-09  1.22059280e+00 
 3.64353885e-09  1.21907570e+00 
 3.64553885e-09  1.21743677e+00 
 3.64753885e-09  1.21567152e+00 
 3.64953885e-09  1.21377524e+00 
 3.65153885e-09  1.21174300e+00 
 3.65353885e-09  1.20956962e+00 
 3.65553885e-09  1.20724964e+00 
 3.65753885e-09  1.20477734e+00 
 3.65953885e-09  1.20214667e+00 
 3.66153885e-09  1.19935121e+00 
 3.66353885e-09  1.19638419e+00 
 3.66553885e-09  1.19323839e+00 
 3.66753885e-09  1.18990607e+00 
 3.66953885e-09  1.18639331e+00 
 3.67153885e-09  1.18268999e+00 
 3.67353885e-09  1.17877158e+00 
 3.67553885e-09  1.17462816e+00 
 3.67753885e-09  1.17024847e+00 
 3.67953885e-09  1.16562012e+00 
 3.68153885e-09  1.16072908e+00 
 3.68353885e-09  1.15555961e+00 
 3.68553885e-09  1.15009377e+00 
 3.68753885e-09  1.14427485e+00 
 3.68953885e-09  1.13807636e+00 
 3.69153885e-09  1.13150272e+00 
 3.69353885e-09  1.12451893e+00 
 3.69553885e-09  1.11708457e+00 
 3.69753885e-09  1.10915220e+00 
 3.69953885e-09  1.10066685e+00 
 3.70153885e-09  1.09156461e+00 
 3.70353885e-09  1.08177245e+00 
 3.70553885e-09  1.07120809e+00 
 3.70753885e-09  1.05978173e+00 
 3.70953885e-09  1.04739945e+00 
 3.71153885e-09  1.03396935e+00 
 3.71353885e-09  1.01940986e+00 
 3.71553885e-09  1.00365918e+00 
 3.71753885e-09  9.86682945e-01 
 3.71953885e-09  9.68477382e-01 
 3.72153885e-09  9.49066640e-01 
 3.72353885e-09  9.28495723e-01 
 3.72553885e-09  9.06821914e-01 
 3.72753885e-09  8.84107562e-01 
 3.72953885e-09  8.60415281e-01 
 3.73153885e-09  8.35805524e-01 
 3.73353885e-09  8.10335726e-01 
 3.73553885e-09  7.84097943e-01 
 3.73753885e-09  7.57136524e-01 
 3.73953885e-09  7.29460796e-01 
 3.74153885e-09  7.01121903e-01 
 3.74353885e-09  6.72153923e-01 
 3.74553885e-09  6.42610466e-01 
 3.74753885e-09  6.12554824e-01 
 3.74953885e-09  5.82036455e-01 
 3.75153885e-09  5.51108190e-01 
 3.75353885e-09  5.19826175e-01 
 3.75553885e-09  4.88253158e-01 
 3.75753885e-09  4.56460257e-01 
 3.75953885e-09  4.24531646e-01 
 3.76153885e-09  3.92569273e-01 
 3.76353885e-09  3.60700590e-01 
 3.76553885e-09  3.29087241e-01 
 3.76753885e-09  2.97935620e-01 
 3.76953885e-09  2.67505347e-01 
 3.77153885e-09  2.38111801e-01 
 3.77353885e-09  2.10115014e-01 
 3.77553885e-09  1.83890706e-01 
 3.77753885e-09  1.59785049e-01 
 3.77953885e-09  1.38065307e-01 
 3.78153885e-09  1.18882004e-01 
 3.78353885e-09  1.02254340e-01 
 3.78553885e-09  8.80800636e-02 
 3.78753885e-09  7.61632176e-02 
 3.78953885e-09  6.62494165e-02 
 3.79153885e-09  5.80598342e-02 
 3.79353885e-09  5.12695641e-02 
 3.79553885e-09  4.56495953e-02 
 3.79753885e-09  4.10410464e-02 
 3.79953885e-09  3.72352517e-02 
 3.80153885e-09  3.40622770e-02 
 3.80353885e-09  3.13881049e-02 
 3.80553885e-09  2.91147985e-02 
 3.80753885e-09  2.71574149e-02 
 3.80953885e-09  2.54432432e-02 
 3.81153885e-09  2.39273859e-02 
 3.81353885e-09  2.25751469e-02 
 3.81553885e-09  2.13594333e-02 
 3.81753885e-09  2.02591832e-02 
 3.81953885e-09  1.92577322e-02 
 3.82153885e-09  1.83418837e-02 
 3.82353885e-09  1.75009408e-02 
 3.82553885e-09  1.67261979e-02 
 3.82753885e-09  1.60103934e-02 
 3.82953885e-09  1.53474499e-02 
 3.83153885e-09  1.47321715e-02 
 3.83353885e-09  1.41601112e-02 
 3.83553885e-09  1.36273979e-02 
 3.83753885e-09  1.31306615e-02 
 3.83953885e-09  1.26669269e-02 
 3.84153885e-09  1.22335647e-02 
 3.84353885e-09  1.18282236e-02 
 3.84553885e-09  1.14487951e-02 
 3.84753885e-09  1.10933695e-02 
 3.84953885e-09  1.07602098e-02 
 3.85153885e-09  1.04477242e-02 
 3.85353885e-09  1.01544459e-02 
 3.85553885e-09  9.87901667e-03 
 3.85753885e-09  9.62017153e-03 
 3.85953885e-09  9.37672979e-03 
 3.86153885e-09  9.14758313e-03 
 3.86353885e-09  8.93169203e-03 
 3.86553885e-09  8.72807634e-03 
 3.86753885e-09  8.53581551e-03 
 3.86953885e-09  8.35404071e-03 
 3.87153885e-09  8.18193756e-03 
 3.87353885e-09  8.01873918e-03 
 3.87553885e-09  7.86373026e-03 
 3.87753885e-09  7.71624056e-03 
 3.87953885e-09  7.57564971e-03 
 3.88153885e-09  7.44138117e-03 
 3.88353885e-09  7.31290784e-03 
 3.88553885e-09  7.18974705e-03 
 3.88753885e-09  7.07146813e-03 
 3.88953885e-09  6.95768968e-03 
 3.89153885e-09  6.84808993e-03 
 3.89353885e-09  6.74240706e-03 
 3.89553885e-09  6.64045224e-03 
 3.89753885e-09  6.54211124e-03 
 3.89953885e-09  6.44735594e-03 
 3.90153885e-09  6.35623989e-03 
 3.90353885e-09  6.26889750e-03 
 3.90553885e-09  6.18552025e-03 
 3.90753885e-09  6.10633029e-03 
 3.90953885e-09  6.03152986e-03 
 3.91153885e-09  5.96125802e-03 
 3.91353885e-09  5.89555098e-03 
 3.91553885e-09  5.83435378e-03 
 3.91753885e-09  5.77757134e-03 
 3.91953885e-09  5.72515278e-03 
 3.92153885e-09  5.67712778e-03 
 3.92353885e-09  5.63358260e-03 
 3.92553885e-09  5.59457077e-03 
 3.92753885e-09  5.56002777e-03 
 3.92953885e-09  5.52970582e-03 
 3.93153885e-09  5.50316783e-03 
 3.93353885e-09  5.47981340e-03 
 3.93553885e-09  5.45894178e-03 
 3.93753885e-09  5.43980989e-03 
 3.93953885e-09  5.42169263e-03 
 3.94153885e-09  5.40391603e-03 
 3.94353885e-09  5.38588418e-03 
 3.94553885e-09  5.36708066e-03 
 3.94753885e-09  5.34707047e-03 
 3.94953885e-09  5.32548408e-03 
 3.95153885e-09  5.30200853e-03 
 3.95353885e-09  5.27636535e-03 
 3.95553885e-09  5.24829795e-03 
 3.95753885e-09  5.21754674e-03 
 3.95953885e-09  5.18394811e-03 
 3.96153885e-09  5.14736883e-03 
 3.96353885e-09  5.10715989e-03 
 3.96553885e-09  5.06248478e-03 
 3.96753885e-09  5.01280126e-03 
 3.96953885e-09  4.95751441e-03 
 3.97153885e-09  4.89584628e-03 
 3.97353885e-09  4.82687435e-03 
 3.97553885e-09  4.74966194e-03 
 3.97753885e-09  4.66334626e-03 
 3.97953885e-09  4.56725938e-03 
 3.98153885e-09  4.46099389e-03 
 3.98353885e-09  4.34442936e-03 
 3.98553885e-09  4.21769011e-03 
 3.98753885e-09  4.08107342e-03 
 3.98953885e-09  3.93496099e-03 
 3.99153885e-09  3.77975265e-03 
 3.99353885e-09  3.61581951e-03 
 3.99553885e-09  3.44349076e-03 
 3.99753885e-09  3.26305148e-03 
 3.99953885e-09  3.07475871e-03 
 4.00153885e-09  2.87885165e-03 
 4.00353885e-09  2.67556890e-03 
 4.00553885e-09  2.46515216e-03 
 4.00753885e-09  2.24785481e-03 
 4.00953885e-09  2.02393654e-03 
 4.01153885e-09  1.79366447e-03 
 4.01353885e-09  1.55730223e-03 
 4.01553885e-09  1.31510764e-03 
 4.01753885e-09  1.06731999e-03 
 4.01953885e-09  8.14157470e-04 
 4.02153885e-09  5.55805177e-04 
 4.02353885e-09  2.92414079e-04 
 4.02553885e-09  2.40911206e-05 
 4.02753885e-09 -2.49099227e-04 
 4.02953885e-09 -5.27141611e-04 
 4.03153885e-09 -8.10064108e-04 
 4.03353885e-09 -1.09793973e-03 
 4.03553885e-09 -1.39087423e-03 
 4.03753885e-09 -1.68899882e-03 
 4.03953885e-09 -1.99244649e-03 
 4.04153885e-09 -2.30133010e-03 
 4.04353885e-09 -2.61570146e-03 
 4.04553885e-09 -2.93551070e-03 
 4.04753885e-09 -3.26054868e-03 
 4.04953885e-09 -3.59039763e-03 
 4.05153885e-09 -3.92438160e-03 
 4.05353885e-09 -4.26155060e-03 
 4.05553885e-09 -4.60069540e-03 
 4.05753885e-09 -4.94042133e-03 
 4.05953885e-09 -5.27925773e-03 
 4.06153885e-09 -5.61580039e-03 
 4.06353885e-09 -5.94883535e-03 
 4.06553885e-09 -6.27743312e-03 
 4.06753885e-09 -6.60097982e-03 
 4.06953885e-09 -6.91916820e-03 
 4.07153885e-09 -7.23194668e-03 
 4.07353885e-09 -7.53946437e-03 
 4.07553885e-09 -7.84200829e-03 
 4.07753885e-09 -8.13995937e-03 
 4.07953885e-09 -8.43375100e-03 
 4.08153885e-09 -8.72384742e-03 
 4.08353885e-09 -9.01072144e-03 
 4.08553885e-09 -9.29484733e-03 
 4.08753885e-09 -9.57668882e-03 
 4.08953885e-09 -9.85669927e-03 
 4.09153885e-09 -1.01353149e-02 
 4.09353885e-09 -1.04129588e-02 
 4.09553885e-09 -1.06900369e-02 
 4.09753885e-09 -1.09669437e-02 
 4.09953885e-09 -1.12440583e-02 
 4.10153885e-09 -1.15217484e-02 
 4.10353885e-09 -1.18003624e-02 
 4.10553885e-09 -1.20763306e-02 
 4.10753885e-09 -1.23522934e-02 
 4.10953885e-09 -1.26368126e-02 
 4.11153885e-09 -1.29258679e-02 
 4.11353885e-09 -1.32148861e-02 
 4.11553885e-09 -1.35048248e-02 
 4.11753885e-09 -1.37956725e-02 
 4.11953885e-09 -1.40871701e-02 
 4.12153885e-09 -1.43783791e-02 
 4.12353885e-09 -1.46680781e-02 
 4.12553885e-09 -1.49544392e-02 
 4.12753885e-09 -1.52353054e-02 
 4.12953885e-09 -1.55080171e-02 
 4.13153885e-09 -1.57696553e-02 
 4.13353885e-09 -1.60169860e-02 
 4.13553885e-09 -1.62466683e-02 
 4.13753885e-09 -1.64552464e-02 
 4.13953885e-09 -1.66392916e-02 
 4.14153885e-09 -1.67953875e-02 
 4.14353885e-09 -1.69201978e-02 
 4.14553885e-09 -1.70104298e-02 
 4.14753885e-09 -1.70628467e-02 
 4.14953885e-09 -1.70742182e-02 
 4.15153885e-09 -1.70413021e-02 
 4.15353885e-09 -1.69607933e-02 
 4.15553885e-09 -1.68292932e-02 
 4.15753885e-09 -1.66432633e-02 
 4.15953885e-09 -1.63989901e-02 
 4.16153885e-09 -1.60925438e-02 
 4.16353885e-09 -1.57197416e-02 
 4.16553885e-09 -1.52761099e-02 
 4.16753885e-09 -1.47568436e-02 
 4.16953885e-09 -1.41567687e-02 
 4.17153885e-09 -1.34702965e-02 
 4.17353885e-09 -1.26913816e-02 
 4.17553885e-09 -1.18134682e-02 
 4.17753885e-09 -1.08294395e-02 
 4.17953885e-09 -9.73155215e-03 
 4.18153885e-09 -8.51137174e-03 
 4.18353885e-09 -7.15968977e-03 
 4.18553885e-09 -5.66643830e-03 
 4.18753885e-09 -4.02058118e-03 
 4.18953885e-09 -2.20999743e-03 
 4.19153885e-09 -2.21334149e-04 
 4.19353885e-09  1.96016276e-03 
 4.19553885e-09  4.35090971e-03 
 4.19753885e-09  6.96925562e-03 
 4.19953885e-09  9.83581174e-03 
 4.20153885e-09  1.29738751e-02 
 4.20353885e-09  1.64099626e-02 
 4.20553885e-09  2.01744719e-02 
 4.20753885e-09  2.43025131e-02 
 4.20953885e-09  2.88349304e-02 
 4.21153885e-09  3.38195579e-02 
 4.21353885e-09  3.93127046e-02 
 4.21553885e-09  4.53808534e-02 
 4.21753885e-09  5.21024252e-02 
 4.21953885e-09  5.95693173e-02 
 4.22153885e-09  6.78875717e-02 
 4.22353885e-09  7.71761281e-02 
 4.22553885e-09  8.75621412e-02 
 4.22753885e-09  9.91714445e-02 
 4.22953885e-09  1.12114110e-01 
 4.23153885e-09  1.26468339e-01 
 4.23353885e-09  1.42269209e-01 
 4.23553885e-09  1.59508265e-01 
 4.23753885e-09  1.78143748e-01 
 4.23953885e-09  1.98115141e-01 
 4.24153885e-09  2.19355278e-01 
 4.24353885e-09  2.41797457e-01 
 4.24553885e-09  2.65378372e-01 
 4.24753885e-09  2.90038697e-01 
 4.24953885e-09  3.15722621e-01 
 4.25153885e-09  3.42377031e-01 
 4.25353885e-09  3.69950581e-01 
 4.25553885e-09  3.98392718e-01 
 4.25753885e-09  4.27652616e-01 
 4.25953885e-09  4.57678002e-01 
 4.26153885e-09  4.88413756e-01 
 4.26353885e-09  5.19800255e-01 
 4.26553885e-09  5.51771280e-01 
 4.26753885e-09  5.84251406e-01 
 4.26953885e-09  6.17152629e-01 
 4.27153885e-09  6.50370142e-01 
 4.27353885e-09  6.83777176e-01 
 4.27553885e-09  7.17219250e-01 
 4.27753885e-09  7.50508739e-01 
 4.27953885e-09  7.83421695e-01 
 4.28153885e-09  8.15699809e-01 
 4.28353885e-09  8.47060559e-01 
 4.28553885e-09  8.77216706e-01 
 4.28753885e-09  9.05902291e-01 
 4.28953885e-09  9.32898172e-01 
 4.29153885e-09  9.58049446e-01 
 4.29353885e-09  9.81270735e-01 
 4.29553885e-09  1.00254070e+00 
 4.29753885e-09  1.02189029e+00 
 4.29953885e-09  1.03938940e+00 
 4.30153885e-09  1.05513467e+00 
 4.30353885e-09  1.06923964e+00 
 4.30553885e-09  1.08182718e+00 
 4.30753885e-09  1.09302387e+00 
 4.30953885e-09  1.10295581e+00 
 4.31153885e-09  1.11174559e+00 
 4.31353885e-09  1.11951019e+00 
 4.31553885e-09  1.12635950e+00 
 4.31753885e-09  1.13239551e+00 
 4.31953885e-09  1.13771185e+00 
 4.32153885e-09  1.14239372e+00 
 4.32353885e-09  1.14651804e+00 
 4.32553885e-09  1.15015380e+00 
 4.32753885e-09  1.15336254e+00 
 4.32953885e-09  1.15619883e+00 
 4.33153885e-09  1.15871088e+00 
 4.33353885e-09  1.16094110e+00 
 4.33553885e-09  1.16292665e+00 
 4.33753885e-09  1.16470002e+00 
 4.33953885e-09  1.16628953e+00 
 4.34153885e-09  1.16771982e+00 
 4.34353885e-09  1.16901225e+00 
 4.34553885e-09  1.17018537e+00 
 4.34753885e-09  1.17125519e+00 
 4.34953885e-09  1.17223553e+00 
 4.35153885e-09  1.17313833e+00 
 4.35353885e-09  1.17397383e+00 
 4.35553885e-09  1.17475081e+00 
 4.35753885e-09  1.17547682e+00 
 4.35953885e-09  1.17615828e+00 
 4.36153885e-09  1.17680070e+00 
 4.36353885e-09  1.17740878e+00 
 4.36553885e-09  1.17798650e+00 
 4.36753885e-09  1.17853729e+00 
 4.36953885e-09  1.17906405e+00 
 4.37153885e-09  1.17956927e+00 
 4.37353885e-09  1.18005508e+00 
 4.37553885e-09  1.18052196e+00 
 4.37753885e-09  1.18097150e+00 
 4.37953885e-09  1.18140625e+00 
 4.38153885e-09  1.18182763e+00 
 4.38353885e-09  1.18223685e+00 
 4.38553885e-09  1.18263478e+00 
 4.38753885e-09  1.18302224e+00 
 4.38953885e-09  1.18339987e+00 
 4.39153885e-09  1.18376827e+00 
 4.39353885e-09  1.18412793e+00 
 4.39553885e-09  1.18447930e+00 
 4.39753885e-09  1.18482275e+00 
 4.39953885e-09  1.18515859e+00 
 4.40153885e-09  1.18549112e+00 
 4.40353885e-09  1.18581946e+00 
 4.40553885e-09  1.18613918e+00 
 4.40753885e-09  1.18645089e+00 
 4.40953885e-09  1.18675477e+00 
 4.41153885e-09  1.18705096e+00 
 4.41353885e-09  1.18733940e+00 
 4.41553885e-09  1.18762001e+00 
 4.41753885e-09  1.18789259e+00 
 4.41953885e-09  1.18815693e+00 
 4.42153885e-09  1.18841274e+00 
 4.42353885e-09  1.18865971e+00 
 4.42553885e-09  1.18889750e+00 
 4.42753885e-09  1.18912584e+00 
 4.42953885e-09  1.18934446e+00 
 4.43153885e-09  1.18955325e+00 
 4.43353885e-09  1.18975224e+00 
 4.43553885e-09  1.18994170e+00 
 4.43753885e-09  1.19012219e+00 
 4.43953885e-09  1.19029457e+00 
 4.44153885e-09  1.19045995e+00 
 4.44353885e-09  1.19061960e+00 
 4.44553885e-09  1.19077482e+00 
 4.44753885e-09  1.19092682e+00 
 4.44953885e-09  1.19107660e+00 
 4.45153885e-09  1.19122494e+00 
 4.45353885e-09  1.19137239e+00 
 4.45553885e-09  1.19151931e+00 
 4.45753885e-09  1.19166587e+00 
 4.45953885e-09  1.19181214e+00 
 4.46153885e-09  1.19195814e+00 
 4.46353885e-09  1.19210379e+00 
 4.46553885e-09  1.19224901e+00 
 4.46753885e-09  1.19239371e+00 
 4.46953885e-09  1.19253780e+00 
 4.47153885e-09  1.19267905e+00 
 4.47353885e-09  1.19281780e+00 
 4.47553885e-09  1.19295819e+00 
 4.47753885e-09  1.19310047e+00 
 4.47953885e-09  1.19324299e+00 
 4.48153885e-09  1.19338570e+00 
 4.48353885e-09  1.19352899e+00 
 4.48553885e-09  1.19367346e+00 
 4.48753885e-09  1.19381994e+00 
 4.48953885e-09  1.19396938e+00 
 4.49153885e-09  1.19412281e+00 
 4.49353885e-09  1.19428126e+00 
 4.49553885e-09  1.19444572e+00 
 4.49753885e-09  1.19461714e+00 
 4.49953885e-09  1.19479637e+00 
 4.50153885e-09  1.19498417e+00 
 4.50353885e-09  1.19518124e+00 
 4.50553885e-09  1.19538816e+00 
 4.50753885e-09  1.19560545e+00 
 4.50953885e-09  1.19583357e+00 
 4.51153885e-09  1.19607289e+00 
 4.51353885e-09  1.19632376e+00 
 4.51553885e-09  1.19658645e+00 
 4.51753885e-09  1.19686122e+00 
 4.51953885e-09  1.19714830e+00 
 4.52153885e-09  1.19744791e+00 
 4.52353885e-09  1.19776028e+00 
 4.52553885e-09  1.19808563e+00 
 4.52753885e-09  1.19842425e+00 
 4.52953885e-09  1.19877643e+00 
 4.53153885e-09  1.19914254e+00 
 4.53353885e-09  1.19952299e+00 
 4.53553885e-09  1.19991827e+00 
 4.53753885e-09  1.20032891e+00 
 4.53953885e-09  1.20075552e+00 
 4.54153885e-09  1.20119874e+00 
 4.54353885e-09  1.20165927e+00 
 4.54553885e-09  1.20213779e+00 
 4.54753885e-09  1.20263498e+00 
 4.54953885e-09  1.20315149e+00 
 4.55153885e-09  1.20368790e+00 
 4.55353885e-09  1.20424466e+00 
 4.55553885e-09  1.20482210e+00 
 4.55753885e-09  1.20542030e+00 
 4.55953885e-09  1.20603901e+00 
 4.56153885e-09  1.20667743e+00 
 4.56353885e-09  1.20733401e+00 
 4.56553885e-09  1.20800620e+00 
 4.56753885e-09  1.20869034e+00 
 4.56953885e-09  1.20938182e+00 
 4.57153885e-09  1.21007554e+00 
 4.57353885e-09  1.21076658e+00 
 4.57553885e-09  1.21145079e+00 
 4.57753885e-09  1.21212510e+00 
 4.57953885e-09  1.21278765e+00 
 4.58153885e-09  1.21343754e+00 
 4.58353885e-09  1.21407464e+00 
 4.58553885e-09  1.21469927e+00 
 4.58753885e-09  1.21531203e+00 
 4.58953885e-09  1.21591361e+00 
 4.59153885e-09  1.21650468e+00 
 4.59353885e-09  1.21708587e+00 
 4.59553885e-09  1.21765769e+00 
 4.59753885e-09  1.21822056e+00 
 4.59953885e-09  1.21877480e+00 
 4.60153885e-09  1.21932062e+00 
 4.60353885e-09  1.21985818e+00 
 4.60553885e-09  1.22038755e+00 
 4.60753885e-09  1.22090878e+00 
 4.60953885e-09  1.22142186e+00 
 4.61153885e-09  1.22192679e+00 
 4.61353885e-09  1.22242351e+00 
 4.61553885e-09  1.22291200e+00 
 4.61753885e-09  1.22339220e+00 
 4.61953885e-09  1.22386408e+00 
 4.62153885e-09  1.22432757e+00 
 4.62353885e-09  1.22478263e+00 
 4.62553885e-09  1.22522919e+00 
 4.62753885e-09  1.22566718e+00 
 4.62953885e-09  1.22609608e+00 
 4.63153885e-09  1.22651602e+00 
 4.63353885e-09  1.22692745e+00 
 4.63553885e-09  1.22732996e+00 
 4.63753885e-09  1.22772302e+00 
 4.63953885e-09  1.22810596e+00 
 4.64153885e-09  1.22847796e+00 
 4.64353885e-09  1.22883800e+00 
 4.64553885e-09  1.22918479e+00 
 4.64753885e-09  1.22951671e+00 
 4.64953885e-09  1.22983181e+00 
 4.65153885e-09  1.23012591e+00 
 4.65353885e-09  1.23039611e+00 
 4.65553885e-09  1.23064080e+00 
 4.65753885e-09  1.23085624e+00 
 4.65953885e-09  1.23103823e+00 
 4.66153885e-09  1.23118221e+00 
 4.66353885e-09  1.23128334e+00 
 4.66553885e-09  1.23133660e+00 
 4.66753885e-09  1.23133691e+00 
 4.66953885e-09  1.23127927e+00 
 4.67153885e-09  1.23115887e+00 
 4.67353885e-09  1.23097113e+00 
 4.67553885e-09  1.23071182e+00 
 4.67753885e-09  1.23037698e+00 
 4.67953885e-09  1.22996294e+00 
 4.68153885e-09  1.22946629e+00 
 4.68353885e-09  1.22888375e+00 
 4.68553885e-09  1.22821216e+00 
 4.68753885e-09  1.22744837e+00 
 4.68953885e-09  1.22658923e+00 
 4.69153885e-09  1.22563147e+00 
 4.69353885e-09  1.22457172e+00 
 4.69553885e-09  1.22340647e+00 
 4.69753885e-09  1.22213203e+00 
 4.69953885e-09  1.22074454e+00 
 4.70153885e-09  1.21923993e+00 
 4.70353885e-09  1.21761394e+00 
 4.70553885e-09  1.21586212e+00 
 4.70753885e-09  1.21397977e+00 
 4.70953885e-09  1.21196198e+00 
 4.71153885e-09  1.20980361e+00 
 4.71353885e-09  1.20749922e+00 
 4.71553885e-09  1.20504313e+00 
 4.71753885e-09  1.20242931e+00 
 4.71953885e-09  1.19965139e+00 
 4.72153885e-09  1.19670264e+00 
 4.72353885e-09  1.19357588e+00 
 4.72553885e-09  1.19026345e+00 
 4.72753885e-09  1.18675705e+00 
 4.72953885e-09  1.18306318e+00 
 4.73153885e-09  1.17917108e+00 
 4.73353885e-09  1.17505449e+00 
 4.73553885e-09  1.17070256e+00 
 4.73753885e-09  1.16610295e+00 
 4.73953885e-09  1.16124195e+00 
 4.74153885e-09  1.15610399e+00 
 4.74353885e-09  1.15067147e+00 
 4.74553885e-09  1.14488845e+00 
 4.74753885e-09  1.13872899e+00 
 4.74953885e-09  1.13219752e+00 
 4.75153885e-09  1.12525964e+00 
 4.75353885e-09  1.11787557e+00 
 4.75553885e-09  1.10999868e+00 
 4.75753885e-09  1.10157484e+00 
 4.75953885e-09  1.09254114e+00 
 4.76153885e-09  1.08282553e+00 
 4.76353885e-09  1.07234667e+00 
 4.76553885e-09  1.06101544e+00 
 4.76753885e-09  1.04873812e+00 
 4.76953885e-09  1.03542225e+00 
 4.77153885e-09  1.02098475e+00 
 4.77353885e-09  1.00536135e+00 
 4.77553885e-09  9.88514573e-01 
 4.77753885e-09  9.70437465e-01 
 4.77953885e-09  9.51151534e-01 
 4.78153885e-09  9.30699997e-01 
 4.78353885e-09  9.09139228e-01 
 4.78553885e-09  8.86531310e-01 
 4.78753885e-09  8.62938975e-01 
 4.78953885e-09  8.38422962e-01 
 4.79153885e-09  8.13041030e-01 
 4.79353885e-09  7.86886400e-01 
 4.79553885e-09  7.60003506e-01 
 4.79753885e-09  7.32400862e-01 
 4.79953885e-09  7.04129821e-01 
 4.80153885e-09  6.75224084e-01 
 4.80353885e-09  6.45737305e-01 
 4.80553885e-09  6.15733208e-01 
 4.80753885e-09  5.85261053e-01 
 4.80953885e-09  5.54373332e-01 
 4.81153885e-09  5.23125689e-01 
 4.81353885e-09  4.91580117e-01 
 4.81553885e-09  4.59806652e-01 
 4.81753885e-09  4.27887908e-01 
 4.81953885e-09  3.95923635e-01 
 4.82153885e-09  3.64038229e-01 
 4.82353885e-09  3.32389255e-01 
 4.82553885e-09  3.01177950e-01 
 4.82753885e-09  2.70658063e-01 
 4.82953885e-09  2.41139352e-01 
 4.83153885e-09  2.12978193e-01 
 4.83353885e-09  1.86550571e-01 
 4.83553885e-09  1.62208138e-01 
 4.83753885e-09  1.40228547e-01 
 4.83953885e-09  1.20775717e-01 
 4.84153885e-09  1.03882563e-01 
 4.84353885e-09  8.94585159e-02 
 4.84553885e-09  7.73158460e-02 
 4.84753885e-09  6.72046271e-02 
 4.84953885e-09  5.88471820e-02 
 4.85153885e-09  5.19155163e-02 
 4.85353885e-09  4.61787864e-02 
 4.85553885e-09  4.14771004e-02 
 4.85753885e-09  3.75975621e-02 
 4.85953885e-09  3.43663593e-02 
 4.86153885e-09  3.16461920e-02 
 4.86353885e-09  2.93366298e-02 
 4.86553885e-09  2.73504452e-02 
 4.86753885e-09  2.56129417e-02 
 4.86953885e-09  2.40779920e-02 
 4.87153885e-09  2.27099436e-02 
 4.87353885e-09  2.14809724e-02 
 4.87553885e-09  2.03694606e-02 
 4.87753885e-09  1.93583233e-02 
 4.87953885e-09  1.84340483e-02 
 4.88153885e-09  1.75856991e-02 
 4.88353885e-09  1.68043902e-02 
 4.88553885e-09  1.60827197e-02 
 4.88753885e-09  1.54145031e-02 
 4.88953885e-09  1.47944568e-02 
 4.89153885e-09  1.42180662e-02 
 4.89353885e-09  1.36814015e-02 
 4.89553885e-09  1.31810475e-02 
 4.89753885e-09  1.27139883e-02 
 4.89953885e-09  1.22775636e-02 
 4.90153885e-09  1.18693929e-02 
 4.90353885e-09  1.14873464e-02 
 4.90553885e-09  1.11294929e-02 
 4.90753885e-09  1.07940809e-02 
 4.90953885e-09  1.04795023e-02 
 4.91153885e-09  1.01842800e-02 
 4.91353885e-09  9.90704325e-03 
 4.91553885e-09  9.64651984e-03 
 4.91753885e-09  9.40151880e-03 
 4.91953885e-09  9.17092647e-03 
 4.92153885e-09  8.95369458e-03 
 4.92353885e-09  8.74883881e-03 
 4.92553885e-09  8.55543074e-03 
 4.92753885e-09  8.37259804e-03 
 4.92953885e-09  8.19951895e-03 
 4.93153885e-09  8.03542345e-03 
 4.93353885e-09  7.87958914e-03 
 4.93553885e-09  7.73134283e-03 
 4.93753885e-09  7.59005725e-03 
 4.93953885e-09  7.45515299e-03 
 4.94153885e-09  7.32609606e-03 
 4.94353885e-09  7.20240076e-03 
 4.94553885e-09  7.08362918e-03 
 4.94753885e-09  6.96939623e-03 
 4.94953885e-09  6.85937199e-03 
 4.95153885e-09  6.75328966e-03 
 4.95353885e-09  6.65095079e-03 
 4.95553885e-09  6.55223462e-03 
 4.95753885e-09  6.45710223e-03 
 4.95953885e-09  6.36560035e-03 
 4.96153885e-09  6.27785395e-03 
 4.96353885e-09  6.19405138e-03 
 4.96553885e-09  6.11441191e-03 
 4.96753885e-09  6.03914382e-03 
 4.96953885e-09  5.96839330e-03 
 4.97153885e-09  5.90220953e-03 
 4.97353885e-09  5.84054370e-03 
 4.97553885e-09  5.78330276e-03 
 4.97753885e-09  5.73042652e-03 
 4.97953885e-09  5.68193791e-03 
 4.98153885e-09  5.63791902e-03 
 4.98353885e-09  5.59843291e-03 
 4.98553885e-09  5.56342944e-03 
 4.98753885e-09  5.53268299e-03 
 4.98953885e-09  5.50577398e-03 
 4.99153885e-09  5.48211822e-03 
 4.99353885e-09  5.46102095e-03 
 4.99553885e-09  5.44174226e-03 
 4.99753885e-09  5.42355151e-03 
 4.99953885e-09  5.40576959e-03 
 5.00153885e-09  5.38779033e-03 
 5.00353885e-09  5.36909052e-03 
 5.00553885e-09  5.34922550e-03 
 5.00753885e-09  5.32782100e-03 
 5.00953885e-09  5.30455737e-03 
 5.01153885e-09  5.27915486e-03 
 5.01353885e-09  5.25135396e-03 
 5.01553885e-09  5.22089785e-03 
 5.01753885e-09  5.18762153e-03 
 5.01953885e-09  5.15139787e-03 
 5.02153885e-09  5.11159478e-03 
 5.02353885e-09  5.06739057e-03 
 5.02553885e-09  5.01824542e-03 
 5.02753885e-09  4.96357952e-03 
 5.02953885e-09  4.90262553e-03 
 5.03153885e-09  4.83446846e-03 
 5.03353885e-09  4.75816702e-03 
 5.03553885e-09  4.67284569e-03 
 5.03753885e-09  4.57781072e-03 
 5.03953885e-09  4.47262662e-03 
 5.04153885e-09  4.35714240e-03 
 5.04353885e-09  4.23146134e-03 
 5.04553885e-09  4.09586519e-03 
 5.04753885e-09  3.95073205e-03 
 5.04953885e-09  3.79646089e-03 
 5.05153885e-09  3.63342859e-03 
 5.05353885e-09  3.46196743e-03 
 5.05553885e-09  3.28236816e-03 
 5.05753885e-09  3.09488864e-03 
 5.05953885e-09  2.89977076e-03 
 5.06153885e-09  2.69725124e-03 
 5.06353885e-09  2.48757267e-03 
 5.06553885e-09  2.27098573e-03 
 5.06753885e-09  2.04775099e-03 
 5.06953885e-09  1.81813364e-03 
 5.07153885e-09  1.58239940e-03 
 5.07353885e-09  1.34080568e-03 
 5.07553885e-09  1.09359547e-03 
 5.07753885e-09  8.40988121e-04 
 5.07953885e-09  5.83173907e-04 
 5.08153885e-09  3.20306239e-04 
 5.08353885e-09  5.24982643e-05 
 5.08553885e-09 -2.20182355e-04 
 5.08753885e-09 -4.97713717e-04 
 5.08953885e-09 -7.80120822e-04 
 5.09153885e-09 -1.06747085e-03 
 5.09353885e-09 -1.35986797e-03 
 5.09553885e-09 -1.65744012e-03 
 5.09753885e-09 -1.96032256e-03 
 5.09953885e-09 -2.26863044e-03 
 5.10153885e-09 -2.58242534e-03 
 5.10353885e-09 -2.90166911e-03 
 5.10553885e-09 -3.22617326e-03 
 5.10753885e-09 -3.55554302e-03 
 5.10953885e-09 -3.88913241e-03 
 5.11153885e-09 -4.22601880e-03 
 5.11353885e-09 -4.56501915e-03 
 5.11553885e-09 -4.90475225e-03 
 5.11753885e-09 -5.24375043e-03 
 5.11953885e-09 -5.58059468e-03 
 5.12153885e-09 -5.91404730e-03 
 5.12353885e-09 -6.24314496e-03 
 5.12553885e-09 -6.56724182e-03 
 5.12753885e-09 -6.88599888e-03 
 5.12953885e-09 -7.19934174e-03 
 5.13153885e-09 -7.50739994e-03 
 5.13353885e-09 -7.81044981e-03 
 5.13553885e-09 -8.10886307e-03 
 5.13753885e-09 -8.40307026e-03 
 5.13953885e-09 -8.69353207e-03 
 5.14153885e-09 -8.98072233e-03 
 5.14353885e-09 -9.26511428e-03 
 5.14553885e-09 -9.54717429e-03 
 5.14753885e-09 -9.82735567e-03 
 5.14953885e-09 -1.01060978e-02 
 5.15153885e-09 -1.03838238e-02 
 5.15353885e-09 -1.06609426e-02 
 5.15553885e-09 -1.09378487e-02 
 5.15753885e-09 -1.12149240e-02 
 5.15953885e-09 -1.14925362e-02 
 5.16153885e-09 -1.17710374e-02 
 5.16353885e-09 -1.20468782e-02 
 5.16553885e-09 -1.23226929e-02 
 5.16753885e-09 -1.26070045e-02 
 5.16953885e-09 -1.28958290e-02 
 5.17153885e-09 -1.31846275e-02 
 5.17353885e-09 -1.34743745e-02 
 5.17553885e-09 -1.37650833e-02 
 5.17753885e-09 -1.40565257e-02 
 5.17953885e-09 -1.43478015e-02 
 5.18153885e-09 -1.46377325e-02 
 5.18353885e-09 -1.49245354e-02 
 5.18553885e-09 -1.52060982e-02 
 5.18753885e-09 -1.54797994e-02 
 5.18953885e-09 -1.57427521e-02 
 5.19153885e-09 -1.59917432e-02 
 5.19353885e-09 -1.62234450e-02 
 5.19553885e-09 -1.64344050e-02 
 5.19753885e-09 -1.66211935e-02 
 5.19953885e-09 -1.67803875e-02 
 5.20153885e-09 -1.69086456e-02 
 5.20353885e-09 -1.70026676e-02 
 5.20553885e-09 -1.70592151e-02 
 5.20753885e-09 -1.70750560e-02 
 5.20953885e-09 -1.70469532e-02 
 5.21153885e-09 -1.69716083e-02 
 5.21353885e-09 -1.68456363e-02 
 5.21553885e-09 -1.66655135e-02 
 5.21753885e-09 -1.64275481e-02 
 5.21953885e-09 -1.61278335e-02 
 5.22153885e-09 -1.57622169e-02 
 5.22353885e-09 -1.53262553e-02 
 5.22553885e-09 -1.48151821e-02 
 5.22753885e-09 -1.42238624e-02 
 5.22953885e-09 -1.35467547e-02 
 5.23153885e-09 -1.27778625e-02 
 5.23353885e-09 -1.19106876e-02 
 5.23553885e-09 -1.09381736e-02 
 5.23753885e-09 -9.85264747e-03 
 5.23953885e-09 -8.64574963e-03 
 5.24153885e-09 -7.30835848e-03 
 5.24353885e-09 -5.83049962e-03 
 5.24553885e-09 -4.20124562e-03 
 5.24753885e-09 -2.40859443e-03 
 5.24953885e-09 -4.39331618e-04 
 5.25153885e-09  1.72114059e-03 
 5.25353885e-09  4.08904899e-03 
 5.25553885e-09  6.68252707e-03 
 5.25753885e-09  9.52192830e-03 
 5.25953885e-09  1.26302457e-02 
 5.26153885e-09  1.60336272e-02 
 5.26353885e-09  1.97620279e-02 
 5.26553885e-09  2.38500162e-02 
 5.26753885e-09  2.83377799e-02 
 5.26953885e-09  3.32723501e-02 
 5.27153885e-09  3.87090693e-02 
 5.27353885e-09  4.47132648e-02 
 5.27553885e-09  5.13620233e-02 
 5.27753885e-09  5.87457693e-02 
 5.27953885e-09  6.69690731e-02 
 5.28153885e-09  7.61496632e-02 
 5.28353885e-09  8.64141883e-02 
 5.28553885e-09  9.78892261e-02 
 5.28753885e-09  1.10687284e-01 
 5.28953885e-09  1.24890587e-01 
 5.29153885e-09  1.40538986e-01 
 5.29353885e-09  1.57628267e-01 
 5.29553885e-09  1.76119501e-01 
 5.29753885e-09  1.95953493e-01 
 5.29953885e-09  2.17063357e-01 
 5.30153885e-09  2.39382143e-01 
 5.30353885e-09  2.62846136e-01 
 5.30553885e-09  2.87395601e-01 
 5.30753885e-09  3.12974394e-01 
 5.30953885e-09  3.39529159e-01 
 5.31153885e-09  3.67008412e-01 
 5.31353885e-09  3.95361562e-01 
 5.31553885e-09  4.24537866e-01 
 5.31753885e-09  4.54485264e-01 
 5.31953885e-09  4.85149009e-01 
 5.32153885e-09  5.16470039e-01 
 5.32353885e-09  5.48382946e-01 
 5.32553885e-09  5.80813412e-01 
 5.32753885e-09  6.13674944e-01 
 5.32953885e-09  6.46864726e-01 
 5.33153885e-09  6.80258567e-01 
 5.33353885e-09  7.13705173e-01 
 5.33553885e-09  7.47020616e-01 
 5.33753885e-09  7.79984790e-01 
 5.33953885e-09  8.12342689e-01 
 5.34153885e-09  8.43813572e-01 
 5.34353885e-09  8.74109540e-01 
 5.34553885e-09  9.02961117e-01 
 5.34753885e-09  9.30143227e-01 
 5.34953885e-09  9.55493741e-01 
 5.35153885e-09  9.78920073e-01 
 5.35353885e-09  1.00039463e+00 
 5.35553885e-09  1.01994350e+00 
 5.35753885e-09  1.03763309e+00 
 5.35953885e-09  1.05355772e+00 
 5.36153885e-09  1.06782955e+00 
 5.36353885e-09  1.08057078e+00 
 5.36553885e-09  1.09190780e+00 
 5.36753885e-09  1.10196693e+00 
 5.36953885e-09  1.11087123e+00 
 5.37153885e-09  1.11873836e+00 
 5.37353885e-09  1.12567901e+00 
 5.37553885e-09  1.13179602e+00 
 5.37753885e-09  1.13718391e+00 
 5.37953885e-09  1.14192875e+00 
 5.38153885e-09  1.14610833e+00 
 5.38353885e-09  1.14979247e+00 
 5.38553885e-09  1.15304344e+00 
 5.38753885e-09  1.15591653e+00 
 5.38953885e-09  1.15846060e+00 
 5.39153885e-09  1.16071863e+00 
 5.39353885e-09  1.16272831e+00 
 5.39553885e-09  1.16452260e+00 
 5.39753885e-09  1.16613023e+00 
 5.39953885e-09  1.16757620e+00 
 5.40153885e-09  1.16888222e+00 
 5.40353885e-09  1.17006709e+00 
 5.40553885e-09  1.17114709e+00 
 5.40753885e-09  1.17213626e+00 
 5.40953885e-09  1.17304670e+00 
 5.41153885e-09  1.17388884e+00 
 5.41353885e-09  1.17467160e+00 
 5.41553885e-09  1.17540265e+00 
 5.41753885e-09  1.17608853e+00 
 5.41953885e-09  1.17673482e+00 
 5.42153885e-09  1.17734631e+00 
 5.42353885e-09  1.17792706e+00 
 5.42553885e-09  1.17848053e+00 
 5.42753885e-09  1.17900969e+00 
 5.42953885e-09  1.17951707e+00 
 5.43153885e-09  1.18000484e+00 
 5.43353885e-09  1.18047351e+00 
 5.43553885e-09  1.18092469e+00 
 5.43753885e-09  1.18136094e+00 
 5.43953885e-09  1.18178370e+00 
 5.44153885e-09  1.18219419e+00 
 5.44353885e-09  1.18259329e+00 
 5.44553885e-09  1.18298185e+00 
 5.44753885e-09  1.18336050e+00 
 5.44953885e-09  1.18372987e+00 
 5.45153885e-09  1.18409044e+00 
 5.45353885e-09  1.18444268e+00 
 5.45553885e-09  1.18478696e+00 
 5.45753885e-09  1.18512359e+00 
 5.45953885e-09  1.18545688e+00 
 5.46153885e-09  1.18578593e+00 
 5.46353885e-09  1.18610638e+00 
 5.46553885e-09  1.18641882e+00 
 5.46753885e-09  1.18672344e+00 
 5.46953885e-09  1.18702038e+00 
 5.47153885e-09  1.18730959e+00 
 5.47353885e-09  1.18759099e+00 
 5.47553885e-09  1.18786439e+00 
 5.47753885e-09  1.18812959e+00 
 5.47953885e-09  1.18838628e+00 
 5.48153885e-09  1.18863418e+00 
 5.48353885e-09  1.18887294e+00 
 5.48553885e-09  1.18910228e+00 
 5.48753885e-09  1.18932192e+00 
 5.48953885e-09  1.18953174e+00 
 5.49153885e-09  1.18973174e+00 
 5.49353885e-09  1.18992218e+00 
 5.49553885e-09  1.19010357e+00 
 5.49753885e-09  1.19027675e+00 
 5.49953885e-09  1.19044281e+00 
 5.50153885e-09  1.19060300e+00 
 5.50353885e-09  1.19075862e+00 
 5.50553885e-09  1.19091091e+00 
 5.50753885e-09  1.19106088e+00 
 5.50953885e-09  1.19120935e+00 
 5.51153885e-09  1.19135688e+00 
 5.51353885e-09  1.19150384e+00 
 5.51553885e-09  1.19165043e+00 
 5.51753885e-09  1.19179674e+00 
 5.51953885e-09  1.19194276e+00 
 5.52153885e-09  1.19208845e+00 
 5.52353885e-09  1.19223373e+00 
 5.52553885e-09  1.19237849e+00 
 5.52753885e-09  1.19252265e+00 
 5.52953885e-09  1.19266394e+00 
 5.53153885e-09  1.19280273e+00 
 5.53353885e-09  1.19294321e+00 
 5.53553885e-09  1.19308559e+00 
 5.53753885e-09  1.19322813e+00 
 5.53953885e-09  1.19337082e+00 
 5.54153885e-09  1.19351400e+00 
 5.54353885e-09  1.19365829e+00 
 5.54553885e-09  1.19380450e+00 
 5.54753885e-09  1.19395356e+00 
 5.54953885e-09  1.19410651e+00 
 5.55153885e-09  1.19426436e+00 
 5.55353885e-09  1.19442813e+00 
 5.55553885e-09  1.19459877e+00 
 5.55753885e-09  1.19477713e+00 
 5.55953885e-09  1.19496399e+00 
 5.56153885e-09  1.19516005e+00 
 5.56353885e-09  1.19536590e+00 
 5.56553885e-09  1.19558208e+00 
 5.56753885e-09  1.19580903e+00 
 5.56953885e-09  1.19604716e+00 
 5.57153885e-09  1.19629680e+00 
 5.57353885e-09  1.19655823e+00 
 5.57553885e-09  1.19683172e+00 
 5.57753885e-09  1.19711750e+00 
 5.57953885e-09  1.19741579e+00 
 5.58153885e-09  1.19772680e+00 
 5.58353885e-09  1.19805078e+00 
 5.58553885e-09  1.19838799e+00 
 5.58753885e-09  1.19873873e+00 
 5.58953885e-09  1.19910335e+00 
 5.59153885e-09  1.19948228e+00 
 5.59353885e-09  1.19987597e+00 
 5.59553885e-09  1.20028497e+00 
 5.59753885e-09  1.20070987e+00 
 5.59953885e-09  1.20115132e+00 
 5.60153885e-09  1.20161000e+00 
 5.60353885e-09  1.20208659e+00 
 5.60553885e-09  1.20258179e+00 
 5.60753885e-09  1.20309624e+00 
 5.60953885e-09  1.20363053e+00 
 5.61153885e-09  1.20418514e+00 
 5.61353885e-09  1.20476039e+00 
 5.61553885e-09  1.20535642e+00 
 5.61753885e-09  1.20597300e+00 
 5.61953885e-09  1.20660940e+00 
 5.62153885e-09  1.20726418e+00 
 5.62353885e-09  1.20793488e+00 
 5.62553885e-09  1.20861797e+00 
 5.62753885e-09  1.20930891e+00 
 5.62953885e-09  1.21000264e+00 
 5.63153885e-09  1.21069417e+00 
 5.63353885e-09  1.21137926e+00 
 5.63553885e-09  1.21205472e+00 
 5.63753885e-09  1.21271856e+00 
 5.63953885e-09  1.21336980e+00 
 5.64153885e-09  1.21400824e+00 
 5.64353885e-09  1.21463415e+00 
 5.64553885e-09  1.21524813e+00 
 5.64753885e-09  1.21585085e+00 
 5.64953885e-09  1.21644300e+00 
 5.65153885e-09  1.21702520e+00 
 5.65353885e-09  1.21759799e+00 
 5.65553885e-09  1.21816179e+00 
 5.65753885e-09  1.21871692e+00 
 5.65953885e-09  1.21926362e+00 
 5.66153885e-09  1.21980204e+00 
 5.66353885e-09  1.22033227e+00 
 5.66553885e-09  1.22085435e+00 
 5.66753885e-09  1.22136829e+00 
 5.66953885e-09  1.22187407e+00 
 5.67153885e-09  1.22237167e+00 
 5.67353885e-09  1.22286102e+00 
 5.67553885e-09  1.22334210e+00 
 5.67753885e-09  1.22381485e+00 
 5.67953885e-09  1.22427923e+00 
 5.68153885e-09  1.22473518e+00 
 5.68353885e-09  1.22518264e+00 
 5.68553885e-09  1.22562153e+00 
 5.68753885e-09  1.22605134e+00 
 5.68953885e-09  1.22647220e+00 
 5.69153885e-09  1.22688459e+00 
 5.69353885e-09  1.22728809e+00 
 5.69553885e-09  1.22768219e+00 
 5.69753885e-09  1.22806625e+00 
 5.69953885e-09  1.22843946e+00 
 5.70153885e-09  1.22880082e+00 
 5.70353885e-09  1.22914907e+00 
 5.70553885e-09  1.22948264e+00 
 5.70753885e-09  1.22979962e+00 
 5.70953885e-09  1.23009590e+00 
 5.71153885e-09  1.23036863e+00 
 5.71353885e-09  1.23061621e+00 
 5.71553885e-09  1.23083494e+00 
 5.71753885e-09  1.23102068e+00 
 5.71953885e-09  1.23116891e+00 
 5.72153885e-09  1.23127481e+00 
 5.72353885e-09  1.23133335e+00 
 5.72553885e-09  1.23133949e+00 
 5.72753885e-09  1.23128819e+00 
 5.72953885e-09  1.23117461e+00 
 5.73153885e-09  1.23099417e+00 
 5.73353885e-09  1.23074259e+00 
 5.73553885e-09  1.23041587e+00 
 5.73753885e-09  1.23001034e+00 
 5.73953885e-09  1.22952253e+00 
 5.74153885e-09  1.22894918e+00 
 5.74353885e-09  1.22828711e+00 
 5.74553885e-09  1.22753318e+00 
 5.74753885e-09  1.22668422e+00 
 5.74953885e-09  1.22573699e+00 
 5.75153885e-09  1.22468814e+00 
 5.75353885e-09  1.22353416e+00 
 5.75553885e-09  1.22227139e+00 
 5.75753885e-09  1.22089598e+00 
 5.75953885e-09  1.21940389e+00 
 5.76153885e-09  1.21779088e+00 
 5.76353885e-09  1.21605251e+00 
 5.76553885e-09  1.21418412e+00 
 5.76753885e-09  1.21218083e+00 
 5.76953885e-09  1.21003749e+00 
 5.77153885e-09  1.20774873e+00 
 5.77353885e-09  1.20530888e+00 
 5.77553885e-09  1.20271195e+00 
 5.77753885e-09  1.19995161e+00 
 5.77953885e-09  1.19702116e+00 
 5.78153885e-09  1.19391349e+00 
 5.78353885e-09  1.19062097e+00 
 5.78553885e-09  1.18713539e+00 
 5.78753885e-09  1.18346319e+00 
 5.78953885e-09  1.17959369e+00 
 5.79153885e-09  1.17550085e+00 
 5.79353885e-09  1.17117393e+00 
 5.79553885e-09  1.16660072e+00 
 5.79753885e-09  1.16176769e+00 
 5.79953885e-09  1.15665945e+00 
 5.80153885e-09  1.15125865e+00 
 5.80353885e-09  1.14551013e+00 
 5.80553885e-09  1.13938838e+00 
 5.80753885e-09  1.13289786e+00 
 5.80953885e-09  1.12600473e+00 
 5.81153885e-09  1.11866984e+00 
 5.81353885e-09  1.11084733e+00 
 5.81553885e-09  1.10248391e+00 
 5.81753885e-09  1.09351763e+00 
 5.81953885e-09  1.08387741e+00 
 5.82153885e-09  1.07348286e+00 
 5.82353885e-09  1.06224557e+00 
 5.82553885e-09  1.05007208e+00 
 5.82753885e-09  1.03686945e+00 
 5.82953885e-09  1.02255318e+00 
 5.83153885e-09  1.00705661e+00 
 5.83353885e-09  9.90339166e-01 
 5.83553885e-09  9.72390711e-01 
 5.83753885e-09  9.53230015e-01 
 5.83953885e-09  9.32898415e-01 
 5.84153885e-09  9.11451288e-01 
 5.84353885e-09  8.88950399e-01 
 5.84553885e-09  8.65458574e-01 
 5.84753885e-09  8.41036829e-01 
 5.84953885e-09  8.15743246e-01 
 5.85153885e-09  7.89672246e-01 
 5.85353885e-09  7.62868343e-01 
 5.85553885e-09  7.35339223e-01 
 5.85753885e-09  7.07136452e-01 
 5.85953885e-09  6.78293365e-01 
 5.86153885e-09  6.48863671e-01 
 5.86353885e-09  6.18911538e-01 
 5.86553885e-09  5.88486042e-01 
 5.86753885e-09  5.57639354e-01 
 5.86953885e-09  5.26426632e-01 
 5.87153885e-09  4.94909147e-01 
 5.87353885e-09  4.63155888e-01 
 5.87553885e-09  4.31247970e-01 
 5.87753885e-09  3.99283015e-01 
 5.87953885e-09  3.67382465e-01 
 5.88153885e-09  3.35699910e-01 
 5.88353885e-09  3.04431538e-01 
 5.88553885e-09  2.73825258e-01 
 5.88753885e-09  2.44185113e-01 
 5.88953885e-09  2.15863516e-01 
 5.89153885e-09  1.89236227e-01 
 5.89353885e-09  1.64659818e-01 
 5.89553885e-09  1.42421894e-01 
 5.89753885e-09  1.22699587e-01 
 5.89953885e-09  1.05539631e-01 
 5.90153885e-09  9.08634434e-02 
 5.90353885e-09  7.84919294e-02 
 5.90553885e-09  6.81800052e-02 
 5.90753885e-09  5.96514547e-02 
 5.90953885e-09  5.25753274e-02 
 5.91153885e-09  4.67190963e-02 
 5.91353885e-09  4.19219952e-02 
 5.91553885e-09  3.79668722e-02 
 5.91753885e-09  3.46759768e-02 
 5.91953885e-09  3.19086676e-02 
 5.92153885e-09  2.95619649e-02 
 5.92353885e-09  2.75463032e-02 
 5.92553885e-09  2.57849421e-02 
 5.92753885e-09  2.42304942e-02 
 5.92953885e-09  2.28463203e-02 
 5.93153885e-09  2.16038467e-02 
 5.93353885e-09  2.04808793e-02 
 5.93553885e-09  1.94599030e-02 
 5.93753885e-09  1.85270771e-02 
 5.93953885e-09  1.76712215e-02 
 5.94153885e-09  1.68832622e-02 
 5.94353885e-09  1.61556561e-02 
 5.94553885e-09  1.54821058e-02 
 5.94753885e-09  1.48572410e-02 
 5.94953885e-09  1.42764746e-02 
 5.95153885e-09  1.37358203e-02 
 5.95353885e-09  1.32318138e-02 
 5.95553885e-09  1.27614003e-02 
 5.95753885e-09  1.23218854e-02 
 5.95953885e-09  1.19108614e-02 
 5.96153885e-09  1.15261742e-02 
 5.96353885e-09  1.11658735e-02 
 5.96553885e-09  1.08281901e-02 
 5.96753885e-09  1.05115022e-02 
 5.96953885e-09  1.02143196e-02 
 5.97153885e-09  9.93526152e-03 
 5.97353885e-09  9.67304554e-03 
 5.97553885e-09  9.42647318e-03 
 5.97753885e-09  9.19442252e-03 
 5.97953885e-09  8.97583931e-03 
 5.98153885e-09  8.76973220e-03 
 5.98353885e-09  8.57516765e-03 
 5.98553885e-09  8.39126700e-03 
 5.98753885e-09  8.21720391e-03 
 5.98953885e-09  8.05220238e-03 
 5.99153885e-09  7.89553573e-03 
 5.99353885e-09  7.74652501e-03 
 5.99553885e-09  7.60453881e-03 
 5.99753885e-09  7.46899209e-03 
 5.99953885e-09  7.33934673e-03 
 6.00153885e-09  7.21511127e-03 
 6.00353885e-09  7.09584331e-03 
 6.00553885e-09  6.98115144e-03 
 6.00753885e-09  6.87070031e-03 
 6.00953885e-09  6.76421556e-03 
 6.01153885e-09  6.66149183e-03 
 6.01353885e-09  6.56239930e-03 
 6.01553885e-09  6.46689087e-03 
 6.01753885e-09  6.37500379e-03 
 6.01953885e-09  6.28685599e-03 
 6.02153885e-09  6.20262977e-03 
 6.02353885e-09  6.12254362e-03 
 6.02553885e-09  6.04680872e-03 
 6.02753885e-09  5.97558054e-03 
 6.02953885e-09  5.90891866e-03 
 6.03153885e-09  5.84678357e-03 
 6.03353885e-09  5.78908262e-03 
 6.03553885e-09  5.73574946e-03 
 6.03753885e-09  5.68679746e-03 
 6.03953885e-09  5.64230613e-03 
 6.04153885e-09  5.60234448e-03 
 6.04353885e-09  5.56687855e-03 
 6.04553885e-09  5.53570223e-03 
 6.04753885e-09  5.50841621e-03 
 6.04953885e-09  5.48445072e-03 
 6.05153885e-09  5.46312017e-03 
 6.05353885e-09  5.44368596e-03 
 6.05553885e-09  5.42541483e-03 
 6.05753885e-09  5.40762033e-03 
 6.05953885e-09  5.38968857e-03 
 6.06153885e-09  5.37108705e-03 
 6.06353885e-09  5.35136378e-03 
 6.06553885e-09  5.33013715e-03 
 6.06753885e-09  5.30708309e-03 
 6.06953885e-09  5.28191791e-03 
 6.07153885e-09  5.25438143e-03 
 6.07353885e-09  5.22421694e-03 
 6.07553885e-09  5.19126050e-03 
 6.07753885e-09  5.15538832e-03 
 6.07953885e-09  5.11598657e-03 
 6.08153885e-09  5.07224589e-03 
 6.08353885e-09  5.02363172e-03 
 6.08553885e-09  4.96957694e-03 
 6.08753885e-09  4.90932755e-03 
 6.08953885e-09  4.84197443e-03 
 6.09153885e-09  4.76657515e-03 
 6.09353885e-09  4.68224028e-03 
 6.09553885e-09  4.58825342e-03 
 6.09753885e-09  4.48414898e-03 
 6.09953885e-09  4.36974731e-03 
 6.10153885e-09  4.24512751e-03 
 6.10353885e-09  4.11055716e-03 
 6.10553885e-09  3.96640760e-03 
 6.10753885e-09  3.81307876e-03 
 6.10953885e-09  3.65095077e-03 
 6.11153885e-09  3.48036133e-03 
 6.11353885e-09  3.30160470e-03 
 6.11553885e-09  3.11494199e-03 
 6.11753885e-09  2.92061565e-03 
 6.11953885e-09  2.71886294e-03 
 6.12153885e-09  2.50992506e-03 
 6.12353885e-09  2.29405226e-03 
 6.12553885e-09  2.07150371e-03 
 6.12753885e-09  1.84254485e-03 
 6.12953885e-09  1.60744118e-03 
 6.13153885e-09  1.36645183e-03 
 6.13353885e-09  1.11982117e-03 
 6.13553885e-09  8.67771901e-04 
 6.13753885e-09  6.10497141e-04 
 6.13953885e-09  3.48154938e-04 
 6.14153885e-09  8.08623672e-05 
 6.14353885e-09 -1.91307506e-04 
 6.14553885e-09 -4.68328449e-04 
 6.14753885e-09 -7.50220132e-04 
 6.14953885e-09 -1.03704605e-03 
 6.15153885e-09 -1.32890643e-03 
 6.15353885e-09 -1.62592795e-03 
 6.15553885e-09 -1.92824566e-03 
 6.15753885e-09 -2.23597882e-03 
 6.15953885e-09 -2.54919608e-03 
 6.16153885e-09 -2.86787262e-03 
 6.16353885e-09 -3.19183786e-03 
 6.16553885e-09 -3.52072163e-03 
 6.16753885e-09 -3.85390552e-03 
 6.16953885e-09 -4.19049656e-03 
 6.17153885e-09 -4.52933650e-03 
 6.17353885e-09 -4.86906094e-03 
 6.17553885e-09 -5.20820461e-03 
 6.17753885e-09 -5.54533733e-03 
 6.17953885e-09 -5.87919656e-03 
 6.18153885e-09 -6.20878771e-03 
 6.18353885e-09 -6.53343071e-03 
 6.18553885e-09 -6.85275644e-03 
 6.18753885e-09 -7.16666484e-03 
 6.18953885e-09 -7.47526739e-03 
 6.19153885e-09 -7.77882703e-03 
 6.19353885e-09 -8.07770793e-03 
 6.19553885e-09 -8.37233543e-03 
 6.19753885e-09 -8.66316853e-03 
 6.19953885e-09 -8.95067986e-03 
 6.20153885e-09 -9.23534363e-03 
 6.20353885e-09 -9.51762673e-03 
 6.20553885e-09 -9.79798446e-03 
 6.20753885e-09 -1.00768572e-02 
 6.20953885e-09 -1.03546703e-02 
 6.21153885e-09 -1.06318338e-02 
 6.21353885e-09 -1.09087439e-02 
 6.21553885e-09 -1.11857834e-02 
 6.21753885e-09 -1.14633222e-02 
 6.21953885e-09 -1.17417136e-02 
 6.22153885e-09 -1.20212893e-02 
 6.22353885e-09 -1.22982843e-02 
 6.22553885e-09 -1.25754042e-02 
 6.22753885e-09 -1.28615306e-02 
 6.22953885e-09 -1.31523465e-02 
 6.23153885e-09 -1.34429645e-02 
 6.23353885e-09 -1.37342115e-02 
 6.23553885e-09 -1.40258561e-02 
 6.23753885e-09 -1.43173984e-02 
 6.23953885e-09 -1.46075847e-02 
 6.24153885e-09 -1.48948722e-02 
 6.24353885e-09 -1.51770855e-02 
 6.24553885e-09 -1.54517595e-02 
 6.24753885e-09 -1.57159591e-02 
 6.24953885e-09 -1.59665676e-02 
 6.25153885e-09 -1.62002149e-02 
 6.25353885e-09 -1.64135006e-02 
 6.25553885e-09 -1.66029564e-02 
 6.25753885e-09 -1.67651850e-02 
 6.25953885e-09 -1.68968134e-02 
 6.26153885e-09 -1.69945560e-02 
 6.26353885e-09 -1.70551540e-02 
 6.26553885e-09 -1.70753881e-02 
 6.26753885e-09 -1.70520139e-02 
 6.26953885e-09 -1.69817488e-02 
 6.27153885e-09 -1.68612125e-02 
 6.27353885e-09 -1.66869025e-02 
 6.27553885e-09 -1.64551423e-02 
 6.27753885e-09 -1.61620528e-02 
 6.27953885e-09 -1.58035058e-02 
 6.28153885e-09 -1.53750926e-02 
 6.28353885e-09 -1.48720802e-02 
 6.28553885e-09 -1.42893757e-02 
 6.28753885e-09 -1.36214806e-02 
 6.28953885e-09 -1.28624493e-02 
 6.29153885e-09 -1.20058372e-02 
 6.29353885e-09 -1.10446496e-02 
 6.29553885e-09 -9.97128016e-03 
 6.29753885e-09 -8.77744495e-03 
 6.29953885e-09 -7.45410493e-03 
 6.30153885e-09 -5.99137990e-03 
 6.30353885e-09 -4.37844625e-03 
 6.30553885e-09 -2.60342079e-03 
 6.30753885e-09 -6.53221973e-04 
 6.30953885e-09  1.48659333e-03 
 6.31153885e-09  3.83206955e-03 
 6.31353885e-09  6.40112754e-03 
 6.31553885e-09  9.21387254e-03 
 6.31753885e-09  1.22929992e-02 
 6.31953885e-09  1.56642999e-02 
 6.32153885e-09  1.93572973e-02 
 6.32353885e-09  2.34060364e-02 
 6.32553885e-09  2.78500653e-02 
 6.32753885e-09  3.27356385e-02 
 6.32953885e-09  3.81171562e-02 
 6.33153885e-09  4.40588231e-02 
 6.33353885e-09  5.06364191e-02 
 6.33553885e-09  5.79389216e-02 
 6.33753885e-09  6.60694305e-02 
 6.33953885e-09  7.51444321e-02 
 6.34153885e-09  8.52899734e-02 
 6.34353885e-09  9.66332172e-02 
 6.34553885e-09  1.09288897e-01 
 6.34753885e-09  1.23343091e-01 
 6.34953885e-09  1.38840357e-01 
 6.35153885e-09  1.55780793e-01 
 6.35353885e-09  1.74128439e-01 
 6.35553885e-09  1.93825549e-01 
 6.35753885e-09  2.14805595e-01 
 6.35953885e-09  2.37001421e-01 
 6.36153885e-09  2.60348908e-01 
 6.36353885e-09  2.84787913e-01 
 6.36553885e-09  3.10261953e-01 
 6.36753885e-09  3.36717422e-01 
 6.36953885e-09  3.64102687e-01 
 6.37153885e-09  3.92367109e-01 
 6.37353885e-09  4.21460015e-01 
 6.37553885e-09  4.51329539e-01 
 6.37753885e-09  4.81921288e-01 
 6.37953885e-09  5.13176736e-01 
 6.38153885e-09  5.45031244e-01 
 6.38353885e-09  5.77411563e-01 
 6.38553885e-09  6.10232644e-01 
 6.38753885e-09  6.43393597e-01 
 6.38953885e-09  6.76772716e-01 
 6.39153885e-09  7.10221806e-01 
 6.39353885e-09  7.43560558e-01 
 6.39553885e-09  7.76572690e-01 
 6.39753885e-09  8.09006559e-01 
 6.39953885e-09  8.40583400e-01 
 6.40153885e-09  8.71014944e-01 
 6.40353885e-09  9.00028522e-01 
 6.40553885e-09  9.27393381e-01 
 6.40753885e-09  9.52940309e-01 
 6.40953885e-09  9.76569520e-01 
 6.41153885e-09  9.98247101e-01 
 6.41353885e-09  1.01799417e+00 
 6.41553885e-09  1.03587353e+00 
 6.41753885e-09  1.05197711e+00 
 6.41953885e-09  1.06641563e+00 
 6.42153885e-09  1.07931052e+00 
 6.42353885e-09  1.09078797e+00 
 6.42553885e-09  1.10097447e+00 
 6.42753885e-09  1.10999354e+00 
 6.42953885e-09  1.11796347e+00 
 6.43153885e-09  1.12499575e+00 
 6.43353885e-09  1.13119405e+00 
 6.43553885e-09  1.13665376e+00 
 6.43753885e-09  1.14146186e+00 
 6.43953885e-09  1.14569697e+00 
 6.44153885e-09  1.14942970e+00 
 6.44353885e-09  1.15272313e+00 
 6.44553885e-09  1.15563322e+00 
 6.44753885e-09  1.15820948e+00 
 6.44953885e-09  1.16049547e+00 
 6.45153885e-09  1.16252942e+00 
 6.45353885e-09  1.16434475e+00 
 6.45553885e-09  1.16597061e+00 
 6.45753885e-09  1.16743237e+00 
 6.45953885e-09  1.16875205e+00 
 6.46153885e-09  1.16994875e+00 
 6.46353885e-09  1.17103898e+00 
 6.46553885e-09  1.17203702e+00 
 6.46753885e-09  1.17295516e+00 
 6.46953885e-09  1.17380397e+00 
 6.47153885e-09  1.17459255e+00 
 6.47353885e-09  1.17532866e+00 
 6.47553885e-09  1.17601897e+00 
 6.47753885e-09  1.17666915e+00 
 6.47953885e-09  1.17728407e+00 
 6.48153885e-09  1.17786785e+00 
 6.48353885e-09  1.17842402e+00 
 6.48553885e-09  1.17895559e+00 
 6.48753885e-09  1.17946513e+00 
 6.48953885e-09  1.17995485e+00 
 6.49153885e-09  1.18042531e+00 
 6.49353885e-09  1.18087814e+00 
 6.49553885e-09  1.18131588e+00 
 6.49753885e-09  1.18174002e+00 
 6.49953885e-09  1.18215178e+00 
 6.50153885e-09  1.18255206e+00 
 6.50353885e-09  1.18294171e+00 
 6.50553885e-09  1.18332138e+00 
 6.50753885e-09  1.18369171e+00 
 6.50953885e-09  1.18405320e+00 
 6.51153885e-09  1.18440630e+00 
 6.51353885e-09  1.18475140e+00 
 6.51553885e-09  1.18508883e+00 
 6.51753885e-09  1.18542286e+00 
 6.51953885e-09  1.18575263e+00 
 6.52153885e-09  1.18607380e+00 
 6.52353885e-09  1.18638696e+00 
 6.52553885e-09  1.18669231e+00 
 6.52753885e-09  1.18699000e+00 
 6.52953885e-09  1.18727996e+00 
 6.53153885e-09  1.18756214e+00 
 6.53353885e-09  1.18783636e+00 
 6.53553885e-09  1.18810240e+00 
 6.53753885e-09  1.18835997e+00 
 6.53953885e-09  1.18860878e+00 
 6.54153885e-09  1.18884850e+00 
 6.54353885e-09  1.18907882e+00 
 6.54553885e-09  1.18929947e+00 
 6.54753885e-09  1.18951031e+00 
 6.54953885e-09  1.18971132e+00 
 6.55153885e-09  1.18990273e+00 
 6.55353885e-09  1.19008503e+00 
 6.55553885e-09  1.19025902e+00 
 6.55753885e-09  1.19042575e+00 
 6.55953885e-09  1.19058649e+00 
 6.56153885e-09  1.19074253e+00 
 6.56353885e-09  1.19089511e+00 
 6.56553885e-09  1.19104529e+00 
 6.56753885e-09  1.19119388e+00 
 6.56953885e-09  1.19134149e+00 
 6.57153885e-09  1.19148850e+00 
 6.57353885e-09  1.19163512e+00 
 6.57553885e-09  1.19178146e+00 
 6.57753885e-09  1.19192752e+00 
 6.57953885e-09  1.19207326e+00 
 6.58153885e-09  1.19221858e+00 
 6.58353885e-09  1.19236340e+00 
 6.58553885e-09  1.19250762e+00 
 6.58753885e-09  1.19264897e+00 
 6.58953885e-09  1.19278779e+00 
 6.59153885e-09  1.19292837e+00 
 6.59353885e-09  1.19307084e+00 
 6.59553885e-09  1.19321342e+00 
 6.59753885e-09  1.19335608e+00 
 6.59953885e-09  1.19349917e+00 
 6.60153885e-09  1.19364329e+00 
 6.60353885e-09  1.19378923e+00 
 6.60553885e-09  1.19393793e+00 
 6.60753885e-09  1.19409041e+00 
 6.60953885e-09  1.19424769e+00 
 6.61153885e-09  1.19441079e+00 
 6.61353885e-09  1.19458065e+00 
 6.61553885e-09  1.19475817e+00 
 6.61753885e-09  1.19494410e+00 
 6.61953885e-09  1.19513917e+00 
 6.62153885e-09  1.19534397e+00 
 6.62353885e-09  1.19555905e+00 
 6.62553885e-09  1.19578486e+00 
 6.62753885e-09  1.19602181e+00 
 6.62953885e-09  1.19627023e+00 
 6.63153885e-09  1.19653043e+00 
 6.63353885e-09  1.19680265e+00 
 6.63553885e-09  1.19708714e+00 
 6.63753885e-09  1.19738412e+00 
 6.63953885e-09  1.19769379e+00 
 6.64153885e-09  1.19801641e+00 
 6.64353885e-09  1.19835223e+00 
 6.64553885e-09  1.19870155e+00 
 6.64753885e-09  1.19906471e+00 
 6.64953885e-09  1.19944213e+00 
 6.65153885e-09  1.19983426e+00 
 6.65353885e-09  1.20024164e+00 
 6.65553885e-09  1.20066486e+00 
 6.65753885e-09  1.20110456e+00 
 6.65953885e-09  1.20156141e+00 
 6.66153885e-09  1.20203611e+00 
 6.66353885e-09  1.20252934e+00 
 6.66553885e-09  1.20304176e+00 
 6.66753885e-09  1.20357396e+00 
 6.66953885e-09  1.20412643e+00 
 6.67153885e-09  1.20469953e+00 
 6.67353885e-09  1.20529340e+00 
 6.67553885e-09  1.20590786e+00 
 6.67753885e-09  1.20654226e+00 
 6.67953885e-09  1.20719522e+00 
 6.68153885e-09  1.20786441e+00 
 6.68353885e-09  1.20854640e+00 
 6.68553885e-09  1.20923676e+00 
 6.68753885e-09  1.20993043e+00 
 6.68953885e-09  1.21062242e+00 
 6.69153885e-09  1.21130834e+00 
 6.69353885e-09  1.21198492e+00 
 6.69553885e-09  1.21265003e+00 
 6.69753885e-09  1.21330260e+00 
 6.69953885e-09  1.21394236e+00 
 6.70153885e-09  1.21456956e+00 
 6.70353885e-09  1.21518475e+00 
 6.70553885e-09  1.21578861e+00 
 6.70753885e-09  1.21638183e+00 
 6.70953885e-09  1.21696504e+00 
 6.71153885e-09  1.21753878e+00 
 6.71353885e-09  1.21810350e+00 
 6.71553885e-09  1.21865952e+00 
 6.71753885e-09  1.21920709e+00 
 6.71953885e-09  1.21974637e+00 
 6.72153885e-09  1.22027745e+00 
 6.72353885e-09  1.22080038e+00 
 6.72553885e-09  1.22131517e+00 
 6.72753885e-09  1.22182180e+00 
 6.72953885e-09  1.22232025e+00 
 6.73153885e-09  1.22281046e+00 
 6.73353885e-09  1.22329241e+00 
 6.73553885e-09  1.22376603e+00 
 6.73753885e-09  1.22423128e+00 
 6.73953885e-09  1.22468811e+00 
 6.74153885e-09  1.22513646e+00 
 6.74353885e-09  1.22557624e+00 
 6.74553885e-09  1.22600695e+00 
 6.74753885e-09  1.22642873e+00 
 6.74953885e-09  1.22684205e+00 
 6.75153885e-09  1.22724654e+00 
 6.75353885e-09  1.22764167e+00 
 6.75553885e-09  1.22802682e+00 
 6.75753885e-09  1.22840122e+00 
 6.75953885e-09  1.22876387e+00 
 6.76153885e-09  1.22911355e+00 
 6.76353885e-09  1.22944874e+00 
 6.76553885e-09  1.22976754e+00 
 6.76753885e-09  1.23006595e+00 
 6.76953885e-09  1.23034115e+00 
 6.77153885e-09  1.23059155e+00 
 6.77353885e-09  1.23081350e+00 
 6.77553885e-09  1.23100291e+00 
 6.77753885e-09  1.23115529e+00 
 6.77953885e-09  1.23126584e+00 
 6.78153885e-09  1.23132957e+00 
 6.78353885e-09  1.23134141e+00 
 6.78553885e-09  1.23129633e+00 
 6.78753885e-09  1.23118947e+00 
 6.78953885e-09  1.23101620e+00 
 6.79153885e-09  1.23077222e+00 
 6.79353885e-09  1.23045351e+00 
 6.79553885e-09  1.23005636e+00 
 6.79753885e-09  1.22957728e+00 
 6.79953885e-09  1.22901299e+00 
 6.80153885e-09  1.22836031e+00 
 6.80353885e-09  1.22761609e+00 
 6.80553885e-09  1.22677718e+00 
 6.80753885e-09  1.22584034e+00 
 6.80953885e-09  1.22480224e+00 
 6.81153885e-09  1.22365938e+00 
 6.81353885e-09  1.22240811e+00 
 6.81553885e-09  1.22104462e+00 
 6.81753885e-09  1.21956487e+00 
 6.81953885e-09  1.21796466e+00 
 6.82153885e-09  1.21623957e+00 
 6.82353885e-09  1.21438495e+00 
 6.82553885e-09  1.21239594e+00 
 6.82753885e-09  1.21026743e+00 
 6.82953885e-09  1.20799408e+00 
 6.83153885e-09  1.20557024e+00 
 6.83353885e-09  1.20298996e+00 
 6.83553885e-09  1.20024695e+00 
 6.83753885e-09  1.19733454e+00 
 6.83953885e-09  1.19424567e+00 
 6.84153885e-09  1.19097278e+00 
 6.84353885e-09  1.18750771e+00 
 6.84553885e-09  1.18385686e+00 
 6.84753885e-09  1.18000962e+00 
 6.84953885e-09  1.17594016e+00 
 6.85153885e-09  1.17163786e+00 
 6.85353885e-09  1.16709064e+00 
 6.85553885e-09  1.16228513e+00 
 6.85753885e-09  1.15720613e+00 
 6.85953885e-09  1.15183651e+00 
 6.86153885e-09  1.14612187e+00 
 6.86353885e-09  1.14003713e+00 
 6.86553885e-09  1.13358680e+00 
 6.86753885e-09  1.12673755e+00 
 6.86953885e-09  1.11945086e+00 
 6.87153885e-09  1.11168160e+00 
 6.87353885e-09  1.10337732e+00 
 6.87553885e-09  1.09447700e+00 
 6.87753885e-09  1.08491056e+00 
 6.87953885e-09  1.07459851e+00 
 6.88153885e-09  1.06345320e+00 
 6.88353885e-09  1.05138147e+00 
 6.88553885e-09  1.03829001e+00 
 6.88753885e-09  1.02409302e+00 
 6.88953885e-09  1.00872155e+00 
 6.89153885e-09  9.92132046e-01 
 6.89353885e-09  9.74311159e-01 
 6.89553885e-09  9.55274893e-01 
 6.89753885e-09  9.35062629e-01 
 6.89953885e-09  9.13728674e-01 
 6.90153885e-09  8.91334421e-01 
 6.90353885e-09  8.68022628e-01 
 6.90553885e-09  8.43775761e-01 
 6.90753885e-09  8.18575171e-01 
 6.90953885e-09  7.92592780e-01 
 6.91153885e-09  7.65871644e-01 
 6.91353885e-09  7.38419977e-01 
 6.91553885e-09  7.10288519e-01 
 6.91753885e-09  6.81511143e-01 
 6.91953885e-09  6.52140928e-01 
 6.92153885e-09  6.22243124e-01 
 6.92353885e-09  5.91866176e-01 
 6.92553885e-09  5.61062319e-01 
 6.92753885e-09  5.29885938e-01 
 6.92953885e-09  4.98397825e-01 
 6.93153885e-09  4.66665735e-01 
 6.93353885e-09  4.34769429e-01 
 6.93553885e-09  4.02804272e-01 
 6.93753885e-09  3.70888821e-01 
 6.93953885e-09  3.39172562e-01 
 6.94153885e-09  3.07846580e-01 
 6.94353885e-09  2.77152698e-01 
 6.94553885e-09  2.47388947e-01 
 6.94753885e-09  2.18903283e-01 
 6.94953885e-09  1.92070762e-01 
 6.95153885e-09  1.67252493e-01 
 6.95353885e-09  1.44746011e-01 
 6.95553885e-09  1.24742020e-01 
 6.95753885e-09  1.07301781e-01 
 6.95953885e-09  9.23595354e-02 
 6.96153885e-09  7.97456225e-02 
 6.96353885e-09  6.92204268e-02 
 6.96553885e-09  6.05095845e-02 
 6.96753885e-09  5.33335926e-02 
 6.96953885e-09  4.73903724e-02 
 6.97153885e-09  4.24657246e-02 
 6.97353885e-09  3.84101131e-02 
 6.97553885e-09  3.50414357e-02 
 6.97753885e-09  3.22135235e-02 
 6.97953885e-09  2.98121790e-02 
 6.98153885e-09  2.77544241e-02 
 6.98353885e-09  2.59688372e-02 
 6.98553885e-09  2.43943729e-02 
 6.98753885e-09  2.29933461e-02 
 6.98953885e-09  2.17366612e-02 
 6.99153885e-09  2.06014773e-02 
 6.99353885e-09  1.95699752e-02 
 6.99553885e-09  1.86279210e-02 
 6.99753885e-09  1.77639610e-02 
 6.99953885e-09  1.69687818e-02 
 7.00153885e-09  1.62347388e-02 
 7.00353885e-09  1.55553852e-02 
 7.00553885e-09  1.49252864e-02 
 7.00753885e-09  1.43397579e-02 
 7.00953885e-09  1.37947690e-02 
 7.01153885e-09  1.32867901e-02 
 7.01353885e-09  1.28127339e-02 
 7.01553885e-09  1.23698617e-02 
 7.01753885e-09  1.19557413e-02 
 7.01953885e-09  1.15681884e-02 
 7.02153885e-09  1.12052339e-02 
 7.02353885e-09  1.08650880e-02 
 7.02553885e-09  1.05461141e-02 
 7.02753885e-09  1.02468080e-02 
 7.02953885e-09  9.96577683e-03 
 7.03153885e-09  9.70172849e-03 
 7.03353885e-09  9.45345431e-03 
 7.03553885e-09  9.21982555e-03 
 7.03753885e-09  8.99977892e-03 
 7.03953885e-09  8.79231800e-03 
 7.04153885e-09  8.59650095e-03 
 7.04353885e-09  8.41144508e-03 
 7.04553885e-09  8.23631608e-03 
 7.04753885e-09  8.07033456e-03 
 7.04953885e-09  7.91276607e-03 
 7.05153885e-09  7.76292859e-03 
 7.05353885e-09  7.62018313e-03 
 7.05553885e-09  7.48394172e-03 
 7.05753885e-09  7.35365870e-03 
 7.05953885e-09  7.22883960e-03 
 7.06153885e-09  7.10903418e-03 
 7.06353885e-09  6.99384740e-03 
 7.06553885e-09  6.88293519e-03 
 7.06753885e-09  6.77601835e-03 
 7.06953885e-09  6.67288128e-03 
 7.07153885e-09  6.57338766e-03 
 7.07353885e-09  6.47747887e-03 
 7.07553885e-09  6.38518506e-03 
 7.07753885e-09  6.29661359e-03 
 7.07953885e-09  6.21194289e-03 
 7.08153885e-09  6.13138710e-03 
 7.08353885e-09  6.05516249e-03 
 7.08553885e-09  5.98343064e-03 
 7.08753885e-09  5.91626457e-03 
 7.08953885e-09  5.85363204e-03 
 7.09153885e-09  5.79544453e-03 
 7.09353885e-09  5.74162725e-03 
 7.09553885e-09  5.69218628e-03 
 7.09753885e-09  5.64719495e-03 
 7.09953885e-09  5.60673013e-03 
 7.10153885e-09  5.57077126e-03 
 7.10353885e-09  5.53913500e-03 
 7.10553885e-09  5.51144078e-03 
 7.10753885e-09  5.48713716e-03 
 7.10953885e-09  5.46554620e-03 
 7.11153885e-09  5.44593396e-03 
 7.11353885e-09  5.42756237e-03 
 7.11553885e-09  5.40974021e-03 
 7.11753885e-09  5.39184311e-03 
 7.11953885e-09  5.37333143e-03 
 7.12153885e-09  5.35374291e-03 
 7.12353885e-09  5.33269067e-03 
 7.12553885e-09  5.30984328e-03 
 7.12753885e-09  5.28491529e-03 
 7.12953885e-09  5.25764301e-03 
 7.13153885e-09  5.22777211e-03 
 7.13353885e-09  5.19513732e-03 
 7.13553885e-09  5.15962041e-03 
 7.13753885e-09  5.12062255e-03 
 7.13953885e-09  5.07734951e-03 
 7.14153885e-09  5.02927030e-03 
 7.14353885e-09  4.97583321e-03 
 7.14553885e-09  4.91629584e-03 
 7.14753885e-09  4.84975831e-03 
 7.14953885e-09  4.77527566e-03 
 7.15153885e-09  4.69194770e-03 
 7.15353885e-09  4.59903328e-03 
 7.15553885e-09  4.49603842e-03 
 7.15753885e-09  4.38275123e-03 
 7.15953885e-09  4.25922730e-03 
 7.16153885e-09  4.12571622e-03 
 7.16353885e-09  3.98258379e-03 
 7.16553885e-09  3.83022806e-03 
 7.16753885e-09  3.66903452e-03 
 7.16953885e-09  3.49934416e-03 
 7.17153885e-09  3.32145726e-03 
 7.17353885e-09  3.13563620e-03 
 7.17553885e-09  2.94212637e-03 
 7.17753885e-09  2.74116346e-03 
 7.17953885e-09  2.53298950e-03 
 7.18153885e-09  2.31785211e-03 
 7.18353885e-09  2.09601113e-03 
 7.18553885e-09  1.86773001e-03 
 7.18753885e-09  1.63327609e-03 
 7.18953885e-09  1.39290803e-03 
 7.19153885e-09  1.14687368e-03 
 7.19353885e-09  8.95396929e-04 
 7.19553885e-09  6.38675906e-04 
 7.19753885e-09  3.76871256e-04 
 7.19953885e-09  1.10106148e-04 
 7.20153885e-09 -1.61542897e-04 
 7.20353885e-09 -4.38043105e-04 
 7.20553885e-09 -7.19410685e-04 
 7.20753885e-09 -1.00570319e-03 
 7.20953885e-09 -1.29701873e-03 
 7.21153885e-09 -1.59348038e-03 
 7.21353885e-09 -1.89522471e-03 
 7.21553885e-09 -2.20237275e-03 
 7.21753885e-09 -2.51500186e-03 
 7.21953885e-09 -2.83309829e-03 
 7.22153885e-09 -3.15651113e-03 
 7.22353885e-09 -3.48489291e-03 
 7.22553885e-09 -3.81765512e-03 
 7.22753885e-09 -4.15393340e-03 
 7.22953885e-09 -4.49259751e-03 
 7.23153885e-09 -4.83229969e-03 
 7.23353885e-09 -5.17158064e-03 
 7.23553885e-09 -5.50899841e-03 
 7.23753885e-09 -5.84326805e-03 
 7.23953885e-09 -6.17336154e-03 
 7.24153885e-09 -6.49856552e-03 
 7.24353885e-09 -6.81847754e-03 
 7.24553885e-09 -7.13297240e-03 
 7.24753885e-09 -7.44214043e-03 
 7.24953885e-09 -7.74623209e-03 
 7.25153885e-09 -8.04560149e-03 
 7.25353885e-09 -8.34067014e-03 
 7.25553885e-09 -8.63189322e-03 
 7.25753885e-09 -8.91974383e-03 
 7.25953885e-09 -9.20469525e-03 
 7.26153885e-09 -9.48721666e-03 
 7.26353885e-09 -9.76776357e-03 
 7.26553885e-09 -1.00467793e-02 
 7.26753885e-09 -1.03246895e-02 
 7.26953885e-09 -1.06019071e-02 
 7.27153885e-09 -1.08788285e-02 
 7.27353885e-09 -1.11558393e-02 
 7.27553885e-09 -1.14333094e-02 
 7.27753885e-09 -1.17115955e-02 
 7.27953885e-09 -1.19910308e-02 
 7.28153885e-09 -1.22678810e-02 
 7.28353885e-09 -1.25448413e-02 
 7.28553885e-09 -1.28307464e-02 
 7.28753885e-09 -1.31213227e-02 
 7.28953885e-09 -1.34117314e-02 
 7.29153885e-09 -1.37028178e-02 
 7.29353885e-09 -1.39943839e-02 
 7.29553885e-09 -1.42859635e-02 
 7.29753885e-09 -1.45763486e-02 
 7.29953885e-09 -1.48640397e-02 
 7.30153885e-09 -1.51469094e-02 
 7.30353885e-09 -1.54225317e-02 
 7.30553885e-09 -1.56880074e-02 
 7.30753885e-09 -1.59402422e-02 
 7.30953885e-09 -1.61758827e-02 
 7.31153885e-09 -1.63915323e-02 
 7.31353885e-09 -1.65837238e-02 
 7.31553885e-09 -1.67490529e-02 
 7.31753885e-09 -1.68841419e-02 
 7.31953885e-09 -1.69856972e-02 
 7.32153885e-09 -1.70504577e-02 
 7.32353885e-09 -1.70752013e-02 
 7.32553885e-09 -1.70566884e-02 
 7.32753885e-09 -1.69916420e-02 
 7.32953885e-09 -1.68766948e-02 
 7.33153885e-09 -1.67083588e-02 
 7.33353885e-09 -1.64829790e-02 
 7.33553885e-09 -1.61966989e-02 
 7.33753885e-09 -1.58454202e-02 
 7.33953885e-09 -1.54247651e-02 
 7.34153885e-09 -1.49300387e-02 
 7.34353885e-09 -1.43561876e-02 
 7.34553885e-09 -1.36977606e-02 
 7.34753885e-09 -1.29488610e-02 
 7.34953885e-09 -1.21031021e-02 
 7.35153885e-09 -1.11535498e-02 
 7.35353885e-09 -1.00926683e-02 
 7.35553885e-09 -8.91224883e-03 
 7.35753885e-09 -7.60333919e-03 
 7.35953885e-09 -6.15615305e-03 
 7.36153885e-09 -4.55997538e-03 
 7.36353885e-09 -2.80304204e-03 
 7.36553885e-09 -8.72409521e-04 
 7.36753885e-09  1.24621035e-03 
 7.36953885e-09  3.56867405e-03 
 7.37153885e-09  6.11268824e-03 
 7.37353885e-09  8.89810348e-03 
 7.37553885e-09  1.19473139e-02 
 7.37753885e-09  1.52857485e-02 
 7.37953885e-09  1.89424938e-02 
 7.38153885e-09  2.29510621e-02 
 7.38353885e-09  2.73503557e-02 
 7.38553885e-09  3.21858391e-02 
 7.38753885e-09  3.75109589e-02 
 7.38953885e-09  4.33887761e-02 
 7.39153885e-09  4.98937394e-02 
 7.39353885e-09  5.71133379e-02 
 7.39553885e-09  6.51491448e-02 
 7.39753885e-09  7.41163165e-02 
 7.39953885e-09  8.41401837e-02 
 7.40153885e-09  9.53483553e-02 
 7.40353885e-09  1.07857679e-01 
 7.40553885e-09  1.21758066e-01 
 7.40753885e-09  1.37098909e-01 
 7.40953885e-09  1.53749021e-01 
 7.41153885e-09  1.71797569e-01 
 7.41353885e-09  1.91339740e-01 
 7.41553885e-09  2.12175808e-01 
 7.41753885e-09  2.34233955e-01 
 7.41953885e-09  2.57452888e-01 
 7.42153885e-09  2.81769203e-01 
 7.42353885e-09  3.07128102e-01 
 7.42553885e-09  3.33473928e-01 
 7.42753885e-09  3.60756199e-01 
 7.42953885e-09  3.88923095e-01 
 7.43153885e-09  4.17924864e-01 
 7.43353885e-09  4.47709134e-01 
 7.43553885e-09  4.78222437e-01 
 7.43753885e-09  5.09406376e-01 
 7.43953885e-09  5.41197501e-01 
 7.44153885e-09  5.73523446e-01 
 7.44353885e-09  6.06300966e-01 
 7.44553885e-09  6.39431100e-01 
 7.44753885e-09  6.72795021e-01 
 7.44953885e-09  7.06247854e-01 
 7.45153885e-09  7.39613407e-01 
 7.45353885e-09  7.72679657e-01 
 7.45553885e-09  8.05198902e-01 
 7.45753885e-09  8.36894788e-01 
 7.45953885e-09  8.67478951e-01 
 7.46153885e-09  8.96675416e-01 
 7.46353885e-09  9.24247240e-01 
 7.46553885e-09  9.50017275e-01 
 7.46753885e-09  9.73877522e-01 
 7.46953885e-09  9.95786778e-01 
 7.47153885e-09  1.01576035e+00 
 7.47353885e-09  1.03385685e+00 
 7.47553885e-09  1.05016536e+00 
 7.47753885e-09  1.06479488e+00 
 7.47953885e-09  1.07786593e+00 
 7.48153885e-09  1.08950445e+00 
 7.48353885e-09  1.09983706e+00 
 7.48553885e-09  1.10898782e+00 
 7.48753885e-09  1.11707574e+00 
 7.48953885e-09  1.12421318e+00 
 7.49153885e-09  1.13050479e+00 
 7.49353885e-09  1.13604696e+00 
 7.49553885e-09  1.14092765e+00 
 7.49753885e-09  1.14522649e+00 
 7.49953885e-09  1.14901501e+00 
 7.50153885e-09  1.15235714e+00 
 7.50353885e-09  1.15530968e+00 
 7.50553885e-09  1.15792286e+00 
 7.50753885e-09  1.16024093e+00 
 7.50953885e-09  1.16230271e+00 
 7.51153885e-09  1.16414215e+00 
 7.51353885e-09  1.16578890e+00 
 7.51553885e-09  1.16726874e+00 
 7.51753885e-09  1.16860407e+00 
 7.51953885e-09  1.16981431e+00 
 7.52153885e-09  1.17091627e+00 
 7.52353885e-09  1.17192446e+00 
 7.52553885e-09  1.17285140e+00 
 7.52753885e-09  1.17370786e+00 
 7.52953885e-09  1.17450308e+00 
 7.53153885e-09  1.17524499e+00 
 7.53353885e-09  1.17594036e+00 
 7.53553885e-09  1.17659499e+00 
 7.53753885e-09  1.17721382e+00 
 7.53953885e-09  1.17780107e+00 
 7.54153885e-09  1.17836032e+00 
 7.54353885e-09  1.17889463e+00 
 7.54553885e-09  1.17940665e+00 
 7.54753885e-09  1.17989859e+00 
 7.54953885e-09  1.18037109e+00 
 7.55153885e-09  1.18082579e+00 
 7.55353885e-09  1.18126524e+00 
 7.55553885e-09  1.18169094e+00 
 7.55753885e-09  1.18210414e+00 
 7.55953885e-09  1.18250576e+00 
 7.56153885e-09  1.18289666e+00 
 7.56353885e-09  1.18327750e+00 
 7.56553885e-09  1.18364892e+00 
 7.56753885e-09  1.18401144e+00 
 7.56953885e-09  1.18436553e+00 
 7.57153885e-09  1.18471156e+00 
 7.57353885e-09  1.18504989e+00 
 7.57553885e-09  1.18538476e+00 
 7.57753885e-09  1.18571534e+00 
 7.57953885e-09  1.18603732e+00 
 7.58153885e-09  1.18635130e+00 
 7.58353885e-09  1.18665747e+00 
 7.58553885e-09  1.18695599e+00 
 7.58753885e-09  1.18724680e+00 
 7.58953885e-09  1.18752986e+00 
 7.59153885e-09  1.18780498e+00 
 7.59353885e-09  1.18807196e+00 
 7.59553885e-09  1.18833051e+00 
 7.59753885e-09  1.18858034e+00 
 7.59953885e-09  1.18882111e+00 
 7.60153885e-09  1.18905253e+00 
 7.60353885e-09  1.18927430e+00 
 7.60553885e-09  1.18948627e+00 
 7.60753885e-09  1.18968841e+00 
 7.60953885e-09  1.18988091e+00 
 7.61153885e-09  1.19006423e+00 
 7.61353885e-09  1.19023913e+00 
 7.61553885e-09  1.19040664e+00 
 7.61753885e-09  1.19056801e+00 
 7.61953885e-09  1.19072454e+00 
 7.62153885e-09  1.19087747e+00 
 7.62353885e-09  1.19102788e+00 
 7.62553885e-09  1.19117663e+00 
 7.62753885e-09  1.19132434e+00 
 7.62953885e-09  1.19147141e+00 
 7.63153885e-09  1.19161808e+00 
 7.63353885e-09  1.19176446e+00 
 7.63553885e-09  1.19191056e+00 
 7.63753885e-09  1.19205634e+00 
 7.63953885e-09  1.19220172e+00 
 7.64153885e-09  1.19234661e+00 
 7.64353885e-09  1.19249092e+00 
 7.64553885e-09  1.19263231e+00 
 7.64753885e-09  1.19277118e+00 
 7.64953885e-09  1.19291187e+00 
 7.65153885e-09  1.19305445e+00 
 7.65353885e-09  1.19319708e+00 
 7.65553885e-09  1.19333972e+00 
 7.65753885e-09  1.19348273e+00 
 7.65953885e-09  1.19362667e+00 
 7.66153885e-09  1.19377234e+00 
 7.66353885e-09  1.19392065e+00 
 7.66553885e-09  1.19407263e+00 
 7.66753885e-09  1.19422929e+00 
 7.66953885e-09  1.19439166e+00 
 7.67153885e-09  1.19456070e+00 
 7.67353885e-09  1.19473728e+00 
 7.67553885e-09  1.19492221e+00 
 7.67753885e-09  1.19511619e+00 
 7.67953885e-09  1.19531984e+00 
 7.68153885e-09  1.19553371e+00 
 7.68353885e-09  1.19575827e+00 
 7.68553885e-09  1.19599392e+00 
 7.68753885e-09  1.19624102e+00 
 7.68953885e-09  1.19649985e+00 
 7.69153885e-09  1.19677068e+00 
 7.69353885e-09  1.19705375e+00 
 7.69553885e-09  1.19734928e+00 
 7.69753885e-09  1.19765749e+00 
 7.69953885e-09  1.19797861e+00 
 7.70153885e-09  1.19831290e+00 
 7.70353885e-09  1.19866066e+00 
 7.70553885e-09  1.19902221e+00 
 7.70753885e-09  1.19939797e+00 
 7.70953885e-09  1.19978839e+00 
 7.71153885e-09  1.20019399e+00 
 7.71353885e-09  1.20061536e+00 
 7.71553885e-09  1.20105313e+00 
 7.71753885e-09  1.20150798e+00 
 7.71953885e-09  1.20198059e+00 
 7.72153885e-09  1.20247167e+00 
 7.72353885e-09  1.20298185e+00 
 7.72553885e-09  1.20351176e+00 
 7.72753885e-09  1.20406188e+00 
 7.72953885e-09  1.20463260e+00 
 7.73153885e-09  1.20522408e+00 
 7.73353885e-09  1.20583620e+00 
 7.73553885e-09  1.20646837e+00 
 7.73753885e-09  1.20711929e+00 
 7.73953885e-09  1.20778678e+00 
 7.74153885e-09  1.20846751e+00 
 7.74353885e-09  1.20915716e+00 
 7.74553885e-09  1.20985071e+00 
 7.74753885e-09  1.21054313e+00 
 7.74953885e-09  1.21122994e+00 
 7.75153885e-09  1.21190772e+00 
 7.75353885e-09  1.21257423e+00 
 7.75553885e-09  1.21322827e+00 
 7.75753885e-09  1.21386949e+00 
 7.75953885e-09  1.21449811e+00 
 7.76153885e-09  1.21511465e+00 
 7.76353885e-09  1.21571978e+00 
 7.76553885e-09  1.21631418e+00 
 7.76753885e-09  1.21689851e+00 
 7.76953885e-09  1.21747332e+00 
 7.77153885e-09  1.21803906e+00 
 7.77353885e-09  1.21859607e+00 
 7.77553885e-09  1.21914460e+00 
 7.77753885e-09  1.21968482e+00 
 7.77953885e-09  1.22021684e+00 
 7.78153885e-09  1.22074071e+00 
 7.78353885e-09  1.22125643e+00 
 7.78553885e-09  1.22176401e+00 
 7.78753885e-09  1.22226339e+00 
 7.78953885e-09  1.22275456e+00 
 7.79153885e-09  1.22323745e+00 
 7.79353885e-09  1.22371203e+00 
 7.79553885e-09  1.22417825e+00 
 7.79753885e-09  1.22463605e+00 
 7.79953885e-09  1.22508538e+00 
 7.80153885e-09  1.22552615e+00 
 7.80353885e-09  1.22595786e+00 
 7.80553885e-09  1.22638064e+00 
 7.80753885e-09  1.22679499e+00 
 7.80953885e-09  1.22720055e+00 
 7.81153885e-09  1.22759682e+00 
 7.81353885e-09  1.22798317e+00 
 7.81553885e-09  1.22835886e+00 
 7.81753885e-09  1.22872293e+00 
 7.81953885e-09  1.22907418e+00 
 7.82153885e-09  1.22941112e+00 
 7.82353885e-09  1.22973191e+00 
 7.82553885e-09  1.23003263e+00 
 7.82753885e-09  1.23031051e+00 
 7.82953885e-09  1.23056398e+00 
 7.83153885e-09  1.23078944e+00 
 7.83353885e-09  1.23098283e+00 
 7.83553885e-09  1.23113973e+00 
 7.83753885e-09  1.23125535e+00 
 7.83953885e-09  1.23132474e+00 
 7.84153885e-09  1.23134281e+00 
 7.84353885e-09  1.23130453e+00 
 7.84553885e-09  1.23120502e+00 
 7.84753885e-09  1.23103962e+00 
 7.84953885e-09  1.23080399e+00 
 7.85153885e-09  1.23049406e+00 
 7.85353885e-09  1.23010610e+00 
 7.85553885e-09  1.22963662e+00 
 7.85753885e-09  1.22908229e+00 
 7.85953885e-09  1.22843992e+00 
 7.86153885e-09  1.22770639e+00 
 7.86353885e-09  1.22687852e+00 
 7.86553885e-09  1.22595311e+00 
 7.86753885e-09  1.22492681e+00 
 7.86953885e-09  1.22379617e+00 
 7.87153885e-09  1.22255756e+00 
 7.87353885e-09  1.22120717e+00 
 7.87553885e-09  1.21974099e+00 
 7.87753885e-09  1.21815485e+00 
 7.87953885e-09  1.21644434e+00 
 7.88153885e-09  1.21460484e+00 
 7.88353885e-09  1.21263153e+00 
 7.88553885e-09  1.21051933e+00 
 7.88753885e-09  1.20826291e+00 
 7.88953885e-09  1.20585665e+00 
 7.89153885e-09  1.20329467e+00 
 7.89353885e-09  1.20057069e+00 
 7.89553885e-09  1.19767810e+00 
 7.89753885e-09  1.19460989e+00 
 7.89953885e-09  1.19135854e+00 
 7.90153885e-09  1.18791600e+00 
 7.90353885e-09  1.18427351e+00 
 7.90553885e-09  1.18043791e+00 
 7.90753885e-09  1.17639790e+00 
 7.90953885e-09  1.17212575e+00 
 7.91153885e-09  1.16760984e+00 
 7.91353885e-09  1.16283685e+00 
 7.91553885e-09  1.15779198e+00 
 7.91753885e-09  1.15245829e+00 
 7.91953885e-09  1.14678233e+00 
 7.92153885e-09  1.14073947e+00 
 7.92353885e-09  1.13433430e+00 
 7.92553885e-09  1.12753407e+00 
 7.92753885e-09  1.12030100e+00 
 7.92953885e-09  1.11259072e+00 
 7.93153885e-09  1.10435176e+00 
 7.93353885e-09  1.09552411e+00 
 7.93553885e-09  1.08603880e+00 
 7.93753885e-09  1.07581738e+00 
 7.93953885e-09  1.06477308e+00 
 7.94153885e-09  1.05281315e+00 
 7.94353885e-09  1.03984397e+00 
 7.94553885e-09  1.02577842e+00 
 7.94753885e-09  1.01054517e+00 
 7.94953885e-09  9.94097384e-01 
 7.95153885e-09  9.76418202e-01 
 7.95353885e-09  9.57520471e-01 
 7.95553885e-09  9.37441296e-01 
 7.95753885e-09  9.16233694e-01 
 7.95953885e-09  8.93958579e-01 
 7.96153885e-09  8.70678858e-01 
 7.96353885e-09  8.46456088e-01 
 7.96553885e-09  8.21349023e-01 
 7.96753885e-09  7.95454668e-01 
 7.96953885e-09  7.68817706e-01 
 7.97153885e-09  7.41444026e-01 
 7.97353885e-09  7.13385670e-01 
 7.97553885e-09  6.84675227e-01 
 7.97753885e-09  6.55366553e-01 
 7.97953885e-09  6.25524797e-01 
 7.98153885e-09  5.95198681e-01 
 7.98353885e-09  5.64439755e-01 
 7.98553885e-09  5.33302229e-01 
 7.98753885e-09  5.01845956e-01 
 7.98953885e-09  4.70137870e-01 
 7.99153885e-09  4.38256126e-01 
 7.99353885e-09  4.06294151e-01 
 7.99553885e-09  3.74367530e-01 
 7.99753885e-09  3.42621924e-01 
 7.99953885e-09  3.11243329e-01 
 8.00153885e-09  2.80467653e-01 
 8.00353885e-09  2.50586778e-01 
 8.00553885e-09  2.21943979e-01 
 8.00753885e-09  1.94913028e-01 
 8.00953885e-09  1.69858936e-01 
 8.01153885e-09  1.47088538e-01 
 8.01353885e-09  1.26805778e-01 
 8.01553885e-09  1.09086400e-01 
 8.01753885e-09  9.38777261e-02 
 8.01953885e-09  8.10199308e-02 
 8.02153885e-09  7.02793035e-02 
 8.02353885e-09  6.13837187e-02 
 8.02553885e-09  5.40530585e-02 
 8.02753885e-09  4.79812998e-02 
 8.02953885e-09  4.29515682e-02 
 8.03153885e-09  3.88125593e-02 
 8.03353885e-09  3.53780071e-02 
 8.03553885e-09  3.24980888e-02 
 8.03753885e-09  3.00637096e-02 
 8.03953885e-09  2.79790292e-02 
 8.04153885e-09  2.61624871e-02 
 8.04353885e-09  2.45633057e-02 
 8.04553885e-09  2.31425718e-02 
 8.04753885e-09  2.18697092e-02 
 8.04953885e-09  2.07212259e-02 
 8.05153885e-09  1.96784610e-02 
 8.05353885e-09  1.87268537e-02 
 8.05553885e-09  1.78545755e-02 
 8.05753885e-09  1.70521527e-02 
 8.05953885e-09  1.63116686e-02 
 8.06153885e-09  1.56265944e-02 
 8.06353885e-09  1.49913331e-02 
 8.06553885e-09  1.44011536e-02 
 8.06753885e-09  1.38519236e-02 
 8.06953885e-09  1.33400828e-02 
 8.07153885e-09  1.28624781e-02 
 8.07353885e-09  1.24163488e-02 
 8.07553885e-09  1.19992193e-02 
 8.07753885e-09  1.16088884e-02 
 8.07953885e-09  1.12433582e-02 
 8.08153885e-09  1.09008254e-02 
 8.08353885e-09  1.05796342e-02 
 8.08553885e-09  1.02782692e-02 
 8.08753885e-09  9.99532460e-03 
 8.08953885e-09  9.72949870e-03 
 8.09153885e-09  9.47957410e-03 
 8.09353885e-09  9.24441342e-03 
 8.09553885e-09  9.02294728e-03 
 8.09753885e-09  8.81417125e-03 
 8.09953885e-09  8.61713897e-03 
 8.10153885e-09  8.43096008e-03 
 8.10353885e-09  8.25479666e-03 
 8.10553885e-09  8.08786181e-03 
 8.10753885e-09  7.92941799e-03 
 8.10953885e-09  7.77877577e-03 
 8.11153885e-09  7.63529336e-03 
 8.11353885e-09  7.49837541e-03 
 8.11553885e-09  7.36747354e-03 
 8.11753885e-09  7.24208580e-03 
 8.11953885e-09  7.12175892e-03 
 8.12153885e-09  7.00608978e-03 
 8.12353885e-09  6.89473043e-03 
 8.12553885e-09  6.78739234e-03 
 8.12753885e-09  6.68385453e-03 
 8.12953885e-09  6.58396973e-03 
 8.13153885e-09  6.48767248e-03 
 8.13353885e-09  6.39498137e-03 
 8.13553885e-09  6.30599768e-03 
 8.13753885e-09  6.22089128e-03 
 8.13953885e-09  6.13987613e-03 
 8.14153885e-09  6.06316888e-03 
 8.14353885e-09  5.99094142e-03 
 8.14553885e-09  5.92327604e-03 
 8.14753885e-09  5.86015291e-03 
 8.14953885e-09  5.80148446e-03 
 8.15153885e-09  5.74719235e-03 
 8.15353885e-09  5.69727085e-03 
 8.15553885e-09  5.65179018e-03 
 8.15753885e-09  5.61082962e-03 
 8.15953885e-09  5.57438529e-03 
 8.16153885e-09  5.54229224e-03 
 8.16353885e-09  5.51419317e-03 
 8.16553885e-09  5.48955164e-03 
 8.16753885e-09  5.46770227e-03 
 8.16953885e-09  5.44791253e-03 
 8.17153885e-09  5.42944401e-03 
 8.17353885e-09  5.41159703e-03 
 8.17553885e-09  5.39374073e-03 
 8.17753885e-09  5.37532433e-03 
 8.17953885e-09  5.35587899e-03 
 8.18153885e-09  5.33500852e-03 
 8.18353885e-09  5.31237774e-03 
 8.18553885e-09  5.28769537e-03 
 8.18753885e-09  5.26069787e-03 
 8.18953885e-09  5.23112925e-03 
 8.19153885e-09  5.19882674e-03 
 8.19353885e-09  5.16367364e-03 
 8.19553885e-09  5.12508929e-03 
 8.19753885e-09  5.08229097e-03 
 8.19953885e-09  5.03475533e-03 
 8.20153885e-09  4.98194267e-03 
 8.20353885e-09  4.92312640e-03 
 8.20553885e-09  4.85741314e-03 
 8.20753885e-09  4.78386016e-03 
 8.20953885e-09  4.70155399e-03 
 8.21153885e-09  4.60973290e-03 
 8.21353885e-09  4.50787089e-03 
 8.21553885e-09  4.39572653e-03 
 8.21753885e-09  4.27332708e-03 
 8.21953885e-09  4.14090627e-03 
 8.22153885e-09  3.99881986e-03 
 8.22353885e-09  3.84746680e-03 
 8.22553885e-09  3.68723434e-03 
 8.22753885e-09  3.51847027e-03 
 8.22953885e-09  3.34147770e-03 
 8.23153885e-09  3.15652393e-03 
 8.23353885e-09  2.96385415e-03 
 8.23553885e-09  2.76370593e-03 
 8.23753885e-09  2.55631889e-03 
 8.23953885e-09  2.34194131e-03 
 8.24153885e-09  2.12083040e-03 
 8.24353885e-09  1.89325081e-03 
 8.24553885e-09  1.65946842e-03 
 8.24753885e-09  1.41974458e-03 
 8.24953885e-09  1.17432737e-03 
 8.25153885e-09  9.23445047e-04 
 8.25353885e-09  6.67297598e-04 
 8.25553885e-09  4.06051413e-04 
 8.25753885e-09  1.39832727e-04 
 8.25953885e-09 -1.31275333e-04 
 8.26153885e-09 -4.07236390e-04 
 8.26353885e-09 -6.88060029e-04 
 8.26553885e-09 -9.73800721e-04 
 8.26753885e-09 -1.26455125e-03 
 8.26953885e-09 -1.56043387e-03 
 8.27153885e-09 -1.86158350e-03 
 8.27353885e-09 -2.16812556e-03 
 8.27553885e-09 -2.48014299e-03 
 8.27753885e-09 -2.79763576e-03 
 8.27953885e-09 -3.12046966e-03 
 8.28153885e-09 -3.44832285e-03 
 8.28353885e-09 -3.78063436e-03 
 8.28553885e-09 -4.11657209e-03 
 8.28753885e-09 -4.45503246e-03 
 8.28953885e-09 -4.79468877e-03 
 8.29153885e-09 -5.13408671e-03 
 8.29353885e-09 -5.47177659e-03 
 8.29553885e-09 -5.80644898e-03 
 8.29753885e-09 -6.13704482e-03 
 8.29953885e-09 -6.46281386e-03 
 8.30153885e-09 -6.78332160e-03 
 8.30353885e-09 -7.09841367e-03 
 8.30553885e-09 -7.40816060e-03 
 8.30753885e-09 -7.71279681e-03 
 8.30953885e-09 -8.01266822e-03 
 8.31153885e-09 -8.30818941e-03 
 8.31353885e-09 -8.59981407e-03 
 8.31553885e-09 -8.88801300e-03 
 8.31753885e-09 -9.17326103e-03 
 8.31953885e-09 -9.45602703e-03 
 8.32153885e-09 -9.73676927e-03 
 8.32353885e-09 -1.00159314e-02 
 8.32553885e-09 -1.02939422e-02 
 8.32753885e-09 -1.05712148e-02 
 8.32953885e-09 -1.08481485e-02 
 8.33153885e-09 -1.11251290e-02 
 8.33353885e-09 -1.14025290e-02 
 8.33553885e-09 -1.16807058e-02 
 8.33753885e-09 -1.19599969e-02 
 8.33953885e-09 -1.22366959e-02 
 8.34153885e-09 -1.25134900e-02 
 8.34353885e-09 -1.27991643e-02 
 8.34553885e-09 -1.30894913e-02 
 8.34753885e-09 -1.33796781e-02 
 8.34953885e-09 -1.36705910e-02 
 8.35153885e-09 -1.39620630e-02 
 8.35353885e-09 -1.42536646e-02 
 8.35553885e-09 -1.45442318e-02 
 8.35753885e-09 -1.48323122e-02 
 8.35953885e-09 -1.51158255e-02 
 8.36153885e-09 -1.53923891e-02 
 8.36353885e-09 -1.56591392e-02 
 8.36553885e-09 -1.59130085e-02 
 8.36753885e-09 -1.61506586e-02 
 8.36953885e-09 -1.63687009e-02 
 8.37153885e-09 -1.65636669e-02 
 8.37353885e-09 -1.67321486e-02 
 8.37553885e-09 -1.68707601e-02 
 8.37753885e-09 -1.69762026e-02 
 8.37953885e-09 -1.70452090e-02 
 8.38153885e-09 -1.70745575e-02 
 8.38353885e-09 -1.70610095e-02 
 8.38553885e-09 -1.70012965e-02 
 8.38753885e-09 -1.68920610e-02 
 8.38953885e-09 -1.67298324e-02 
 8.39153885e-09 -1.65109743e-02 
 8.39353885e-09 -1.62316562e-02 
 8.39553885e-09 -1.58878069e-02 
 8.39753885e-09 -1.54750832e-02 
 8.39953885e-09 -1.49888257e-02 
 8.40153885e-09 -1.44240244e-02 
 8.40353885e-09 -1.37752729e-02 
 8.40553885e-09 -1.30367279e-02 
 8.40753885e-09 -1.22020580e-02 
 8.40953885e-09 -1.12643942e-02 
 8.41153885e-09 -1.02162693e-02 
 8.41353885e-09 -9.04955412e-03 
 8.41553885e-09 -7.75538171e-03 
 8.41753885e-09 -6.32406444e-03 
 8.41953885e-09 -4.74499439e-03 
 8.42153885e-09 -3.00653163e-03 
 8.42353885e-09 -1.09586962e-03 
 8.42553885e-09  1.00111976e-03 
 8.42753885e-09  3.30010613e-03 
 8.42953885e-09  5.81857590e-03 
 8.43153885e-09  8.57612541e-03 
 8.43353885e-09  1.15948421e-02 
 8.43553885e-09  1.48997916e-02 
 8.43753885e-09  1.85196173e-02 
 8.43953885e-09  2.24872981e-02 
 8.44153885e-09  2.68410821e-02 
 8.44353885e-09  3.16256410e-02 
 8.44553885e-09  3.68934562e-02 
 8.44753885e-09  4.27064361e-02 
 8.44953885e-09  4.91376759e-02 
 8.45153885e-09  5.62731493e-02 
 8.45353885e-09  6.42128497e-02 
 8.45553885e-09  7.30705276e-02 
 8.45753885e-09  8.29706780e-02 
 8.45953885e-09  9.40412122e-02 
 8.46153885e-09  1.06400950e-01 
 8.46353885e-09  1.20143577e-01 
 8.46553885e-09  1.35323410e-01 
 8.46753885e-09  1.51810676e-01 
 8.46953885e-09  1.69701060e-01 
 8.47153885e-09  1.89095517e-01 
 8.47353885e-09  2.09791485e-01 
 8.47553885e-09  2.31716884e-01 
 8.47753885e-09  2.54810111e-01 
 8.47953885e-09  2.79007238e-01 
 8.48153885e-09  3.04253142e-01 
 8.48353885e-09  3.30491827e-01 
 8.48553885e-09  3.57672665e-01 
 8.48753885e-09  3.85743730e-01 
 8.48953885e-09  4.14655337e-01 
 8.49153885e-09  4.44355271e-01 
 8.49353885e-09  4.74790417e-01 
 8.49553885e-09  5.05902887e-01 
 8.49753885e-09  5.37630005e-01 
 8.49953885e-09  5.69900456e-01 
 8.50153885e-09  6.02632446e-01 
 8.50353885e-09  6.35728939e-01 
 8.50553885e-09  6.69073623e-01 
 8.50753885e-09  7.02524784e-01 
 8.50953885e-09  7.35909990e-01 
 8.51153885e-09  7.69021296e-01 
 8.51353885e-09  8.01614784e-01 
 8.51553885e-09  8.33416639e-01 
 8.51753885e-09  8.64138735e-01 
 8.51953885e-09  8.93502372e-01 
 8.52153885e-09  9.21265063e-01 
 8.52353885e-09  9.47242312e-01 
 8.52553885e-09  9.71318347e-01 
 8.52753885e-09  9.93444941e-01 
 8.52953885e-09  1.01363175e+00 
 8.53153885e-09  1.03193323e+00 
 8.53353885e-09  1.04843564e+00 
 8.53553885e-09  1.06324622e+00 
 8.53753885e-09  1.07648455e+00 
 8.53953885e-09  1.08827621e+00 
 8.54153885e-09  1.09874796e+00 
 8.54353885e-09  1.10802426e+00 
 8.54553885e-09  1.11622477e+00 
 8.54753885e-09  1.12346266e+00 
 8.54953885e-09  1.12984347e+00 
 8.55153885e-09  1.13546454e+00 
 8.55353885e-09  1.14041475e+00 
 8.55553885e-09  1.14477465e+00 
 8.55753885e-09  1.14861666e+00 
 8.55953885e-09  1.15200553e+00 
 8.56153885e-09  1.15499882e+00 
 8.56353885e-09  1.15764748e+00 
 8.56553885e-09  1.15999637e+00 
 8.56753885e-09  1.16208490e+00 
 8.56953885e-09  1.16394754e+00 
 8.57153885e-09  1.16561439e+00 
 8.57353885e-09  1.16711163e+00 
 8.57553885e-09  1.16846203e+00 
 8.57753885e-09  1.16968531e+00 
 8.57953885e-09  1.17079856e+00 
 8.58153885e-09  1.17181653e+00 
 8.58353885e-09  1.17275195e+00 
 8.58553885e-09  1.17361577e+00 
 8.58753885e-09  1.17441739e+00 
 8.58953885e-09  1.17516487e+00 
 8.59153885e-09  1.17586512e+00 
 8.59353885e-09  1.17652402e+00 
 8.59553885e-09  1.17714662e+00 
 8.59753885e-09  1.17773719e+00 
 8.59953885e-09  1.17829939e+00 
 8.60153885e-09  1.17883635e+00 
 8.60353885e-09  1.17935072e+00 
 8.60553885e-09  1.17984480e+00 
 8.60753885e-09  1.18031924e+00 
 8.60953885e-09  1.18077574e+00 
 8.61153885e-09  1.18121682e+00 
 8.61353885e-09  1.18164401e+00 
 8.61553885e-09  1.18205859e+00 
 8.61753885e-09  1.18246149e+00 
 8.61953885e-09  1.18285357e+00 
 8.62153885e-09  1.18323552e+00 
 8.62353885e-09  1.18360799e+00 
 8.62553885e-09  1.18397148e+00 
 8.62753885e-09  1.18432651e+00 
 8.62953885e-09  1.18467343e+00 
 8.63153885e-09  1.18501261e+00 
 8.63353885e-09  1.18534829e+00 
 8.63553885e-09  1.18567963e+00 
 8.63753885e-09  1.18600238e+00 
 8.63953885e-09  1.18631713e+00 
 8.64153885e-09  1.18662408e+00 
 8.64353885e-09  1.18692339e+00 
 8.64553885e-09  1.18721501e+00 
 8.64753885e-09  1.18749890e+00 
 8.64953885e-09  1.18777488e+00 
 8.65153885e-09  1.18804275e+00 
 8.65353885e-09  1.18830223e+00 
 8.65553885e-09  1.18855302e+00 
 8.65753885e-09  1.18879480e+00 
 8.65953885e-09  1.18902726e+00 
 8.66153885e-09  1.18925011e+00 
 8.66353885e-09  1.18946317e+00 
 8.66553885e-09  1.18966639e+00 
 8.66753885e-09  1.18985994e+00 
 8.66953885e-09  1.19004424e+00 
 8.67153885e-09  1.19022003e+00 
 8.67353885e-09  1.19038830e+00 
 8.67553885e-09  1.19055029e+00 
 8.67753885e-09  1.19070729e+00 
 8.67953885e-09  1.19086056e+00 
 8.68153885e-09  1.19101121e+00 
 8.68353885e-09  1.19116011e+00 
 8.68553885e-09  1.19130791e+00 
 8.68753885e-09  1.19145504e+00 
 8.68953885e-09  1.19160175e+00 
 8.69153885e-09  1.19174816e+00 
 8.69353885e-09  1.19189429e+00 
 8.69553885e-09  1.19204012e+00 
 8.69753885e-09  1.19218555e+00 
 8.69953885e-09  1.19233050e+00 
 8.70153885e-09  1.19247487e+00 
 8.70353885e-09  1.19261632e+00 
 8.70553885e-09  1.19275523e+00 
 8.70753885e-09  1.19289601e+00 
 8.70953885e-09  1.19303870e+00 
 8.71153885e-09  1.19318137e+00 
 8.71353885e-09  1.19332400e+00 
 8.71553885e-09  1.19346693e+00 
 8.71753885e-09  1.19361070e+00 
 8.71953885e-09  1.19375612e+00 
 8.72153885e-09  1.19390407e+00 
 8.72353885e-09  1.19405557e+00 
 8.72553885e-09  1.19421164e+00 
 8.72753885e-09  1.19437332e+00 
 8.72953885e-09  1.19454155e+00 
 8.73153885e-09  1.19471725e+00 
 8.73353885e-09  1.19490121e+00 
 8.73553885e-09  1.19509415e+00 
 8.73753885e-09  1.19529669e+00 
 8.73953885e-09  1.19550940e+00 
 8.74153885e-09  1.19573275e+00 
 8.74353885e-09  1.19596715e+00 
 8.74553885e-09  1.19621295e+00 
 8.74753885e-09  1.19647046e+00 
 8.74953885e-09  1.19673995e+00 
 8.75153885e-09  1.19702165e+00 
 8.75353885e-09  1.19731579e+00 
 8.75553885e-09  1.19762258e+00 
 8.75753885e-09  1.19794225e+00 
 8.75953885e-09  1.19827507e+00 
 8.76153885e-09  1.19862131e+00 
 8.76353885e-09  1.19898131e+00 
 8.76553885e-09  1.19935547e+00 
 8.76753885e-09  1.19974424e+00 
 8.76953885e-09  1.20014813e+00 
 8.77153885e-09  1.20056772e+00 
 8.77353885e-09  1.20100363e+00 
 8.77553885e-09  1.20145655e+00 
 8.77753885e-09  1.20192716e+00 
 8.77953885e-09  1.20241615e+00 
 8.78153885e-09  1.20292418e+00 
 8.78353885e-09  1.20345186e+00 
 8.78553885e-09  1.20399972e+00 
 8.78753885e-09  1.20456814e+00 
 8.78953885e-09  1.20515731e+00 
 8.79153885e-09  1.20576716e+00 
 8.79353885e-09  1.20639715e+00 
 8.79553885e-09  1.20704608e+00 
 8.79753885e-09  1.20771186e+00 
 8.79953885e-09  1.20839132e+00 
 8.80153885e-09  1.20908022e+00 
 8.80353885e-09  1.20977360e+00 
 8.80553885e-09  1.21046638e+00 
 8.80753885e-09  1.21115400e+00 
 8.80953885e-09  1.21183292e+00 
 8.81153885e-09  1.21250075e+00 
 8.81353885e-09  1.21315621e+00 
 8.81553885e-09  1.21379886e+00 
 8.81753885e-09  1.21442886e+00 
 8.81953885e-09  1.21504670e+00 
 8.82153885e-09  1.21565306e+00 
 8.82353885e-09  1.21624863e+00 
 8.82553885e-09  1.21683405e+00 
 8.82753885e-09  1.21740990e+00 
 8.82953885e-09  1.21797662e+00 
 8.83153885e-09  1.21853458e+00 
 8.83353885e-09  1.21908405e+00 
 8.83553885e-09  1.21962519e+00 
 8.83753885e-09  1.22015812e+00 
 8.83953885e-09  1.22068289e+00 
 8.84153885e-09  1.22119952e+00 
 8.84353885e-09  1.22170800e+00 
 8.84553885e-09  1.22220830e+00 
 8.84753885e-09  1.22270038e+00 
 8.84953885e-09  1.22318420e+00 
 8.85153885e-09  1.22365970e+00 
 8.85353885e-09  1.22412685e+00 
 8.85553885e-09  1.22458559e+00 
 8.85753885e-09  1.22503586e+00 
 8.85953885e-09  1.22547759e+00 
 8.86153885e-09  1.22591025e+00 
 8.86353885e-09  1.22633400e+00 
 8.86553885e-09  1.22674936e+00 
 8.86753885e-09  1.22715595e+00 
 8.86953885e-09  1.22755330e+00 
 8.87153885e-09  1.22794081e+00 
 8.87353885e-09  1.22831774e+00 
 8.87553885e-09  1.22868316e+00 
 8.87753885e-09  1.22903591e+00 
 8.87953885e-09  1.22937452e+00 
 8.88153885e-09  1.22969721e+00 
 8.88353885e-09  1.23000014e+00 
 8.88553885e-09  1.23028057e+00 
 8.88753885e-09  1.23053696e+00 
 8.88953885e-09  1.23076576e+00 
 8.89153885e-09  1.23096295e+00 
 8.89353885e-09  1.23112415e+00 
 8.89553885e-09  1.23124463e+00 
 8.89753885e-09  1.23131942e+00 
 8.89953885e-09  1.23134346e+00 
 8.90153885e-09  1.23131170e+00 
 8.90353885e-09  1.23121924e+00 
 8.90553885e-09  1.23106140e+00 
 8.90753885e-09  1.23083378e+00 
 8.90953885e-09  1.23053231e+00 
 8.91153885e-09  1.23015321e+00 
 8.91353885e-09  1.22969296e+00 
 8.91553885e-09  1.22914822e+00 
 8.91753885e-09  1.22851580e+00 
 8.91953885e-09  1.22779256e+00 
 8.92153885e-09  1.22697534e+00 
 8.92353885e-09  1.22606094e+00 
 8.92553885e-09  1.22504603e+00 
 8.92753885e-09  1.22392717e+00 
 8.92953885e-09  1.22270075e+00 
 8.93153885e-09  1.22136298e+00 
 8.93353885e-09  1.21990988e+00 
 8.93553885e-09  1.21833729e+00 
 8.93753885e-09  1.21664084e+00 
 8.93953885e-09  1.21481592e+00 
 8.94153885e-09  1.21285773e+00 
 8.94353885e-09  1.21076124e+00 
 8.94553885e-09  1.20852112e+00 
 8.94753885e-09  1.20613182e+00 
 8.94953885e-09  1.20358745e+00 
 8.95153885e-09  1.20088180e+00 
 8.95353885e-09  1.19800830e+00 
 8.95553885e-09  1.19495998e+00 
 8.95753885e-09  1.19172939e+00 
 8.95953885e-09  1.18830852e+00 
 8.96153885e-09  1.18468873e+00 
 8.96353885e-09  1.18087676e+00 
 8.96553885e-09  1.17686143e+00 
 8.96753885e-09  1.17261525e+00 
 8.96953885e-09  1.16812674e+00 
 8.97153885e-09  1.16338275e+00 
 8.97353885e-09  1.15836866e+00 
 8.97553885e-09  1.15306777e+00 
 8.97753885e-09  1.14742740e+00 
 8.97953885e-09  1.14142337e+00 
 8.98153885e-09  1.13506032e+00 
 8.98353885e-09  1.12830600e+00 
 8.98553885e-09  1.12112330e+00 
 8.98753885e-09  1.11346861e+00 
 8.98953885e-09  1.10529132e+00 
 8.99153885e-09  1.09653240e+00 
 8.99353885e-09  1.08712390e+00 
 8.99553885e-09  1.07698843e+00 
 8.99753885e-09  1.06604005e+00 
 8.99953885e-09  1.05418646e+00 
 9.00153885e-09  1.04133385e+00 
 9.00353885e-09  1.02739391e+00 
 9.00553885e-09  1.01229312e+00 
 9.00753885e-09  9.95981571e-01 
 9.00953885e-09  9.78438972e-01 
 9.01153885e-09  9.59675066e-01 
 9.01353885e-09  9.39724657e-01 
 9.01553885e-09  9.18639419e-01 
 9.01753885e-09  8.96479726e-01 
 9.01953885e-09  8.73308473e-01 
 9.02153885e-09  8.49187465e-01 
 9.02353885e-09  8.24175795e-01 
 9.02553885e-09  7.98371823e-01 
 9.02753885e-09  7.71820320e-01 
 9.02953885e-09  7.44526226e-01 
 9.03153885e-09  7.16541838e-01 
 9.03353885e-09  6.87899378e-01 
 9.03553885e-09  6.58652796e-01 
 9.03753885e-09  6.28867763e-01 
 9.03953885e-09  5.98592839e-01 
 9.04153885e-09  5.67879282e-01 
 9.04353885e-09  5.36780857e-01 
 9.04553885e-09  5.05356740e-01 
 9.04753885e-09  4.73672888e-01 
 9.04953885e-09  4.41806041e-01 
 9.05153885e-09  4.09847620e-01 
 9.05353885e-09  3.77910395e-01 
 9.05553885e-09  3.46136198e-01 
 9.05753885e-09  3.14706045e-01 
 9.05953885e-09  2.83849878e-01 
 9.06153885e-09  2.53853338e-01 
 9.06353885e-09  2.25054674e-01 
 9.06553885e-09  1.97825911e-01 
 9.06753885e-09  1.72535402e-01 
 9.06953885e-09  1.49498890e-01 
 9.07153885e-09  1.28933446e-01 
 9.07353885e-09  1.10929532e-01 
 9.07553885e-09  9.54480101e-02 
 9.07753885e-09  8.23394480e-02 
 9.07953885e-09  7.13765562e-02 
 9.08153885e-09  6.22898387e-02 
 9.08353885e-09  5.47988106e-02 
 9.08553885e-09  4.85935257e-02 
 9.08753885e-09  4.34544887e-02 
 9.08953885e-09  3.92286819e-02 
 9.09153885e-09  3.57255620e-02 
 9.09353885e-09  3.27915218e-02 
 9.09553885e-09  3.03145931e-02 
 9.09753885e-09  2.81962351e-02 
 9.09953885e-09  2.63525325e-02 
 9.10153885e-09  2.47312396e-02 
 9.10353885e-09  2.32923049e-02 
 9.10553885e-09  2.20042715e-02 
 9.10753885e-09  2.08429799e-02 
 9.10953885e-09  1.97892615e-02 
 9.11153885e-09  1.88281750e-02 
 9.11353885e-09  1.79476035e-02 
 9.11553885e-09  1.71378569e-02 
 9.11753885e-09  1.63908518e-02 
 9.11953885e-09  1.56999318e-02 
 9.12153885e-09  1.50593985e-02 
 9.12353885e-09  1.44644403e-02 
 9.12553885e-09  1.39108586e-02 
 9.12753885e-09  1.33950395e-02 
 9.12953885e-09  1.29137849e-02 
 9.13153885e-09  1.24642966e-02 
 9.13353885e-09  1.20440678e-02 
 9.13553885e-09  1.16508708e-02 
 9.13753885e-09  1.12826855e-02 
 9.13953885e-09  1.09376897e-02 
 9.14153885e-09  1.06142114e-02 
 9.14353885e-09  1.03107215e-02 
 9.14553885e-09  1.00258022e-02 
 9.14753885e-09  9.75814157e-03 
 9.14953885e-09  9.50651283e-03 
 9.15153885e-09  9.26977061e-03 
 9.15353885e-09  9.04683798e-03 
 9.15553885e-09  8.83670388e-03 
 9.15753885e-09  8.63841543e-03 
 9.15953885e-09  8.45107645e-03 
 9.16153885e-09  8.27384314e-03 
 9.16353885e-09  8.10592319e-03 
 9.16553885e-09  7.94657351e-03 
 9.16753885e-09  7.79509951e-03 
 9.16953885e-09  7.65085405e-03 
 9.17153885e-09  7.51323676e-03 
 9.17353885e-09  7.38169395e-03 
 9.17553885e-09  7.25571858e-03 
 9.17753885e-09  7.13485180e-03 
 9.17953885e-09  7.01868484e-03 
 9.18153885e-09  6.90686332e-03 
 9.18353885e-09  6.79909188e-03 
 9.18553885e-09  6.69514160e-03 
 9.18753885e-09  6.59485676e-03 
 9.18953885e-09  6.49816249e-03 
 9.19153885e-09  6.40506812e-03 
 9.19353885e-09  6.31566608e-03 
 9.19553885e-09  6.23011976e-03 
 9.19753885e-09  6.14863986e-03 
 9.19953885e-09  6.07144517e-03 
 9.20153885e-09  5.99871490e-03 
 9.20353885e-09  5.93054282e-03 
 9.20553885e-09  5.86691961e-03 
 9.20753885e-09  5.80776194e-03 
 9.20953885e-09  5.75298646e-03 
 9.21153885e-09  5.70257793e-03 
 9.21353885e-09  5.65660032e-03 
 9.21553885e-09  5.61513647e-03 
 9.21753885e-09  5.57819609e-03 
 9.21953885e-09  5.54563469e-03 
 9.22153885e-09  5.51711632e-03 
 9.22353885e-09  5.49212254e-03 
 9.22553885e-09  5.46999920e-03 
 9.22753885e-09  5.45001814e-03 
 9.22953885e-09  5.43143897e-03 
 9.23153885e-09  5.41355605e-03 
 9.23353885e-09  5.39572990e-03 
 9.23553885e-09  5.37740073e-03 
 9.23753885e-09  5.35809081e-03 
 9.23953885e-09  5.33739650e-03 
 9.24153885e-09  5.31497656e-03 
 9.24353885e-09  5.29053571e-03 
 9.24553885e-09  5.26380818e-03 
 9.24753885e-09  5.23453819e-03 
 9.24953885e-09  5.20256343e-03 
 9.25153885e-09  5.16777045e-03 
 9.25353885e-09  5.12959348e-03 
 9.25553885e-09  5.08726327e-03 
 9.25753885e-09  5.04026266e-03 
 9.25953885e-09  4.98806586e-03 
 9.26153885e-09  4.92996035e-03 
 9.26353885e-09  4.86506198e-03 
 9.26553885e-09  4.79242936e-03 
 9.26753885e-09  4.71113898e-03 
 9.26953885e-09  4.62040760e-03 
 9.27153885e-09  4.51967956e-03 
 9.27353885e-09  4.40868160e-03 
 9.27553885e-09  4.28741363e-03 
 9.27753885e-09  4.15609049e-03 
 9.27953885e-09  4.01505872e-03 
 9.28153885e-09  3.86471564e-03 
 9.28353885e-09  3.70545180e-03 
 9.28553885e-09  3.53761985e-03 
 9.28753885e-09  3.36152778e-03 
 9.28953885e-09  3.17744609e-03 
 9.29153885e-09  2.98562181e-03 
 9.29353885e-09  2.78629268e-03 
 9.29553885e-09  2.57969782e-03 
 9.29753885e-09  2.36608434e-03 
 9.29953885e-09  2.14570858e-03 
 9.30153885e-09  1.91883453e-03 
 9.30353885e-09  1.68572831e-03 
 9.30553885e-09  1.44665207e-03 
 9.30753885e-09  1.20185582e-03 
 9.30953885e-09  9.51570343e-04 
 9.31153885e-09  6.95999148e-04 
 9.31353885e-09  4.35312593e-04 
 9.31553885e-09  1.69641657e-04 
 9.31753885e-09 -1.00925640e-04 
 9.31953885e-09 -3.76347616e-04 
 9.32153885e-09 -6.56628861e-04 
 9.32353885e-09 -9.41819009e-04 
 9.32553885e-09 -1.23200703e-03 
 9.32753885e-09 -1.52731254e-03 
 9.32953885e-09 -1.82787006e-03 
 9.33153885e-09 -2.13380746e-03 
 9.33353885e-09 -2.44521431e-03 
 9.33553885e-09 -2.76210209e-03 
 9.33753885e-09 -3.08435424e-03 
 9.33953885e-09 -3.41167237e-03 
 9.34153885e-09 -3.74352421e-03 
 9.34353885e-09 -4.07910848e-03 
 9.34553885e-09 -4.41735038e-03 
 9.34753885e-09 -4.75694403e-03 
 9.34953885e-09 -5.09644331e-03 
 9.35153885e-09 -5.43439099e-03 
 9.35353885e-09 -5.76945597e-03 
 9.35553885e-09 -6.10054738e-03 
 9.35753885e-09 -6.42687948e-03 
 9.35953885e-09 -6.74798380e-03 
 9.36153885e-09 -7.06367741e-03 
 9.36353885e-09 -7.37400886e-03 
 9.36553885e-09 -7.67919719e-03 
 9.36753885e-09 -7.97957818e-03 
 9.36953885e-09 -8.27556054e-03 
 9.37153885e-09 -8.56759477e-03 
 9.37353885e-09 -8.85615060e-03 
 9.37553885e-09 -9.14170289e-03 
 9.37753885e-09 -9.42472156e-03 
 9.37953885e-09 -9.70566619e-03 
 9.38153885e-09 -9.98498221e-03 
 9.38353885e-09 -1.02631000e-02 
 9.38553885e-09 -1.05404344e-02 
 9.38753885e-09 -1.08173862e-02 
 9.38953885e-09 -1.10943426e-02 
 9.39153885e-09 -1.13716778e-02 
 9.39353885e-09 -1.16497510e-02 
 9.39553885e-09 -1.19289022e-02 
 9.39753885e-09 -1.22054537e-02 
 9.39953885e-09 -1.24820831e-02 
 9.40153885e-09 -1.27675291e-02 
 9.40353885e-09 -1.30576072e-02 
 9.40553885e-09 -1.33475705e-02 
 9.40753885e-09 -1.36383043e-02 
 9.40953885e-09 -1.39296732e-02 
 9.41153885e-09 -1.42212825e-02 
 9.41353885e-09 -1.45120131e-02 
 9.41553885e-09 -1.48004583e-02 
 9.41753885e-09 -1.50845863e-02 
 9.41953885e-09 -1.53620577e-02 
 9.42153885e-09 -1.56300461e-02 
 9.42353885e-09 -1.58855111e-02 
 9.42553885e-09 -1.61251320e-02 
 9.42753885e-09 -1.63455277e-02 
 9.42953885e-09 -1.65432303e-02 
 9.43153885e-09 -1.67148272e-02 
 9.43353885e-09 -1.68569260e-02 
 9.43553885e-09 -1.69662209e-02 
 9.43753885e-09 -1.70394402e-02 
 9.43953885e-09 -1.70733602e-02 
 9.44153885e-09 -1.70647445e-02 
 9.44353885e-09 -1.70103311e-02 
 9.44553885e-09 -1.69067734e-02 
 9.44753885e-09 -1.67506162e-02 
 9.44953885e-09 -1.65382428e-02 
 9.45153885e-09 -1.62658467e-02 
 9.45353885e-09 -1.59293849e-02 
 9.45553885e-09 -1.55245468e-02 
 9.45753885e-09 -1.50467097e-02 
 9.45953885e-09 -1.44909049e-02 
 9.46153885e-09 -1.38517721e-02 
 9.46353885e-09 -1.31235188e-02 
 9.46553885e-09 -1.22998706e-02 
 9.46753885e-09 -1.13740209e-02 
 9.46953885e-09 -1.03385722e-02 
 9.47153885e-09 -9.18547247e-03 
 9.47353885e-09 -7.90594077e-03 
 9.47553885e-09 -6.49038531e-03 
 9.47753885e-09 -4.92830588e-03 
 9.47953885e-09 -3.20818349e-03 
 9.48153885e-09 -1.31734866e-03 
 9.48353885e-09  7.58170866e-04 
 9.48553885e-09  3.03385931e-03 
 9.48753885e-09  5.52698782e-03 
 9.48953885e-09  8.25690105e-03 
 9.49153885e-09  1.12453871e-02 
 9.49353885e-09  1.45171531e-02 
 9.49553885e-09  1.81004102e-02 
 9.49753885e-09  2.20276124e-02 
 9.49953885e-09  2.63363687e-02 
 9.50153885e-09  3.10705723e-02 
 9.50353885e-09  3.62817599e-02 
 9.50553885e-09  4.20307054e-02 
 9.50753885e-09  4.83891720e-02 
 9.50953885e-09  5.54416285e-02 
 9.51153885e-09  6.32864864e-02 
 9.51353885e-09  7.20360506e-02 
 9.51553885e-09  8.18138917e-02 
 9.51753885e-09  9.27480657e-02 
 9.51953885e-09  1.04959165e-01 
 9.52153885e-09  1.18544470e-01 
 9.52353885e-09  1.33563159e-01 
 9.52553885e-09  1.49887020e-01 
 9.52753885e-09  1.67618384e-01 
 9.52953885e-09  1.86864087e-01 
 9.53153885e-09  2.07418906e-01 
 9.53353885e-09  2.29210551e-01 
 9.53553885e-09  2.52177128e-01 
 9.53753885e-09  2.76254179e-01 
 9.53953885e-09  3.01386248e-01 
 9.54153885e-09  3.27516989e-01 
 9.54353885e-09  3.54595613e-01 
 9.54553885e-09  3.82570076e-01 
 9.54753885e-09  4.11390747e-01 
 9.54953885e-09  4.41005556e-01 
 9.55153885e-09  4.71361715e-01 
 9.55353885e-09  5.02401830e-01 
 9.55553885e-09  5.34063964e-01 
 9.55753885e-09  5.66277823e-01 
 9.55953885e-09  5.98963016e-01 
 9.56153885e-09  6.32024376e-01 
 9.56353885e-09  6.65348042e-01 
 9.56553885e-09  6.98795389e-01 
 9.56753885e-09  7.32197696e-01 
 9.56953885e-09  7.65351088e-01 
 9.57153885e-09  7.98015513e-01 
 9.57353885e-09  8.29919891e-01 
 9.57553885e-09  8.60776638e-01 
 9.57753885e-09  8.90304661e-01 
 9.57953885e-09  9.18256203e-01 
 9.58153885e-09  9.44439537e-01 
 9.58353885e-09  9.68731094e-01 
 9.58553885e-09  9.91075485e-01 
 9.58753885e-09  1.01147654e+00 
 9.58953885e-09  1.02998438e+00 
 9.59153885e-09  1.04668232e+00 
 9.59353885e-09  1.06167572e+00 
 9.59553885e-09  1.07508315e+00 
 9.59753885e-09  1.08702977e+00 
 9.59953885e-09  1.09764239e+00 
 9.60153885e-09  1.10704590e+00 
 9.60353885e-09  1.11536058e+00 
 9.60553885e-09  1.12270038e+00 
 9.60753885e-09  1.12917174e+00 
 9.60953885e-09  1.13487292e+00 
 9.61153885e-09  1.13989376e+00 
 9.61353885e-09  1.14431572e+00 
 9.61553885e-09  1.14821210e+00 
 9.61753885e-09  1.15164849e+00 
 9.61953885e-09  1.15468323e+00 
 9.62153885e-09  1.15736796e+00 
 9.62353885e-09  1.15974821e+00 
 9.62553885e-09  1.16186396e+00 
 9.62753885e-09  1.16375021e+00 
 9.62953885e-09  1.16543751e+00 
 9.63153885e-09  1.16695247e+00 
 9.63353885e-09  1.16831820e+00 
 9.63553885e-09  1.16955475e+00 
 9.63753885e-09  1.17067950e+00 
 9.63953885e-09  1.17170742e+00 
 9.64153885e-09  1.17265146e+00 
 9.64353885e-09  1.17352276e+00 
 9.64553885e-09  1.17433089e+00 
 9.64753885e-09  1.17508404e+00 
 9.64953885e-09  1.17578925e+00 
 9.65153885e-09  1.17645249e+00 
 9.65353885e-09  1.17707891e+00 
 9.65553885e-09  1.17767285e+00 
 9.65753885e-09  1.17823806e+00 
 9.65953885e-09  1.17877768e+00 
 9.66153885e-09  1.17929446e+00 
 9.66353885e-09  1.17979069e+00 
 9.66553885e-09  1.18026712e+00 
 9.66753885e-09  1.18072542e+00 
 9.66953885e-09  1.18116815e+00 
 9.67153885e-09  1.18159686e+00 
 9.67353885e-09  1.18201283e+00 
 9.67553885e-09  1.18241701e+00 
 9.67753885e-09  1.18281029e+00 
 9.67953885e-09  1.18319335e+00 
 9.68153885e-09  1.18356687e+00 
 9.68353885e-09  1.18393136e+00 
 9.68553885e-09  1.18428732e+00 
 9.68753885e-09  1.18463514e+00 
 9.68953885e-09  1.18497518e+00 
 9.69153885e-09  1.18531166e+00 
 9.69353885e-09  1.18564377e+00 
 9.69553885e-09  1.18596729e+00 
 9.69753885e-09  1.18628282e+00 
 9.69953885e-09  1.18659055e+00 
 9.70153885e-09  1.18689065e+00 
 9.70353885e-09  1.18718307e+00 
 9.70553885e-09  1.18746779e+00 
 9.70753885e-09  1.18774462e+00 
 9.70953885e-09  1.18801339e+00 
 9.71153885e-09  1.18827379e+00 
 9.71353885e-09  1.18852555e+00 
 9.71553885e-09  1.18876834e+00 
 9.71753885e-09  1.18900184e+00 
 9.71953885e-09  1.18922575e+00 
 9.72153885e-09  1.18943990e+00 
 9.72353885e-09  1.18964421e+00 
 9.72553885e-09  1.18983881e+00 
 9.72753885e-09  1.19002411e+00 
 9.72953885e-09  1.19020080e+00 
 9.73153885e-09  1.19036985e+00 
 9.73353885e-09  1.19053247e+00 
 9.73553885e-09  1.19068996e+00 
 9.73753885e-09  1.19084359e+00 
 9.73953885e-09  1.19099448e+00 
 9.74153885e-09  1.19114354e+00 
 9.74353885e-09  1.19129144e+00 
 9.74553885e-09  1.19143863e+00 
 9.74753885e-09  1.19158538e+00 
 9.74953885e-09  1.19173183e+00 
 9.75153885e-09  1.19187800e+00 
 9.75353885e-09  1.19202386e+00 
 9.75553885e-09  1.19216934e+00 
 9.75753885e-09  1.19231435e+00 
 9.75953885e-09  1.19245880e+00 
 9.76153885e-09  1.19260029e+00 
 9.76353885e-09  1.19273924e+00 
 9.76553885e-09  1.19288013e+00 
 9.76753885e-09  1.19302292e+00 
 9.76953885e-09  1.19316564e+00 
 9.77153885e-09  1.19330826e+00 
 9.77353885e-09  1.19345111e+00 
 9.77553885e-09  1.19359474e+00 
 9.77753885e-09  1.19373991e+00 
 9.77953885e-09  1.19388751e+00 
 9.78153885e-09  1.19403854e+00 
 9.78353885e-09  1.19419404e+00 
 9.78553885e-09  1.19435503e+00 
 9.78753885e-09  1.19452248e+00 
 9.78953885e-09  1.19469730e+00 
 9.79153885e-09  1.19488029e+00 
 9.79353885e-09  1.19507219e+00 
 9.79553885e-09  1.19527364e+00 
 9.79753885e-09  1.19548519e+00 
 9.79953885e-09  1.19570733e+00 
 9.80153885e-09  1.19594048e+00 
 9.80353885e-09  1.19618500e+00 
 9.80553885e-09  1.19644120e+00 
 9.80753885e-09  1.19670934e+00 
 9.80953885e-09  1.19698967e+00 
 9.81153885e-09  1.19728241e+00 
 9.81353885e-09  1.19758779e+00 
 9.81553885e-09  1.19790602e+00 
 9.81753885e-09  1.19823736e+00 
 9.81953885e-09  1.19858209e+00 
 9.82153885e-09  1.19894055e+00 
 9.82353885e-09  1.19931311e+00 
 9.82553885e-09  1.19970023e+00 
 9.82753885e-09  1.20010241e+00 
 9.82953885e-09  1.20052022e+00 
 9.83153885e-09  1.20095429e+00 
 9.83353885e-09  1.20140528e+00 
 9.83553885e-09  1.20187389e+00 
 9.83753885e-09  1.20236080e+00 
 9.83953885e-09  1.20286669e+00 
 9.84153885e-09  1.20339216e+00 
 9.84353885e-09  1.20393775e+00 
 9.84553885e-09  1.20450387e+00 
 9.84753885e-09  1.20509073e+00 
 9.84953885e-09  1.20569830e+00 
 9.85153885e-09  1.20632609e+00 
 9.85353885e-09  1.20697300e+00 
 9.85553885e-09  1.20763705e+00 
 9.85753885e-09  1.20831518e+00 
 9.85953885e-09  1.20900326e+00 
 9.86153885e-09  1.20969639e+00 
 9.86353885e-09  1.21038948e+00 
 9.86553885e-09  1.21107788e+00 
 9.86753885e-09  1.21175790e+00 
 9.86953885e-09  1.21242705e+00 
 9.87153885e-09  1.21308392e+00 
 9.87353885e-09  1.21372799e+00 
 9.87553885e-09  1.21435938e+00 
 9.87753885e-09  1.21497855e+00 
 9.87953885e-09  1.21558615e+00 
 9.88153885e-09  1.21618288e+00 
 9.88353885e-09  1.21676941e+00 
 9.88553885e-09  1.21734629e+00 
 9.88753885e-09  1.21791401e+00 
 9.88953885e-09  1.21847293e+00 
 9.89153885e-09  1.21902333e+00 
 9.89353885e-09  1.21956539e+00 
 9.89553885e-09  1.22009923e+00 
 9.89753885e-09  1.22062491e+00 
 9.89953885e-09  1.22114245e+00 
 9.90153885e-09  1.22165183e+00 
 9.90353885e-09  1.22215305e+00 
 9.90553885e-09  1.22264604e+00 
 9.90753885e-09  1.22313078e+00 
 9.90953885e-09  1.22360721e+00 
 9.91153885e-09  1.22407529e+00 
 9.91353885e-09  1.22453497e+00 
 9.91553885e-09  1.22498619e+00 
 9.91753885e-09  1.22542887e+00 
 9.91953885e-09  1.22586293e+00 
 9.92153885e-09  1.22628788e+00 
 9.92353885e-09  1.22670382e+00 
 9.92553885e-09  1.22711110e+00 
 9.92753885e-09  1.22750928e+00 
 9.92953885e-09  1.22789775e+00 
 9.93153885e-09  1.22827579e+00 
 9.93353885e-09  1.22864247e+00 
 9.93553885e-09  1.22899665e+00 
 9.93753885e-09  1.22933690e+00 
 9.93953885e-09  1.22966147e+00 
 9.94153885e-09  1.22996818e+00 
 9.94353885e-09  1.23025252e+00 
 9.94553885e-09  1.23051137e+00 
 9.94753885e-09  1.23074312e+00 
 9.94953885e-09  1.23094378e+00 
 9.95153885e-09  1.23110899e+00 
 9.95353885e-09  1.23123405e+00 
 9.95553885e-09  1.23131401e+00 
 9.95753885e-09  1.23134380e+00 
 9.95953885e-09  1.23131837e+00 
 9.96153885e-09  1.23123279e+00 
 9.96353885e-09  1.23108234e+00 
 9.96553885e-09  1.23086260e+00 
 9.96753885e-09  1.23056946e+00 
 9.96953885e-09  1.23019910e+00 
 9.97153885e-09  1.22974797e+00 
 9.97353885e-09  1.22921273e+00 
 9.97553885e-09  1.22859015e+00 
 9.97753885e-09  1.22787711e+00 
 9.97953885e-09  1.22707044e+00 
 9.98153885e-09  1.22616694e+00 
 9.98353885e-09  1.22516332e+00 
 9.98553885e-09  1.22405614e+00 
 9.98753885e-09  1.22284181e+00 
 9.98953885e-09  1.22151655e+00 
 9.99153885e-09  1.22007642e+00 
 9.99353885e-09  1.21851726e+00 
 9.99553885e-09  1.21683473e+00 
 9.99753885e-09  1.21502427e+00 
 9.99953885e-09  1.21308107e+00 
 1.00015389e-08  1.21100014e+00 
 1.00035389e-08  1.20877619e+00 
 1.00055389e-08  1.20640368e+00 
 1.00075389e-08  1.20387677e+00 
 1.00095389e-08  1.20118929e+00 
 1.00115389e-08  1.19833470e+00 
 1.00135389e-08  1.19530608e+00 
 1.00155389e-08  1.19209604e+00 
 1.00175389e-08  1.18869664e+00 
 1.00195389e-08  1.18509931e+00 
 1.00215389e-08  1.18131074e+00 
 1.00235389e-08  1.17731983e+00 
 1.00255389e-08  1.17309935e+00 
 1.00275389e-08  1.16863794e+00 
 1.00295389e-08  1.16392262e+00 
 1.00315389e-08  1.15893895e+00 
 1.00335389e-08  1.15367046e+00 
 1.00355389e-08  1.14806524e+00 
 1.00375389e-08  1.14209952e+00 
 1.00395389e-08  1.13577797e+00 
 1.00415389e-08  1.12906890e+00 
 1.00435389e-08  1.12193579e+00 
 1.00455389e-08  1.11433579e+00 
 1.00475389e-08  1.10621915e+00 
 1.00495389e-08  1.09752779e+00 
 1.00515389e-08  1.08819479e+00 
 1.00535389e-08  1.07814379e+00 
 1.00555389e-08  1.06728972e+00 
 1.00575389e-08  1.05554080e+00 
 1.00595389e-08  1.04280308e+00 
 1.00615389e-08  1.02898723e+00 
 1.00635389e-08  1.01401762e+00 
 1.00655389e-08  9.97841373e-01 
 1.00675389e-08  9.80434799e-01 
 1.00695389e-08  9.61804484e-01 
 1.00715389e-08  9.41982837e-01 
 1.00735389e-08  9.21020094e-01 
 1.00755389e-08  8.98976018e-01 
 1.00775389e-08  8.75913445e-01 
 1.00795389e-08  8.51894410e-01 
 1.00815389e-08  8.26978339e-01 
 1.00835389e-08  8.01264974e-01 
 1.00855389e-08  7.74799169e-01 
 1.00875389e-08  7.47584895e-01 
 1.00895389e-08  7.19674715e-01 
 1.00915389e-08  6.91100489e-01 
 1.00935389e-08  6.61916272e-01 
 1.00955389e-08  6.32188273e-01 
 1.00975389e-08  6.01964903e-01 
 1.00995389e-08  5.71297146e-01 
 1.01015389e-08  5.40238341e-01 
 1.01035389e-08  5.08847021e-01 
 1.01055389e-08  4.77188209e-01 
 1.01075389e-08  4.45337294e-01 
 1.01095389e-08  4.13383773e-01 
 1.01115389e-08  3.81437718e-01 
 1.01135389e-08  3.49637269e-01 
 1.01155389e-08  3.18158617e-01 
 1.01175389e-08  2.87225852e-01 
 1.01195389e-08  2.57118376e-01 
 1.01215389e-08  2.28169211e-01 
 1.01235389e-08  2.00748176e-01 
 1.01255389e-08  1.75226333e-01 
 1.01275389e-08  1.51927709e-01 
 1.01295389e-08  1.31082089e-01 
 1.01315389e-08  1.12794544e-01 
 1.01335389e-08  9.70396592e-02 
 1.01355389e-08  8.36787492e-02 
 1.01375389e-08  7.24913585e-02 
 1.01395389e-08  6.32109949e-02 
 1.01415389e-08  5.55570897e-02 
 1.01435389e-08  4.92159013e-02 
 1.01455389e-08  4.39654377e-02 
 1.01475389e-08  3.96510797e-02 
 1.01495389e-08  3.60779823e-02 
 1.01515389e-08  3.30887085e-02 
 1.01535389e-08  3.05683747e-02 
 1.01555389e-08  2.84156874e-02 
 1.01575389e-08  2.65443238e-02 
 1.01595389e-08  2.49005377e-02 
 1.01615389e-08  2.34431122e-02 
 1.01635389e-08  2.21396884e-02 
 1.01655389e-08  2.09654218e-02 
 1.01675389e-08  1.99006227e-02 
 1.01695389e-08  1.89299589e-02 
 1.01715389e-08  1.80410180e-02 
 1.01735389e-08  1.72238874e-02 
 1.01755389e-08  1.64703135e-02 
 1.01775389e-08  1.57735089e-02 
 1.01795389e-08  1.51276719e-02 
 1.01815389e-08  1.45279086e-02 
 1.01835389e-08  1.39699535e-02 
 1.01855389e-08  1.34501377e-02 
 1.01875389e-08  1.29652177e-02 
 1.01895389e-08  1.25123573e-02 
 1.01915389e-08  1.20890178e-02 
 1.01935389e-08  1.16929449e-02 
 1.01955389e-08  1.13220958e-02 
 1.01975389e-08  1.09746292e-02 
 1.01995389e-08  1.06488569e-02 
 1.02015389e-08  1.03432358e-02 
 1.02035389e-08  1.00563360e-02 
 1.02055389e-08  9.78683503e-03 
 1.02075389e-08  9.53349696e-03 
 1.02095389e-08  9.29516814e-03 
 1.02115389e-08  9.07076424e-03 
 1.02135389e-08  8.85926735e-03 
 1.02155389e-08  8.65971830e-03 
 1.02175389e-08  8.47121484e-03 
 1.02195389e-08  8.29290752e-03 
 1.02215389e-08  8.12399840e-03 
 1.02235389e-08  7.96373908e-03 
 1.02255389e-08  7.81142962e-03 
 1.02275389e-08  7.66641776e-03 
 1.02295389e-08  7.52809790e-03 
 1.02315389e-08  7.39591132e-03 
 1.02335389e-08  7.26934568e-03 
 1.02355389e-08  7.14793683e-03 
 1.02375389e-08  7.03127024e-03 
 1.02395389e-08  6.91898538e-03 
 1.02415389e-08  6.81077998e-03 
 1.02435389e-08  6.70641753e-03 
 1.02455389e-08  6.60573378e-03 
 1.02475389e-08  6.50864475e-03 
 1.02495389e-08  6.41515032e-03 
 1.02515389e-08  6.32533425e-03 
 1.02535389e-08  6.23935290e-03 
 1.02555389e-08  6.15741352e-03 
 1.02575389e-08  6.07973617e-03 
 1.02595389e-08  6.00650700e-03 
 1.02615389e-08  5.93783073e-03 
 1.02635389e-08  5.87370904e-03 
 1.02655389e-08  5.81406359e-03 
 1.02675389e-08  5.75880714e-03 
 1.02695389e-08  5.70791492e-03 
 1.02715389e-08  5.66144412e-03 
 1.02735389e-08  5.61947978e-03 
 1.02755389e-08  5.58204426e-03 
 1.02775389e-08  5.54901278e-03 
 1.02795389e-08  5.52007095e-03 
 1.02815389e-08  5.49471861e-03 
 1.02835389e-08  5.47231375e-03 
 1.02855389e-08  5.45213314e-03 
 1.02875389e-08  5.43343518e-03 
 1.02895389e-08  5.41550848e-03 
 1.02915389e-08  5.39770539e-03 
 1.02935389e-08  5.37945694e-03 
 1.02955389e-08  5.36027668e-03 
 1.02975389e-08  5.33975322e-03 
 1.02995389e-08  5.31753925e-03 
 1.03015389e-08  5.29333517e-03 
 1.03035389e-08  5.26687293e-03 
 1.03055389e-08  5.23789650e-03 
 1.03075389e-08  5.20614291e-03 
 1.03095389e-08  5.17144609e-03 
 1.03115389e-08  5.13347651e-03 
 1.03135389e-08  5.09157412e-03 
 1.03155389e-08  5.04514346e-03 
 1.03175389e-08  4.99361653e-03 
 1.03195389e-08  4.93627365e-03 
 1.03215389e-08  4.87223986e-03 
 1.03235389e-08  4.80056582e-03 
 1.03255389e-08  4.72032857e-03 
 1.03275389e-08  4.63071712e-03 
 1.03295389e-08  4.53115519e-03 
 1.03315389e-08  4.42133246e-03 
 1.03335389e-08  4.30122629e-03 
 1.03355389e-08  4.17102856e-03 
 1.03375389e-08  4.03107857e-03 
 1.03395389e-08  3.88177001e-03 
 1.03415389e-08  3.72349753e-03 
 1.03435389e-08  3.55661854e-03 
 1.03455389e-08  3.38144595e-03 
 1.03475389e-08  3.19825433e-03 
 1.03495389e-08  3.00729209e-03 
 1.03515389e-08  2.80879826e-03 
 1.03535389e-08  2.60301057e-03 
 1.03555389e-08  2.39017611e-03 
 1.03575389e-08  2.17054927e-03 
 1.03595389e-08  1.94439444e-03 
 1.03615389e-08  1.71197684e-03 
 1.03635389e-08  1.47356043e-03 
 1.03655389e-08  1.22939606e-03 
 1.03675389e-08  9.79717914e-04 
 1.03695389e-08  7.24732099e-04 
 1.03715389e-08  4.64613742e-04 
 1.03735389e-08  1.99497764e-04 
 1.03755389e-08 -7.05221877e-05 
 1.03775389e-08 -3.45399774e-04 
 1.03795389e-08 -6.25133895e-04 
 1.03815389e-08 -9.09769838e-04 
 1.03835389e-08 -1.19939207e-03 
 1.03855389e-08 -1.49411783e-03 
 1.03875389e-08 -1.79408051e-03 
 1.03895389e-08 -2.09941044e-03 
 1.03915389e-08 -2.41020292e-03 
 1.03935389e-08 -2.72648075e-03 
 1.03955389e-08 -3.04814396e-03 
 1.03975389e-08 -3.37491741e-03 
 1.03995389e-08 -3.70629684e-03 
 1.04015389e-08 -4.04151211e-03 
 1.04035389e-08 -4.37951756e-03 
 1.04055389e-08 -4.71902962e-03 
 1.04075389e-08 -5.05861172e-03 
 1.04095389e-08 -5.39680115e-03 
 1.04115389e-08 -5.73224619e-03 
 1.04135389e-08 -6.06382514e-03 
 1.04155389e-08 -6.39071653e-03 
 1.04175389e-08 -6.71241757e-03 
 1.04195389e-08 -7.02871578e-03 
 1.04215389e-08 -7.33963703e-03 
 1.04235389e-08 -7.64538406e-03 
 1.04255389e-08 -7.94628214e-03 
 1.04275389e-08 -8.24273346e-03 
 1.04295389e-08 -8.53518522e-03 
 1.04315389e-08 -8.82410571e-03 
 1.04335389e-08 -9.10996991e-03 
 1.04355389e-08 -9.39324848e-03 
 1.04375389e-08 -9.67440250e-03 
 1.04395389e-08 -9.95387895e-03 
 1.04415389e-08 -1.02321100e-02 
 1.04435389e-08 -1.05095121e-02 
 1.04455389e-08 -1.07864877e-02 
 1.04475389e-08 -1.10634253e-02 
 1.04495389e-08 -1.13407007e-02 
 1.04515389e-08 -1.16186749e-02 
 1.04535389e-08 -1.18976904e-02 
 1.04555389e-08 -1.21740969e-02 
 1.04575389e-08 -1.24505630e-02 
 1.04595389e-08 -1.27357820e-02 
 1.04615389e-08 -1.30256116e-02 
 1.04635389e-08 -1.33153489e-02 
 1.04655389e-08 -1.36058981e-02 
 1.04675389e-08 -1.38971545e-02 
 1.04695389e-08 -1.41887579e-02 
 1.04715389e-08 -1.44796334e-02 
 1.04735389e-08 -1.47684202e-02 
 1.04755389e-08 -1.50531352e-02 
 1.04775389e-08 -1.53314829e-02 
 1.04795389e-08 -1.56006755e-02 
 1.04815389e-08 -1.58577007e-02 
 1.04835389e-08 -1.60992567e-02 
 1.04855389e-08 -1.63219709e-02 
 1.04875389e-08 -1.65223767e-02 
 1.04895389e-08 -1.66970575e-02 
 1.04915389e-08 -1.68426141e-02 
 1.04935389e-08 -1.69557340e-02 
 1.04955389e-08 -1.70331404e-02 
 1.04975389e-08 -1.70716074e-02 
 1.04995389e-08 -1.70679003e-02 
 1.05015389e-08 -1.70187632e-02 
 1.05035389e-08 -1.69208600e-02 
 1.05055389e-08 -1.67707502e-02 
 1.05075389e-08 -1.65648365e-02 
 1.05095389e-08 -1.62993361e-02 
 1.05115389e-08 -1.59702338e-02 
 1.05135389e-08 -1.55732511e-02 
 1.05155389e-08 -1.51038019e-02 
 1.05175389e-08 -1.45569583e-02 
 1.05195389e-08 -1.39274054e-02 
 1.05215389e-08 -1.32094018e-02 
 1.05235389e-08 -1.23967289e-02 
 1.05255389e-08 -1.14826426e-02 
 1.05275389e-08 -1.04598141e-02 
 1.05295389e-08 -9.32026811e-03 
 1.05315389e-08 -8.05530883e-03 
 1.05335389e-08 -6.65543968e-03 
 1.05355389e-08 -5.11026684e-03 
 1.05375389e-08 -3.40839135e-03 
 1.05395389e-08 -1.53727908e-03 
 1.05415389e-08  5.16888032e-04 
 1.05435389e-08  2.76941204e-03 
 1.05455389e-08  5.23735126e-03 
 1.05475389e-08  7.93980264e-03 
 1.05495389e-08  1.08982596e-02 
 1.05515389e-08  1.41370770e-02 
 1.05535389e-08  1.76840410e-02 
 1.05555389e-08  2.15710906e-02 
 1.05575389e-08  2.58352076e-02 
 1.05595389e-08  3.05195206e-02 
 1.05615389e-08  3.56746380e-02 
 1.05635389e-08  4.13602180e-02 
 1.05655389e-08  4.76467085e-02 
 1.05675389e-08  5.46170845e-02 
 1.05695389e-08  6.23681705e-02 
 1.05715389e-08  7.10107904e-02 
 1.05735389e-08  8.06675037e-02 
 1.05755389e-08  9.14663623e-02 
 1.05775389e-08  1.03529534e-01 
 1.05795389e-08  1.16957717e-01 
 1.05815389e-08  1.31814876e-01 
 1.05835389e-08  1.47974511e-01 
 1.05855389e-08  1.65545719e-01 
 1.05875389e-08  1.84641341e-01 
 1.05895389e-08  2.05053677e-01 
 1.05915389e-08  2.26710293e-01 
 1.05935389e-08  2.49549018e-01 
 1.05955389e-08  2.73504861e-01 
 1.05975389e-08  2.98522024e-01 
 1.05995389e-08  3.24543798e-01 
 1.06015389e-08  3.51519222e-01 
 1.06035389e-08  3.79396121e-01 
 1.06055389e-08  4.08124905e-01 
 1.06075389e-08  4.37653629e-01 
 1.06095389e-08  4.67929820e-01 
 1.06115389e-08  4.98896554e-01 
 1.06135389e-08  5.30492609e-01 
 1.06155389e-08  5.62648676e-01 
 1.06175389e-08  5.95285729e-01 
 1.06195389e-08  6.28310415e-01 
 1.06215389e-08  6.61611264e-01 
 1.06235389e-08  6.95052679e-01 
 1.06255389e-08  7.28469600e-01 
 1.06275389e-08  7.61662217e-01 
 1.06295389e-08  7.94394422e-01 
 1.06315389e-08  8.26398055e-01 
 1.06335389e-08  8.57386375e-01 
 1.06355389e-08  8.87076230e-01 
 1.06375389e-08  9.15214862e-01 
 1.06395389e-08  9.41603446e-01 
 1.06415389e-08  9.66110581e-01 
 1.06435389e-08  9.88673577e-01 
 1.06455389e-08  1.00929025e+00 
 1.06475389e-08  1.02800622e+00 
 1.06495389e-08  1.04490169e+00 
 1.06515389e-08  1.06008002e+00 
 1.06535389e-08  1.07365868e+00 
 1.06555389e-08  1.08576238e+00 
 1.06575389e-08  1.09651794e+00 
 1.06595389e-08  1.10605059e+00 
 1.06615389e-08  1.11448125e+00 
 1.06635389e-08  1.12192465e+00 
 1.06655389e-08  1.12848809e+00 
 1.06675389e-08  1.13427079e+00 
 1.06695389e-08  1.13936351e+00 
 1.06715389e-08  1.14384865e+00 
 1.06735389e-08  1.14780041e+00 
 1.06755389e-08  1.15128522e+00 
 1.06775389e-08  1.15436218e+00 
 1.06795389e-08  1.15708368e+00 
 1.06815389e-08  1.15949590e+00 
 1.06835389e-08  1.16163940e+00 
 1.06855389e-08  1.16354972e+00 
 1.06875389e-08  1.16525787e+00 
 1.06895389e-08  1.16679089e+00 
 1.06915389e-08  1.16817226e+00 
 1.06935389e-08  1.16942235e+00 
 1.06955389e-08  1.17055881e+00 
 1.06975389e-08  1.17159688e+00 
 1.06995389e-08  1.17254972e+00 
 1.07015389e-08  1.17342865e+00 
 1.07035389e-08  1.17424341e+00 
 1.07055389e-08  1.17500234e+00 
 1.07075389e-08  1.17571259e+00 
 1.07095389e-08  1.17638026e+00 
 1.07115389e-08  1.17701056e+00 
 1.07135389e-08  1.17760794e+00 
 1.07155389e-08  1.17817619e+00 
 1.07175389e-08  1.17871853e+00 
 1.07195389e-08  1.17923774e+00 
 1.07215389e-08  1.17973617e+00 
 1.07235389e-08  1.18021584e+00 
 1.07255389e-08  1.18067708e+00 
 1.07275389e-08  1.18112143e+00 
 1.07295389e-08  1.18155144e+00 
 1.07315389e-08  1.18196848e+00 
 1.07335389e-08  1.18237368e+00 
 1.07355389e-08  1.18276788e+00 
 1.07375389e-08  1.18315186e+00 
 1.07395389e-08  1.18352623e+00 
 1.07415389e-08  1.18389157e+00 
 1.07435389e-08  1.18424833e+00 
 1.07455389e-08  1.18459694e+00 
 1.07475389e-08  1.18493774e+00 
 1.07495389e-08  1.18527495e+00 
 1.07515389e-08  1.18560776e+00 
 1.07535389e-08  1.18593201e+00 
 1.07555389e-08  1.18624827e+00 
 1.07575389e-08  1.18655674e+00 
 1.07595389e-08  1.18685759e+00 
 1.07615389e-08  1.18715080e+00 
 1.07635389e-08  1.18743633e+00 
 1.07655389e-08  1.18771400e+00 
 1.07675389e-08  1.18798364e+00 
 1.07695389e-08  1.18824496e+00 
 1.07715389e-08  1.18849768e+00 
 1.07735389e-08  1.18874147e+00 
 1.07755389e-08  1.18897601e+00 
 1.07775389e-08  1.18920100e+00 
 1.07795389e-08  1.18941624e+00 
 1.07815389e-08  1.18962164e+00 
 1.07835389e-08  1.18981732e+00 
 1.07855389e-08  1.19000363e+00 
 1.07875389e-08  1.19018124e+00 
 1.07895389e-08  1.19035109e+00 
 1.07915389e-08  1.19051437e+00 
 1.07935389e-08  1.19067236e+00 
 1.07955389e-08  1.19082637e+00 
 1.07975389e-08  1.19097751e+00 
 1.07995389e-08  1.19112673e+00 
 1.08015389e-08  1.19127473e+00 
 1.08035389e-08  1.19142198e+00 
 1.08055389e-08  1.19156877e+00 
 1.08075389e-08  1.19171524e+00 
 1.08095389e-08  1.19186144e+00 
 1.08115389e-08  1.19200734e+00 
 1.08135389e-08  1.19215286e+00 
 1.08155389e-08  1.19229793e+00 
 1.08175389e-08  1.19244244e+00 
 1.08195389e-08  1.19258397e+00 
 1.08215389e-08  1.19272296e+00 
 1.08235389e-08  1.19286222e+00 
 1.08255389e-08  1.19300302e+00 
 1.08275389e-08  1.19314574e+00 
 1.08295389e-08  1.19328885e+00 
 1.08315389e-08  1.19343229e+00 
 1.08335389e-08  1.19357645e+00 
 1.08355389e-08  1.19372200e+00 
 1.08375389e-08  1.19386979e+00 
 1.08395389e-08  1.19402082e+00 
 1.08415389e-08  1.19417612e+00 
 1.08435389e-08  1.19433673e+00 
 1.08455389e-08  1.19450364e+00 
 1.08475389e-08  1.19467776e+00 
 1.08495389e-08  1.19485992e+00 
 1.08515389e-08  1.19505088e+00 
 1.08535389e-08  1.19525128e+00 
 1.08555389e-08  1.19546171e+00 
 1.08575389e-08  1.19568265e+00 
 1.08595389e-08  1.19591454e+00 
 1.08615389e-08  1.19615775e+00 
 1.08635389e-08  1.19641259e+00 
 1.08655389e-08  1.19667934e+00 
 1.08675389e-08  1.19695825e+00 
 1.08695389e-08  1.19724954e+00 
 1.08715389e-08  1.19755343e+00 
 1.08735389e-08  1.19787016e+00 
 1.08755389e-08  1.19819996e+00 
 1.08775389e-08  1.19854312e+00 
 1.08795389e-08  1.19889996e+00 
 1.08815389e-08  1.19927086e+00 
 1.08835389e-08  1.19965627e+00 
 1.08855389e-08  1.20005667e+00 
 1.08875389e-08  1.20047265e+00 
 1.08895389e-08  1.20090481e+00 
 1.08915389e-08  1.20135381e+00 
 1.08935389e-08  1.20182036e+00 
 1.08955389e-08  1.20230513e+00 
 1.08975389e-08  1.20280881e+00 
 1.08995389e-08  1.20333200e+00 
 1.09015389e-08  1.20387527e+00 
 1.09035389e-08  1.20443903e+00 
 1.09055389e-08  1.20502352e+00 
 1.09075389e-08  1.20562874e+00 
 1.09095389e-08  1.20625427e+00 
 1.09115389e-08  1.20689908e+00 
 1.09135389e-08  1.20756131e+00 
 1.09155389e-08  1.20823802e+00 
 1.09175389e-08  1.20892521e+00 
 1.09195389e-08  1.20961802e+00 
 1.09215389e-08  1.21031136e+00 
 1.09235389e-08  1.21100048e+00 
 1.09255389e-08  1.21168160e+00 
 1.09275389e-08  1.21235206e+00 
 1.09295389e-08  1.21301036e+00 
 1.09315389e-08  1.21365588e+00 
 1.09335389e-08  1.21428868e+00 
 1.09355389e-08  1.21490919e+00 
 1.09375389e-08  1.21551806e+00 
 1.09395389e-08  1.21611599e+00 
 1.09415389e-08  1.21670363e+00 
 1.09435389e-08  1.21728157e+00 
 1.09455389e-08  1.21785031e+00 
 1.09475389e-08  1.21841021e+00 
 1.09495389e-08  1.21896156e+00 
 1.09515389e-08  1.21950455e+00 
 1.09535389e-08  1.22003931e+00 
 1.09555389e-08  1.22056591e+00 
 1.09575389e-08  1.22108436e+00 
 1.09595389e-08  1.22159467e+00 
 1.09615389e-08  1.22209681e+00 
 1.09635389e-08  1.22259074e+00 
 1.09655389e-08  1.22307641e+00 
 1.09675389e-08  1.22355379e+00 
 1.09695389e-08  1.22402282e+00 
 1.09715389e-08  1.22448345e+00 
 1.09735389e-08  1.22493562e+00 
 1.09755389e-08  1.22537928e+00 
 1.09775389e-08  1.22581432e+00 
 1.09795389e-08  1.22624026e+00 
 1.09815389e-08  1.22665720e+00 
 1.09835389e-08  1.22706553e+00 
 1.09855389e-08  1.22746479e+00 
 1.09875389e-08  1.22785442e+00 
 1.09895389e-08  1.22823370e+00 
 1.09915389e-08  1.22860173e+00 
 1.09935389e-08  1.22895740e+00 
 1.09955389e-08  1.22929932e+00 
 1.09975389e-08  1.22962575e+00 
 1.09995389e-08  1.22993461e+00 
 1.10015389e-08  1.23022144e+00 
 1.10035389e-08  1.23048319e+00 
 1.10055389e-08  1.23071823e+00 
 1.10075389e-08  1.23092266e+00 
 1.10095389e-08  1.23109214e+00 
 1.10115389e-08  1.23122200e+00 
 1.10135389e-08  1.23130733e+00 
 1.10155389e-08  1.23134307e+00 
 1.10175389e-08  1.23132415e+00 
 1.10195389e-08  1.23124561e+00 
 1.10215389e-08  1.23110273e+00 
 1.10235389e-08  1.23089104e+00 
 1.10255389e-08  1.23060640e+00 
 1.10275389e-08  1.23024494e+00 
 1.10295389e-08  1.22980311e+00 
 1.10315389e-08  1.22927753e+00 
 1.10335389e-08  1.22866499e+00 
 1.10355389e-08  1.22796232e+00 
 1.10375389e-08  1.22716639e+00 
 1.10395389e-08  1.22627399e+00 
 1.10415389e-08  1.22528185e+00 
 1.10435389e-08  1.22418654e+00 
 1.10455389e-08  1.22298449e+00 
 1.10475389e-08  1.22167195e+00 
 1.10495389e-08  1.22024500e+00 
 1.10515389e-08  1.21869950e+00 
 1.10535389e-08  1.21703112e+00 
 1.10555389e-08  1.21523534e+00 
 1.10575389e-08  1.21330738e+00 
 1.10595389e-08  1.21124226e+00 
 1.10615389e-08  1.20903472e+00 
 1.10635389e-08  1.20667927e+00 
 1.10655389e-08  1.20417010e+00 
 1.10675389e-08  1.20150107e+00 
 1.10695389e-08  1.19866569e+00 
 1.10715389e-08  1.19565707e+00 
 1.10735389e-08  1.19246790e+00 
 1.10755389e-08  1.18909030e+00 
 1.10775389e-08  1.18551577e+00 
 1.10795389e-08  1.18175094e+00 
 1.10815389e-08  1.17778482e+00 
 1.10835389e-08  1.17359041e+00 
 1.10855389e-08  1.16915648e+00 
 1.10875389e-08  1.16447022e+00 
 1.10895389e-08  1.15951738e+00 
 1.10915389e-08  1.15428171e+00 
 1.10935389e-08  1.14871206e+00 
 1.10955389e-08  1.14278509e+00 
 1.10975389e-08  1.13650550e+00 
 1.10995389e-08  1.12984213e+00 
 1.11015389e-08  1.12275910e+00 
 1.11035389e-08  1.11521429e+00 
 1.11055389e-08  1.10715880e+00 
 1.11075389e-08  1.09853553e+00 
 1.11095389e-08  1.08927862e+00 
 1.11115389e-08  1.07931274e+00 
 1.11135389e-08  1.06855374e+00 
 1.11155389e-08  1.05691043e+00 
 1.11175389e-08  1.04428881e+00 
 1.11195389e-08  1.03059861e+00 
 1.11215389e-08  1.01576219e+00 
 1.11235389e-08  9.99723696e-01 
 1.11255389e-08  9.82456003e-01 
 1.11275389e-08  9.63962409e-01 
 1.11295389e-08  9.44272781e-01 
 1.11315389e-08  9.23435777e-01 
 1.11335389e-08  9.01510458e-01 
 1.11355389e-08  8.78559551e-01 
 1.11375389e-08  8.54645305e-01 
 1.11395389e-08  8.29827479e-01 
 1.11415389e-08  8.04207257e-01 
 1.11435389e-08  7.77829579e-01 
 1.11455389e-08  7.50697398e-01 
 1.11475389e-08  7.22863559e-01 
 1.11495389e-08  6.94377344e-01 
 1.11515389e-08  6.65274892e-01 
 1.11535389e-08  6.35608847e-01 
 1.11555389e-08  6.05442348e-01 
 1.11575389e-08  5.74824743e-01 
 1.11595389e-08  5.43810163e-01 
 1.11615389e-08  5.12455573e-01 
 1.11635389e-08  4.80825827e-01 
 1.11655389e-08  4.48994359e-01 
 1.11675389e-08  4.17049235e-01 
 1.11695389e-08  3.85097425e-01 
 1.11715389e-08  3.53273675e-01 
 1.11735389e-08  3.21749026e-01 
 1.11755389e-08  2.90741780e-01 
 1.11775389e-08  2.60524659e-01 
 1.11795389e-08  2.31425146e-01 
 1.11815389e-08  2.03810169e-01 
 1.11835389e-08  1.78053023e-01 
 1.11855389e-08  1.54485639e-01 
 1.11875389e-08  1.33350662e-01 
 1.11895389e-08  1.14768251e-01 
 1.11915389e-08  9.87275466e-02 
 1.11935389e-08  8.51014625e-02 
 1.11955389e-08  7.36771750e-02 
 1.11975389e-08  6.41917461e-02 
 1.11995389e-08  5.63648715e-02 
 1.12015389e-08  4.98789924e-02 
 1.12035389e-08  4.45096728e-02 
 1.12055389e-08  4.01007532e-02 
 1.12075389e-08  3.64528824e-02 
 1.12095389e-08  3.34045704e-02 
 1.12115389e-08  3.08378496e-02 
 1.12135389e-08  2.86484893e-02 
 1.12155389e-08  2.67475949e-02 
 1.12175389e-08  2.50798141e-02 
 1.12195389e-08  2.36026845e-02 
 1.12215389e-08  2.22828776e-02 
 1.12235389e-08  2.10948160e-02 
 1.12255389e-08  2.00182484e-02 
 1.12275389e-08  1.90374243e-02 
 1.12295389e-08  1.81396117e-02 
 1.12315389e-08  1.73146611e-02 
 1.12335389e-08  1.65541345e-02 
 1.12355389e-08  1.58511058e-02 
 1.12375389e-08  1.51996612e-02 
 1.12395389e-08  1.45948206e-02 
 1.12415389e-08  1.40322454e-02 
 1.12435389e-08  1.35082099e-02 
 1.12455389e-08  1.30194203e-02 
 1.12475389e-08  1.25630015e-02 
 1.12495389e-08  1.21363795e-02 
 1.12515389e-08  1.17372730e-02 
 1.12535389e-08  1.13636138e-02 
 1.12555389e-08  1.10135414e-02 
 1.12575389e-08  1.06853493e-02 
 1.12595389e-08  1.03774804e-02 
 1.12615389e-08  1.00884913e-02 
 1.12635389e-08  9.81704916e-03 
 1.12655389e-08  9.56190738e-03 
 1.12675389e-08  9.32190459e-03 
 1.12695389e-08  9.09594766e-03 
 1.12715389e-08  8.88301244e-03 
 1.12735389e-08  8.68213216e-03 
 1.12755389e-08  8.49239920e-03 
 1.12775389e-08  8.31295718e-03 
 1.12795389e-08  8.14300324e-03 
 1.12815389e-08  7.98178247e-03 
 1.12835389e-08  7.82859024e-03 
 1.12855389e-08  7.68276802e-03 
 1.12875389e-08  7.54370564e-03 
 1.12895389e-08  7.41083823e-03 
 1.12915389e-08  7.28364876e-03 
 1.12935389e-08  7.16166675e-03 
 1.12955389e-08  7.04447243e-03 
 1.12975389e-08  6.93169815e-03 
 1.12995389e-08  6.82303521e-03 
 1.13015389e-08  6.71823847e-03 
 1.13035389e-08  6.61713553e-03 
 1.13055389e-08  6.51963220e-03 
 1.13075389e-08  6.42571912e-03 
 1.13095389e-08  6.33547007e-03 
 1.13115389e-08  6.24903448e-03 
 1.13135389e-08  6.16661482e-03 
 1.13155389e-08  6.08843258e-03 
 1.13175389e-08  6.01467998e-03 
 1.13195389e-08  5.94547370e-03 
 1.13215389e-08  5.88082677e-03 
 1.13235389e-08  5.82066776e-03 
 1.13255389e-08  5.76490570e-03 
 1.13275389e-08  5.71350666e-03 
 1.13295389e-08  5.66651924e-03 
 1.13315389e-08  5.62403008e-03 
 1.13335389e-08  5.58607316e-03 
 1.13355389e-08  5.55254443e-03 
 1.13375389e-08  5.52315178e-03 
 1.13395389e-08  5.49741548e-03 
 1.13415389e-08  5.47470662e-03 
 1.13435389e-08  5.45430852e-03 
 1.13455389e-08  5.43547846e-03 
 1.13475389e-08  5.41749992e-03 
 1.13495389e-08  5.39971629e-03 
 1.13515389e-08  5.38154949e-03 
 1.13535389e-08  5.36250323e-03 
 1.13555389e-08  5.34215833e-03 
 1.13575389e-08  5.32016035e-03 
 1.13595389e-08  5.29620540e-03 
 1.13615389e-08  5.27002227e-03 
 1.13635389e-08  5.24135497e-03 
 1.13655389e-08  5.20994201e-03 
 1.13675389e-08  5.17561802e-03 
 1.13695389e-08  5.13824007e-03 
 1.13715389e-08  5.09711272e-03 
 1.13735389e-08  5.05137133e-03 
 1.13755389e-08  5.00046498e-03 
 1.13775389e-08  4.94377037e-03 
 1.13795389e-08  4.88048230e-03 
 1.13815389e-08  4.80966950e-03 
 1.13835389e-08  4.73040443e-03 
 1.13855389e-08  4.64186160e-03 
 1.13875389e-08  4.54342821e-03 
 1.13895389e-08  4.43476468e-03 
 1.13915389e-08  4.31581173e-03 
 1.13935389e-08  4.18674216e-03 
 1.13955389e-08  4.04787928e-03 
 1.13975389e-08  3.89961502e-03 
 1.13995389e-08  3.74234451e-03 
 1.14015389e-08  3.57643045e-03 
 1.14035389e-08  3.40219035e-03 
 1.14055389e-08  3.21990211e-03 
 1.14075389e-08  3.02981670e-03 
 1.14095389e-08  2.83217277e-03 
 1.14115389e-08  2.62720846e-03 
 1.14135389e-08  2.41516857e-03 
 1.14155389e-08  2.19630759e-03 
 1.14175389e-08  1.97088790e-03 
 1.14195389e-08  1.73917588e-03 
 1.14215389e-08  1.50143500e-03 
 1.14235389e-08  1.25791893e-03 
 1.14255389e-08  1.00886326e-03 
 1.14275389e-08  7.54478528e-04 
 1.14295389e-08  4.94942925e-04 
 1.14315389e-08  2.30397025e-04 
 1.14335389e-08 -3.90613175e-05 
 1.14355389e-08 -3.13379534e-04 
 1.14375389e-08 -5.92551996e-04 
 1.14395389e-08 -8.76618198e-04 
 1.14415389e-08 -1.16565905e-03 
 1.14435389e-08 -1.45978806e-03 
 1.14455389e-08 -1.75913829e-03 
 1.14475389e-08 -2.06384129e-03 
 1.14495389e-08 -2.37399877e-03 
 1.14515389e-08 -2.68964380e-03 
 1.14535389e-08 -3.01069382e-03 
 1.14555389e-08 -3.33689640e-03 
 1.14575389e-08 -3.66777658e-03 
 1.14595389e-08 -4.00259575e-03 
 1.14615389e-08 -4.34033966e-03 
 1.14635389e-08 -4.67974839e-03 
 1.14655389e-08 -5.01939759e-03 
 1.14675389e-08 -5.35782004e-03 
 1.14695389e-08 -5.69364481e-03 
 1.14715389e-08 -6.02571851e-03 
 1.14735389e-08 -6.35318339e-03 
 1.14755389e-08 -6.67550012e-03 
 1.14775389e-08 -6.99242536e-03 
 1.14795389e-08 -7.30396017e-03 
 1.14815389e-08 -7.61029017e-03 
 1.14835389e-08 -7.91172864e-03 
 1.14855389e-08 -8.20867108e-03 
 1.14875389e-08 -8.50156056e-03 
 1.14895389e-08 -8.79086412e-03 
 1.14915389e-08 -9.07705629e-03 
 1.14935389e-08 -9.36060890e-03 
 1.14955389e-08 -9.64198408e-03 
 1.14975389e-08 -9.92163084e-03 
 1.14995389e-08 -1.01999828e-02 
 1.15015389e-08 -1.04774586e-02 
 1.15035389e-08 -1.07544618e-02 
 1.15055389e-08 -1.10313827e-02 
 1.15075389e-08 -1.13085986e-02 
 1.15095389e-08 -1.15864724e-02 
 1.15115389e-08 -1.18653490e-02 
 1.15135389e-08 -1.21416058e-02 
 1.15155389e-08 -1.24179019e-02 
 1.15175389e-08 -1.27028852e-02 
 1.15195389e-08 -1.29924554e-02 
 1.15215389e-08 -1.32819544e-02 
 1.15235389e-08 -1.35723048e-02 
 1.15255389e-08 -1.38634336e-02 
 1.15275389e-08 -1.41550151e-02 
 1.15295389e-08 -1.44460205e-02 
 1.15315389e-08 -1.47351355e-02 
 1.15335389e-08 -1.50204286e-02 
 1.15355389e-08 -1.52996497e-02 
 1.15375389e-08 -1.55700530e-02 
 1.15395389e-08 -1.58286556e-02 
 1.15415389e-08 -1.60721773e-02 
 1.15435389e-08 -1.62972548e-02 
 1.15455389e-08 -1.65004242e-02 
 1.15475389e-08 -1.66782643e-02 
 1.15495389e-08 -1.68273700e-02 
 1.15515389e-08 -1.69444210e-02 
 1.15535389e-08 -1.70261353e-02 
 1.15555389e-08 -1.70692839e-02 
 1.15575389e-08 -1.70706340e-02 
 1.15595389e-08 -1.70269347e-02 
 1.15615389e-08 -1.69348608e-02 
 1.15635389e-08 -1.67909863e-02 
 1.15655389e-08 -1.65917340e-02 
 1.15675389e-08 -1.63333446e-02 
 1.15695389e-08 -1.60118318e-02 
 1.15715389e-08 -1.56229495e-02 
 1.15735389e-08 -1.51621494e-02 
 1.15755389e-08 -1.46245451e-02 
 1.15775389e-08 -1.40048690e-02 
 1.15795389e-08 -1.32974312e-02 
 1.15815389e-08 -1.24960713e-02 
 1.15835389e-08 -1.15941087e-02 
 1.15855389e-08 -1.05842857e-02 
 1.15875389e-08 -9.45870531e-03 
 1.15895389e-08 -8.20875952e-03 
 1.15915389e-08 -6.82504889e-03 
 1.15935389e-08 -5.29728933e-03 
 1.15955389e-08 -3.61420425e-03 
 1.15975389e-08 -1.76339877e-03 
 1.15995389e-08  2.68788029e-04 
 1.16015389e-08  2.49747224e-03 
 1.16035389e-08  4.93949512e-03 
 1.16055389e-08  7.61370044e-03 
 1.16075389e-08  1.05412821e-02 
 1.16095389e-08  1.37462360e-02 
 1.16115389e-08  1.72559168e-02 
 1.16135389e-08  2.11017396e-02 
 1.16155389e-08  2.53200492e-02 
 1.16175389e-08  2.99531977e-02 
 1.16195389e-08  3.50508500e-02 
 1.16215389e-08  4.06715275e-02 
 1.16235389e-08  4.68843357e-02 
 1.16255389e-08  5.37707156e-02 
 1.16275389e-08  6.14258469e-02 
 1.16295389e-08  6.99589860e-02 
 1.16315389e-08  7.94915619e-02 
 1.16335389e-08  9.01514713e-02 
 1.16355389e-08  1.02062309e-01 
 1.16375389e-08  1.15328111e-01 
 1.16395389e-08  1.30017709e-01 
 1.16415389e-08  1.46155635e-01 
 1.16435389e-08  1.63724474e-01 
 1.16455389e-08  1.82676808e-01 
 1.16475389e-08  2.02949664e-01 
 1.16495389e-08  2.24475530e-01 
 1.16515389e-08  2.47188347e-01 
 1.16535389e-08  2.71025740e-01 
 1.16555389e-08  2.95929260e-01 
 1.16575389e-08  3.21843806e-01 
 1.16595389e-08  3.48716760e-01 
 1.16615389e-08  3.76497051e-01 
 1.16635389e-08  4.05134159e-01 
 1.16655389e-08  4.34577035e-01 
 1.16675389e-08  4.64772874e-01 
 1.16695389e-08  4.95665672e-01 
 1.16715389e-08  5.27194470e-01 
 1.16735389e-08  5.59291168e-01 
 1.16755389e-08  5.91877738e-01 
 1.16775389e-08  6.24862681e-01 
 1.16795389e-08  6.58136563e-01 
 1.16815389e-08  6.91566689e-01 
 1.16835389e-08  7.24991301e-01 
 1.16855389e-08  7.58214465e-01 
 1.16875389e-08  7.91003803e-01 
 1.16895389e-08  8.23094112e-01 
 1.16915389e-08  8.54199713e-01 
 1.16935389e-08  8.84035881e-01 
 1.16955389e-08  9.12345465e-01 
 1.16975389e-08  9.38923144e-01 
 1.16995389e-08  9.63630183e-01 
 1.17015389e-08  9.86396915e-01 
 1.17035389e-08  1.00721535e+00 
 1.17055389e-08  1.02612669e+00 
 1.17075389e-08  1.04320806e+00 
 1.17095389e-08  1.05856082e+00 
 1.17115389e-08  1.07230130e+00 
 1.17135389e-08  1.08455367e+00 
 1.17155389e-08  1.09544471e+00 
 1.17175389e-08  1.10509995e+00 
 1.17195389e-08  1.11364083e+00 
 1.17215389e-08  1.12118278e+00 
 1.17235389e-08  1.12783393e+00 
 1.17255389e-08  1.13369433e+00 
 1.17275389e-08  1.13885564e+00 
 1.17295389e-08  1.14340112e+00 
 1.17315389e-08  1.14740581e+00 
 1.17335389e-08  1.15093692e+00 
 1.17355389e-08  1.15405431e+00 
 1.17375389e-08  1.15681102e+00 
 1.17395389e-08  1.15925387e+00 
 1.17415389e-08  1.16142398e+00 
 1.17435389e-08  1.16335739e+00 
 1.17455389e-08  1.16508557e+00 
 1.17475389e-08  1.16663593e+00 
 1.17495389e-08  1.16803232e+00 
 1.17515389e-08  1.16929542e+00 
 1.17535389e-08  1.17044314e+00 
 1.17555389e-08  1.17149096e+00 
 1.17575389e-08  1.17245226e+00 
 1.17595389e-08  1.17333853e+00 
 1.17615389e-08  1.17415966e+00 
 1.17635389e-08  1.17492415e+00 
 1.17655389e-08  1.17563924e+00 
 1.17675389e-08  1.17631116e+00 
 1.17695389e-08  1.17694519e+00 
 1.17715389e-08  1.17754587e+00 
 1.17735389e-08  1.17811704e+00 
 1.17755389e-08  1.17866198e+00 
 1.17775389e-08  1.17918352e+00 
 1.17795389e-08  1.17968404e+00 
 1.17815389e-08  1.18016561e+00 
 1.17835389e-08  1.18062859e+00 
 1.17855389e-08  1.18107454e+00 
 1.17875389e-08  1.18150602e+00 
 1.17895389e-08  1.18192440e+00 
 1.17915389e-08  1.18233085e+00 
 1.17935389e-08  1.18272620e+00 
 1.17955389e-08  1.18311126e+00 
 1.17975389e-08  1.18348663e+00 
 1.17995389e-08  1.18385292e+00 
 1.18015389e-08  1.18421058e+00 
 1.18035389e-08  1.18456005e+00 
 1.18055389e-08  1.18490167e+00 
 1.18075389e-08  1.18523965e+00 
 1.18095389e-08  1.18557319e+00 
 1.18115389e-08  1.18589817e+00 
 1.18135389e-08  1.18621516e+00 
 1.18155389e-08  1.18652438e+00 
 1.18175389e-08  1.18682598e+00 
 1.18195389e-08  1.18711996e+00 
 1.18215389e-08  1.18740627e+00 
 1.18235389e-08  1.18768475e+00 
 1.18255389e-08  1.18795523e+00 
 1.18275389e-08  1.18821743e+00 
 1.18295389e-08  1.18847107e+00 
 1.18315389e-08  1.18871582e+00 
 1.18335389e-08  1.18895135e+00 
 1.18355389e-08  1.18917737e+00 
 1.18375389e-08  1.18939366e+00 
 1.18395389e-08  1.18960011e+00 
 1.18415389e-08  1.18979681e+00 
 1.18435389e-08  1.18998409e+00 
 1.18455389e-08  1.19016259e+00 
 1.18475389e-08  1.19033322e+00 
 1.18495389e-08  1.19049714e+00 
 1.18515389e-08  1.19065564e+00 
 1.18535389e-08  1.19081000e+00 
 1.18555389e-08  1.19096140e+00 
 1.18575389e-08  1.19111078e+00 
 1.18595389e-08  1.19125888e+00 
 1.18615389e-08  1.19140619e+00 
 1.18635389e-08  1.19155301e+00 
 1.18655389e-08  1.19169951e+00 
 1.18675389e-08  1.19184573e+00 
 1.18695389e-08  1.19199165e+00 
 1.18715389e-08  1.19213722e+00 
 1.18735389e-08  1.19228233e+00 
 1.18755389e-08  1.19242691e+00 
 1.18775389e-08  1.19256847e+00 
 1.18795389e-08  1.19270749e+00 
 1.18815389e-08  1.19284681e+00 
 1.18835389e-08  1.19298771e+00 
 1.18855389e-08  1.19313052e+00 
 1.18875389e-08  1.19327364e+00 
 1.18895389e-08  1.19341703e+00 
 1.18915389e-08  1.19356104e+00 
 1.18935389e-08  1.19370636e+00 
 1.18955389e-08  1.19385383e+00 
 1.18975389e-08  1.19400442e+00 
 1.18995389e-08  1.19415918e+00 
 1.19015389e-08  1.19431913e+00 
 1.19035389e-08  1.19448529e+00 
 1.19055389e-08  1.19465856e+00 
 1.19075389e-08  1.19483980e+00 
 1.19095389e-08  1.19502975e+00 
 1.19115389e-08  1.19522909e+00 
 1.19135389e-08  1.19543839e+00 
 1.19155389e-08  1.19565816e+00 
 1.19175389e-08  1.19588883e+00 
 1.19195389e-08  1.19613079e+00 
 1.19215389e-08  1.19638435e+00 
 1.19235389e-08  1.19664979e+00 
 1.19255389e-08  1.19692737e+00 
 1.19275389e-08  1.19721730e+00 
 1.19295389e-08  1.19751981e+00 
 1.19315389e-08  1.19783513e+00 
 1.19335389e-08  1.19816349e+00 
 1.19355389e-08  1.19850518e+00 
 1.19375389e-08  1.19886052e+00 
 1.19395389e-08  1.19922987e+00 
 1.19415389e-08  1.19961368e+00 
 1.19435389e-08  1.20001243e+00 
 1.19455389e-08  1.20042668e+00 
 1.19475389e-08  1.20085705e+00 
 1.19495389e-08  1.20130419e+00 
 1.19515389e-08  1.20176879e+00 
 1.19535389e-08  1.20225155e+00 
 1.19555389e-08  1.20275314e+00 
 1.19575389e-08  1.20327419e+00 
 1.19595389e-08  1.20381525e+00 
 1.19615389e-08  1.20437676e+00 
 1.19635389e-08  1.20495900e+00 
 1.19655389e-08  1.20556197e+00 
 1.19675389e-08  1.20618533e+00 
 1.19695389e-08  1.20682812e+00 
 1.19715389e-08  1.20748857e+00 
 1.19735389e-08  1.20816389e+00 
 1.19755389e-08  1.20885016e+00 
 1.19775389e-08  1.20954261e+00 
 1.19795389e-08  1.21023612e+00 
 1.19815389e-08  1.21092591e+00 
 1.19835389e-08  1.21160805e+00 
 1.19855389e-08  1.21227976e+00 
 1.19875389e-08  1.21293942e+00 
 1.19895389e-08  1.21358633e+00 
 1.19915389e-08  1.21422050e+00 
 1.19935389e-08  1.21484232e+00 
 1.19955389e-08  1.21545242e+00 
 1.19975389e-08  1.21605150e+00 
 1.19995389e-08  1.21664024e+00 
 1.20015389e-08  1.21721921e+00 
 1.20035389e-08  1.21778892e+00 
 1.20055389e-08  1.21834977e+00 
 1.20075389e-08  1.21890203e+00 
 1.20095389e-08  1.21944593e+00 
 1.20115389e-08  1.21998158e+00 
 1.20135389e-08  1.22050906e+00 
 1.20155389e-08  1.22102840e+00 
 1.20175389e-08  1.22153960e+00 
 1.20195389e-08  1.22204262e+00 
 1.20215389e-08  1.22253745e+00 
 1.20235389e-08  1.22302402e+00 
 1.20255389e-08  1.22350230e+00 
 1.20275389e-08  1.22397223e+00 
 1.20295389e-08  1.22443378e+00 
 1.20315389e-08  1.22488688e+00 
 1.20335389e-08  1.22533146e+00 
 1.20355389e-08  1.22576745e+00 
 1.20375389e-08  1.22619433e+00 
 1.20395389e-08  1.22661224e+00 
 1.20415389e-08  1.22702156e+00 
 1.20435389e-08  1.22742187e+00 
 1.20455389e-08  1.22781260e+00 
 1.20475389e-08  1.22819306e+00 
 1.20495389e-08  1.22856237e+00 
 1.20515389e-08  1.22891945e+00 
 1.20535389e-08  1.22926294e+00 
 1.20555389e-08  1.22959116e+00 
 1.20575389e-08  1.22990203e+00 
 1.20595389e-08  1.23019122e+00 
 1.20615389e-08  1.23045571e+00 
 1.20635389e-08  1.23069389e+00 
 1.20655389e-08  1.23090188e+00 
 1.20675389e-08  1.23107542e+00 
 1.20695389e-08  1.23120985e+00 
 1.20715389e-08  1.23130029e+00 
 1.20735389e-08  1.23134169e+00 
 1.20755389e-08  1.23132897e+00 
 1.20775389e-08  1.23125717e+00 
 1.20795389e-08  1.23112152e+00 
 1.20815389e-08  1.23091753e+00 
 1.20835389e-08  1.23064102e+00 
 1.20855389e-08  1.23028811e+00 
 1.20875389e-08  1.22985520e+00 
 1.20895389e-08  1.22933890e+00 
 1.20915389e-08  1.22873597e+00 
 1.20935389e-08  1.22804326e+00 
 1.20955389e-08  1.22725763e+00 
 1.20975389e-08  1.22637590e+00 
 1.20995389e-08  1.22539477e+00 
 1.21015389e-08  1.22431086e+00 
 1.21035389e-08  1.22312061e+00 
 1.21055389e-08  1.22182028e+00 
 1.21075389e-08  1.22040598e+00 
 1.21095389e-08  1.21887359e+00 
 1.21115389e-08  1.21721880e+00 
 1.21135389e-08  1.21543711e+00 
 1.21155389e-08  1.21352378e+00 
 1.21175389e-08  1.21147383e+00 
 1.21195389e-08  1.20928206e+00 
 1.21215389e-08  1.20694299e+00 
 1.21235389e-08  1.20445083e+00 
 1.21255389e-08  1.20179951e+00 
 1.21275389e-08  1.19898256e+00 
 1.21295389e-08  1.19599315e+00 
 1.21315389e-08  1.19282400e+00 
 1.21335389e-08  1.18946731e+00 
 1.21355389e-08  1.18591464e+00 
 1.21375389e-08  1.18215684e+00 
 1.21395389e-08  1.17820104e+00 
 1.21415389e-08  1.17403546e+00 
 1.21435389e-08  1.16963106e+00 
 1.21455389e-08  1.16497547e+00 
 1.21475389e-08  1.16005453e+00 
 1.21495389e-08  1.15485240e+00 
 1.21515389e-08  1.14931857e+00 
 1.21535389e-08  1.14343025e+00 
 1.21555389e-08  1.13719213e+00 
 1.21575389e-08  1.13057363e+00 
 1.21595389e-08  1.12353944e+00 
 1.21615389e-08  1.11604822e+00 
 1.21635389e-08  1.10805187e+00 
 1.21655389e-08  1.09949425e+00 
 1.21675389e-08  1.09031051e+00 
 1.21695389e-08  1.08042636e+00 
 1.21715389e-08  1.06975857e+00 
 1.21735389e-08  1.05821657e+00 
 1.21755389e-08  1.04570642e+00 
 1.21775389e-08  1.03213704e+00 
 1.21795389e-08  1.01742897e+00 
 1.21815389e-08  1.00152361e+00 
 1.21835389e-08  9.84390501e-01 
 1.21855389e-08  9.66029743e-01 
 1.21875389e-08  9.46468638e-01 
 1.21895389e-08  9.25754220e-01 
 1.21915389e-08  9.03944782e-01 
 1.21935389e-08  8.81102896e-01 
 1.21955389e-08  8.57290989e-01 
 1.21975389e-08  8.32569137e-01 
 1.21995389e-08  8.06994374e-01 
 1.22015389e-08  7.80657343e-01 
 1.22035389e-08  7.53602295e-01 
 1.22055389e-08  7.25839524e-01 
 1.22075389e-08  6.97419933e-01 
 1.22095389e-08  6.68378062e-01 
 1.22115389e-08  6.38767486e-01 
 1.22135389e-08  6.08650982e-01 
 1.22155389e-08  5.78078264e-01 
 1.22175389e-08  5.47102597e-01 
 1.22195389e-08  5.15780772e-01 
 1.22215389e-08  4.84176498e-01 
 1.22235389e-08  4.52362272e-01 
 1.22255389e-08  4.20424253e-01 
 1.22275389e-08  3.88467182e-01 
 1.22295389e-08  3.56622372e-01 
 1.22315389e-08  3.25056611e-01 
 1.22335389e-08  2.93982716e-01 
 1.22355389e-08  2.63667516e-01 
 1.22375389e-08  2.34433082e-01 
 1.22395389e-08  2.06643459e-01 
 1.22415389e-08  1.80673336e-01 
 1.22435389e-08  1.56861423e-01 
 1.22455389e-08  1.35461708e-01 
 1.22475389e-08  1.16608147e-01 
 1.22495389e-08  1.00303355e-01 
 1.22515389e-08  8.64312652e-02 
 1.22535389e-08  7.47864237e-02 
 1.22555389e-08  6.51095348e-02 
 1.22575389e-08  5.71207882e-02 
 1.22595389e-08  5.04992393e-02 
 1.22615389e-08  4.50183103e-02 
 1.22635389e-08  4.05205425e-02 
 1.22655389e-08  3.68024004e-02 
 1.22675389e-08  3.36986175e-02 
 1.22695389e-08  3.10883377e-02 
 1.22715389e-08  2.88645742e-02 
 1.22735389e-08  2.69360070e-02 
 1.22755389e-08  2.52457732e-02 
 1.22775389e-08  2.37502340e-02 
 1.22795389e-08  2.24151473e-02 
 1.22815389e-08  2.12142415e-02 
 1.22835389e-08  2.01267356e-02 
 1.22855389e-08  1.91364822e-02 
 1.22875389e-08  1.82304483e-02 
 1.22895389e-08  1.73982592e-02 
 1.22915389e-08  1.66313039e-02 
 1.22935389e-08  1.59225248e-02 
 1.22955389e-08  1.52659036e-02 
 1.22975389e-08  1.46563784e-02 
 1.22995389e-08  1.40895434e-02 
 1.23015389e-08  1.35616184e-02 
 1.23035389e-08  1.30692642e-02 
 1.23055389e-08  1.26095682e-02 
 1.23075389e-08  1.21799247e-02 
 1.23095389e-08  1.17780260e-02 
 1.23115389e-08  1.14017815e-02 
 1.23135389e-08  1.10493119e-02 
 1.23155389e-08  1.07188943e-02 
 1.23175389e-08  1.04089582e-02 
 1.23195389e-08  1.01180479e-02 
 1.23215389e-08  9.84482066e-03 
 1.23235389e-08  9.58802053e-03 
 1.23255389e-08  9.34647830e-03 
 1.23275389e-08  9.11909340e-03 
 1.23295389e-08  8.90483524e-03 
 1.23315389e-08  8.70273074e-03 
 1.23335389e-08  8.51186665e-03 
 1.23355389e-08  8.33138092e-03 
 1.23375389e-08  8.16046552e-03 
 1.23395389e-08  7.99836020e-03 
 1.23415389e-08  7.84435545e-03 
 1.23435389e-08  7.69778759e-03 
 1.23455389e-08  7.55804170e-03 
 1.23475389e-08  7.42454785e-03 
 1.23495389e-08  7.29678426e-03 
 1.23515389e-08  7.17427519e-03 
 1.23535389e-08  7.05659567e-03 
 1.23555389e-08  6.94337210e-03 
 1.23575389e-08  6.83428957e-03 
 1.23595389e-08  6.72909566e-03 
 1.23615389e-08  6.62761021e-03 
 1.23635389e-08  6.52973029e-03 
 1.23655389e-08  6.43543774e-03 
 1.23675389e-08  6.34479759e-03 
 1.23695389e-08  6.25795231e-03 
 1.23715389e-08  6.17509997e-03 
 1.23735389e-08  6.09646235e-03 
 1.23755389e-08  6.02223688e-03 
 1.23775389e-08  5.95255022e-03 
 1.23795389e-08  5.88742614e-03 
 1.23815389e-08  5.82679987e-03 
 1.23835389e-08  5.77057838e-03 
 1.23855389e-08  5.71871948e-03 
 1.23875389e-08  5.67126388e-03 
 1.23895389e-08  5.62829829e-03 
 1.23915389e-08  5.58986649e-03 
 1.23935389e-08  5.55588229e-03 
 1.23955389e-08  5.52607396e-03 
 1.23975389e-08  5.49998043e-03 
 1.23995389e-08  5.47698559e-03 
 1.24015389e-08  5.45637917e-03 
 1.24035389e-08  5.43741828e-03 
 1.24055389e-08  5.41938193e-03 
 1.24075389e-08  5.40160590e-03 
 1.24095389e-08  5.38350369e-03 
 1.24115389e-08  5.36457029e-03 
 1.24135389e-08  5.34437912e-03 
 1.24155389e-08  5.32256938e-03 
 1.24175389e-08  5.29883284e-03 
 1.24195389e-08  5.27289550e-03 
 1.24215389e-08  5.24450088e-03 
 1.24235389e-08  5.21338884e-03 
 1.24255389e-08  5.17939442e-03 
 1.24275389e-08  5.14237964e-03 
 1.24295389e-08  5.10167034e-03 
 1.24315389e-08  5.05641497e-03 
 1.24335389e-08  5.00606588e-03 
 1.24355389e-08  4.95001291e-03 
 1.24375389e-08  4.88746257e-03 
 1.24395389e-08  4.81748736e-03 
 1.24415389e-08  4.73915461e-03 
 1.24435389e-08  4.65162164e-03 
 1.24455389e-08  4.55424996e-03 
 1.24475389e-08  4.44666964e-03 
 1.24495389e-08  4.32879375e-03 
 1.24515389e-08  4.20077412e-03 
 1.24535389e-08  4.06292253e-03 
 1.24555389e-08  3.91562708e-03 
 1.24575389e-08  3.75928497e-03 
 1.24595389e-08  3.59426311e-03 
 1.24615389e-08  3.42088392e-03 
 1.24635389e-08  3.23942879e-03 
 1.24655389e-08  3.05015099e-03 
 1.24675389e-08  2.85328968e-03 
 1.24695389e-08  2.64908281e-03 
 1.24715389e-08  2.43777411e-03 
 1.24735389e-08  2.21961723e-03 
 1.24755389e-08  1.99487369e-03 
 1.24775389e-08  1.76380993e-03 
 1.24795389e-08  1.52668987e-03 
 1.24815389e-08  1.28376877e-03 
 1.24835389e-08  1.03528427e-03 
 1.24855389e-08  7.81450081e-04 
 1.24875389e-08  5.22447890e-04 
 1.24895389e-08  2.58422649e-04 
 1.24915389e-08 -1.05233154e-05 
 1.24935389e-08 -2.84332398e-04 
 1.24955389e-08 -5.62994242e-04 
 1.24975389e-08 -8.46543559e-04 
 1.24995389e-08 -1.13505739e-03 
 1.25015389e-08 -1.42864620e-03 
 1.25035389e-08 -1.72744198e-03 
 1.25055389e-08 -2.03157746e-03 
 1.25075389e-08 -2.34115930e-03 
 1.25095389e-08 -2.65622969e-03 
 1.25115389e-08 -2.97672084e-03 
 1.25135389e-08 -3.30240057e-03 
 1.25155389e-08 -3.63281970e-03 
 1.25175389e-08 -3.96726837e-03 
 1.25195389e-08 -4.30476083e-03 
 1.25215389e-08 -4.64405989e-03 
 1.25235389e-08 -4.98375344e-03 
 1.25255389e-08 -5.32237211e-03 
 1.25275389e-08 -5.65852873e-03 
 1.25295389e-08 -5.99104237e-03 
 1.25315389e-08 -6.31902233e-03 
 1.25335389e-08 -6.64189611e-03 
 1.25355389e-08 -6.95939152e-03 
 1.25375389e-08 -7.27148661e-03 
 1.25395389e-08 -7.57835054e-03 
 1.25415389e-08 -7.88028542e-03 
 1.25435389e-08 -8.17768007e-03 
 1.25455389e-08 -8.47097367e-03 
 1.25475389e-08 -8.76063180e-03 
 1.25495389e-08 -9.04712860e-03 
 1.25515389e-08 -9.33093673e-03 
 1.25535389e-08 -9.61251939e-03 
 1.25555389e-08 -9.89232724e-03 
 1.25575389e-08 -1.01707954e-02 
 1.25595389e-08 -1.04483442e-02 
 1.25615389e-08 -1.07253786e-02 
 1.25635389e-08 -1.10022904e-02 
 1.25655389e-08 -1.12794581e-02 
 1.25675389e-08 -1.15572465e-02 
 1.25695389e-08 -1.18360024e-02 
 1.25715389e-08 -1.21160479e-02 
 1.25735389e-08 -1.23935180e-02 
 1.25755389e-08 -1.26755905e-02 
 1.25775389e-08 -1.29637963e-02 
 1.25795389e-08 -1.32523309e-02 
 1.25815389e-08 -1.35422852e-02 
 1.25835389e-08 -1.38330795e-02 
 1.25855389e-08 -1.41246388e-02 
 1.25875389e-08 -1.44156845e-02 
 1.25895389e-08 -1.47051237e-02 
 1.25915389e-08 -1.49908962e-02 
 1.25935389e-08 -1.52709221e-02 
 1.25955389e-08 -1.55423827e-02 
 1.25975389e-08 -1.58024111e-02 
 1.25995389e-08 -1.60476751e-02 
 1.26015389e-08 -1.62748797e-02 
 1.26035389e-08 -1.64805167e-02 
 1.26055389e-08 -1.66612003e-02 
 1.26075389e-08 -1.68134887e-02 
 1.26095389e-08 -1.69340806e-02 
 1.26115389e-08 -1.70196683e-02 
 1.26135389e-08 -1.70670369e-02 
 1.26155389e-08 -1.70729411e-02 
 1.26175389e-08 -1.70341457e-02 
 1.26195389e-08 -1.69473259e-02 
 1.26215389e-08 -1.68090760e-02 
 1.26235389e-08 -1.66158305e-02 
 1.26255389e-08 -1.63638563e-02 
 1.26275389e-08 -1.60491888e-02 
 1.26295389e-08 -1.56676145e-02 
 1.26315389e-08 -1.52146161e-02 
 1.26335389e-08 -1.46853470e-02 
 1.26355389e-08 -1.40745803e-02 
 1.26375389e-08 -1.33766739e-02 
 1.26395389e-08 -1.25855184e-02 
 1.26415389e-08 -1.16944913e-02 
 1.26435389e-08 -1.06963983e-02 
 1.26455389e-08 -9.58341319e-03 
 1.26475389e-08 -8.34700664e-03 
 1.26495389e-08 -6.97786667e-03 
 1.26515389e-08 -5.46580759e-03 
 1.26535389e-08 -3.79966275e-03 
 1.26555389e-08 -1.96716223e-03 
 1.26575389e-08  4.52141399e-05 
 1.26595389e-08  2.25241651e-03 
 1.26615389e-08  4.67109196e-03 
 1.26635389e-08  7.31985772e-03 
 1.26655389e-08  1.02196408e-02 
 1.26675389e-08  1.33941168e-02 
 1.26695389e-08  1.68702562e-02 
 1.26715389e-08  2.06790075e-02 
 1.26735389e-08  2.48561490e-02 
 1.26755389e-08  2.94433410e-02 
 1.26775389e-08  3.44894088e-02 
 1.26795389e-08  4.00518599e-02 
 1.26815389e-08  4.61985996e-02 
 1.26835389e-08  5.30096904e-02 
 1.26855389e-08  6.05788210e-02 
 1.26875389e-08  6.90138013e-02 
 1.26895389e-08  7.84349669e-02 
 1.26915389e-08  8.89699467e-02 
 1.26935389e-08  1.00743452e-01 
 1.26955389e-08  1.13862365e-01 
 1.26975389e-08  1.28399834e-01 
 1.26995389e-08  1.44385162e-01 
 1.27015389e-08  1.61804913e-01 
 1.27035389e-08  1.80614131e-01 
 1.27055389e-08  2.00750878e-01 
 1.27075389e-08  2.22147755e-01 
 1.27095389e-08  2.44738396e-01 
 1.27115389e-08  2.68460001e-01 
 1.27135389e-08  2.93253729e-01 
 1.27155389e-08  3.19064161e-01 
 1.27175389e-08  3.45838463e-01 
 1.27195389e-08  3.73525444e-01 
 1.27215389e-08  4.02074578e-01 
 1.27235389e-08  4.31434924e-01 
 1.27255389e-08  4.61553928e-01 
 1.27275389e-08  4.92375998e-01 
 1.27295389e-08  5.23840793e-01 
 1.27315389e-08  5.55881086e-01 
 1.27335389e-08  5.88420049e-01 
 1.27355389e-08  6.21367797e-01 
 1.27375389e-08  6.54617026e-01 
 1.27395389e-08  6.88037766e-01 
 1.27415389e-08  7.21471592e-01 
 1.27435389e-08  7.54726353e-01 
 1.27455389e-08  7.87573473e-01 
 1.27475389e-08  8.19750797e-01 
 1.27495389e-08  8.50973935e-01 
 1.27515389e-08  8.80956842e-01 
 1.27535389e-08  9.09438203e-01 
 1.27555389e-08  9.36206329e-01 
 1.27575389e-08  9.61115133e-01 
 1.27595389e-08  9.84087880e-01 
 1.27615389e-08  1.00511061e+00 
 1.27635389e-08  1.02421999e+00 
 1.27655389e-08  1.04148993e+00 
 1.27675389e-08  1.05701972e+00 
 1.27695389e-08  1.07092449e+00 
 1.27715389e-08  1.08332784e+00 
 1.27735389e-08  1.09435650e+00 
 1.27755389e-08  1.10413626e+00 
 1.27775389e-08  1.11278911e+00 
 1.27795389e-08  1.12043119e+00 
 1.27815389e-08  1.12717143e+00 
 1.27835389e-08  1.13311076e+00 
 1.27855389e-08  1.13834173e+00 
 1.27875389e-08  1.14294848e+00 
 1.27895389e-08  1.14700690e+00 
 1.27915389e-08  1.15058501e+00 
 1.27935389e-08  1.15374342e+00 
 1.27955389e-08  1.15653587e+00 
 1.27975389e-08  1.15900979e+00 
 1.27995389e-08  1.16120688e+00 
 1.28015389e-08  1.16316370e+00 
 1.28035389e-08  1.16491216e+00 
 1.28055389e-08  1.16648010e+00 
 1.28075389e-08  1.16789170e+00 
 1.28095389e-08  1.16916796e+00 
 1.28115389e-08  1.17032708e+00 
 1.28135389e-08  1.17138478e+00 
 1.28155389e-08  1.17235463e+00 
 1.28175389e-08  1.17324832e+00 
 1.28195389e-08  1.17407590e+00 
 1.28215389e-08  1.17484600e+00 
 1.28235389e-08  1.17556599e+00 
 1.28255389e-08  1.17624220e+00 
 1.28275389e-08  1.17688000e+00 
 1.28295389e-08  1.17748400e+00 
 1.28315389e-08  1.17805812e+00 
 1.28335389e-08  1.17860569e+00 
 1.28355389e-08  1.17912958e+00 
 1.28375389e-08  1.17963221e+00 
 1.28395389e-08  1.18011569e+00 
 1.28415389e-08  1.18058043e+00 
 1.28435389e-08  1.18102800e+00 
 1.28455389e-08  1.18146095e+00 
 1.28475389e-08  1.18188068e+00 
 1.28495389e-08  1.18228838e+00 
 1.28515389e-08  1.18268489e+00 
 1.28535389e-08  1.18307103e+00 
 1.28555389e-08  1.18344742e+00 
 1.28575389e-08  1.18381466e+00 
 1.28595389e-08  1.18417322e+00 
 1.28615389e-08  1.18452355e+00 
 1.28635389e-08  1.18486600e+00 
 1.28655389e-08  1.18520475e+00 
 1.28675389e-08  1.18553902e+00 
 1.28695389e-08  1.18586474e+00 
 1.28715389e-08  1.18618246e+00 
 1.28735389e-08  1.18649241e+00 
 1.28755389e-08  1.18679476e+00 
 1.28775389e-08  1.18708949e+00 
 1.28795389e-08  1.18737658e+00 
 1.28815389e-08  1.18765587e+00 
 1.28835389e-08  1.18792718e+00 
 1.28855389e-08  1.18819024e+00 
 1.28875389e-08  1.18844479e+00 
 1.28895389e-08  1.18869047e+00 
 1.28915389e-08  1.18892698e+00 
 1.28935389e-08  1.18915400e+00 
 1.28955389e-08  1.18937132e+00 
 1.28975389e-08  1.18957880e+00 
 1.28995389e-08  1.18977651e+00 
 1.29015389e-08  1.18996477e+00 
 1.29035389e-08  1.19014415e+00 
 1.29055389e-08  1.19031555e+00 
 1.29075389e-08  1.19048012e+00 
 1.29095389e-08  1.19063912e+00 
 1.29115389e-08  1.19079387e+00 
 1.29135389e-08  1.19094553e+00 
 1.29155389e-08  1.19109508e+00 
 1.29175389e-08  1.19124329e+00 
 1.29195389e-08  1.19139066e+00 
 1.29215389e-08  1.19153752e+00 
 1.29235389e-08  1.19168405e+00 
 1.29255389e-08  1.19183030e+00 
 1.29275389e-08  1.19197626e+00 
 1.29295389e-08  1.19212186e+00 
 1.29315389e-08  1.19226703e+00 
 1.29335389e-08  1.19241166e+00 
 1.29355389e-08  1.19255568e+00 
 1.29375389e-08  1.19269689e+00 
 1.29395389e-08  1.19283561e+00 
 1.29415389e-08  1.19297589e+00 
 1.29435389e-08  1.19311807e+00 
 1.29455389e-08  1.19326057e+00 
 1.29475389e-08  1.19340334e+00 
 1.29495389e-08  1.19354677e+00 
 1.29515389e-08  1.19369148e+00 
 1.29535389e-08  1.19383832e+00 
 1.29555389e-08  1.19398825e+00 
 1.29575389e-08  1.19414229e+00 
 1.29595389e-08  1.19430147e+00 
 1.29615389e-08  1.19446679e+00 
 1.29635389e-08  1.19463917e+00 
 1.29655389e-08  1.19481947e+00 
 1.29675389e-08  1.19500842e+00 
 1.29695389e-08  1.19520672e+00 
 1.29715389e-08  1.19541493e+00 
 1.29735389e-08  1.19563359e+00 
 1.29755389e-08  1.19586311e+00 
 1.29775389e-08  1.19610389e+00 
 1.29795389e-08  1.19635624e+00 
 1.29815389e-08  1.19662046e+00 
 1.29835389e-08  1.19689678e+00 
 1.29855389e-08  1.19718544e+00 
 1.29875389e-08  1.19748666e+00 
 1.29895389e-08  1.19780066e+00 
 1.29915389e-08  1.19812768e+00 
 1.29935389e-08  1.19846800e+00 
 1.29955389e-08  1.19882193e+00 
 1.29975389e-08  1.19918983e+00 
 1.29995389e-08  1.19957214e+00 
 1.30015389e-08  1.19996933e+00 
 1.30035389e-08  1.20038196e+00 
 1.30055389e-08  1.20081064e+00 
 1.30075389e-08  1.20125603e+00 
 1.30095389e-08  1.20171880e+00 
 1.30115389e-08  1.20219965e+00 
 1.30135389e-08  1.20269926e+00 
 1.30155389e-08  1.20321826e+00 
 1.30175389e-08  1.20375723e+00 
 1.30195389e-08  1.20431660e+00 
 1.30215389e-08  1.20489668e+00 
 1.30235389e-08  1.20549750e+00 
 1.30255389e-08  1.20611877e+00 
 1.30275389e-08  1.20675961e+00 
 1.30295389e-08  1.20741834e+00 
 1.30315389e-08  1.20809227e+00 
 1.30335389e-08  1.20877761e+00 
 1.30355389e-08  1.20946967e+00 
 1.30375389e-08  1.21016331e+00 
 1.30395389e-08  1.21085370e+00 
 1.30415389e-08  1.21153680e+00 
 1.30435389e-08  1.21220971e+00 
 1.30455389e-08  1.21287068e+00 
 1.30475389e-08  1.21351895e+00 
 1.30495389e-08  1.21415445e+00 
 1.30515389e-08  1.21477754e+00 
 1.30535389e-08  1.21538885e+00 
 1.30555389e-08  1.21598906e+00 
 1.30575389e-08  1.21657885e+00 
 1.30595389e-08  1.21715882e+00 
 1.30615389e-08  1.21772949e+00 
 1.30635389e-08  1.21829126e+00 
 1.30655389e-08  1.21884442e+00 
 1.30675389e-08  1.21938919e+00 
 1.30695389e-08  1.21992570e+00 
 1.30715389e-08  1.22045404e+00 
 1.30735389e-08  1.22097424e+00 
 1.30755389e-08  1.22148629e+00 
 1.30775389e-08  1.22199018e+00 
 1.30795389e-08  1.22248587e+00 
 1.30815389e-08  1.22297331e+00 
 1.30835389e-08  1.22345246e+00 
 1.30855389e-08  1.22392328e+00 
 1.30875389e-08  1.22438571e+00 
 1.30895389e-08  1.22483970e+00 
 1.30915389e-08  1.22528518e+00 
 1.30935389e-08  1.22572207e+00 
 1.30955389e-08  1.22614987e+00 
 1.30975389e-08  1.22656870e+00 
 1.30995389e-08  1.22697898e+00 
 1.31015389e-08  1.22738029e+00 
 1.31035389e-08  1.22777208e+00 
 1.31055389e-08  1.22815367e+00 
 1.31075389e-08  1.22852421e+00 
 1.31095389e-08  1.22888264e+00 
 1.31115389e-08  1.22922763e+00 
 1.31135389e-08  1.22955754e+00 
 1.31155389e-08  1.22987035e+00 
 1.31175389e-08  1.23016178e+00 
 1.31195389e-08  1.23042888e+00 
 1.31215389e-08  1.23067003e+00 
 1.31235389e-08  1.23088143e+00 
 1.31255389e-08  1.23105882e+00 
 1.31275389e-08  1.23119761e+00 
 1.31295389e-08  1.23129292e+00 
 1.31315389e-08  1.23133972e+00 
 1.31335389e-08  1.23133294e+00 
 1.31355389e-08  1.23126758e+00 
 1.31375389e-08  1.23113886e+00 
 1.31395389e-08  1.23094226e+00 
 1.31415389e-08  1.23067356e+00 
 1.31435389e-08  1.23032885e+00 
 1.31455389e-08  1.22990451e+00 
 1.31475389e-08  1.22939712e+00 
 1.31495389e-08  1.22880344e+00 
 1.31515389e-08  1.22812031e+00 
 1.31535389e-08  1.22734460e+00 
 1.31555389e-08  1.22647311e+00 
 1.31575389e-08  1.22550258e+00 
 1.31595389e-08  1.22442963e+00 
 1.31615389e-08  1.22325072e+00 
 1.31635389e-08  1.22196214e+00 
 1.31655389e-08  1.22056000e+00 
 1.31675389e-08  1.21904021e+00 
 1.31695389e-08  1.21739849e+00 
 1.31715389e-08  1.21563035e+00 
 1.31735389e-08  1.21373107e+00 
 1.31755389e-08  1.21169572e+00 
 1.31775389e-08  1.20951910e+00 
 1.31795389e-08  1.20719577e+00 
 1.31815389e-08  1.20471998e+00 
 1.31835389e-08  1.20208567e+00 
 1.31855389e-08  1.19928643e+00 
 1.31875389e-08  1.19631547e+00 
 1.31895389e-08  1.19316557e+00 
 1.31915389e-08  1.18982896e+00 
 1.31935389e-08  1.18629730e+00 
 1.31955389e-08  1.18256151e+00 
 1.31975389e-08  1.17862865e+00 
 1.31995389e-08  1.17448705e+00 
 1.32015389e-08  1.17010792e+00 
 1.32035389e-08  1.16547904e+00 
 1.32055389e-08  1.16058641e+00 
 1.32075389e-08  1.15541439e+00 
 1.32095389e-08  1.14991317e+00 
 1.32115389e-08  1.14406032e+00 
 1.32135389e-08  1.13786056e+00 
 1.32155389e-08  1.13128379e+00 
 1.32175389e-08  1.12429527e+00 
 1.32195389e-08  1.11685431e+00 
 1.32215389e-08  1.10891360e+00 
 1.32235389e-08  1.10041787e+00 
 1.32255389e-08  1.09130325e+00 
 1.32275389e-08  1.08149642e+00 
 1.32295389e-08  1.07091505e+00 
 1.32315389e-08  1.05946920e+00 
 1.32335389e-08  1.04706504e+00 
 1.32355389e-08  1.03361081e+00 
 1.32375389e-08  1.01902539e+00 
 1.32395389e-08  1.00324760e+00 
 1.32415389e-08  9.86243820e-01 
 1.32435389e-08  9.68011000e-01 
 1.32455389e-08  9.48573896e-01 
 1.32475389e-08  9.27977881e-01 
 1.32495389e-08  9.06280432e-01 
 1.32515389e-08  8.83543926e-01 
 1.32535389e-08  8.59830940e-01 
 1.32555389e-08  8.35201849e-01 
 1.32575389e-08  8.09714009e-01 
 1.32595389e-08  7.83459202e-01 
 1.32615389e-08  7.56481760e-01 
 1.32635389e-08  7.28791191e-01 
 1.32655389e-08  7.00438591e-01 
 1.32675389e-08  6.71458121e-01 
 1.32695389e-08  6.41903381e-01 
 1.32715389e-08  6.11837565e-01 
 1.32735389e-08  5.81310175e-01 
 1.32755389e-08  5.50374119e-01 
 1.32775389e-08  5.19085657e-01 
 1.32795389e-08  4.87507707e-01 
 1.32815389e-08  4.55711631e-01 
 1.32835389e-08  4.23781957e-01 
 1.32855389e-08  3.91821129e-01 
 1.32875389e-08  3.59957286e-01 
 1.32895389e-08  3.28352990e-01 
 1.32915389e-08  2.97215784e-01 
 1.32935389e-08  2.66806587e-01 
 1.32955389e-08  2.37441996e-01 
 1.32975389e-08  2.09482797e-01 
 1.32995389e-08  1.83304572e-01 
 1.33015389e-08  1.59252192e-01 
 1.33035389e-08  1.37590559e-01 
 1.33055389e-08  1.18467213e-01 
 1.33075389e-08  1.01898338e-01 
 1.33095389e-08  8.77791580e-02 
 1.33115389e-08  7.59119611e-02 
 1.33135389e-08  6.60414430e-02 
 1.33155389e-08  5.78885778e-02 
 1.33175389e-08  5.11291707e-02 
 1.33195389e-08  4.55346436e-02 
 1.33215389e-08  4.09463643e-02 
 1.33235389e-08  3.71566030e-02 
 1.33255389e-08  3.39962792e-02 
 1.33275389e-08  3.13320944e-02 
 1.33295389e-08  2.90666580e-02 
 1.33315389e-08  2.71155247e-02 
 1.33335389e-08  2.54064160e-02 
 1.33355389e-08  2.38947015e-02 
 1.33375389e-08  2.25458933e-02 
 1.33395389e-08  2.13330567e-02 
 1.33415389e-08  2.02352511e-02 
 1.33435389e-08  1.92359025e-02 
 1.33455389e-08  1.83218834e-02 
 1.33475389e-08  1.74825482e-02 
 1.33495389e-08  1.67092309e-02 
 1.33515389e-08  1.59946999e-02 
 1.33535389e-08  1.53329014e-02 
 1.33555389e-08  1.47186579e-02 
 1.33575389e-08  1.41475379e-02 
 1.33595389e-08  1.36156822e-02 
 1.33615389e-08  1.31197313e-02 
 1.33635389e-08  1.26567181e-02 
 1.33655389e-08  1.22240209e-02 
 1.33675389e-08  1.18192937e-02 
 1.33695389e-08  1.14404336e-02 
 1.33715389e-08  1.10855346e-02 
 1.33735389e-08  1.07528639e-02 
 1.33755389e-08  1.04408321e-02 
 1.33775389e-08  1.01479757e-02 
 1.33795389e-08  9.87293826e-03 
 1.33815389e-08  9.61445730e-03 
 1.33835389e-08  9.37135337e-03 
 1.33855389e-08  9.14252033e-03 
 1.33875389e-08  8.92691955e-03 
 1.33895389e-08  8.72357284e-03 
 1.33915389e-08  8.53156028e-03 
 1.33935389e-08  8.35001490e-03 
 1.33955389e-08  8.17812283e-03 
 1.33975389e-08  8.01511900e-03 
 1.33995389e-08  7.86028851e-03 
 1.34015389e-08  7.71296287e-03 
 1.34035389e-08  7.57252212e-03 
 1.34055389e-08  7.43839146e-03 
 1.34075389e-08  7.31004416e-03 
 1.34095389e-08  7.18699935e-03 
 1.34115389e-08  7.06882680e-03 
 1.34135389e-08  6.95514705e-03 
 1.34155389e-08  6.84563897e-03 
 1.34175389e-08  6.74004299e-03 
 1.34195389e-08  6.63817121e-03 
 1.34215389e-08  6.53991199e-03 
 1.34235389e-08  6.44523839e-03 
 1.34255389e-08  6.35420659e-03 
 1.34275389e-08  6.26695187e-03 
 1.34295389e-08  6.18366750e-03 
 1.34315389e-08  6.10457503e-03 
 1.34335389e-08  6.02987649e-03 
 1.34355389e-08  5.95970821e-03 
 1.34375389e-08  5.89410475e-03 
 1.34395389e-08  5.83300875e-03 
 1.34415389e-08  5.77632600e-03 
 1.34435389e-08  5.72400649e-03 
 1.34455389e-08  5.67608253e-03 
 1.34475389e-08  5.63263993e-03 
 1.34495389e-08  5.59373123e-03 
 1.34515389e-08  5.55928751e-03 
 1.34535389e-08  5.52905737e-03 
 1.34555389e-08  5.50259880e-03 
 1.34575389e-08  5.47930915e-03 
 1.34595389e-08  5.45848528e-03 
 1.34615389e-08  5.43938472e-03 
 1.34635389e-08  5.42128242e-03 
 1.34655389e-08  5.40350673e-03 
 1.34675389e-08  5.38546278e-03 
 1.34695389e-08  5.36663684e-03 
 1.34715389e-08  5.34659475e-03 
 1.34735389e-08  5.32496919e-03 
 1.34755389e-08  5.30144744e-03 
 1.34775389e-08  5.27575246e-03 
 1.34795389e-08  5.24762708e-03 
 1.34815389e-08  5.21681227e-03 
 1.34835389e-08  5.18314353e-03 
 1.34855389e-08  5.14648748e-03 
 1.34875389e-08  5.10619011e-03 
 1.34895389e-08  5.06141289e-03 
 1.34915389e-08  5.01161193e-03 
 1.34935389e-08  4.95619025e-03 
 1.34955389e-08  4.89436645e-03 
 1.34975389e-08  4.82521767e-03 
 1.34995389e-08  4.74780720e-03 
 1.35015389e-08  4.66127633e-03 
 1.35035389e-08  4.56496163e-03 
 1.35055389e-08  4.45846296e-03 
 1.35075389e-08  4.34166525e-03 
 1.35095389e-08  4.21469845e-03 
 1.35115389e-08  4.07786186e-03 
 1.35135389e-08  3.93153906e-03 
 1.35155389e-08  3.77612880e-03 
 1.35175389e-08  3.61200213e-03 
 1.35195389e-08  3.43948636e-03 
 1.35215389e-08  3.25886657e-03 
 1.35235389e-08  3.07039845e-03 
 1.35255389e-08  2.87432184e-03 
 1.35275389e-08  2.67087455e-03 
 1.35295389e-08  2.46029929e-03 
 1.35315389e-08  2.24284885e-03 
 1.35335389e-08  2.01878389e-03 
 1.35355389e-08  1.78837078e-03 
 1.35375389e-08  1.55187383e-03 
 1.35395389e-08  1.30954980e-03 
 1.35415389e-08  1.06163832e-03 
 1.35435389e-08  8.08356157e-04 
 1.35455389e-08  5.49888456e-04 
 1.35475389e-08  2.86384471e-04 
 1.35495389e-08  1.79509823e-05 
 1.35515389e-08 -2.55349406e-04 
 1.35535389e-08 -5.33501580e-04 
 1.35555389e-08 -8.16535447e-04 
 1.35575389e-08 -1.10452409e-03 
 1.35595389e-08 -1.39757477e-03 
 1.35615389e-08 -1.69581822e-03 
 1.35635389e-08 -1.99938804e-03 
 1.35655389e-08 -2.30839540e-03 
 1.35675389e-08 -2.62289110e-03 
 1.35695389e-08 -2.94282151e-03 
 1.35715389e-08 -3.26797410e-03 
 1.35735389e-08 -3.59792495e-03 
 1.35755389e-08 -3.93199274e-03 
 1.35775389e-08 -4.26922047e-03 
 1.35795389e-08 -4.60839450e-03 
 1.35815389e-08 -4.94811628e-03 
 1.35835389e-08 -5.28691586e-03 
 1.35855389e-08 -5.62339125e-03 
 1.35875389e-08 -5.95633490e-03 
 1.35895389e-08 -6.28482353e-03 
 1.35915389e-08 -6.60825125e-03 
 1.35935389e-08 -6.92631647e-03 
 1.35955389e-08 -7.23897359e-03 
 1.35975389e-08 -7.54637469e-03 
 1.35995389e-08 -7.84881016e-03 
 1.36015389e-08 -8.14666177e-03 
 1.36035389e-08 -8.44036457e-03 
 1.36055389e-08 -8.73038245e-03 
 1.36075389e-08 -9.01718909e-03 
 1.36095389e-08 -9.30125785e-03 
 1.36115389e-08 -9.58305300e-03 
 1.36135389e-08 -9.86302680e-03 
 1.36155389e-08 -1.01416159e-02 
 1.36175389e-08 -1.04192423e-02 
 1.36195389e-08 -1.06963123e-02 
 1.36215389e-08 -1.09732194e-02 
 1.36235389e-08 -1.12503431e-02 
 1.36255389e-08 -1.15280501e-02 
 1.36275389e-08 -1.18066890e-02 
 1.36295389e-08 -1.20865855e-02 
 1.36315389e-08 -1.23639062e-02 
 1.36335389e-08 -1.26457837e-02 
 1.36355389e-08 -1.29337645e-02 
 1.36375389e-08 -1.32220887e-02 
 1.36395389e-08 -1.35118582e-02 
 1.36415389e-08 -1.38025259e-02 
 1.36435389e-08 -1.40940434e-02 
 1.36455389e-08 -1.43851760e-02 
 1.36475389e-08 -1.46748702e-02 
 1.36495389e-08 -1.49611148e-02 
 1.36515389e-08 -1.52418704e-02 
 1.36535389e-08 -1.55143591e-02 
 1.36555389e-08 -1.57757419e-02 
 1.36575389e-08 -1.60227087e-02 
 1.36595389e-08 -1.62519744e-02 
 1.36615389e-08 -1.64600352e-02 
 1.36635389e-08 -1.66435018e-02 
 1.36655389e-08 -1.67989277e-02 
 1.36675389e-08 -1.69230040e-02 
 1.36695389e-08 -1.70124183e-02 
 1.36715389e-08 -1.70639521e-02 
 1.36735389e-08 -1.70743609e-02 
 1.36755389e-08 -1.70404134e-02 
 1.36775389e-08 -1.69587936e-02 
 1.36795389e-08 -1.68261081e-02 
 1.36815389e-08 -1.66388084e-02 
 1.36835389e-08 -1.63931822e-02 
 1.36855389e-08 -1.60852901e-02 
 1.36875389e-08 -1.57109469e-02 
 1.36895389e-08 -1.52656689e-02 
 1.36915389e-08 -1.47446460e-02 
 1.36935389e-08 -1.41426932e-02 
 1.36955389e-08 -1.34542139e-02 
 1.36975389e-08 -1.26731503e-02 
 1.36995389e-08 -1.17929361e-02 
 1.37015389e-08 -1.08064401e-02 
 1.37035389e-08 -9.70590523e-03 
 1.37055389e-08 -8.48287975e-03 
 1.37075389e-08 -7.12813780e-03 
 1.37095389e-08 -5.63159030e-03 
 1.37115389e-08 -3.98217885e-03 
 1.37135389e-08 -2.16775603e-03 
 1.37155389e-08 -1.74940198e-04 
 1.37175389e-08  2.01105721e-03 
 1.37195389e-08  4.40669244e-03 
 1.37215389e-08  7.03036145e-03 
 1.37235389e-08  9.90273007e-03 
 1.37255389e-08  1.30471615e-02 
 1.37275389e-08  1.64902511e-02 
 1.37295389e-08  2.02624926e-02 
 1.37315389e-08  2.43991119e-02 
 1.37335389e-08  2.89410952e-02 
 1.37355389e-08  3.39364486e-02 
 1.37375389e-08  3.94416899e-02 
 1.37395389e-08  4.55235492e-02 
 1.37415389e-08  5.22607342e-02 
 1.37435389e-08  5.97454556e-02 
 1.37455389e-08  6.80840678e-02 
 1.37475389e-08  7.73957609e-02 
 1.37495389e-08  8.78077848e-02 
 1.37515389e-08  9.94457935e-02 
 1.37535389e-08  1.12419319e-01 
 1.37555389e-08  1.26805688e-01 
 1.37575389e-08  1.42638966e-01 
 1.37595389e-08  1.59909808e-01 
 1.37615389e-08  1.78575877e-01 
 1.37635389e-08  1.98576392e-01 
 1.37655389e-08  2.19844138e-01 
 1.37675389e-08  2.42312469e-01 
 1.37695389e-08  2.65918166e-01 
 1.37715389e-08  2.90601991e-01 
 1.37735389e-08  3.16308201e-01 
 1.37755389e-08  3.42983734e-01 
 1.37775389e-08  3.70577272e-01 
 1.37795389e-08  3.99038267e-01 
 1.37815389e-08  4.28315876e-01 
 1.37835389e-08  4.58357777e-01 
 1.37855389e-08  4.89108770e-01 
 1.37875389e-08  5.20509106e-01 
 1.37895389e-08  5.52492397e-01 
 1.37915389e-08  5.84982970e-01 
 1.37935389e-08  6.17892500e-01 
 1.37955389e-08  6.51115745e-01 
 1.37975389e-08  6.84525381e-01 
 1.37995389e-08  7.17966242e-01 
 1.38015389e-08  7.51249910e-01 
 1.38035389e-08  7.84151622e-01 
 1.38055389e-08  8.16412382e-01 
 1.38075389e-08  8.47749314e-01 
 1.38095389e-08  8.77875358e-01 
 1.38115389e-08  9.06525340e-01 
 1.38135389e-08  9.33481406e-01 
 1.38155389e-08  9.58590196e-01 
 1.38175389e-08  9.81767859e-01 
 1.38195389e-08  1.00299436e+00 
 1.38215389e-08  1.02230168e+00 
 1.38235389e-08  1.03976043e+00 
 1.38255389e-08  1.05546772e+00 
 1.38275389e-08  1.06953738e+00 
 1.38295389e-08  1.08209242e+00 
 1.38315389e-08  1.09325945e+00 
 1.38335389e-08  1.10316452e+00 
 1.38355389e-08  1.11193011e+00 
 1.38375389e-08  1.11967306e+00 
 1.38395389e-08  1.12650309e+00 
 1.38415389e-08  1.13252201e+00 
 1.38435389e-08  1.13782326e+00 
 1.38455389e-08  1.14249184e+00 
 1.38475389e-08  1.14660450e+00 
 1.38495389e-08  1.15023006e+00 
 1.38515389e-08  1.15342990e+00 
 1.38535389e-08  1.15625843e+00 
 1.38555389e-08  1.15876374e+00 
 1.38575389e-08  1.16098809e+00 
 1.38595389e-08  1.16296856e+00 
 1.38615389e-08  1.16473752e+00 
 1.38635389e-08  1.16632322e+00 
 1.38655389e-08  1.16775019e+00 
 1.38675389e-08  1.16903977e+00 
 1.38695389e-08  1.17021041e+00 
 1.38715389e-08  1.17127808e+00 
 1.38735389e-08  1.17225657e+00 
 1.38755389e-08  1.17315776e+00 
 1.38775389e-08  1.17399185e+00 
 1.38795389e-08  1.17476762e+00 
 1.38815389e-08  1.17549256e+00 
 1.38835389e-08  1.17617309e+00 
 1.38855389e-08  1.17681470e+00 
 1.38875389e-08  1.17742206e+00 
 1.38895389e-08  1.17799914e+00 
 1.38915389e-08  1.17854936e+00 
 1.38935389e-08  1.17907561e+00 
 1.38955389e-08  1.17958037e+00 
 1.38975389e-08  1.18006578e+00 
 1.38995389e-08  1.18053228e+00 
 1.39015389e-08  1.18098147e+00 
 1.39035389e-08  1.18141590e+00 
 1.39055389e-08  1.18183699e+00 
 1.39075389e-08  1.18224594e+00 
 1.39095389e-08  1.18264362e+00 
 1.39115389e-08  1.18303085e+00 
 1.39135389e-08  1.18340826e+00 
 1.39155389e-08  1.18377645e+00 
 1.39175389e-08  1.18413592e+00 
 1.39195389e-08  1.18448711e+00 
 1.39215389e-08  1.18483038e+00 
 1.39235389e-08  1.18516990e+00 
 1.39255389e-08  1.18550490e+00 
 1.39275389e-08  1.18583135e+00 
 1.39295389e-08  1.18614980e+00 
 1.39315389e-08  1.18646049e+00 
 1.39335389e-08  1.18676358e+00 
 1.39355389e-08  1.18705906e+00 
 1.39375389e-08  1.18734692e+00 
 1.39395389e-08  1.18762701e+00 
 1.39415389e-08  1.18789914e+00 
 1.39435389e-08  1.18816306e+00 
 1.39455389e-08  1.18841850e+00 
 1.39475389e-08  1.18866511e+00 
 1.39495389e-08  1.18890259e+00 
 1.39515389e-08  1.18913062e+00 
 1.39535389e-08  1.18934895e+00 
 1.39555389e-08  1.18955746e+00 
 1.39575389e-08  1.18975618e+00 
 1.39595389e-08  1.18994540e+00 
 1.39615389e-08  1.19012568e+00 
 1.39635389e-08  1.19029787e+00 
 1.39655389e-08  1.19046309e+00 
 1.39675389e-08  1.19062262e+00 
 1.39695389e-08  1.19077775e+00 
 1.39715389e-08  1.19092968e+00 
 1.39735389e-08  1.19107942e+00 
 1.39755389e-08  1.19122774e+00 
 1.39775389e-08  1.19137518e+00 
 1.39795389e-08  1.19152209e+00 
 1.39815389e-08  1.19166865e+00 
 1.39835389e-08  1.19181493e+00 
 1.39855389e-08  1.19196092e+00 
 1.39875389e-08  1.19210657e+00 
 1.39895389e-08  1.19225179e+00 
 1.39915389e-08  1.19239648e+00 
 1.39935389e-08  1.19254057e+00 
 1.39955389e-08  1.19268182e+00 
 1.39975389e-08  1.19282057e+00 
 1.39995389e-08  1.19296095e+00 
 1.40015389e-08  1.19310322e+00 
 1.40035389e-08  1.19324575e+00 
 1.40055389e-08  1.19338848e+00 
 1.40075389e-08  1.19353180e+00 
 1.40095389e-08  1.19367631e+00 
 1.40115389e-08  1.19382287e+00 
 1.40135389e-08  1.19397240e+00 
 1.40155389e-08  1.19412594e+00 
 1.40175389e-08  1.19428452e+00 
 1.40195389e-08  1.19444914e+00 
 1.40215389e-08  1.19462073e+00 
 1.40235389e-08  1.19480015e+00 
 1.40255389e-08  1.19498815e+00 
 1.40275389e-08  1.19518543e+00 
 1.40295389e-08  1.19539258e+00 
 1.40315389e-08  1.19561011e+00 
 1.40335389e-08  1.19583847e+00 
 1.40355389e-08  1.19607805e+00 
 1.40375389e-08  1.19632918e+00 
 1.40395389e-08  1.19659214e+00 
 1.40415389e-08  1.19686718e+00 
 1.40435389e-08  1.19715453e+00 
 1.40455389e-08  1.19745443e+00 
 1.40475389e-08  1.19776707e+00 
 1.40495389e-08  1.19809272e+00 
 1.40515389e-08  1.19843163e+00 
 1.40535389e-08  1.19878411e+00 
 1.40555389e-08  1.19915053e+00 
 1.40575389e-08  1.19953130e+00 
 1.40595389e-08  1.19992691e+00 
 1.40615389e-08  1.20033790e+00 
 1.40635389e-08  1.20076486e+00 
 1.40655389e-08  1.20120846e+00 
 1.40675389e-08  1.20166938e+00 
 1.40695389e-08  1.20214830e+00 
 1.40715389e-08  1.20264591e+00 
 1.40735389e-08  1.20316285e+00 
 1.40755389e-08  1.20369970e+00 
 1.40775389e-08  1.20425691e+00 
 1.40795389e-08  1.20483481e+00 
 1.40815389e-08  1.20543347e+00 
 1.40835389e-08  1.20605262e+00 
 1.40855389e-08  1.20669146e+00 
 1.40875389e-08  1.20734842e+00 
 1.40895389e-08  1.20802092e+00 
 1.40915389e-08  1.20870528e+00 
 1.40935389e-08  1.20939686e+00 
 1.40955389e-08  1.21009058e+00 
 1.40975389e-08  1.21078152e+00 
 1.40995389e-08  1.21146554e+00 
 1.41015389e-08  1.21213962e+00 
 1.41035389e-08  1.21280190e+00 
 1.41055389e-08  1.21345151e+00 
 1.41075389e-08  1.21408834e+00 
 1.41095389e-08  1.21471271e+00 
 1.41115389e-08  1.21532522e+00 
 1.41135389e-08  1.21592656e+00 
 1.41155389e-08  1.21651741e+00 
 1.41175389e-08  1.21709839e+00 
 1.41195389e-08  1.21767002e+00 
 1.41215389e-08  1.21823270e+00 
 1.41235389e-08  1.21878675e+00 
 1.41255389e-08  1.21933240e+00 
 1.41275389e-08  1.21986977e+00 
 1.41295389e-08  1.22039897e+00 
 1.41315389e-08  1.22092002e+00 
 1.41335389e-08  1.22143293e+00 
 1.41355389e-08  1.22193768e+00 
 1.41375389e-08  1.22243423e+00 
 1.41395389e-08  1.22292254e+00 
 1.41415389e-08  1.22340256e+00 
 1.41435389e-08  1.22387426e+00 
 1.41455389e-08  1.22433757e+00 
 1.41475389e-08  1.22479245e+00 
 1.41495389e-08  1.22523883e+00 
 1.41515389e-08  1.22567662e+00 
 1.41535389e-08  1.22610534e+00 
 1.41555389e-08  1.22652509e+00 
 1.41575389e-08  1.22693632e+00 
 1.41595389e-08  1.22733863e+00 
 1.41615389e-08  1.22773147e+00 
 1.41635389e-08  1.22811419e+00 
 1.41655389e-08  1.22848594e+00 
 1.41675389e-08  1.22884571e+00 
 1.41695389e-08  1.22919218e+00 
 1.41715389e-08  1.22952377e+00 
 1.41735389e-08  1.22983847e+00 
 1.41755389e-08  1.23013212e+00 
 1.41775389e-08  1.23040179e+00 
 1.41795389e-08  1.23064588e+00 
 1.41815389e-08  1.23086062e+00 
 1.41835389e-08  1.23104182e+00 
 1.41855389e-08  1.23118491e+00 
 1.41875389e-08  1.23128504e+00 
 1.41895389e-08  1.23133719e+00 
 1.41915389e-08  1.23133628e+00 
 1.41935389e-08  1.23127731e+00 
 1.41955389e-08  1.23115548e+00 
 1.41975389e-08  1.23096621e+00 
 1.41995389e-08  1.23070528e+00 
 1.42015389e-08  1.23036873e+00 
 1.42035389e-08  1.22995292e+00 
 1.42055389e-08  1.22945441e+00 
 1.42075389e-08  1.22886995e+00 
 1.42095389e-08  1.22819636e+00 
 1.42115389e-08  1.22743052e+00 
 1.42135389e-08  1.22656924e+00 
 1.42155389e-08  1.22560927e+00 
 1.42175389e-08  1.22454724e+00 
 1.42195389e-08  1.22337963e+00 
 1.42215389e-08  1.22210275e+00 
 1.42235389e-08  1.22071272e+00 
 1.42255389e-08  1.21920549e+00 
 1.42275389e-08  1.21757678e+00 
 1.42295389e-08  1.21582214e+00 
 1.42315389e-08  1.21393686e+00 
 1.42335389e-08  1.21191604e+00 
 1.42355389e-08  1.20975451e+00 
 1.42375389e-08  1.20744685e+00 
 1.42395389e-08  1.20498735e+00 
 1.42415389e-08  1.20236999e+00 
 1.42435389e-08  1.19958838e+00 
 1.42455389e-08  1.19663579e+00 
 1.42475389e-08  1.19350503e+00 
 1.42495389e-08  1.19018842e+00 
 1.42515389e-08  1.18667766e+00 
 1.42535389e-08  1.18296375e+00 
 1.42555389e-08  1.17905371e+00 
 1.42575389e-08  1.17493596e+00 
 1.42595389e-08  1.17058195e+00 
 1.42615389e-08  1.16597961e+00 
 1.42635389e-08  1.16111511e+00 
 1.42655389e-08  1.15597300e+00 
 1.42675389e-08  1.15050413e+00 
 1.42695389e-08  1.14468646e+00 
 1.42715389e-08  1.13852472e+00 
 1.42735389e-08  1.13198929e+00 
 1.42755389e-08  1.12504598e+00 
 1.42775389e-08  1.11765476e+00 
 1.42795389e-08  1.10976906e+00 
 1.42815389e-08  1.10133452e+00 
 1.42835389e-08  1.09228818e+00 
 1.42855389e-08  1.08255774e+00 
 1.42875389e-08  1.07206178e+00 
 1.42895389e-08  1.06071103e+00 
 1.42915389e-08  1.04841180e+00 
 1.42935389e-08  1.03507179e+00 
 1.42955389e-08  1.02060831e+00 
 1.42975389e-08  1.00495768e+00 
 1.42995389e-08  9.88083154e-01 
 1.43015389e-08  9.69978510e-01 
 1.43035389e-08  9.50665876e-01 
 1.43055389e-08  9.30188863e-01 
 1.43075389e-08  9.08604057e-01 
 1.43095389e-08  8.85973585e-01 
 1.43115389e-08  8.62360151e-01 
 1.43135389e-08  8.37824418e-01 
 1.43155389e-08  8.12424067e-01 
 1.43175389e-08  7.86252045e-01 
 1.43195389e-08  7.59352764e-01 
 1.43215389e-08  7.31734926e-01 
 1.43235389e-08  7.03449833e-01 
 1.43255389e-08  6.74531270e-01 
 1.43275389e-08  6.45032878e-01 
 1.43295389e-08  6.15018279e-01 
 1.43315389e-08  5.84536775e-01 
 1.43335389e-08  5.53640934e-01 
 1.43355389e-08  5.22386506e-01 
 1.43375389e-08  4.90835650e-01 
 1.43395389e-08  4.59058636e-01 
 1.43415389e-08  4.27138422e-01 
 1.43435389e-08  3.95175233e-01 
 1.43455389e-08  3.63294137e-01 
 1.43475389e-08  3.31653587e-01 
 1.43495389e-08  3.00455954e-01 
 1.43515389e-08  2.69956277e-01 
 1.43535389e-08  2.40465562e-01 
 1.43555389e-08  2.12341009e-01 
 1.43575389e-08  1.85958581e-01 
 1.43595389e-08  1.61668753e-01 
 1.43615389e-08  1.39746909e-01 
 1.43635389e-08  1.20354016e-01 
 1.43655389e-08  1.03519949e-01 
 1.43675389e-08  8.91515336e-02 
 1.43695389e-08  7.70591973e-02 
 1.43715389e-08  6.69920039e-02 
 1.43735389e-08  5.86720088e-02 
 1.43755389e-08  5.17718972e-02 
 1.43775389e-08  4.60612279e-02 
 1.43795389e-08  4.13803254e-02 
 1.43815389e-08  3.75172383e-02 
 1.43835389e-08  3.42990184e-02 
 1.43855389e-08  3.15891008e-02 
 1.43875389e-08  2.92876109e-02 
 1.43895389e-08  2.73078337e-02 
 1.43915389e-08  2.55755150e-02 
 1.43935389e-08  2.40448041e-02 
 1.43955389e-08  2.26802610e-02 
 1.43975389e-08  2.14542267e-02 
 1.43995389e-08  2.03452062e-02 
 1.44015389e-08  1.93362101e-02 
 1.44035389e-08  1.84137952e-02 
 1.44055389e-08  1.75670804e-02 
 1.44075389e-08  1.67872186e-02 
 1.44095389e-08  1.60668408e-02 
 1.44115389e-08  1.53997850e-02 
 1.44135389e-08  1.47807883e-02 
 1.44155389e-08  1.42053499e-02 
 1.44175389e-08  1.36695545e-02 
 1.44195389e-08  1.31699954e-02 
 1.44215389e-08  1.27036670e-02 
 1.44235389e-08  1.22679148e-02 
 1.44255389e-08  1.18603659e-02 
 1.44275389e-08  1.14788939e-02 
 1.44295389e-08  1.11215737e-02 
 1.44315389e-08  1.07866558e-02 
 1.44335389e-08  1.04725367e-02 
 1.44355389e-08  1.01777407e-02 
 1.44375389e-08  9.90090071e-03 
 1.44395389e-08  9.64074520e-03 
 1.44415389e-08  9.39608643e-03 
 1.44435389e-08  9.16581093e-03 
 1.44455389e-08  8.94887334e-03 
 1.44475389e-08  8.74428931e-03 
 1.44495389e-08  8.55113306e-03 
 1.44515389e-08  8.36853214e-03 
 1.44535389e-08  8.19566730e-03 
 1.44555389e-08  8.03176833e-03 
 1.44575389e-08  7.87611525e-03 
 1.44595389e-08  7.72803466e-03 
 1.44615389e-08  7.58690165e-03 
 1.44635389e-08  7.45213660e-03 
 1.44655389e-08  7.32320784e-03 
 1.44675389e-08  7.19962954e-03 
 1.44695389e-08  7.08096615e-03 
 1.44715389e-08  6.96683260e-03 
 1.44735389e-08  6.85690150e-03 
 1.44755389e-08  6.75090640e-03 
 1.44775389e-08  6.64865165e-03 
 1.44795389e-08  6.55001720e-03 
 1.44815389e-08  6.45496718e-03 
 1.44835389e-08  6.36354912e-03 
 1.44855389e-08  6.27589075e-03 
 1.44875389e-08  6.19218044e-03 
 1.44895389e-08  6.11263882e-03 
 1.44915389e-08  6.03747225e-03 
 1.44935389e-08  5.96682608e-03 
 1.44955389e-08  5.90074601e-03 
 1.44975389e-08  5.83918251e-03 
 1.44995389e-08  5.78204135e-03 
 1.45015389e-08  5.72926497e-03 
 1.45035389e-08  5.68087715e-03 
 1.45055389e-08  5.63696159e-03 
 1.45075389e-08  5.59757872e-03 
 1.45095389e-08  5.56267597e-03 
 1.45115389e-08  5.53202232e-03 
 1.45135389e-08  5.50519494e-03 
 1.45155389e-08  5.48160547e-03 
 1.45175389e-08  5.46055840e-03 
 1.45195389e-08  5.44131247e-03 
 1.45215389e-08  5.42313881e-03 
 1.45235389e-08  5.40535880e-03 
 1.45255389e-08  5.38736909e-03 
 1.45275389e-08  5.36864736e-03 
 1.45295389e-08  5.34875164e-03 
 1.45315389e-08  5.32730812e-03 
 1.45335389e-08  5.30399919e-03 
 1.45355389e-08  5.27854483e-03 
 1.45375389e-08  5.25068676e-03 
 1.45395389e-08  5.22016700e-03 
 1.45415389e-08  5.18682142e-03 
 1.45435389e-08  5.15052103e-03 
 1.45455389e-08  5.11063073e-03 
 1.45475389e-08  5.06632509e-03 
 1.45495389e-08  5.01706424e-03 
 1.45515389e-08  4.96226457e-03 
 1.45535389e-08  4.90115696e-03 
 1.45555389e-08  4.83282416e-03 
 1.45575389e-08  4.75632635e-03 
 1.45595389e-08  4.67079013e-03 
 1.45615389e-08  4.57552780e-03 
 1.45635389e-08  4.47010942e-03 
 1.45655389e-08  4.35439115e-03 
 1.45675389e-08  4.22848044e-03 
 1.45695389e-08  4.09266296e-03 
 1.45715389e-08  3.94731718e-03 
 1.45735389e-08  3.79284277e-03 
 1.45755389e-08  3.62961490e-03 
 1.45775389e-08  3.45796566e-03 
 1.45795389e-08  3.27818409e-03 
 1.45815389e-08  3.09052833e-03 
 1.45835389e-08  2.89523919e-03 
 1.45855389e-08  2.69255428e-03 
 1.45875389e-08  2.48271551e-03 
 1.45895389e-08  2.26597462e-03 
 1.45915389e-08  2.04259152e-03 
 1.45935389e-08  1.81283231e-03 
 1.45955389e-08  1.57696178e-03 
 1.45975389e-08  1.33523790e-03 
 1.45995389e-08  1.08790240e-03 
 1.46015389e-08  8.35174870e-04 
 1.46035389e-08  5.77243992e-04 
 1.46055389e-08  3.14263108e-04 
 1.46075389e-08  4.63435779e-05 
 1.46095389e-08 -2.26447182e-04 
 1.46115389e-08 -5.04089130e-04 
 1.46135389e-08 -7.86607498e-04 
 1.46155389e-08 -1.07407117e-03 
 1.46175389e-08 -1.36658425e-03 
 1.46195389e-08 -1.66427581e-03 
 1.46215389e-08 -1.96728024e-03 
 1.46235389e-08 -2.27571264e-03 
 1.46255389e-08 -2.58963210e-03 
 1.46275389e-08 -2.90899840e-03 
 1.46295389e-08 -3.23361822e-03 
 1.46315389e-08 -3.56309228e-03 
 1.46335389e-08 -3.89676769e-03 
 1.46355389e-08 -4.23371632e-03 
 1.46375389e-08 -4.57274898e-03 
 1.46395389e-08 -4.91248184e-03 
 1.46415389e-08 -5.25144604e-03 
 1.46435389e-08 -5.58822607e-03 
 1.46455389e-08 -5.92158887e-03 
 1.46475389e-08 -6.25057880e-03 
 1.46495389e-08 -6.57455655e-03 
 1.46515389e-08 -6.89319046e-03 
 1.46535389e-08 -7.20641069e-03 
 1.46555389e-08 -7.51435151e-03 
 1.46575389e-08 -7.81729119e-03 
 1.46595389e-08 -8.11560388e-03 
 1.46615389e-08 -8.40972039e-03 
 1.46635389e-08 -8.70010257e-03 
 1.46655389e-08 -8.98722365e-03 
 1.46675389e-08 -9.27155748e-03 
 1.46695389e-08 -9.55356950e-03 
 1.46715389e-08 -9.83371339e-03 
 1.46735389e-08 -1.01124275e-02 
 1.46755389e-08 -1.03901352e-02 
 1.46775389e-08 -1.06672447e-02 
 1.46795389e-08 -1.09441505e-02 
 1.46815389e-08 -1.12212337e-02 
 1.46835389e-08 -1.14988624e-02 
 1.46855389e-08 -1.17773875e-02 
 1.46875389e-08 -1.20571373e-02 
 1.46895389e-08 -1.23343100e-02 
 1.46915389e-08 -1.26159933e-02 
 1.46935389e-08 -1.29037495e-02 
 1.46955389e-08 -1.31918615e-02 
 1.46975389e-08 -1.34814421e-02 
 1.46995389e-08 -1.37719758e-02 
 1.47015389e-08 -1.40634405e-02 
 1.47035389e-08 -1.43546446e-02 
 1.47055389e-08 -1.46445739e-02 
 1.47075389e-08 -1.49312660e-02 
 1.47095389e-08 -1.52127226e-02 
 1.47115389e-08 -1.54862069e-02 
 1.47135389e-08 -1.57489092e-02 
 1.47155389e-08 -1.59975424e-02 
 1.47175389e-08 -1.62288325e-02 
 1.47195389e-08 -1.64392803e-02 
 1.47215389e-08 -1.66254941e-02 
 1.47235389e-08 -1.67840221e-02 
 1.47255389e-08 -1.69115486e-02 
 1.47275389e-08 -1.70047559e-02 
 1.47295389e-08 -1.70604217e-02 
 1.47315389e-08 -1.70753017e-02 
 1.47335389e-08 -1.70461684e-02 
 1.47355389e-08 -1.69697138e-02 
 1.47375389e-08 -1.68425567e-02 
 1.47395389e-08 -1.66611651e-02 
 1.47415389e-08 -1.64218470e-02 
 1.47435389e-08 -1.61206876e-02 
 1.47455389e-08 -1.57535302e-02 
 1.47475389e-08 -1.53159235e-02 
 1.47495389e-08 -1.48030942e-02 
 1.47515389e-08 -1.42098981e-02 
 1.47535389e-08 -1.35307844e-02 
 1.47555389e-08 -1.27597456e-02 
 1.47575389e-08 -1.18902717e-02 
 1.47595389e-08 -1.09152931e-02 
 1.47615389e-08 -9.82712200e-03 
 1.47635389e-08 -8.61738301e-03 
 1.47655389e-08 -7.27693557e-03 
 1.47675389e-08 -5.79578599e-03 
 1.47695389e-08 -4.16298302e-03 
 1.47715389e-08 -2.36650004e-03 
 1.47735389e-08 -3.93092359e-04 
 1.47755389e-08  1.77187013e-03 
 1.47775389e-08  4.14465542e-03 
 1.47795389e-08  6.74344182e-03 
 1.47815389e-08  9.58863852e-03 
 1.47835389e-08  1.27033020e-02 
 1.47855389e-08  1.61136597e-02 
 1.47875389e-08  1.98497594e-02 
 1.47895389e-08  2.39462855e-02 
 1.47915389e-08  2.84435640e-02 
 1.47935389e-08  3.33887975e-02 
 1.47955389e-08  3.88375325e-02 
 1.47975389e-08  4.48553430e-02 
 1.47995389e-08  5.15195986e-02 
 1.48015389e-08  5.89210393e-02 
 1.48035389e-08  6.71645499e-02 
 1.48055389e-08  7.63681234e-02 
 1.48075389e-08  8.66585244e-02 
 1.48095389e-08  9.81621862e-02 
 1.48115389e-08  1.10991110e-01 
 1.48135389e-08  1.25226673e-01 
 1.48155389e-08  1.40907704e-01 
 1.48175389e-08  1.58029075e-01 
 1.48195389e-08  1.76551236e-01 
 1.48215389e-08  1.96414697e-01 
 1.48235389e-08  2.17552504e-01 
 1.48255389e-08  2.39897761e-01 
 1.48275389e-08  2.63386836e-01 
 1.48295389e-08  2.87960083e-01 
 1.48315389e-08  3.13561430e-01 
 1.48335389e-08  3.40137576e-01 
 1.48355389e-08  3.67637064e-01 
 1.48375389e-08  3.96009313e-01 
 1.48395389e-08  4.25203565e-01 
 1.48415389e-08  4.55167713e-01 
 1.48435389e-08  4.85846934e-01 
 1.48455389e-08  5.17182047e-01 
 1.48475389e-08  5.49107473e-01 
 1.48495389e-08  5.81548660e-01 
 1.48515389e-08  6.14418796e-01 
 1.48535389e-08  6.47614643e-01 
 1.48555389e-08  6.81011465e-01 
 1.48575389e-08  7.14457289e-01 
 1.48595389e-08  7.47767399e-01 
 1.48615389e-08  7.80720869e-01 
 1.48635389e-08  8.13061972e-01 
 1.48655389e-08  8.44509570e-01 
 1.48675389e-08  8.74775880e-01 
 1.48695389e-08  9.03592154e-01 
 1.48715389e-08  9.30734567e-01 
 1.48735389e-08  9.56042533e-01 
 1.48755389e-08  9.79425012e-01 
 1.48775389e-08  1.00085576e+00 
 1.48795389e-08  1.02036193e+00 
 1.48815389e-08  1.03801066e+00 
 1.48835389e-08  1.05389680e+00 
 1.48855389e-08  1.06813281e+00 
 1.48875389e-08  1.08084103e+00 
 1.48895389e-08  1.09214790e+00 
 1.48915389e-08  1.10217968e+00 
 1.48935389e-08  1.11105937e+00 
 1.48955389e-08  1.11890445e+00 
 1.48975389e-08  1.12582546e+00 
 1.48995389e-08  1.13192504e+00 
 1.49015389e-08  1.13729753e+00 
 1.49035389e-08  1.14202883e+00 
 1.49055389e-08  1.14619651e+00 
 1.49075389e-08  1.14987023e+00 
 1.49095389e-08  1.15311211e+00 
 1.49115389e-08  1.15597729e+00 
 1.49135389e-08  1.15851446e+00 
 1.49155389e-08  1.16076650e+00 
 1.49175389e-08  1.16277099e+00 
 1.49195389e-08  1.16456078e+00 
 1.49215389e-08  1.16616451e+00 
 1.49235389e-08  1.16760710e+00 
 1.49255389e-08  1.16891020e+00 
 1.49275389e-08  1.17009254e+00 
 1.49295389e-08  1.17117034e+00 
 1.49315389e-08  1.17215761e+00 
 1.49335389e-08  1.17306641e+00 
 1.49355389e-08  1.17390712e+00 
 1.49375389e-08  1.17468864e+00 
 1.49395389e-08  1.17541860e+00 
 1.49415389e-08  1.17610353e+00 
 1.49435389e-08  1.17674899e+00 
 1.49455389e-08  1.17735975e+00 
 1.49475389e-08  1.17793984e+00 
 1.49495389e-08  1.17849274e+00 
 1.49515389e-08  1.17902138e+00 
 1.49535389e-08  1.17952830e+00 
 1.49555389e-08  1.18001564e+00 
 1.49575389e-08  1.18048393e+00 
 1.49595389e-08  1.18093475e+00 
 1.49615389e-08  1.18137068e+00 
 1.49635389e-08  1.18179315e+00 
 1.49655389e-08  1.18220336e+00 
 1.49675389e-08  1.18260222e+00 
 1.49695389e-08  1.18299054e+00 
 1.49715389e-08  1.18336897e+00 
 1.49735389e-08  1.18373813e+00 
 1.49755389e-08  1.18409850e+00 
 1.49775389e-08  1.18445056e+00 
 1.49795389e-08  1.18479466e+00 
 1.49815389e-08  1.18513494e+00 
 1.49835389e-08  1.18547069e+00 
 1.49855389e-08  1.18579787e+00 
 1.49875389e-08  1.18611705e+00 
 1.49895389e-08  1.18642847e+00 
 1.49915389e-08  1.18673230e+00 
 1.49935389e-08  1.18702854e+00 
 1.49955389e-08  1.18731717e+00 
 1.49975389e-08  1.18759804e+00 
 1.49995389e-08  1.18787100e+00 
 1.50015389e-08  1.18813578e+00 
 1.50035389e-08  1.18839210e+00 
 1.50055389e-08  1.18863965e+00 
 1.50075389e-08  1.18887809e+00 
 1.50095389e-08  1.18910711e+00 
 1.50115389e-08  1.18932646e+00 
 1.50135389e-08  1.18953600e+00 
 1.50155389e-08  1.18973574e+00 
 1.50175389e-08  1.18992593e+00 
 1.50195389e-08  1.19010711e+00 
 1.50215389e-08  1.19028009e+00 
 1.50235389e-08  1.19044599e+00 
 1.50255389e-08  1.19060605e+00 
 1.50275389e-08  1.19076159e+00 
 1.50295389e-08  1.19091380e+00 
 1.50315389e-08  1.19106373e+00 
 1.50335389e-08  1.19121217e+00 
 1.50355389e-08  1.19135969e+00 
 1.50375389e-08  1.19150664e+00 
 1.50395389e-08  1.19165323e+00 
 1.50415389e-08  1.19179954e+00 
 1.50435389e-08  1.19194557e+00 
 1.50455389e-08  1.19209126e+00 
 1.50475389e-08  1.19223653e+00 
 1.50495389e-08  1.19238128e+00 
 1.50515389e-08  1.19252544e+00 
 1.50535389e-08  1.19266674e+00 
 1.50555389e-08  1.19280553e+00 
 1.50575389e-08  1.19294600e+00 
 1.50595389e-08  1.19308836e+00 
 1.50615389e-08  1.19323092e+00 
 1.50635389e-08  1.19337362e+00 
 1.50655389e-08  1.19351683e+00 
 1.50675389e-08  1.19366116e+00 
 1.50695389e-08  1.19380744e+00 
 1.50715389e-08  1.19395659e+00 
 1.50735389e-08  1.19410965e+00 
 1.50755389e-08  1.19426763e+00 
 1.50775389e-08  1.19443156e+00 
 1.50795389e-08  1.19460236e+00 
 1.50815389e-08  1.19478091e+00 
 1.50835389e-08  1.19496797e+00 
 1.50855389e-08  1.19516425e+00 
 1.50875389e-08  1.19537033e+00 
 1.50895389e-08  1.19558674e+00 
 1.50915389e-08  1.19581395e+00 
 1.50935389e-08  1.19605233e+00 
 1.50955389e-08  1.19630223e+00 
 1.50975389e-08  1.19656393e+00 
 1.50995389e-08  1.19683769e+00 
 1.51015389e-08  1.19712374e+00 
 1.51035389e-08  1.19742231e+00 
 1.51055389e-08  1.19773361e+00 
 1.51075389e-08  1.19805788e+00 
 1.51095389e-08  1.19839538e+00 
 1.51115389e-08  1.19874642e+00 
 1.51135389e-08  1.19911136e+00 
 1.51155389e-08  1.19949061e+00 
 1.51175389e-08  1.19988463e+00 
 1.51195389e-08  1.20029397e+00 
 1.51215389e-08  1.20071924e+00 
 1.51235389e-08  1.20116106e+00 
 1.51255389e-08  1.20162012e+00 
 1.51275389e-08  1.20209712e+00 
 1.51295389e-08  1.20259274e+00 
 1.51315389e-08  1.20310762e+00 
 1.51335389e-08  1.20364236e+00 
 1.51355389e-08  1.20419741e+00 
 1.51375389e-08  1.20477313e+00 
 1.51395389e-08  1.20536961e+00 
 1.51415389e-08  1.20598664e+00 
 1.51435389e-08  1.20662347e+00 
 1.51455389e-08  1.20727863e+00 
 1.51475389e-08  1.20794965e+00 
 1.51495389e-08  1.20863297e+00 
 1.51515389e-08  1.20932403e+00 
 1.51535389e-08  1.21001777e+00 
 1.51555389e-08  1.21070921e+00 
 1.51575389e-08  1.21139412e+00 
 1.51595389e-08  1.21206935e+00 
 1.51615389e-08  1.21273292e+00 
 1.51635389e-08  1.21338388e+00 
 1.51655389e-08  1.21402204e+00 
 1.51675389e-08  1.21464769e+00 
 1.51695389e-08  1.21526142e+00 
 1.51715389e-08  1.21586390e+00 
 1.51735389e-08  1.21645583e+00 
 1.51755389e-08  1.21703782e+00 
 1.51775389e-08  1.21761041e+00 
 1.51795389e-08  1.21817401e+00 
 1.51815389e-08  1.21872896e+00 
 1.51835389e-08  1.21927548e+00 
 1.51855389e-08  1.21981372e+00 
 1.51875389e-08  1.22034377e+00 
 1.51895389e-08  1.22086568e+00 
 1.51915389e-08  1.22137944e+00 
 1.51935389e-08  1.22188505e+00 
 1.51955389e-08  1.22238246e+00 
 1.51975389e-08  1.22287164e+00 
 1.51995389e-08  1.22335253e+00 
 1.52015389e-08  1.22382510e+00 
 1.52035389e-08  1.22428930e+00 
 1.52055389e-08  1.22474507e+00 
 1.52075389e-08  1.22519234e+00 
 1.52095389e-08  1.22563105e+00 
 1.52115389e-08  1.22606067e+00 
 1.52135389e-08  1.22648135e+00 
 1.52155389e-08  1.22689353e+00 
 1.52175389e-08  1.22729683e+00 
 1.52195389e-08  1.22769072e+00 
 1.52215389e-08  1.22807455e+00 
 1.52235389e-08  1.22844751e+00 
 1.52255389e-08  1.22880860e+00 
 1.52275389e-08  1.22915654e+00 
 1.52295389e-08  1.22948978e+00 
 1.52315389e-08  1.22980636e+00 
 1.52335389e-08  1.23010219e+00 
 1.52355389e-08  1.23037439e+00 
 1.52375389e-08  1.23062138e+00 
 1.52395389e-08  1.23083942e+00 
 1.52415389e-08  1.23102438e+00 
 1.52435389e-08  1.23117173e+00 
 1.52455389e-08  1.23127663e+00 
 1.52475389e-08  1.23133407e+00 
 1.52495389e-08  1.23133899e+00 
 1.52515389e-08  1.23128636e+00 
 1.52535389e-08  1.23117136e+00 
 1.52555389e-08  1.23098939e+00 
 1.52575389e-08  1.23073619e+00 
 1.52595389e-08  1.23040777e+00 
 1.52615389e-08  1.23000045e+00 
 1.52635389e-08  1.22951079e+00 
 1.52655389e-08  1.22893552e+00 
 1.52675389e-08  1.22827145e+00 
 1.52695389e-08  1.22751545e+00 
 1.52715389e-08  1.22666435e+00 
 1.52735389e-08  1.22571491e+00 
 1.52755389e-08  1.22466378e+00 
 1.52775389e-08  1.22350743e+00 
 1.52795389e-08  1.22224221e+00 
 1.52815389e-08  1.22086426e+00 
 1.52835389e-08  1.21936955e+00 
 1.52855389e-08  1.21775381e+00 
 1.52875389e-08  1.21601262e+00 
 1.52895389e-08  1.21414130e+00 
 1.52915389e-08  1.21213496e+00 
 1.52935389e-08  1.20998847e+00 
 1.52955389e-08  1.20769643e+00 
 1.52975389e-08  1.20525317e+00 
 1.52995389e-08  1.20265269e+00 
 1.53015389e-08  1.19988866e+00 
 1.53035389e-08  1.19695437e+00 
 1.53055389e-08  1.19384269e+00 
 1.53075389e-08  1.19054599e+00 
 1.53095389e-08  1.18705604e+00 
 1.53115389e-08  1.18336394e+00 
 1.53135389e-08  1.17945996e+00 
 1.53155389e-08  1.17535162e+00 
 1.53175389e-08  1.17102653e+00 
 1.53195389e-08  1.16645382e+00 
 1.53215389e-08  1.16162016e+00 
 1.53235389e-08  1.15651019e+00 
 1.53255389e-08  1.15107560e+00 
 1.53275389e-08  1.14529466e+00 
 1.53295389e-08  1.13917226e+00 
 1.53315389e-08  1.13267919e+00 
 1.53335389e-08  1.12578190e+00 
 1.53355389e-08  1.11844097e+00 
 1.53375389e-08  1.11061067e+00 
 1.53395389e-08  1.10223747e+00 
 1.53415389e-08  1.09325941e+00 
 1.53435389e-08  1.08360518e+00 
 1.53455389e-08  1.07319430e+00 
 1.53475389e-08  1.06193822e+00 
 1.53495389e-08  1.04974352e+00 
 1.53515389e-08  1.03651739e+00 
 1.53535389e-08  1.02217573e+00 
 1.53555389e-08  1.00665244e+00 
 1.53575389e-08  9.89907700e-01 
 1.53595389e-08  9.71932081e-01 
 1.53615389e-08  9.52745006e-01 
 1.53635389e-08  9.32388221e-01 
 1.53655389e-08  9.10917333e-01 
 1.53675389e-08  8.88394162e-01 
 1.53695389e-08  8.64881508e-01 
 1.53715389e-08  8.40440312e-01 
 1.53735389e-08  8.15128578e-01 
 1.53755389e-08  7.89040441e-01 
 1.53775389e-08  7.62220398e-01 
 1.53795389e-08  7.34676324e-01 
 1.53815389e-08  7.06459732e-01 
 1.53835389e-08  6.77604040e-01 
 1.53855389e-08  6.48162937e-01 
 1.53875389e-08  6.18200492e-01 
 1.53895389e-08  5.87765815e-01 
 1.53915389e-08  5.56911149e-01 
 1.53935389e-08  5.25691755e-01 
 1.53955389e-08  4.94169061e-01 
 1.53975389e-08  4.62412280e-01 
 1.53995389e-08  4.30502853e-01 
 1.54015389e-08  3.98538861e-01 
 1.54035389e-08  3.66642388e-01 
 1.54055389e-08  3.34967882e-01 
 1.54075389e-08  3.03712630e-01 
 1.54095389e-08  2.73125811e-01 
 1.54115389e-08  2.43512726e-01 
 1.54135389e-08  2.15226667e-01 
 1.54155389e-08  1.88643478e-01 
 1.54175389e-08  1.64118683e-01 
 1.54195389e-08  1.41937738e-01 
 1.54215389e-08  1.22274886e-01 
 1.54235389e-08  1.05173830e-01 
 1.54255389e-08  9.05533391e-02 
 1.54275389e-08  7.82324046e-02 
 1.54295389e-08  6.79648590e-02 
 1.54315389e-08  5.94741542e-02 
 1.54335389e-08  5.24299854e-02 
 1.54355389e-08  4.66001931e-02 
 1.54375389e-08  4.18241956e-02 
 1.54395389e-08  3.78857841e-02 
 1.54415389e-08  3.46080782e-02 
 1.54435389e-08  3.18511787e-02 
 1.54455389e-08  2.95126693e-02 
 1.54475389e-08  2.75035046e-02 
 1.54495389e-08  2.57473953e-02 
 1.54515389e-08  2.41972353e-02 
 1.54535389e-08  2.28166025e-02 
 1.54555389e-08  2.15770910e-02 
 1.54575389e-08  2.04566328e-02 
 1.54595389e-08  1.94378100e-02 
 1.54615389e-08  1.85068528e-02 
 1.54635389e-08  1.76526369e-02 
 1.54655389e-08  1.68661284e-02 
 1.54675389e-08  1.61398168e-02 
 1.54695389e-08  1.54674284e-02 
 1.54715389e-08  1.48436134e-02 
 1.54735389e-08  1.42637991e-02 
 1.54755389e-08  1.37240133e-02 
 1.54775389e-08  1.32208008e-02 
 1.54795389e-08  1.27511168e-02 
 1.54815389e-08  1.23122732e-02 
 1.54835389e-08  1.19018695e-02 
 1.54855389e-08  1.15177555e-02 
 1.54875389e-08  1.11579866e-02 
 1.54895389e-08  1.08207960e-02 
 1.54915389e-08  1.05045662e-02 
 1.54935389e-08  1.02078088e-02 
 1.54955389e-08  9.92914622e-03 
 1.54975389e-08  9.66729719e-03 
 1.54995389e-08  9.42106599e-03 
 1.55015389e-08  9.18933141e-03 
 1.55035389e-08  8.97104159e-03 
 1.55055389e-08  8.76520564e-03 
 1.55075389e-08  8.57089218e-03 
 1.55095389e-08  8.38722293e-03 
 1.55115389e-08  8.21337350e-03 
 1.55135389e-08  8.04856825e-03 
 1.55155389e-08  7.89208236e-03 
 1.55175389e-08  7.74323721e-03 
 1.55195389e-08  7.60140319e-03 
 1.55215389e-08  7.46599559e-03 
 1.55235389e-08  7.33647805e-03 
 1.55255389e-08  7.21235951e-03 
 1.55275389e-08  7.09319938e-03 
 1.55295389e-08  6.97860676e-03 
 1.55315389e-08  6.86824829e-03 
 1.55335389e-08  6.76185045e-03 
 1.55355389e-08  6.65921013e-03 
 1.55375389e-08  6.56019867e-03 
 1.55395389e-08  6.46477152e-03 
 1.55415389e-08  6.37296721e-03 
 1.55435389e-08  6.28490595e-03 
 1.55455389e-08  6.20077062e-03 
 1.55475389e-08  6.12078067e-03 
 1.55495389e-08  6.04514600e-03 
 1.55515389e-08  5.97402081e-03 
 1.55535389e-08  5.90746178e-03 
 1.55555389e-08  5.84542805e-03 
 1.55575389e-08  5.78782611e-03 
 1.55595389e-08  5.73459157e-03 
 1.55615389e-08  5.68573918e-03 
 1.55635389e-08  5.64134977e-03 
 1.55655389e-08  5.60149046e-03 
 1.55675389e-08  5.56612456e-03 
 1.55695389e-08  5.53504112e-03 
 1.55715389e-08  5.50783709e-03 
 1.55735389e-08  5.48393893e-03 
 1.55755389e-08  5.46265965e-03 
 1.55775389e-08  5.44325966e-03 
 1.55795389e-08  5.42500688e-03 
 1.55815389e-08  5.40721577e-03 
 1.55835389e-08  5.38927473e-03 
 1.55855389e-08  5.37065263e-03 
 1.55875389e-08  5.35089968e-03 
 1.55895389e-08  5.32963525e-03 
 1.55915389e-08  5.30653683e-03 
 1.55935389e-08  5.28132101e-03 
 1.55955389e-08  5.25372836e-03 
 1.55975389e-08  5.22350158e-03 
 1.55995389e-08  5.19047707e-03 
 1.56015389e-08  5.15452980e-03 
 1.56035389e-08  5.11504267e-03 
 1.56055389e-08  5.07120312e-03 
 1.56075389e-08  5.02247599e-03 
 1.56095389e-08  4.96829087e-03 
 1.56115389e-08  4.90789145e-03 
 1.56135389e-08  4.84036672e-03 
 1.56155389e-08  4.76477496e-03 
 1.56175389e-08  4.68022908e-03 
 1.56195389e-08  4.58601801e-03 
 1.56215389e-08  4.48168205e-03 
 1.56235389e-08  4.36704826e-03 
 1.56255389e-08  4.24220047e-03 
 1.56275389e-08  4.10740991e-03 
 1.56295389e-08  3.96304892e-03 
 1.56315389e-08  3.80951779e-03 
 1.56335389e-08  3.64719544e-03 
 1.56355389e-08  3.47641894e-03 
 1.56375389e-08  3.29748127e-03 
 1.56395389e-08  3.11064333e-03 
 1.56415389e-08  2.91614694e-03 
 1.56435389e-08  2.71422974e-03 
 1.56455389e-08  2.50513271e-03 
 1.56475389e-08  2.28910671e-03 
 1.56495389e-08  2.06641071e-03 
 1.56515389e-08  1.83731059e-03 
 1.56535389e-08  1.60207143e-03 
 1.56555389e-08  1.36095246e-03 
 1.56575389e-08  1.11419730e-03 
 1.56595389e-08  8.62028408e-04 
 1.56615389e-08  6.04637826e-04 
 1.56635389e-08  3.42183084e-04 
 1.56655389e-08  7.47799490e-05 
 1.56675389e-08 -1.97499205e-04 
 1.56695389e-08 -4.74629537e-04 
 1.56715389e-08 -7.56631403e-04 
 1.56735389e-08 -1.04356955e-03 
 1.56755389e-08 -1.33554462e-03 
 1.56775389e-08 -1.63268401e-03 
 1.56795389e-08 -1.93512240e-03 
 1.56815389e-08 -2.24297866e-03 
 1.56835389e-08 -2.55631950e-03 
 1.56855389e-08 -2.87511775e-03 
 1.56875389e-08 -3.19919860e-03 
 1.56895389e-08 -3.52818709e-03 
 1.56915389e-08 -3.86145849e-03 
 1.56935389e-08 -4.19811390e-03 
 1.56955389e-08 -4.53698926e-03 
 1.56975389e-08 -4.87671689e-03 
 1.56995389e-08 -5.21583047e-03 
 1.57015389e-08 -5.55290248e-03 
 1.57035389e-08 -5.88667523e-03 
 1.57055389e-08 -6.21616116e-03 
 1.57075389e-08 -6.54068717e-03 
 1.57095389e-08 -6.85989103e-03 
 1.57115389e-08 -7.17367784e-03 
 1.57135389e-08 -7.48216339e-03 
 1.57155389e-08 -7.78561317e-03 
 1.57175389e-08 -8.08439337e-03 
 1.57195389e-08 -8.37893011e-03 
 1.57215389e-08 -8.66968314e-03 
 1.57235389e-08 -8.95712497e-03 
 1.57255389e-08 -9.24173000e-03 
 1.57275389e-08 -9.52396463e-03 
 1.57295389e-08 -9.80428412e-03 
 1.57315389e-08 -1.00831283e-02 
 1.57335389e-08 -1.03609223e-02 
 1.57355389e-08 -1.06380756e-02 
 1.57375389e-08 -1.09149845e-02 
 1.57395389e-08 -1.11920311e-02 
 1.57415389e-08 -1.14695853e-02 
 1.57435389e-08 -1.17479997e-02 
 1.57455389e-08 -1.20276057e-02 
 1.57475389e-08 -1.23046317e-02 
 1.57495389e-08 -1.25817855e-02 
 1.57515389e-08 -1.28679587e-02 
 1.57535389e-08 -1.31588251e-02 
 1.57555389e-08 -1.34494869e-02 
 1.57575389e-08 -1.37407670e-02 
 1.57595389e-08 -1.40324271e-02 
 1.57615389e-08 -1.43239600e-02 
 1.57635389e-08 -1.46141025e-02 
 1.57655389e-08 -1.49013026e-02 
 1.57675389e-08 -1.51833751e-02 
 1.57695389e-08 -1.54578466e-02 
 1.57715389e-08 -1.57217748e-02 
 1.57735389e-08 -1.59720384e-02 
 1.57755389e-08 -1.62052639e-02 
 1.57775389e-08 -1.64180503e-02 
 1.57795389e-08 -1.66069290e-02 
 1.57815389e-08 -1.67685043e-02 
 1.57835389e-08 -1.68994042e-02 
 1.57855389e-08 -1.69963448e-02 
 1.57875389e-08 -1.70560677e-02 
 1.57895389e-08 -1.70753541e-02 
 1.57915389e-08 -1.70509586e-02 
 1.57935389e-08 -1.69795973e-02 
 1.57955389e-08 -1.68578871e-02 
 1.57975389e-08 -1.66823227e-02 
 1.57995389e-08 -1.64492227e-02 
 1.58015389e-08 -1.61547033e-02 
 1.58035389e-08 -1.57946300e-02 
 1.58055389e-08 -1.53645878e-02 
 1.58075389e-08 -1.48598354e-02 
 1.58095389e-08 -1.42752717e-02 
 1.58115389e-08 -1.36053882e-02 
 1.58135389e-08 -1.28442290e-02 
 1.58155389e-08 -1.19853373e-02 
 1.58175389e-08 -1.10217059e-02 
 1.58195389e-08 -9.94571319e-03 
 1.58215389e-08 -8.74905970e-03 
 1.58235389e-08 -7.42268797e-03 
 1.58255389e-08 -5.95669810e-03 
 1.58275389e-08 -4.34024356e-03 
 1.58295389e-08 -2.56141611e-03 
 1.58315389e-08 -6.07105041e-04 
 1.58335389e-08  1.53716546e-03 
 1.58355389e-08  3.88747959e-03 
 1.58375389e-08  6.46180339e-03 
 1.58395389e-08  9.28029598e-03 
 1.58415389e-08  1.23657156e-02 
 1.58435389e-08  1.57439315e-02 
 1.58455389e-08  1.94445586e-02 
 1.58475389e-08  2.35017549e-02 
 1.58495389e-08  2.79552052e-02 
 1.58515389e-08  3.28513314e-02 
 1.58535389e-08  3.82447354e-02 
 1.58555389e-08  4.41998637e-02 
 1.58575389e-08  5.07927770e-02 
 1.58595389e-08  5.81127657e-02 
 1.58615389e-08  6.62632477e-02 
 1.58635389e-08  7.53609824e-02 
 1.58655389e-08  8.55321543e-02 
 1.58675389e-08  9.69038130e-02 
 1.58695389e-08  1.09590225e-01 
 1.58715389e-08  1.23676648e-01 
 1.58735389e-08  1.39206622e-01 
 1.58755389e-08  1.56179305e-01 
 1.58775389e-08  1.74558078e-01 
 1.58795389e-08  1.94284873e-01 
 1.58815389e-08  2.15293073e-01 
 1.58835389e-08  2.37515567e-01 
 1.58855389e-08  2.60888321e-01 
 1.58875389e-08  2.85351283e-01 
 1.58895389e-08  3.10848040e-01 
 1.58915389e-08  3.37325046e-01 
 1.58935389e-08  3.64730696e-01 
 1.58955389e-08  3.93014365e-01 
 1.58975389e-08  4.22125366e-01 
 1.58995389e-08  4.52011793e-01 
 1.59015389e-08  4.82619176e-01 
 1.59035389e-08  5.13888875e-01 
 1.59055389e-08  5.45756088e-01 
 1.59075389e-08  5.78147337e-01 
 1.59095389e-08  6.10977265e-01 
 1.59115389e-08  6.44144569e-01 
 1.59135389e-08  6.77527010e-01 
 1.59155389e-08  7.10975729e-01 
 1.59175389e-08  7.44309637e-01 
 1.59195389e-08  7.77311624e-01 
 1.59215389e-08  8.09729311e-01 
 1.59235389e-08  8.41283489e-01 
 1.59255389e-08  8.71685946e-01 
 1.59275389e-08  9.00664678e-01 
 1.59295389e-08  9.27990142e-01 
 1.59315389e-08  9.53494654e-01 
 1.59335389e-08  9.77079989e-01 
 1.59355389e-08  9.98713613e-01 
 1.59375389e-08  1.01841773e+00 
 1.59395389e-08  1.03625593e+00 
 1.59415389e-08  1.05232069e+00 
 1.59435389e-08  1.06672302e+00 
 1.59455389e-08  1.07958454e+00 
 1.59475389e-08  1.09103149e+00 
 1.59495389e-08  1.10119031e+00 
 1.59515389e-08  1.11018443e+00 
 1.59535389e-08  1.11813202e+00 
 1.59555389e-08  1.12514437e+00 
 1.59575389e-08  1.13132499e+00 
 1.59595389e-08  1.13676908e+00 
 1.59615389e-08  1.14156342e+00 
 1.59635389e-08  1.14578645e+00 
 1.59655389e-08  1.14950861e+00 
 1.59675389e-08  1.15279279e+00 
 1.59695389e-08  1.15569483e+00 
 1.59715389e-08  1.15826409e+00 
 1.59735389e-08  1.16054399e+00 
 1.59755389e-08  1.16257266e+00 
 1.59775389e-08  1.16438341e+00 
 1.59795389e-08  1.16600530e+00 
 1.59815389e-08  1.16746362e+00 
 1.59835389e-08  1.16878033e+00 
 1.59855389e-08  1.16997445e+00 
 1.59875389e-08  1.17106246e+00 
 1.59895389e-08  1.17205857e+00 
 1.59915389e-08  1.17297503e+00 
 1.59935389e-08  1.17382239e+00 
 1.59955389e-08  1.17460970e+00 
 1.59975389e-08  1.17534471e+00 
 1.59995389e-08  1.17603406e+00 
 1.60015389e-08  1.17668340e+00 
 1.60035389e-08  1.17729757e+00 
 1.60055389e-08  1.17788069e+00 
 1.60075389e-08  1.17843627e+00 
 1.60095389e-08  1.17896732e+00 
 1.60115389e-08  1.17947639e+00 
 1.60135389e-08  1.17996568e+00 
 1.60155389e-08  1.18043575e+00 
 1.60175389e-08  1.18088822e+00 
 1.60195389e-08  1.18132564e+00 
 1.60215389e-08  1.18174948e+00 
 1.60235389e-08  1.18216096e+00 
 1.60255389e-08  1.18256099e+00 
 1.60275389e-08  1.18295040e+00 
 1.60295389e-08  1.18332986e+00 
 1.60315389e-08  1.18369998e+00 
 1.60335389e-08  1.18406126e+00 
 1.60355389e-08  1.18441418e+00 
 1.60375389e-08  1.18475910e+00 
 1.60395389e-08  1.18510016e+00 
 1.60415389e-08  1.18543663e+00 
 1.60435389e-08  1.18576455e+00 
 1.60455389e-08  1.18608446e+00 
 1.60475389e-08  1.18639661e+00 
 1.60495389e-08  1.18670117e+00 
 1.60515389e-08  1.18699815e+00 
 1.60535389e-08  1.18728755e+00 
 1.60555389e-08  1.18756921e+00 
 1.60575389e-08  1.18784298e+00 
 1.60595389e-08  1.18810860e+00 
 1.60615389e-08  1.18836580e+00 
 1.60635389e-08  1.18861426e+00 
 1.60655389e-08  1.18885365e+00 
 1.60675389e-08  1.18908366e+00 
 1.60695389e-08  1.18930402e+00 
 1.60715389e-08  1.18951457e+00 
 1.60735389e-08  1.18971532e+00 
 1.60755389e-08  1.18990648e+00 
 1.60775389e-08  1.19008856e+00 
 1.60795389e-08  1.19026236e+00 
 1.60815389e-08  1.19042893e+00 
 1.60835389e-08  1.19058954e+00 
 1.60855389e-08  1.19074549e+00 
 1.60875389e-08  1.19089800e+00 
 1.60895389e-08  1.19104813e+00 
 1.60915389e-08  1.19119670e+00 
 1.60935389e-08  1.19134430e+00 
 1.60955389e-08  1.19149130e+00 
 1.60975389e-08  1.19163793e+00 
 1.60995389e-08  1.19178427e+00 
 1.61015389e-08  1.19193033e+00 
 1.61035389e-08  1.19207606e+00 
 1.61055389e-08  1.19222138e+00 
 1.61075389e-08  1.19236620e+00 
 1.61095389e-08  1.19251043e+00 
 1.61115389e-08  1.19265177e+00 
 1.61135389e-08  1.19279060e+00 
 1.61155389e-08  1.19293116e+00 
 1.61175389e-08  1.19307363e+00 
 1.61195389e-08  1.19321621e+00 
 1.61215389e-08  1.19335889e+00 
 1.61235389e-08  1.19350201e+00 
 1.61255389e-08  1.19364618e+00 
 1.61275389e-08  1.19379219e+00 
 1.61295389e-08  1.19394098e+00 
 1.61315389e-08  1.19409356e+00 
 1.61335389e-08  1.19425097e+00 
 1.61355389e-08  1.19441423e+00 
 1.61375389e-08  1.19458427e+00 
 1.61395389e-08  1.19476197e+00 
 1.61415389e-08  1.19494811e+00 
 1.61435389e-08  1.19514340e+00 
 1.61455389e-08  1.19534843e+00 
 1.61475389e-08  1.19556375e+00 
 1.61495389e-08  1.19578981e+00 
 1.61515389e-08  1.19602702e+00 
 1.61535389e-08  1.19627571e+00 
 1.61555389e-08  1.19653617e+00 
 1.61575389e-08  1.19680868e+00 
 1.61595389e-08  1.19709344e+00 
 1.61615389e-08  1.19739070e+00 
 1.61635389e-08  1.19770067e+00 
 1.61655389e-08  1.19802358e+00 
 1.61675389e-08  1.19835971e+00 
 1.61695389e-08  1.19870933e+00 
 1.61715389e-08  1.19907281e+00 
 1.61735389e-08  1.19945055e+00 
 1.61755389e-08  1.19984302e+00 
 1.61775389e-08  1.20025075e+00 
 1.61795389e-08  1.20067433e+00 
 1.61815389e-08  1.20111441e+00 
 1.61835389e-08  1.20157165e+00 
 1.61855389e-08  1.20204676e+00 
 1.61875389e-08  1.20254042e+00 
 1.61895389e-08  1.20305328e+00 
 1.61915389e-08  1.20358593e+00 
 1.61935389e-08  1.20413886e+00 
 1.61955389e-08  1.20471242e+00 
 1.61975389e-08  1.20530676e+00 
 1.61995389e-08  1.20592168e+00 
 1.62015389e-08  1.20655651e+00 
 1.62035389e-08  1.20720987e+00 
 1.62055389e-08  1.20787939e+00 
 1.62075389e-08  1.20856163e+00 
 1.62095389e-08  1.20925212e+00 
 1.62115389e-08  1.20994582e+00 
 1.62135389e-08  1.21063771e+00 
 1.62155389e-08  1.21132347e+00 
 1.62175389e-08  1.21199981e+00 
 1.62195389e-08  1.21266466e+00 
 1.62215389e-08  1.21331695e+00 
 1.62235389e-08  1.21395643e+00 
 1.62255389e-08  1.21458335e+00 
 1.62275389e-08  1.21519829e+00 
 1.62295389e-08  1.21580190e+00 
 1.62315389e-08  1.21639489e+00 
 1.62335389e-08  1.21697789e+00 
 1.62355389e-08  1.21755143e+00 
 1.62375389e-08  1.21811595e+00 
 1.62395389e-08  1.21867178e+00 
 1.62415389e-08  1.21921917e+00 
 1.62435389e-08  1.21975826e+00 
 1.62455389e-08  1.22028916e+00 
 1.62475389e-08  1.22081191e+00 
 1.62495389e-08  1.22132652e+00 
 1.62515389e-08  1.22183298e+00 
 1.62535389e-08  1.22233124e+00 
 1.62555389e-08  1.22282128e+00 
 1.62575389e-08  1.22330303e+00 
 1.62595389e-08  1.22377647e+00 
 1.62615389e-08  1.22424154e+00 
 1.62635389e-08  1.22469818e+00 
 1.62655389e-08  1.22514634e+00 
 1.62675389e-08  1.22558594e+00 
 1.62695389e-08  1.22601646e+00 
 1.62715389e-08  1.22643805e+00 
 1.62735389e-08  1.22685117e+00 
 1.62755389e-08  1.22725545e+00 
 1.62775389e-08  1.22765036e+00 
 1.62795389e-08  1.22803529e+00 
 1.62815389e-08  1.22840943e+00 
 1.62835389e-08  1.22877181e+00 
 1.62855389e-08  1.22912119e+00 
 1.62875389e-08  1.22945603e+00 
 1.62895389e-08  1.22977444e+00 
 1.62915389e-08  1.23007240e+00 
 1.62935389e-08  1.23034707e+00 
 1.62955389e-08  1.23059687e+00 
 1.62975389e-08  1.23081814e+00 
 1.62995389e-08  1.23100676e+00 
 1.63015389e-08  1.23115825e+00 
 1.63035389e-08  1.23126780e+00 
 1.63055389e-08  1.23133042e+00 
 1.63075389e-08  1.23134103e+00 
 1.63095389e-08  1.23129462e+00 
 1.63115389e-08  1.23118631e+00 
 1.63135389e-08  1.23101151e+00 
 1.63155389e-08  1.23076589e+00 
 1.63175389e-08  1.23044545e+00 
 1.63195389e-08  1.23004649e+00 
 1.63215389e-08  1.22956554e+00 
 1.63235389e-08  1.22899929e+00 
 1.63255389e-08  1.22834459e+00 
 1.63275389e-08  1.22759827e+00 
 1.63295389e-08  1.22675720e+00 
 1.63315389e-08  1.22581812e+00 
 1.63335389e-08  1.22477770e+00 
 1.63355389e-08  1.22363244e+00 
 1.63375389e-08  1.22237869e+00 
 1.63395389e-08  1.22101263e+00 
 1.63415389e-08  1.21953022e+00 
 1.63435389e-08  1.21792725e+00 
 1.63455389e-08  1.21619929e+00 
 1.63475389e-08  1.21434170e+00 
 1.63495389e-08  1.21234960e+00 
 1.63515389e-08  1.21021790e+00 
 1.63535389e-08  1.20794122e+00 
 1.63555389e-08  1.20551393e+00 
 1.63575389e-08  1.20293005e+00 
 1.63595389e-08  1.20018330e+00 
 1.63615389e-08  1.19726700e+00 
 1.63635389e-08  1.19417407e+00 
 1.63655389e-08  1.19089695e+00 
 1.63675389e-08  1.18742745e+00 
 1.63695389e-08  1.18375676e+00 
 1.63715389e-08  1.17987525e+00 
 1.63735389e-08  1.17579036e+00 
 1.63755389e-08  1.17148981e+00 
 1.63775389e-08  1.16694302e+00 
 1.63795389e-08  1.16213680e+00 
 1.63815389e-08  1.15702886e+00 
 1.63835389e-08  1.15160113e+00 
 1.63855389e-08  1.14585866e+00 
 1.63875389e-08  1.13977668e+00 
 1.63895389e-08  1.13332675e+00 
 1.63915389e-08  1.12647567e+00 
 1.63935389e-08  1.11918489e+00 
 1.63955389e-08  1.11140931e+00 
 1.63975389e-08  1.10309641e+00 
 1.63995389e-08  1.09418508e+00 
 1.64015389e-08  1.08460509e+00 
 1.64035389e-08  1.07427687e+00 
 1.64055389e-08  1.06311265e+00 
 1.64075389e-08  1.05101931e+00 
 1.64095389e-08  1.03790370e+00 
 1.64115389e-08  1.02368042e+00 
 1.64135389e-08  1.00828116e+00 
 1.64155389e-08  9.91663143e-01 
 1.64175389e-08  9.73813830e-01 
 1.64195389e-08  9.54749925e-01 
 1.64215389e-08  9.34511280e-01 
 1.64235389e-08  9.13152456e-01 
 1.64255389e-08  8.90734919e-01 
 1.64275389e-08  8.67321525e-01 
 1.64295389e-08  8.42973475e-01 
 1.64315389e-08  8.17749083e-01 
 1.64335389e-08  7.91743668e-01 
 1.64355389e-08  7.65001800e-01 
 1.64375389e-08  7.37530536e-01 
 1.64395389e-08  7.09381602e-01 
 1.64415389e-08  6.80588062e-01 
 1.64435389e-08  6.51203667e-01 
 1.64455389e-08  6.21292927e-01 
 1.64475389e-08  5.90904782e-01 
 1.64495389e-08  5.60091170e-01 
 1.64515389e-08  5.28906895e-01 
 1.64535389e-08  4.97412699e-01 
 1.64555389e-08  4.65676807e-01 
 1.64575389e-08  4.33779232e-01 
 1.64595389e-08  4.01816038e-01 
 1.64615389e-08  3.69906494e-01 
 1.64635389e-08  3.38201256e-01 
 1.64655389e-08  3.06892755e-01 
 1.64675389e-08  2.76224510e-01 
 1.64695389e-08  2.46496174e-01 
 1.64715389e-08  2.18056956e-01 
 1.64735389e-08  1.91282114e-01 
 1.64755389e-08  1.66531546e-01 
 1.64775389e-08  1.44100064e-01 
 1.64795389e-08  1.24174649e-01 
 1.64815389e-08  1.06812545e-01 
 1.64835389e-08  9.19444446e-02 
 1.64855389e-08  7.93980684e-02 
 1.64875389e-08  6.89322795e-02 
 1.64895389e-08  6.02722001e-02 
 1.64915389e-08  5.30847576e-02 
 1.64935389e-08  4.71362693e-02 
 1.64955389e-08  4.22654198e-02 
 1.64975389e-08  3.82518299e-02 
 1.64995389e-08  3.49147392e-02 
 1.65015389e-08  3.21109411e-02 
 1.65035389e-08  2.97354955e-02 
 1.65055389e-08  2.76970303e-02 
 1.65075389e-08  2.59172225e-02 
 1.65095389e-08  2.43477090e-02 
 1.65115389e-08  2.29510856e-02 
 1.65135389e-08  2.16981965e-02 
 1.65155389e-08  2.05664004e-02 
 1.65175389e-08  1.95378474e-02 
 1.65195389e-08  1.85984420e-02 
 1.65215389e-08  1.77368140e-02 
 1.65235389e-08  1.69437435e-02 
 1.65255389e-08  1.62115775e-02 
 1.65275389e-08  1.55339316e-02 
 1.65295389e-08  1.49053677e-02 
 1.65315389e-08  1.43212436e-02 
 1.65335389e-08  1.37775282e-02 
 1.65355389e-08  1.32707201e-02 
 1.65375389e-08  1.27977340e-02 
 1.65395389e-08  1.23558496e-02 
 1.65415389e-08  1.19426378e-02 
 1.65435389e-08  1.15559263e-02 
 1.65455389e-08  1.11937495e-02 
 1.65475389e-08  1.08543250e-02 
 1.65495389e-08  1.05360200e-02 
 1.65515389e-08  1.02373346e-02 
 1.65535389e-08  9.95688002e-03 
 1.65555389e-08  9.69336636e-03 
 1.65575389e-08  9.44558888e-03 
 1.65595389e-08  9.21241987e-03 
 1.65615389e-08  8.99279995e-03 
 1.65635389e-08  8.78573293e-03 
 1.65655389e-08  8.59028082e-03 
 1.65675389e-08  8.40556069e-03 
 1.65695389e-08  8.23074213e-03 
 1.65715389e-08  8.06504517e-03 
 1.65735389e-08  7.90773925e-03 
 1.65755389e-08  7.75814165e-03 
 1.65775389e-08  7.61561721e-03 
 1.65795389e-08  7.47957718e-03 
 1.65815389e-08  7.34947971e-03 
 1.65835389e-08  7.22482957e-03 
 1.65855389e-08  7.10518036e-03 
 1.65875389e-08  6.99013645e-03 
 1.65895389e-08  6.87935783e-03 
 1.65915389e-08  6.77256500e-03 
 1.65935389e-08  6.66954682e-03 
 1.65955389e-08  6.57016714e-03 
 1.65975389e-08  6.47437209e-03 
 1.65995389e-08  6.38219222e-03 
 1.66015389e-08  6.29373941e-03 
 1.66035389e-08  6.20919168e-03 
 1.66055389e-08  6.12876607e-03 
 1.66075389e-08  6.05267618e-03 
 1.66095389e-08  5.98108369e-03 
 1.66115389e-08  5.91405669e-03 
 1.66135389e-08  5.85156258e-03 
 1.66155389e-08  5.79351021e-03 
 1.66175389e-08  5.73982840e-03 
 1.66195389e-08  5.69052361e-03 
 1.66215389e-08  5.64567226e-03 
 1.66235389e-08  5.60534770e-03 
 1.66255389e-08  5.56952728e-03 
 1.66275389e-08  5.53802017e-03 
 1.66295389e-08  5.51044221e-03 
 1.66315389e-08  5.48623561e-03 
 1.66335389e-08  5.46472172e-03 
 1.66355389e-08  5.44516391e-03 
 1.66375389e-08  5.42682671e-03 
 1.66395389e-08  5.40901877e-03 
 1.66415389e-08  5.39111982e-03 
 1.66435389e-08  5.37259080e-03 
 1.66455389e-08  5.35297349e-03 
 1.66475389e-08  5.33188114e-03 
 1.66495389e-08  5.30898559e-03 
 1.66515389e-08  5.28400059e-03 
 1.66535389e-08  5.25666473e-03 
 1.66555389e-08  5.22672181e-03 
 1.66575389e-08  5.19400816e-03 
 1.66595389e-08  5.15840290e-03 
 1.66615389e-08  5.11930485e-03 
 1.66635389e-08  5.07591458e-03 
 1.66655389e-08  5.02770131e-03 
 1.66675389e-08  4.97410812e-03 
 1.66695389e-08  4.91439087e-03 
 1.66715389e-08  4.84764596e-03 
 1.66735389e-08  4.77293025e-03 
 1.66755389e-08  4.68934500e-03 
 1.66775389e-08  4.59615658e-03 
 1.66795389e-08  4.49287713e-03 
 1.66815389e-08  4.37930437e-03 
 1.66835389e-08  4.25549885e-03 
 1.66855389e-08  4.12171614e-03 
 1.66875389e-08  3.97832239e-03 
 1.66895389e-08  3.82571737e-03 
 1.66915389e-08  3.66428406e-03 
 1.66935389e-08  3.49436377e-03 
 1.66955389e-08  3.31625407e-03 
 1.66975389e-08  3.13021815e-03 
 1.66995389e-08  2.93649950e-03 
 1.67015389e-08  2.73533532e-03 
 1.67035389e-08  2.52696633e-03 
 1.67055389e-08  2.31164195e-03 
 1.67075389e-08  2.08962075e-03 
 1.67095389e-08  1.86116781e-03 
 1.67115389e-08  1.62654891e-03 
 1.67135389e-08  1.38602395e-03 
 1.67155389e-08  1.13983880e-03 
 1.67175389e-08  8.88218135e-04 
 1.67195389e-08  6.31357752e-04 
 1.67215389e-08  3.69418681e-04 
 1.67235389e-08  1.02521489e-04 
 1.67255389e-08 -1.69257157e-04 
 1.67275389e-08 -4.45887191e-04 
 1.67295389e-08 -7.27384702e-04 
 1.67315389e-08 -1.01380980e-03 
 1.67335389e-08 -1.30526015e-03 
 1.67355389e-08 -1.60186079e-03 
 1.67375389e-08 -1.90374697e-03 
 1.67395389e-08 -2.21104032e-03 
 1.67415389e-08 -2.52381508e-03 
 1.67435389e-08 -2.84205575e-03 
 1.67455389e-08 -3.16560555e-03 
 1.67475389e-08 -3.49411227e-03 
 1.67495389e-08 -3.82697890e-03 
 1.67515389e-08 -4.16333474e-03 
 1.67535389e-08 -4.50204144e-03 
 1.67555389e-08 -4.84174779e-03 
 1.67575389e-08 -5.18099189e-03 
 1.67595389e-08 -5.51833550e-03 
 1.67615389e-08 -5.85249834e-03 
 1.67635389e-08 -6.18246170e-03 
 1.67655389e-08 -6.50751983e-03 
 1.67675389e-08 -6.82727967e-03 
 1.67695389e-08 -7.14162163e-03 
 1.67715389e-08 -7.45064237e-03 
 1.67735389e-08 -7.75459474e-03 
 1.67755389e-08 -8.05383633e-03 
 1.67775389e-08 -8.34878880e-03 
 1.67795389e-08 -8.63990919e-03 
 1.67815389e-08 -8.92766965e-03 
 1.67835389e-08 -9.21254455e-03 
 1.67855389e-08 -9.49500165e-03 
 1.67875389e-08 -9.77549724e-03 
 1.67895389e-08 -1.00544730e-02 
 1.67915389e-08 -1.03323555e-02 
 1.67935389e-08 -1.06095559e-02 
 1.67955389e-08 -1.08864716e-02 
 1.67975389e-08 -1.11634864e-02 
 1.67995389e-08 -1.14409711e-02 
 1.68015389e-08 -1.17192809e-02 
 1.68035389e-08 -1.19987493e-02 
 1.68055389e-08 -1.22756336e-02 
 1.68075389e-08 -1.25526324e-02 
 1.68095389e-08 -1.28385912e-02 
 1.68115389e-08 -1.31292265e-02 
 1.68135389e-08 -1.34196866e-02 
 1.68155389e-08 -1.37108128e-02 
 1.68175389e-08 -1.40023981e-02 
 1.68195389e-08 -1.42939686e-02 
 1.68215389e-08 -1.45843040e-02 
 1.68235389e-08 -1.48718946e-02 
 1.68255389e-08 -1.51546000e-02 
 1.68275389e-08 -1.54299850e-02 
 1.68295389e-08 -1.56951406e-02 
 1.68315389e-08 -1.59469674e-02 
 1.68335389e-08 -1.61821068e-02 
 1.68355389e-08 -1.63971620e-02 
 1.68375389e-08 -1.65886645e-02 
 1.68395389e-08 -1.67532128e-02 
 1.68415389e-08 -1.68874292e-02 
 1.68435389e-08 -1.69880233e-02 
 1.68455389e-08 -1.70517335e-02 
 1.68475389e-08 -1.70753394e-02 
 1.68495389e-08 -1.70555993e-02 
 1.68515389e-08 -1.69892358e-02 
 1.68535389e-08 -1.68728773e-02 
 1.68555389e-08 -1.67030332e-02 
 1.68575389e-08 -1.64760421e-02 
 1.68595389e-08 -1.61880429e-02 
 1.68615389e-08 -1.58349285e-02 
 1.68635389e-08 -1.54123146e-02 
 1.68655389e-08 -1.49154957e-02 
 1.68675389e-08 -1.43394093e-02 
 1.68695389e-08 -1.36785913e-02 
 1.68715389e-08 -1.29271337e-02 
 1.68735389e-08 -1.20786341e-02 
 1.68755389e-08 -1.11261445e-02 
 1.68775389e-08 -1.00621098e-02 
 1.68795389e-08 -8.87830365e-03 
 1.68815389e-08 -7.56575079e-03 
 1.68835389e-08 -6.11464233e-03 
 1.68855389e-08 -4.51423481e-03 
 1.68875389e-08 -2.75273518e-03 
 1.68895389e-08 -8.17164088e-04 
 1.68915389e-08  1.30680452e-03 
 1.68935389e-08  3.63507548e-03 
 1.68955389e-08  6.18540825e-03 
 1.68975389e-08  8.97771849e-03 
 1.68995389e-08  1.20344748e-02 
 1.69015389e-08  1.53811985e-02 
 1.69035389e-08  1.90470846e-02 
 1.69055389e-08  2.30657803e-02 
 1.69075389e-08  2.74763488e-02 
 1.69095389e-08  3.23244544e-02 
 1.69115389e-08  3.76637819e-02 
 1.69135389e-08  4.35576811e-02 
 1.69155389e-08  5.00809347e-02 
 1.69175389e-08  5.73214084e-02 
 1.69195389e-08  6.53810615e-02 
 1.69215389e-08  7.43753917e-02 
 1.69235389e-08  8.44299190e-02 
 1.69255389e-08  9.56721552e-02 
 1.69275389e-08  1.08218430e-01 
 1.69295389e-08  1.22157702e-01 
 1.69315389e-08  1.37538141e-01 
 1.69335389e-08  1.54228237e-01 
 1.69355389e-08  1.72315573e-01 
 1.69375389e-08  1.91893939e-01 
 1.69395389e-08  2.12764324e-01 
 1.69415389e-08  2.34854989e-01 
 1.69435389e-08  2.58104715e-01 
 1.69455389e-08  2.82450230e-01 
 1.69475389e-08  3.07836811e-01 
 1.69495389e-08  3.34208883e-01 
 1.69515389e-08  3.61516000e-01 
 1.69535389e-08  3.89706365e-01 
 1.69555389e-08  4.18730207e-01 
 1.69575389e-08  4.48535113e-01 
 1.69595389e-08  4.79067526e-01 
 1.69615389e-08  5.10268920e-01 
 1.69635389e-08  5.42075651e-01 
 1.69655389e-08  5.74415087e-01 
 1.69675389e-08  6.07203620e-01 
 1.69695389e-08  6.40341807e-01 
 1.69715389e-08  6.73710190e-01 
 1.69735389e-08  7.07163108e-01 
 1.69755389e-08  7.40523434e-01 
 1.69775389e-08  7.73578142e-01 
 1.69795389e-08  8.06078612e-01 
 1.69815389e-08  8.37747898e-01 
 1.69835389e-08  8.68297622e-01 
 1.69855389e-08  8.97452531e-01 
 1.69875389e-08  9.24977087e-01 
 1.69895389e-08  9.50695968e-01 
 1.69915389e-08  9.74503080e-01 
 1.69935389e-08  9.96358928e-01 
 1.69955389e-08  1.01628018e+00 
 1.69975389e-08  1.03432645e+00 
 1.69995389e-08  1.05058749e+00 
 1.70015389e-08  1.06517272e+00 
 1.70035389e-08  1.07820289e+00 
 1.70055389e-08  1.08980398e+00 
 1.70075389e-08  1.10010262e+00 
 1.70095389e-08  1.10922275e+00 
 1.70115389e-08  1.11728319e+00 
 1.70135389e-08  1.12439613e+00 
 1.70155389e-08  1.13066598e+00 
 1.70175389e-08  1.13618893e+00 
 1.70195389e-08  1.14105268e+00 
 1.70215389e-08  1.14533663e+00 
 1.70235389e-08  1.14911212e+00 
 1.70255389e-08  1.15244287e+00 
 1.70275389e-08  1.15538548e+00 
 1.70295389e-08  1.15799003e+00 
 1.70315389e-08  1.16030059e+00 
 1.70335389e-08  1.16235586e+00 
 1.70355389e-08  1.16418965e+00 
 1.70375389e-08  1.16583151e+00 
 1.70395389e-08  1.16730711e+00 
 1.70415389e-08  1.16863877e+00 
 1.70435389e-08  1.16984584e+00 
 1.70455389e-08  1.17094505e+00 
 1.70475389e-08  1.17195086e+00 
 1.70495389e-08  1.17287574e+00 
 1.70515389e-08  1.17373040e+00 
 1.70535389e-08  1.17452406e+00 
 1.70555389e-08  1.17526461e+00 
 1.70575389e-08  1.17595880e+00 
 1.70595389e-08  1.17661239e+00 
 1.70615389e-08  1.17723030e+00 
 1.70635389e-08  1.17781673e+00 
 1.70655389e-08  1.17837526e+00 
 1.70675389e-08  1.17890894e+00 
 1.70695389e-08  1.17942037e+00 
 1.70715389e-08  1.17991179e+00 
 1.70735389e-08  1.18038382e+00 
 1.70755389e-08  1.18083808e+00 
 1.70775389e-08  1.18127713e+00 
 1.70795389e-08  1.18170247e+00 
 1.70815389e-08  1.18211533e+00 
 1.70835389e-08  1.18251664e+00 
 1.70855389e-08  1.18290724e+00 
 1.70875389e-08  1.18328781e+00 
 1.70895389e-08  1.18365898e+00 
 1.70915389e-08  1.18402126e+00 
 1.70935389e-08  1.18437512e+00 
 1.70955389e-08  1.18472093e+00 
 1.70975389e-08  1.18506283e+00 
 1.70995389e-08  1.18540010e+00 
 1.71015389e-08  1.18572880e+00 
 1.71035389e-08  1.18604950e+00 
 1.71055389e-08  1.18636244e+00 
 1.71075389e-08  1.18666779e+00 
 1.71095389e-08  1.18696558e+00 
 1.71115389e-08  1.18725578e+00 
 1.71135389e-08  1.18753829e+00 
 1.71155389e-08  1.18781292e+00 
 1.71175389e-08  1.18807945e+00 
 1.71195389e-08  1.18833759e+00 
 1.71215389e-08  1.18858703e+00 
 1.71235389e-08  1.18882744e+00 
 1.71255389e-08  1.18905849e+00 
 1.71275389e-08  1.18927993e+00 
 1.71295389e-08  1.18949157e+00 
 1.71315389e-08  1.18969340e+00 
 1.71335389e-08  1.18988561e+00 
 1.71355389e-08  1.19006866e+00 
 1.71375389e-08  1.19024332e+00 
 1.71395389e-08  1.19041064e+00 
 1.71415389e-08  1.19057185e+00 
 1.71435389e-08  1.19072826e+00 
 1.71455389e-08  1.19088110e+00 
 1.71475389e-08  1.19103146e+00 
 1.71495389e-08  1.19118018e+00 
 1.71515389e-08  1.19132786e+00 
 1.71535389e-08  1.19147493e+00 
 1.71555389e-08  1.19162159e+00 
 1.71575389e-08  1.19176797e+00 
 1.71595389e-08  1.19191407e+00 
 1.71615389e-08  1.19205985e+00 
 1.71635389e-08  1.19220523e+00 
 1.71655389e-08  1.19235012e+00 
 1.71675389e-08  1.19249442e+00 
 1.71695389e-08  1.19263581e+00 
 1.71715389e-08  1.19277468e+00 
 1.71735389e-08  1.19291535e+00 
 1.71755389e-08  1.19305792e+00 
 1.71775389e-08  1.19320055e+00 
 1.71795389e-08  1.19334321e+00 
 1.71815389e-08  1.19348624e+00 
 1.71835389e-08  1.19363024e+00 
 1.71855389e-08  1.19377598e+00 
 1.71875389e-08  1.19392440e+00 
 1.71895389e-08  1.19407650e+00 
 1.71915389e-08  1.19423331e+00 
 1.71935389e-08  1.19439586e+00 
 1.71955389e-08  1.19456510e+00 
 1.71975389e-08  1.19474191e+00 
 1.71995389e-08  1.19492708e+00 
 1.72015389e-08  1.19512132e+00 
 1.72035389e-08  1.19532525e+00 
 1.72055389e-08  1.19553941e+00 
 1.72075389e-08  1.19576427e+00 
 1.72095389e-08  1.19600023e+00 
 1.72115389e-08  1.19624764e+00 
 1.72135389e-08  1.19650680e+00 
 1.72155389e-08  1.19677796e+00 
 1.72175389e-08  1.19706137e+00 
 1.72195389e-08  1.19735724e+00 
 1.72215389e-08  1.19766580e+00 
 1.72235389e-08  1.19798727e+00 
 1.72255389e-08  1.19832193e+00 
 1.72275389e-08  1.19867005e+00 
 1.72295389e-08  1.19903199e+00 
 1.72315389e-08  1.19940813e+00 
 1.72335389e-08  1.19979896e+00 
 1.72355389e-08  1.20020498e+00 
 1.72375389e-08  1.20062678e+00 
 1.72395389e-08  1.20106501e+00 
 1.72415389e-08  1.20152033e+00 
 1.72435389e-08  1.20199343e+00 
 1.72455389e-08  1.20248501e+00 
 1.72475389e-08  1.20299573e+00 
 1.72495389e-08  1.20352617e+00 
 1.72515389e-08  1.20407685e+00 
 1.72535389e-08  1.20464813e+00 
 1.72555389e-08  1.20524018e+00 
 1.72575389e-08  1.20585285e+00 
 1.72595389e-08  1.20648554e+00 
 1.72615389e-08  1.20713695e+00 
 1.72635389e-08  1.20780485e+00 
 1.72655389e-08  1.20848589e+00 
 1.72675389e-08  1.20917571e+00 
 1.72695389e-08  1.20986931e+00 
 1.72715389e-08  1.21056163e+00 
 1.72735389e-08  1.21124824e+00 
 1.72755389e-08  1.21192575e+00 
 1.72775389e-08  1.21259193e+00 
 1.72795389e-08  1.21324563e+00 
 1.72815389e-08  1.21388652e+00 
 1.72835389e-08  1.21451481e+00 
 1.72855389e-08  1.21513103e+00 
 1.72875389e-08  1.21573586e+00 
 1.72895389e-08  1.21632999e+00 
 1.72915389e-08  1.21691406e+00 
 1.72935389e-08  1.21748862e+00 
 1.72955389e-08  1.21805412e+00 
 1.72975389e-08  1.21861090e+00 
 1.72995389e-08  1.21915921e+00 
 1.73015389e-08  1.21969921e+00 
 1.73035389e-08  1.22023101e+00 
 1.73055389e-08  1.22075466e+00 
 1.73075389e-08  1.22127017e+00 
 1.73095389e-08  1.22177752e+00 
 1.73115389e-08  1.22227669e+00 
 1.73135389e-08  1.22276764e+00 
 1.73155389e-08  1.22325031e+00 
 1.73175389e-08  1.22372467e+00 
 1.73195389e-08  1.22419066e+00 
 1.73215389e-08  1.22464824e+00 
 1.73235389e-08  1.22509734e+00 
 1.73255389e-08  1.22553789e+00 
 1.73275389e-08  1.22596978e+00 
 1.73295389e-08  1.22639254e+00 
 1.73315389e-08  1.22680626e+00 
 1.73335389e-08  1.22721123e+00 
 1.73355389e-08  1.22760699e+00 
 1.73375389e-08  1.22799289e+00 
 1.73395389e-08  1.22836816e+00 
 1.73415389e-08  1.22873182e+00 
 1.73435389e-08  1.22908267e+00 
 1.73455389e-08  1.22941918e+00 
 1.73475389e-08  1.22973951e+00 
 1.73495389e-08  1.23003971e+00 
 1.73515389e-08  1.23031699e+00 
 1.73535389e-08  1.23056977e+00 
 1.73555389e-08  1.23079445e+00 
 1.73575389e-08  1.23098695e+00 
 1.73595389e-08  1.23114283e+00 
 1.73615389e-08  1.23125732e+00 
 1.73635389e-08  1.23132543e+00 
 1.73655389e-08  1.23134209e+00 
 1.73675389e-08  1.23130227e+00 
 1.73695389e-08  1.23120109e+00 
 1.73715389e-08  1.23103391e+00 
 1.73735389e-08  1.23079637e+00 
 1.73755389e-08  1.23048445e+00 
 1.73775389e-08  1.23009439e+00 
 1.73795389e-08  1.22962271e+00 
 1.73815389e-08  1.22906611e+00 
 1.73835389e-08  1.22842138e+00 
 1.73855389e-08  1.22768540e+00 
 1.73875389e-08  1.22685501e+00 
 1.73895389e-08  1.22592698e+00 
 1.73915389e-08  1.22489798e+00 
 1.73935389e-08  1.22376454e+00 
 1.73955389e-08  1.22252303e+00 
 1.73975389e-08  1.22116963e+00 
 1.73995389e-08  1.21970034e+00 
 1.74015389e-08  1.21811097e+00 
 1.74035389e-08  1.21639712e+00 
 1.74055389e-08  1.21455415e+00 
 1.74075389e-08  1.21257724e+00 
 1.74095389e-08  1.21046129e+00 
 1.74115389e-08  1.20820098e+00 
 1.74135389e-08  1.20579069e+00 
 1.74155389e-08  1.20322450e+00 
 1.74175389e-08  1.20049615e+00 
 1.74195389e-08  1.19759902e+00 
 1.74215389e-08  1.19452606e+00 
 1.74235389e-08  1.19126976e+00 
 1.74255389e-08  1.18782204e+00 
 1.74275389e-08  1.18417414e+00 
 1.74295389e-08  1.18031653e+00 
 1.74315389e-08  1.17623876e+00 
 1.74335389e-08  1.17194886e+00 
 1.74355389e-08  1.16743361e+00 
 1.74375389e-08  1.16265984e+00 
 1.74395389e-08  1.15758616e+00 
 1.74415389e-08  1.15219467e+00 
 1.74435389e-08  1.14649066e+00 
 1.74455389e-08  1.14044967e+00 
 1.74475389e-08  1.13404385e+00 
 1.74495389e-08  1.12724053e+00 
 1.74515389e-08  1.12000190e+00 
 1.74535389e-08  1.11228362e+00 
 1.74555389e-08  1.10403410e+00 
 1.74575389e-08  1.09519322e+00 
 1.74595389e-08  1.08569182e+00 
 1.74615389e-08  1.07545134e+00 
 1.74635389e-08  1.06438486e+00 
 1.74655389e-08  1.05239962e+00 
 1.74675389e-08  1.03940219e+00 
 1.74695389e-08  1.02530584e+00 
 1.74715389e-08  1.01003995e+00 
 1.74735389e-08  9.93558586e-01 
 1.74755389e-08  9.75845816e-01 
 1.74775389e-08  9.56915328e-01 
 1.74795389e-08  9.36804813e-01 
 1.74815389e-08  9.15567613e-01 
 1.74835389e-08  8.93264747e-01 
 1.74855389e-08  8.69959102e-01 
 1.74875389e-08  8.45712147e-01 
 1.74895389e-08  8.20582536e-01 
 1.74915389e-08  7.94666897e-01 
 1.74935389e-08  7.68009889e-01 
 1.74955389e-08  7.40617652e-01 
 1.74975389e-08  7.12542156e-01 
 1.74995389e-08  6.83816087e-01 
 1.75015389e-08  6.54493275e-01 
 1.75035389e-08  6.24638727e-01 
 1.75055389e-08  5.94301209e-01 
 1.75075389e-08  5.63532345e-01 
 1.75095389e-08  5.32386466e-01 
 1.75115389e-08  5.00923603e-01 
 1.75135389e-08  4.69210948e-01 
 1.75155389e-08  4.37327031e-01 
 1.75175389e-08  4.05365811e-01 
 1.75195389e-08  3.73443612e-01 
 1.75215389e-08  3.41707106e-01 
 1.75235389e-08  3.10343589e-01 
 1.75255389e-08  2.79590518e-01 
 1.75275389e-08  2.49741368e-01 
 1.75295389e-08  2.21140656e-01 
 1.75315389e-08  1.94162507e-01 
 1.75335389e-08  1.69170948e-01 
 1.75355389e-08  1.46470407e-01 
 1.75375389e-08  1.26261377e-01 
 1.75395389e-08  1.08615805e-01 
 1.75415389e-08  9.34775742e-02 
 1.75435389e-08  8.06842627e-02 
 1.75455389e-08  7.00005966e-02 
 1.75475389e-08  6.11538544e-02 
 1.75495389e-08  5.38640771e-02 
 1.75515389e-08  4.78262853e-02 
 1.75535389e-08  4.28243099e-02 
 1.75555389e-08  3.87073141e-02 
 1.75575389e-08  3.52901343e-02 
 1.75595389e-08  3.24239176e-02 
 1.75615389e-08  3.00003045e-02 
 1.75635389e-08  2.79241421e-02 
 1.75655389e-08  2.61144675e-02 
 1.75675389e-08  2.45208759e-02 
 1.75695389e-08  2.31047430e-02 
 1.75715389e-08  2.18357152e-02 
 1.75735389e-08  2.06904696e-02 
 1.75755389e-08  1.96504736e-02 
 1.75775389e-08  1.87012626e-02 
 1.75795389e-08  1.78310809e-02 
 1.75815389e-08  1.70305095e-02 
 1.75835389e-08  1.62916737e-02 
 1.75855389e-08  1.56080770e-02 
 1.75875389e-08  1.49741482e-02 
 1.75895389e-08  1.43851764e-02 
 1.75915389e-08  1.38370461e-02 
 1.75935389e-08  1.33262105e-02 
 1.75955389e-08  1.28495281e-02 
 1.75975389e-08  1.24042474e-02 
 1.75995389e-08  1.19879009e-02 
 1.76015389e-08  1.15982939e-02 
 1.76035389e-08  1.12334343e-02 
 1.76055389e-08  1.08915234e-02 
 1.76075389e-08  1.05709096e-02 
 1.76095389e-08  1.02700810e-02 
 1.76115389e-08  9.98763472e-03 
 1.76135389e-08  9.72227178e-03 
 1.76155389e-08  9.47277707e-03 
 1.76175389e-08  9.23801529e-03 
 1.76195389e-08  9.01691893e-03 
 1.76215389e-08  8.80848530e-03 
 1.76235389e-08  8.61176963e-03 
 1.76255389e-08  8.42588309e-03 
 1.76275389e-08  8.24998922e-03 
 1.76295389e-08  8.08330253e-03 
 1.76315389e-08  7.92508686e-03 
 1.76335389e-08  7.77465411e-03 
 1.76355389e-08  7.63136382e-03 
 1.76375389e-08  7.49462195e-03 
 1.76395389e-08  7.36388143e-03 
 1.76415389e-08  7.23864164e-03 
 1.76435389e-08  7.11845069e-03 
 1.76455389e-08  7.00290693e-03 
 1.76475389e-08  6.89166401e-03 
 1.76495389e-08  6.78443517e-03 
 1.76515389e-08  6.68100140e-03 
 1.76535389e-08  6.58121765e-03 
 1.76555389e-08  6.48502077e-03 
 1.76575389e-08  6.39243172e-03 
 1.76595389e-08  6.30355394e-03 
 1.76615389e-08  6.21855897e-03 
 1.76635389e-08  6.13766144e-03 
 1.76655389e-08  6.06107743e-03 
 1.76675389e-08  5.98897688e-03 
 1.76695389e-08  5.92143922e-03 
 1.76715389e-08  5.85844199e-03 
 1.76735389e-08  5.79989678e-03 
 1.76755389e-08  5.74572660e-03 
 1.76775389e-08  5.69592815e-03 
 1.76795389e-08  5.65057303e-03 
 1.76815389e-08  5.60973949e-03 
 1.76835389e-08  5.57342000e-03 
 1.76855389e-08  5.54144449e-03 
 1.76875389e-08  5.51345025e-03 
 1.76895389e-08  5.48889646e-03 
 1.76915389e-08  5.46711501e-03 
 1.76935389e-08  5.44737243e-03 
 1.76955389e-08  5.42893085e-03 
 1.76975389e-08  5.41109221e-03 
 1.76995389e-08  5.39322774e-03 
 1.77015389e-08  5.37478903e-03 
 1.77035389e-08  5.35530939e-03 
 1.77055389e-08  5.33439451e-03 
 1.77075389e-08  5.31171067e-03 
 1.77095389e-08  5.28696761e-03 
 1.77115389e-08  5.25990225e-03 
 1.77135389e-08  5.23025858e-03 
 1.77155389e-08  5.19787365e-03 
 1.77175389e-08  5.16262997e-03 
 1.77195389e-08  5.12394290e-03 
 1.77215389e-08  5.08102636e-03 
 1.77235389e-08  5.03335549e-03 
 1.77255389e-08  4.98038711e-03 
 1.77275389e-08  4.92139109e-03 
 1.77295389e-08  4.85547190e-03 
 1.77315389e-08  4.78168660e-03 
 1.77335389e-08  4.69912449e-03 
 1.77355389e-08  4.60702937e-03 
 1.77375389e-08  4.50488282e-03 
 1.77395389e-08  4.39245131e-03 
 1.77415389e-08  4.26976886e-03 
 1.77435389e-08  4.13707376e-03 
 1.77455389e-08  3.99472394e-03 
 1.77475389e-08  3.84311863e-03 
 1.77495389e-08  3.68264424e-03 
 1.77515389e-08  3.51364727e-03 
 1.77535389e-08  3.33642970e-03 
 1.77555389e-08  3.15125799e-03 
 1.77575389e-08  2.95837694e-03 
 1.77595389e-08  2.75802406e-03 
 1.77615389e-08  2.55043917e-03 
 1.77635389e-08  2.33587077e-03 
 1.77655389e-08  2.11457635e-03 
 1.77675389e-08  1.88682066e-03 
 1.77695389e-08  1.65286956e-03 
 1.77715389e-08  1.41298413e-03 
 1.77735389e-08  1.16741201e-03 
 1.77755389e-08  9.16380763e-04 
 1.77775389e-08  6.60089522e-04 
 1.77795389e-08  3.98703623e-04 
 1.77815389e-08  1.32348158e-04 
 1.77835389e-08 -1.38895030e-04 
 1.77855389e-08 -4.14990842e-04 
 1.77875389e-08 -6.95950163e-04 
 1.77895389e-08 -9.81828614e-04 
 1.77915389e-08 -1.27271996e-03 
 1.77935389e-08 -1.56874707e-03 
 1.77955389e-08 -1.87004492e-03 
 1.77975389e-08 -2.17673824e-03 
 1.77995389e-08 -2.48890829e-03 
 1.78015389e-08 -2.80655198e-03 
 1.78035389e-08 -3.12953066e-03 
 1.78055389e-08 -3.45751647e-03 
 1.78075389e-08 -3.78994120e-03 
 1.78095389e-08 -4.12596503e-03 
 1.78115389e-08 -4.46447727e-03 
 1.78135389e-08 -4.80414617e-03 
 1.78155389e-08 -5.14351567e-03 
 1.78175389e-08 -5.48113818e-03 
 1.78195389e-08 -5.81570995e-03 
 1.78215389e-08 -6.14617998e-03 
 1.78235389e-08 -6.47180694e-03 
 1.78255389e-08 -6.79216474e-03 
 1.78275389e-08 -7.10710608e-03 
 1.78295389e-08 -7.41670685e-03 
 1.78315389e-08 -7.72120525e-03 
 1.78335389e-08 -8.02094960e-03 
 1.78355389e-08 -8.31635597e-03 
 1.78375389e-08 -8.60787874e-03 
 1.78395389e-08 -8.89598900e-03 
 1.78415389e-08 -9.18116150e-03 
 1.78435389e-08 -9.46386491e-03 
 1.78455389e-08 -9.74455710e-03 
 1.78475389e-08 -1.00236813e-02 
 1.78495389e-08 -1.03016659e-02 
 1.78515389e-08 -1.05789236e-02 
 1.78535389e-08 -1.08558533e-02 
 1.78555389e-08 -1.11328403e-02 
 1.78575389e-08 -1.14102570e-02 
 1.78595389e-08 -1.16884603e-02 
 1.78615389e-08 -1.19677867e-02 
 1.78635389e-08 -1.22445230e-02 
 1.78655389e-08 -1.25213582e-02 
 1.78675389e-08 -1.28070898e-02 
 1.78695389e-08 -1.30974790e-02 
 1.78715389e-08 -1.33877212e-02 
 1.78735389e-08 -1.36786779e-02 
 1.78755389e-08 -1.39701741e-02 
 1.78775389e-08 -1.42617713e-02 
 1.78795389e-08 -1.45522945e-02 
 1.78815389e-08 -1.48402796e-02 
 1.78835389e-08 -1.51236342e-02 
 1.78855389e-08 -1.53999651e-02 
 1.78875389e-08 -1.56663993e-02 
 1.78895389e-08 -1.59198627e-02 
 1.78915389e-08 -1.61570129e-02 
 1.78935389e-08 -1.63744596e-02 
 1.78955389e-08 -1.65687340e-02 
 1.78975389e-08 -1.67364295e-02 
 1.78995389e-08 -1.68741618e-02 
 1.79015389e-08 -1.69786338e-02 
 1.79035389e-08 -1.70465796e-02 
 1.79055389e-08 -1.70747776e-02 
 1.79075389e-08 -1.70599888e-02 
 1.79095389e-08 -1.69989429e-02 
 1.79115389e-08 -1.68882796e-02 
 1.79135389e-08 -1.67245244e-02 
 1.79155389e-08 -1.65040359e-02 
 1.79175389e-08 -1.62229775e-02 
 1.79195389e-08 -1.58772708e-02 
 1.79215389e-08 -1.54625644e-02 
 1.79235389e-08 -1.49741897e-02 
 1.79255389e-08 -1.44071263e-02 
 1.79275389e-08 -1.37559561e-02 
 1.79295389e-08 -1.30148229e-02 
 1.79315389e-08 -1.21773812e-02 
 1.79335389e-08 -1.12367461e-02 
 1.79355389e-08 -1.01854328e-02 
 1.79375389e-08 -9.01529266e-03 
 1.79395389e-08 -7.71743718e-03 
 1.79415389e-08 -6.28215443e-03 
 1.79435389e-08 -4.69880939e-03 
 1.79455389e-08 -2.95573152e-03 
 1.79475389e-08 -1.04007978e-03 
 1.79495389e-08  1.06231346e-03 
 1.79515389e-08  3.36716470e-03 
 1.79535389e-08  5.89201485e-03 
 1.79555389e-08  8.65652389e-03 
 1.79575389e-08  1.16828552e-02 
 1.79595389e-08  1.49961651e-02 
 1.79615389e-08  1.86252070e-02 
 1.79635389e-08  2.26030926e-02 
 1.79655389e-08  2.69682323e-02 
 1.79675389e-08  3.17654952e-02 
 1.79695389e-08  3.70476026e-02 
 1.79715389e-08  4.28767499e-02 
 1.79735389e-08  4.93263693e-02 
 1.79755389e-08  5.64828134e-02 
 1.79775389e-08  6.44464714e-02 
 1.79795389e-08  7.33314502e-02 
 1.79815389e-08  8.32624626e-02 
 1.79835389e-08  9.43673593e-02 
 1.79855389e-08  1.06764485e-01 
 1.79875389e-08  1.20546595e-01 
 1.79895389e-08  1.35766780e-01 
 1.79915389e-08  1.52294897e-01 
 1.79935389e-08  1.70224986e-01 
 1.79955389e-08  1.89656547e-01 
 1.79975389e-08  2.10387711e-01 
 1.79995389e-08  2.32346461e-01 
 1.80015389e-08  2.55471268e-01 
 1.80035389e-08  2.79698338e-01 
 1.80055389e-08  3.04972629e-01 
 1.80075389e-08  3.31238231e-01 
 1.80095389e-08  3.58444553e-01 
 1.80115389e-08  3.86539698e-01 
 1.80135389e-08  4.15473965e-01 
 1.80155389e-08  4.45195103e-01 
 1.80175389e-08  4.75649906e-01 
 1.80195389e-08  5.06780365e-01 
 1.80215389e-08  5.38523611e-01 
 1.80235389e-08  5.70808068e-01 
 1.80255389e-08  6.03551584e-01 
 1.80275389e-08  6.36656647e-01 
 1.80295389e-08  6.70006320e-01 
 1.80315389e-08  7.03458102e-01 
 1.80335389e-08  7.36838626e-01 
 1.80355389e-08  7.69938925e-01 
 1.80375389e-08  8.02514125e-01 
 1.80395389e-08  8.34289756e-01 
 1.80415389e-08  8.64977604e-01 
 1.80435389e-08  8.94299619e-01 
 1.80455389e-08  9.22014680e-01 
 1.80475389e-08  9.47940118e-01 
 1.80495389e-08  9.71962115e-01 
 1.80515389e-08  9.94034216e-01 
 1.80535389e-08  1.01416751e+00 
 1.80555389e-08  1.03241750e+00 
 1.80575389e-08  1.04887118e+00 
 1.80595389e-08  1.06363624e+00 
 1.80615389e-08  1.07683249e+00 
 1.80635389e-08  1.08858562e+00 
 1.80655389e-08  1.09902234e+00 
 1.80675389e-08  1.10826703e+00 
 1.80695389e-08  1.11643919e+00 
 1.80715389e-08  1.12365178e+00 
 1.80735389e-08  1.13001012e+00 
 1.80755389e-08  1.13561131e+00 
 1.80775389e-08  1.14054400e+00 
 1.80795389e-08  1.14488851e+00 
 1.80815389e-08  1.14871704e+00 
 1.80835389e-08  1.15209412e+00 
 1.80855389e-08  1.15507714e+00 
 1.80875389e-08  1.15771685e+00 
 1.80895389e-08  1.16005797e+00 
 1.80915389e-08  1.16213976e+00 
 1.80935389e-08  1.16399655e+00 
 1.80955389e-08  1.16565833e+00 
 1.80975389e-08  1.16715119e+00 
 1.80995389e-08  1.16849778e+00 
 1.81015389e-08  1.16971778e+00 
 1.81035389e-08  1.17082818e+00 
 1.81055389e-08  1.17184368e+00 
 1.81075389e-08  1.17277697e+00 
 1.81095389e-08  1.17363893e+00 
 1.81115389e-08  1.17443893e+00 
 1.81135389e-08  1.17518501e+00 
 1.81155389e-08  1.17588403e+00 
 1.81175389e-08  1.17654186e+00 
 1.81195389e-08  1.17716350e+00 
 1.81215389e-08  1.17775323e+00 
 1.81235389e-08  1.17831469e+00 
 1.81255389e-08  1.17885098e+00 
 1.81275389e-08  1.17936477e+00 
 1.81295389e-08  1.17985830e+00 
 1.81315389e-08  1.18033355e+00 
 1.81335389e-08  1.18079072e+00 
 1.81355389e-08  1.18123131e+00 
 1.81375389e-08  1.18165790e+00 
 1.81395389e-08  1.18207178e+00 
 1.81415389e-08  1.18247406e+00 
 1.81435389e-08  1.18286555e+00 
 1.81455389e-08  1.18324700e+00 
 1.81475389e-08  1.18361900e+00 
 1.81495389e-08  1.18398209e+00 
 1.81515389e-08  1.18433673e+00 
 1.81535389e-08  1.18468332e+00 
 1.81555389e-08  1.18502593e+00 
 1.81575389e-08  1.18536391e+00 
 1.81595389e-08  1.18569332e+00 
 1.81615389e-08  1.18601474e+00 
 1.81635389e-08  1.18632840e+00 
 1.81655389e-08  1.18663449e+00 
 1.81675389e-08  1.18693303e+00 
 1.81695389e-08  1.18722402e+00 
 1.81715389e-08  1.18750733e+00 
 1.81735389e-08  1.18778281e+00 
 1.81755389e-08  1.18805021e+00 
 1.81775389e-08  1.18830927e+00 
 1.81795389e-08  1.18855967e+00 
 1.81815389e-08  1.18880108e+00 
 1.81835389e-08  1.18903317e+00 
 1.81855389e-08  1.18925568e+00 
 1.81875389e-08  1.18946841e+00 
 1.81895389e-08  1.18967132e+00 
 1.81915389e-08  1.18986457e+00 
 1.81935389e-08  1.19004861e+00 
 1.81955389e-08  1.19022416e+00 
 1.81975389e-08  1.19039223e+00 
 1.81995389e-08  1.19055406e+00 
 1.82015389e-08  1.19071093e+00 
 1.82035389e-08  1.19086411e+00 
 1.82055389e-08  1.19101469e+00 
 1.82075389e-08  1.19116355e+00 
 1.82095389e-08  1.19131133e+00 
 1.82115389e-08  1.19145844e+00 
 1.82135389e-08  1.19160515e+00 
 1.82155389e-08  1.19175155e+00 
 1.82175389e-08  1.19189768e+00 
 1.82195389e-08  1.19204350e+00 
 1.82215389e-08  1.19218892e+00 
 1.82235389e-08  1.19233387e+00 
 1.82255389e-08  1.19247823e+00 
 1.82275389e-08  1.19261967e+00 
 1.82295389e-08  1.19275858e+00 
 1.82315389e-08  1.19289935e+00 
 1.82335389e-08  1.19304202e+00 
 1.82355389e-08  1.19318469e+00 
 1.82375389e-08  1.19332733e+00 
 1.82395389e-08  1.19347028e+00 
 1.82415389e-08  1.19361410e+00 
 1.82435389e-08  1.19375958e+00 
 1.82455389e-08  1.19390762e+00 
 1.82475389e-08  1.19405924e+00 
 1.82495389e-08  1.19421545e+00 
 1.82515389e-08  1.19437729e+00 
 1.82535389e-08  1.19454572e+00 
 1.82555389e-08  1.19472163e+00 
 1.82575389e-08  1.19490581e+00 
 1.82595389e-08  1.19509899e+00 
 1.82615389e-08  1.19530180e+00 
 1.82635389e-08  1.19551478e+00 
 1.82655389e-08  1.19573841e+00 
 1.82675389e-08  1.19597310e+00 
 1.82695389e-08  1.19621920e+00 
 1.82715389e-08  1.19647702e+00 
 1.82735389e-08  1.19674681e+00 
 1.82755389e-08  1.19702883e+00 
 1.82775389e-08  1.19732329e+00 
 1.82795389e-08  1.19763041e+00 
 1.82815389e-08  1.19795042e+00 
 1.82835389e-08  1.19828357e+00 
 1.82855389e-08  1.19863016e+00 
 1.82875389e-08  1.19899052e+00 
 1.82895389e-08  1.19936505e+00 
 1.82915389e-08  1.19975420e+00 
 1.82935389e-08  1.20015848e+00 
 1.82955389e-08  1.20057848e+00 
 1.82975389e-08  1.20101482e+00 
 1.82995389e-08  1.20146818e+00 
 1.83015389e-08  1.20193925e+00 
 1.83035389e-08  1.20242872e+00 
 1.83055389e-08  1.20293724e+00 
 1.83075389e-08  1.20346544e+00 
 1.83095389e-08  1.20401382e+00 
 1.83115389e-08  1.20458277e+00 
 1.83135389e-08  1.20517247e+00 
 1.83155389e-08  1.20578285e+00 
 1.83175389e-08  1.20641334e+00 
 1.83195389e-08  1.20706273e+00 
 1.83215389e-08  1.20772892e+00 
 1.83235389e-08  1.20840868e+00 
 1.83255389e-08  1.20909776e+00 
 1.83275389e-08  1.20979119e+00 
 1.83295389e-08  1.21048389e+00 
 1.83315389e-08  1.21117134e+00 
 1.83335389e-08  1.21185000e+00 
 1.83355389e-08  1.21251754e+00 
 1.83375389e-08  1.21317267e+00 
 1.83395389e-08  1.21381500e+00 
 1.83415389e-08  1.21444468e+00 
 1.83435389e-08  1.21506223e+00 
 1.83455389e-08  1.21566831e+00 
 1.83475389e-08  1.21626361e+00 
 1.83495389e-08  1.21684878e+00 
 1.83515389e-08  1.21742439e+00 
 1.83535389e-08  1.21799089e+00 
 1.83555389e-08  1.21854864e+00 
 1.83575389e-08  1.21909789e+00 
 1.83595389e-08  1.21963882e+00 
 1.83615389e-08  1.22017154e+00 
 1.83635389e-08  1.22069611e+00 
 1.83655389e-08  1.22121253e+00 
 1.83675389e-08  1.22172081e+00 
 1.83695389e-08  1.22222090e+00 
 1.83715389e-08  1.22271277e+00 
 1.83735389e-08  1.22319638e+00 
 1.83755389e-08  1.22367168e+00 
 1.83775389e-08  1.22413861e+00 
 1.83795389e-08  1.22459714e+00 
 1.83815389e-08  1.22504720e+00 
 1.83835389e-08  1.22548871e+00 
 1.83855389e-08  1.22592158e+00 
 1.83875389e-08  1.22634534e+00 
 1.83895389e-08  1.22676006e+00 
 1.83915389e-08  1.22716608e+00 
 1.83935389e-08  1.22756294e+00 
 1.83955389e-08  1.22795000e+00 
 1.83975389e-08  1.22832653e+00 
 1.83995389e-08  1.22869157e+00 
 1.84015389e-08  1.22904393e+00 
 1.84035389e-08  1.22938215e+00 
 1.84055389e-08  1.22970441e+00 
 1.84075389e-08  1.23000684e+00 
 1.84095389e-08  1.23028672e+00 
 1.84115389e-08  1.23054247e+00 
 1.84135389e-08  1.23077054e+00 
 1.84155389e-08  1.23096691e+00 
 1.84175389e-08  1.23112717e+00 
 1.84195389e-08  1.23124658e+00 
 1.84215389e-08  1.23132018e+00 
 1.84235389e-08  1.23134291e+00 
 1.84255389e-08  1.23130971e+00 
 1.84275389e-08  1.23121569e+00 
 1.84295389e-08  1.23105617e+00 
 1.84315389e-08  1.23082677e+00 
 1.84335389e-08  1.23052342e+00 
 1.84355389e-08  1.23014234e+00 
 1.84375389e-08  1.22968003e+00 
 1.84395389e-08  1.22913315e+00 
 1.84415389e-08  1.22849852e+00 
 1.84435389e-08  1.22777297e+00 
 1.84455389e-08  1.22695338e+00 
 1.84475389e-08  1.22603651e+00 
 1.84495389e-08  1.22501906e+00 
 1.84515389e-08  1.22389756e+00 
 1.84535389e-08  1.22266841e+00 
 1.84555389e-08  1.22132781e+00 
 1.84575389e-08  1.21987178e+00 
 1.84595389e-08  1.21829616e+00 
 1.84615389e-08  1.21659655e+00 
 1.84635389e-08  1.21476837e+00 
 1.84655389e-08  1.21280679e+00 
 1.84675389e-08  1.21070677e+00 
 1.84695389e-08  1.20846300e+00 
 1.84715389e-08  1.20606989e+00 
 1.84735389e-08  1.20352157e+00 
 1.84755389e-08  1.20081181e+00 
 1.84775389e-08  1.19793403e+00 
 1.84795389e-08  1.19488124e+00 
 1.84815389e-08  1.19164599e+00 
 1.84835389e-08  1.18822026e+00 
 1.84855389e-08  1.18459537e+00 
 1.84875389e-08  1.18076189e+00 
 1.84895389e-08  1.17670947e+00 
 1.84915389e-08  1.17244608e+00 
 1.84935389e-08  1.16795861e+00 
 1.84955389e-08  1.16321424e+00 
 1.84975389e-08  1.15817213e+00 
 1.84995389e-08  1.15281469e+00 
 1.85015389e-08  1.14714721e+00 
 1.85035389e-08  1.14114565e+00 
 1.85055389e-08  1.13478258e+00 
 1.85075389e-08  1.12802591e+00 
 1.85095389e-08  1.12083848e+00 
 1.85115389e-08  1.11317671e+00 
 1.85135389e-08  1.10498990e+00 
 1.85155389e-08  1.09621893e+00 
 1.85175389e-08  1.08679569e+00 
 1.85195389e-08  1.07664265e+00 
 1.85215389e-08  1.06567373e+00 
 1.85235389e-08  1.05379665e+00 
 1.85255389e-08  1.04091771e+00 
 1.85275389e-08  1.02694898e+00 
 1.85295389e-08  1.01181757e+00 
 1.85315389e-08  9.95474403e-01 
 1.85335389e-08  9.77900088e-01 
 1.85355389e-08  9.59105176e-01 
 1.85375389e-08  9.39125053e-01 
 1.85395389e-08  9.18011726e-01 
 1.85415389e-08  8.95825688e-01 
 1.85435389e-08  8.72629823e-01 
 1.85455389e-08  8.48485858e-01 
 1.85475389e-08  8.23452788e-01 
 1.85495389e-08  7.97628612e-01 
 1.85515389e-08  7.71058075e-01 
 1.85535389e-08  7.43746361e-01 
 1.85555389e-08  7.15745698e-01 
 1.85575389e-08  6.87088397e-01 
 1.85595389e-08  6.57828379e-01 
 1.85615389e-08  6.28031178e-01 
 1.85635389e-08  5.97745390e-01 
 1.85655389e-08  5.67022343e-01 
 1.85675389e-08  5.35915908e-01 
 1.85695389e-08  5.04485422e-01 
 1.85715389e-08  4.72797078e-01 
 1.85735389e-08  4.40927954e-01 
 1.85755389e-08  4.08969955e-01 
 1.85775389e-08  3.77036526e-01 
 1.85795389e-08  3.45270421e-01 
 1.85815389e-08  3.13853856e-01 
 1.85835389e-08  2.83018214e-01 
 1.85855389e-08  2.53050653e-01 
 1.85875389e-08  2.24290656e-01 
 1.85895389e-08  1.97110700e-01 
 1.85915389e-08  1.71878359e-01 
 1.85935389e-08  1.48907244e-01 
 1.85955389e-08  1.28411246e-01 
 1.85975389e-08  1.10477241e-01 
 1.85995389e-08  9.50627769e-02 
 1.86015389e-08  8.20158654e-02 
 1.86035389e-08  7.11076310e-02 
 1.86055389e-08  6.20679222e-02 
 1.86075389e-08  5.46163363e-02 
 1.86095389e-08  4.84438894e-02 
 1.86115389e-08  4.33317272e-02 
 1.86135389e-08  3.91272499e-02 
 1.86155389e-08  3.56409679e-02 
 1.86175389e-08  3.27202070e-02 
 1.86195389e-08  3.02537075e-02 
 1.86215389e-08  2.81435945e-02 
 1.86235389e-08  2.63065329e-02 
 1.86255389e-08  2.46906392e-02 
 1.86275389e-08  2.32561422e-02 
 1.86295389e-08  2.19718023e-02 
 1.86315389e-08  2.08136245e-02 
 1.86335389e-08  1.97625653e-02 
 1.86355389e-08  1.88037769e-02 
 1.86375389e-08  1.79252138e-02 
 1.86395389e-08  1.71172389e-02 
 1.86415389e-08  1.63718100e-02 
 1.86435389e-08  1.56823018e-02 
 1.86455389e-08  1.50430408e-02 
 1.86475389e-08  1.44492351e-02 
 1.86495389e-08  1.38967025e-02 
 1.86515389e-08  1.33818418e-02 
 1.86535389e-08  1.29014662e-02 
 1.86555389e-08  1.24527864e-02 
 1.86575389e-08  1.20333034e-02 
 1.86595389e-08  1.16407958e-02 
 1.86615389e-08  1.12732490e-02 
 1.86635389e-08  1.09288452e-02 
 1.86655389e-08  1.06059166e-02 
 1.86675389e-08  1.03029372e-02 
 1.86695389e-08  1.00184923e-02 
 1.86715389e-08  9.75127233e-03 
 1.86735389e-08  9.50005285e-03 
 1.86755389e-08  9.26369036e-03 
 1.86775389e-08  9.04110984e-03 
 1.86795389e-08  8.83130175e-03 
 1.86815389e-08  8.63331487e-03 
 1.86835389e-08  8.44625435e-03 
 1.86855389e-08  8.26927788e-03 
 1.86875389e-08  8.10159436e-03 
 1.86895389e-08  7.94246213e-03 
 1.86915389e-08  7.79118776e-03 
 1.86935389e-08  7.64712547e-03 
 1.86955389e-08  7.50967600e-03 
 1.86975389e-08  7.37828704e-03 
 1.86995389e-08  7.25245266e-03 
 1.87015389e-08  7.13171543e-03 
 1.87035389e-08  7.01566785e-03 
 1.87055389e-08  6.90395713e-03 
 1.87075389e-08  6.79628947e-03 
 1.87095389e-08  6.69243791e-03 
 1.87115389e-08  6.59224864e-03 
 1.87135389e-08  6.49564912e-03 
 1.87155389e-08  6.40265079e-03 
 1.87175389e-08  6.31334829e-03 
 1.87195389e-08  6.22790651e-03 
 1.87215389e-08  6.14653704e-03 
 1.87235389e-08  6.06945816e-03 
 1.87255389e-08  5.99684748e-03 
 1.87275389e-08  5.92879601e-03 
 1.87295389e-08  5.86529197e-03 
 1.87315389e-08  5.80625089e-03 
 1.87335389e-08  5.75159058e-03 
 1.87355389e-08  5.70129797e-03 
 1.87375389e-08  5.65543865e-03 
 1.87395389e-08  5.61409466e-03 
 1.87415389e-08  5.57727263e-03 
 1.87435389e-08  5.54482319e-03 
 1.87455389e-08  5.51640538e-03 
 1.87475389e-08  5.49149636e-03 
 1.87495389e-08  5.46943932e-03 
 1.87515389e-08  5.44950492e-03 
 1.87535389e-08  5.43095326e-03 
 1.87555389e-08  5.41308002e-03 
 1.87575389e-08  5.39524780e-03 
 1.87595389e-08  5.37689889e-03 
 1.87615389e-08  5.35755774e-03 
 1.87635389e-08  5.33682244e-03 
 1.87655389e-08  5.31435324e-03 
 1.87675389e-08  5.28985580e-03 
 1.87695389e-08  5.26306494e-03 
 1.87715389e-08  5.23372480e-03 
 1.87735389e-08  5.20156977e-03 
 1.87755389e-08  5.16643354e-03 
 1.87775389e-08  5.12796921e-03 
 1.87795389e-08  5.08549948e-03 
 1.87815389e-08  5.03842101e-03 
 1.87835389e-08  4.98614781e-03 
 1.87855389e-08  4.92794330e-03 
 1.87875389e-08  4.86292001e-03 
 1.87895389e-08  4.79012619e-03 
 1.87915389e-08  4.70864957e-03 
 1.87935389e-08  4.61770460e-03 
 1.87955389e-08  4.51675069e-03 
 1.87975389e-08  4.40551693e-03 
 1.87995389e-08  4.28401513e-03 
 1.88015389e-08  4.15246160e-03 
 1.88035389e-08  4.01120814e-03 
 1.88055389e-08  3.86065118e-03 
 1.88075389e-08  3.70118179e-03 
 1.88095389e-08  3.53315137e-03 
 1.88115389e-08  3.35686687e-03 
 1.88135389e-08  3.17259860e-03 
 1.88155389e-08  2.98059259e-03 
 1.88175389e-08  2.78108744e-03 
 1.88195389e-08  2.57432152e-03 
 1.88215389e-08  2.36054323e-03 
 1.88235389e-08  2.14000815e-03 
 1.88255389e-08  1.91298147e-03 
 1.88275389e-08  1.67972830e-03 
 1.88295389e-08  1.44051160e-03 
 1.88315389e-08  1.19558008e-03 
 1.88335389e-08  9.45164803e-04 
 1.88355389e-08  6.89467735e-04 
 1.88375389e-08  4.28659080e-04 
 1.88395389e-08  1.62868096e-04 
 1.88415389e-08 -1.07817670e-04 
 1.88435389e-08 -3.83358288e-04 
 1.88455389e-08 -6.63758943e-04 
 1.88475389e-08 -9.49070831e-04 
 1.88495389e-08 -1.23938334e-03 
 1.88515389e-08 -1.53481708e-03 
 1.88535389e-08 -1.83550631e-03 
 1.88555389e-08 -2.14157868e-03 
 1.88575389e-08 -2.45312198e-03 
 1.88595389e-08 -2.77014539e-03 
 1.88615389e-08 -3.09252812e-03 
 1.88635389e-08 -3.41996677e-03 
 1.88655389e-08 -3.75192234e-03 
 1.88675389e-08 -4.08758676e-03 
 1.88695389e-08 -4.42587847e-03 
 1.88715389e-08 -4.76548695e-03 
 1.88735389e-08 -5.10496389e-03 
 1.88755389e-08 -5.44285382e-03 
 1.88775389e-08 -5.77783026e-03 
 1.88795389e-08 -6.10880965e-03 
 1.88815389e-08 -6.43501413e-03 
 1.88835389e-08 -6.75598311e-03 
 1.88855389e-08 -7.07154005e-03 
 1.88875389e-08 -7.38173866e-03 
 1.88895389e-08 -7.68680140e-03 
 1.88915389e-08 -7.98706651e-03 
 1.88935389e-08 -8.28294393e-03 
 1.88955389e-08 -8.57488500e-03 
 1.88975389e-08 -8.86335961e-03 
 1.88995389e-08 -9.14884271e-03 
 1.89015389e-08 -9.43180388e-03 
 1.89035389e-08 -9.71270253e-03 
 1.89055389e-08 -9.99198355e-03 
 1.89075389e-08 -1.02700771e-02 
 1.89095389e-08 -1.05473974e-02 
 1.89115389e-08 -1.08243452e-02 
 1.89135389e-08 -1.11013071e-02 
 1.89155389e-08 -1.13786571e-02 
 1.89175389e-08 -1.16567540e-02 
 1.89195389e-08 -1.19359371e-02 
 1.89215389e-08 -1.22125223e-02 
 1.89235389e-08 -1.24891894e-02 
 1.89255389e-08 -1.27746875e-02 
 1.89275389e-08 -1.30648226e-02 
 1.89295389e-08 -1.33548372e-02 
 1.89315389e-08 -1.36456125e-02 
 1.89335389e-08 -1.39370060e-02 
 1.89355389e-08 -1.42286151e-02 
 1.89375389e-08 -1.45193106e-02 
 1.89395389e-08 -1.48076754e-02 
 1.89415389e-08 -1.50916667e-02 
 1.89435389e-08 -1.53689351e-02 
 1.89455389e-08 -1.56366459e-02 
 1.89475389e-08 -1.58917523e-02 
 1.89495389e-08 -1.61309295e-02 
 1.89515389e-08 -1.63507948e-02 
 1.89535389e-08 -1.65478799e-02 
 1.89555389e-08 -1.67187734e-02 
 1.89575389e-08 -1.68600841e-02 
 1.89595389e-08 -1.69685082e-02 
 1.89615389e-08 -1.70407747e-02 
 1.89635389e-08 -1.70736605e-02 
 1.89655389e-08 -1.70639289e-02 
 1.89675389e-08 -1.70083163e-02 
 1.89695389e-08 -1.69034737e-02 
 1.89715389e-08 -1.67459425e-02 
 1.89735389e-08 -1.65321015e-02 
 1.89755389e-08 -1.62581390e-02 
 1.89775389e-08 -1.59200053e-02 
 1.89795389e-08 -1.55133827e-02 
 1.89815389e-08 -1.50336401e-02 
 1.89835389e-08 -1.44757996e-02 
 1.89855389e-08 -1.38344903e-02 
 1.89875389e-08 -1.31039084e-02 
 1.89895389e-08 -1.22777664e-02 
 1.89915389e-08 -1.13492440e-02 
 1.89935389e-08 -1.03109275e-02 
 1.89955389e-08 -9.15474764e-03 
 1.89975389e-08 -7.87190404e-03 
 1.89995389e-08 -6.45278336e-03 
 1.90015389e-08 -4.88686090e-03 
 1.90035389e-08 -3.16259051e-03 
 1.90055389e-08 -1.26727165e-03 
 1.90075389e-08  8.13102975e-04 
 1.90095389e-08  3.09405947e-03 
 1.90115389e-08  5.59291740e-03 
 1.90135389e-08  8.32907828e-03 
 1.90155389e-08  1.13243975e-02 
 1.90175389e-08  1.46036630e-02 
 1.90195389e-08  1.81951831e-02 
 1.90215389e-08  2.21315301e-02 
 1.90235389e-08  2.64504568e-02 
 1.90255389e-08  3.11960314e-02 
 1.90275389e-08  3.64200033e-02 
 1.90295389e-08  4.21834021e-02 
 1.90315389e-08  4.85582914e-02 
 1.90335389e-08  5.56294799e-02 
 1.90355389e-08  6.34957382e-02 
 1.90375389e-08  7.22697023e-02 
 1.90395389e-08  8.20751599e-02 
 1.90415389e-08  9.30401476e-02 
 1.90435389e-08  1.05284873e-01 
 1.90455389e-08  1.18905818e-01 
 1.90475389e-08  1.33961063e-01 
 1.90495389e-08  1.50322032e-01 
 1.90515389e-08  1.68089535e-01 
 1.90535389e-08  1.87369067e-01 
 1.90555389e-08  2.07955990e-01 
 1.90575389e-08  2.29778059e-01 
 1.90595389e-08  2.52773444e-01 
 1.90615389e-08  2.76877806e-01 
 1.90635389e-08  3.02035766e-01 
 1.90655389e-08  3.28191059e-01 
 1.90675389e-08  3.55292933e-01 
 1.90695389e-08  3.83289373e-01 
 1.90715389e-08  4.12130735e-01 
 1.90735389e-08  4.41764919e-01 
 1.90755389e-08  4.72139063e-01 
 1.90775389e-08  5.03195665e-01 
 1.90795389e-08  5.34872621e-01 
 1.90815389e-08  5.67099409e-01 
 1.90835389e-08  5.99795325e-01 
 1.90855389e-08  6.32864781e-01 
 1.90875389e-08  6.66193367e-01 
 1.90895389e-08  6.99641763e-01 
 1.90915389e-08  7.33040411e-01 
 1.90935389e-08  7.66184514e-01 
 1.90955389e-08  7.98833138e-01 
 1.90975389e-08  8.30714564e-01 
 1.90995389e-08  8.61541061e-01 
 1.91015389e-08  8.91032048e-01 
 1.91035389e-08  9.18940940e-01 
 1.91055389e-08  9.45077637e-01 
 1.91075389e-08  9.69320341e-01 
 1.91095389e-08  9.91615298e-01 
 1.91115389e-08  1.01196768e+00 
 1.91135389e-08  1.03042859e+00 
 1.91155389e-08  1.04708205e+00 
 1.91175389e-08  1.06203383e+00 
 1.91195389e-08  1.07540274e+00 
 1.91215389e-08  1.08731406e+00 
 1.91235389e-08  1.09789458e+00 
 1.91255389e-08  1.10726909e+00 
 1.91275389e-08  1.11555774e+00 
 1.91295389e-08  1.12287430e+00 
 1.91315389e-08  1.12932500e+00 
 1.91335389e-08  1.13500791e+00 
 1.91355389e-08  1.14001263e+00 
 1.91375389e-08  1.14442043e+00 
 1.91395389e-08  1.14830440e+00 
 1.91415389e-08  1.15172994e+00 
 1.91435389e-08  1.15475522e+00 
 1.91455389e-08  1.15743172e+00 
 1.91475389e-08  1.15980480e+00 
 1.91495389e-08  1.16191434e+00 
 1.91515389e-08  1.16379520e+00 
 1.91535389e-08  1.16547783e+00 
 1.91555389e-08  1.16698874e+00 
 1.91575389e-08  1.16835098e+00 
 1.91595389e-08  1.16958450e+00 
 1.91615389e-08  1.17070662e+00 
 1.91635389e-08  1.17173227e+00 
 1.91655389e-08  1.17267434e+00 
 1.91675389e-08  1.17354393e+00 
 1.91695389e-08  1.17435057e+00 
 1.91715389e-08  1.17510243e+00 
 1.91735389e-08  1.17580651e+00 
 1.91755389e-08  1.17646876e+00 
 1.91775389e-08  1.17709431e+00 
 1.91795389e-08  1.17768748e+00 
 1.91815389e-08  1.17825200e+00 
 1.91835389e-08  1.17879102e+00 
 1.91855389e-08  1.17930724e+00 
 1.91875389e-08  1.17980299e+00 
 1.91895389e-08  1.18028023e+00 
 1.91915389e-08  1.18073924e+00 
 1.91935389e-08  1.18118153e+00 
 1.91955389e-08  1.18160966e+00 
 1.91975389e-08  1.18202496e+00 
 1.91995389e-08  1.18242857e+00 
 1.92015389e-08  1.18282128e+00 
 1.92035389e-08  1.18320388e+00 
 1.92055389e-08  1.18357694e+00 
 1.92075389e-08  1.18394105e+00 
 1.92095389e-08  1.18429665e+00 
 1.92115389e-08  1.18464416e+00 
 1.92135389e-08  1.18498390e+00 
 1.92155389e-08  1.18532012e+00 
 1.92175389e-08  1.18565198e+00 
 1.92195389e-08  1.18597527e+00 
 1.92215389e-08  1.18629058e+00 
 1.92235389e-08  1.18659809e+00 
 1.92255389e-08  1.18689797e+00 
 1.92275389e-08  1.18719019e+00 
 1.92295389e-08  1.18747470e+00 
 1.92315389e-08  1.18775133e+00 
 1.92335389e-08  1.18801987e+00 
 1.92355389e-08  1.18828006e+00 
 1.92375389e-08  1.18853160e+00 
 1.92395389e-08  1.18877415e+00 
 1.92415389e-08  1.18900741e+00 
 1.92435389e-08  1.18923109e+00 
 1.92455389e-08  1.18944500e+00 
 1.92475389e-08  1.18964906e+00 
 1.92495389e-08  1.18984343e+00 
 1.92515389e-08  1.19002851e+00 
 1.92535389e-08  1.19020500e+00 
 1.92555389e-08  1.19037388e+00 
 1.92575389e-08  1.19053635e+00 
 1.92595389e-08  1.19069373e+00 
 1.92615389e-08  1.19084728e+00 
 1.92635389e-08  1.19099811e+00 
 1.92655389e-08  1.19114713e+00 
 1.92675389e-08  1.19129500e+00 
 1.92695389e-08  1.19144217e+00 
 1.92715389e-08  1.19158890e+00 
 1.92735389e-08  1.19173534e+00 
 1.92755389e-08  1.19188149e+00 
 1.92775389e-08  1.19202734e+00 
 1.92795389e-08  1.19217281e+00 
 1.92815389e-08  1.19231780e+00 
 1.92835389e-08  1.19246223e+00 
 1.92855389e-08  1.19260370e+00 
 1.92875389e-08  1.19274264e+00 
 1.92895389e-08  1.19288351e+00 
 1.92915389e-08  1.19302627e+00 
 1.92935389e-08  1.19316898e+00 
 1.92955389e-08  1.19331160e+00 
 1.92975389e-08  1.19345446e+00 
 1.92995389e-08  1.19359812e+00 
 1.93015389e-08  1.19374333e+00 
 1.93035389e-08  1.19389100e+00 
 1.93055389e-08  1.19404213e+00 
 1.93075389e-08  1.19419774e+00 
 1.93095389e-08  1.19435888e+00 
 1.93115389e-08  1.19452649e+00 
 1.93135389e-08  1.19470149e+00 
 1.93155389e-08  1.19488468e+00 
 1.93175389e-08  1.19507679e+00 
 1.93195389e-08  1.19527847e+00 
 1.93215389e-08  1.19549026e+00 
 1.93235389e-08  1.19571265e+00 
 1.93255389e-08  1.19594606e+00 
 1.93275389e-08  1.19619084e+00 
 1.93295389e-08  1.19644731e+00 
 1.93315389e-08  1.19671573e+00 
 1.93335389e-08  1.19699635e+00 
 1.93355389e-08  1.19728938e+00 
 1.93375389e-08  1.19759504e+00 
 1.93395389e-08  1.19791357e+00 
 1.93415389e-08  1.19824522e+00 
 1.93435389e-08  1.19859027e+00 
 1.93455389e-08  1.19894905e+00 
 1.93475389e-08  1.19932194e+00 
 1.93495389e-08  1.19970940e+00 
 1.93515389e-08  1.20011193e+00 
 1.93535389e-08  1.20053011e+00 
 1.93555389e-08  1.20096457e+00 
 1.93575389e-08  1.20141596e+00 
 1.93595389e-08  1.20188498e+00 
 1.93615389e-08  1.20237232e+00 
 1.93635389e-08  1.20287865e+00 
 1.93655389e-08  1.20340459e+00 
 1.93675389e-08  1.20395065e+00 
 1.93695389e-08  1.20451724e+00 
 1.93715389e-08  1.20510459e+00 
 1.93735389e-08  1.20571263e+00 
 1.93755389e-08  1.20634088e+00 
 1.93775389e-08  1.20698821e+00 
 1.93795389e-08  1.20765263e+00 
 1.93815389e-08  1.20833104e+00 
 1.93835389e-08  1.20901930e+00 
 1.93855389e-08  1.20971249e+00 
 1.93875389e-08  1.21040551e+00 
 1.93895389e-08  1.21109375e+00 
 1.93915389e-08  1.21177355e+00 
 1.93935389e-08  1.21244243e+00 
 1.93955389e-08  1.21309900e+00 
 1.93975389e-08  1.21374278e+00 
 1.93995389e-08  1.21437387e+00 
 1.94015389e-08  1.21499276e+00 
 1.94035389e-08  1.21560011e+00 
 1.94055389e-08  1.21619660e+00 
 1.94075389e-08  1.21678289e+00 
 1.94095389e-08  1.21735956e+00 
 1.94115389e-08  1.21792707e+00 
 1.94135389e-08  1.21848579e+00 
 1.94155389e-08  1.21903600e+00 
 1.94175389e-08  1.21957786e+00 
 1.94195389e-08  1.22011151e+00 
 1.94215389e-08  1.22063700e+00 
 1.94235389e-08  1.22115435e+00 
 1.94255389e-08  1.22166355e+00 
 1.94275389e-08  1.22216457e+00 
 1.94295389e-08  1.22265738e+00 
 1.94315389e-08  1.22314192e+00 
 1.94335389e-08  1.22361816e+00 
 1.94355389e-08  1.22408605e+00 
 1.94375389e-08  1.22454553e+00 
 1.94395389e-08  1.22499655e+00 
 1.94415389e-08  1.22543904e+00 
 1.94435389e-08  1.22587289e+00 
 1.94455389e-08  1.22629764e+00 
 1.94475389e-08  1.22671337e+00 
 1.94495389e-08  1.22712044e+00 
 1.94515389e-08  1.22751839e+00 
 1.94535389e-08  1.22790662e+00 
 1.94555389e-08  1.22828441e+00 
 1.94575389e-08  1.22865081e+00 
 1.94595389e-08  1.22900469e+00 
 1.94615389e-08  1.22934460e+00 
 1.94635389e-08  1.22966877e+00 
 1.94655389e-08  1.22997343e+00 
 1.94675389e-08  1.23025589e+00 
 1.94695389e-08  1.23051459e+00 
 1.94715389e-08  1.23074602e+00 
 1.94735389e-08  1.23094623e+00 
 1.94755389e-08  1.23111085e+00 
 1.94775389e-08  1.23123517e+00 
 1.94795389e-08  1.23131425e+00 
 1.94815389e-08  1.23134303e+00 
 1.94835389e-08  1.23131645e+00 
 1.94855389e-08  1.23122959e+00 
 1.94875389e-08  1.23107775e+00 
 1.94895389e-08  1.23085651e+00 
 1.94915389e-08  1.23056177e+00 
 1.94935389e-08  1.23018973e+00 
 1.94955389e-08  1.22973682e+00 
 1.94975389e-08  1.22919973e+00 
 1.94995389e-08  1.22857524e+00 
 1.95015389e-08  1.22786019e+00 
 1.95035389e-08  1.22705146e+00 
 1.95055389e-08  1.22614582e+00 
 1.95075389e-08  1.22513998e+00 
 1.95095389e-08  1.22403050e+00 
 1.95115389e-08  1.22281378e+00 
 1.95135389e-08  1.22148606e+00 
 1.95155389e-08  1.22004337e+00 
 1.95175389e-08  1.21848157e+00 
 1.95195389e-08  1.21679629e+00 
 1.95215389e-08  1.21498297e+00 
 1.95235389e-08  1.21303682e+00 
 1.95255389e-08  1.21095282e+00 
 1.95275389e-08  1.20872568e+00 
 1.95295389e-08  1.20634985e+00 
 1.95315389e-08  1.20381949e+00 
 1.95335389e-08  1.20112843e+00 
 1.95355389e-08  1.19827011e+00 
 1.95375389e-08  1.19523760e+00 
 1.95395389e-08  1.19202350e+00 
 1.95415389e-08  1.18861987e+00 
 1.95435389e-08  1.18501810e+00 
 1.95455389e-08  1.18120886e+00 
 1.95475389e-08  1.17718190e+00 
 1.95495389e-08  1.17292599e+00 
 1.95515389e-08  1.16844970e+00 
 1.95535389e-08  1.16373892e+00 
 1.95555389e-08  1.15873181e+00 
 1.95575389e-08  1.15341146e+00 
 1.95595389e-08  1.14778306e+00 
 1.95615389e-08  1.14182313e+00 
 1.95635389e-08  1.13550465e+00 
 1.95655389e-08  1.12879619e+00 
 1.95675389e-08  1.12166122e+00 
 1.95695389e-08  1.11405700e+00 
 1.95715389e-08  1.10593370e+00 
 1.95735389e-08  1.09723325e+00 
 1.95755389e-08  1.08788860e+00 
 1.95775389e-08  1.07782329e+00 
 1.95795389e-08  1.06695216e+00 
 1.95815389e-08  1.05518344e+00 
 1.95835389e-08  1.04242330e+00 
 1.95855389e-08  1.02858275e+00 
 1.95875389e-08  1.01358670e+00 
 1.95895389e-08  9.97383048e-01 
 1.95915389e-08  9.79948894e-01 
 1.95935389e-08  9.61291575e-01 
 1.95955389e-08  9.41444040e-01 
 1.95975389e-08  9.20456844e-01 
 1.95995389e-08  8.98389865e-01 
 1.96015389e-08  8.75305938e-01 
 1.96035389e-08  8.51267024e-01 
 1.96055389e-08  8.26332461e-01 
 1.96075389e-08  8.00601653e-01 
 1.96095389e-08  7.74119433e-01 
 1.96115389e-08  7.46889995e-01 
 1.96135389e-08  7.18965837e-01 
 1.96155389e-08  6.90378897e-01 
 1.96175389e-08  6.61183200e-01 
 1.96195389e-08  6.31444827e-01 
 1.96215389e-08  6.01212217e-01 
 1.96235389e-08  5.70536413e-01 
 1.96255389e-08  5.39470843e-01 
 1.96275389e-08  5.08074177e-01 
 1.96295389e-08  4.76411634e-01 
 1.96315389e-08  4.44558893e-01 
 1.96335389e-08  4.12605860e-01 
 1.96355389e-08  3.80663181e-01 
 1.96375389e-08  3.48869785e-01 
 1.96395389e-08  3.17402891e-01 
 1.96415389e-08  2.86487841e-01 
 1.96435389e-08  2.56405377e-01 
 1.96455389e-08  2.27489655e-01 
 1.96475389e-08  2.00110988e-01 
 1.96495389e-08  1.74639879e-01 
 1.96515389e-08  1.51398597e-01 
 1.96535389e-08  1.30614195e-01 
 1.96555389e-08  1.12388590e-01 
 1.96575389e-08  9.66933915e-02 
 1.96595389e-08  8.33875763e-02 
 1.96615389e-08  7.22491965e-02 
 1.96635389e-08  6.30111031e-02 
 1.96655389e-08  5.53927422e-02 
 1.96675389e-08  4.90812026e-02 
 1.96695389e-08  4.38550356e-02 
 1.96715389e-08  3.95599717e-02 
 1.96735389e-08  3.60021067e-02 
 1.96755389e-08  3.30248429e-02 
 1.96775389e-08  3.05139346e-02 
 1.96795389e-08  2.83686913e-02 
 1.96815389e-08  2.65033160e-02 
 1.96835389e-08  2.48643916e-02 
 1.96855389e-08  2.34109552e-02 
 1.96875389e-08  2.21108460e-02 
 1.96895389e-08  2.09393684e-02 
 1.96915389e-08  1.98769474e-02 
 1.96935389e-08  1.89083353e-02 
 1.96955389e-08  1.80211851e-02 
 1.96975389e-08  1.72056319e-02 
 1.96995389e-08  1.64534601e-02 
 1.97015389e-08  1.57579100e-02 
 1.97035389e-08  1.51132029e-02 
 1.97055389e-08  1.45144622e-02 
 1.97075389e-08  1.39574376e-02 
 1.97095389e-08  1.34384713e-02 
 1.97115389e-08  1.29543302e-02 
 1.97135389e-08  1.25021857e-02 
 1.97155389e-08  1.20795065e-02 
 1.97175389e-08  1.16840436e-02 
 1.97195389e-08  1.13137595e-02 
 1.97215389e-08  1.09668166e-02 
 1.97235389e-08  1.06415305e-02 
 1.97255389e-08  1.03363607e-02 
 1.97275389e-08  1.00498805e-02 
 1.97295389e-08  9.78076906e-03 
 1.97315389e-08  9.52779297e-03 
 1.97335389e-08  9.28979980e-03 
 1.97355389e-08  9.06570737e-03 
 1.97375389e-08  8.85449869e-03 
 1.97395389e-08  8.65521646e-03 
 1.97415389e-08  8.46695921e-03 
 1.97435389e-08  8.28887919e-03 
 1.97455389e-08  8.12017918e-03 
 1.97475389e-08  7.96011237e-03 
 1.97495389e-08  7.80797950e-03 
 1.97515389e-08  7.66312983e-03 
 1.97535389e-08  7.52495843e-03 
 1.97555389e-08  7.39290809e-03 
 1.97575389e-08  7.26646714e-03 
 1.97595389e-08  7.14517297e-03 
 1.97615389e-08  7.02861183e-03 
 1.97635389e-08  6.91642491e-03 
 1.97655389e-08  6.80831095e-03 
 1.97675389e-08  6.70403544e-03 
 1.97695389e-08  6.60343550e-03 
 1.97715389e-08  6.50642945e-03 
 1.97735389e-08  6.41301875e-03 
 1.97755389e-08  6.32328938e-03 
 1.97775389e-08  6.23739880e-03 
 1.97795389e-08  6.15555543e-03 
 1.97815389e-08  6.07797874e-03 
 1.97835389e-08  6.00485388e-03 
 1.97855389e-08  5.93628296e-03 
 1.97875389e-08  5.87226572e-03 
 1.97895389e-08  5.81272237e-03 
 1.97915389e-08  5.75756674e-03 
 1.97935389e-08  5.70677569e-03 
 1.97955389e-08  5.66040818e-03 
 1.97975389e-08  5.61854856e-03 
 1.97995389e-08  5.58121698e-03 
 1.98015389e-08  5.54828423e-03 
 1.98035389e-08  5.51943180e-03 
 1.98055389e-08  5.49415533e-03 
 1.98075389e-08  5.47181056e-03 
 1.98095389e-08  5.45167283e-03 
 1.98115389e-08  5.43300108e-03 
 1.98135389e-08  5.41508475e-03 
 1.98155389e-08  5.39727821e-03 
 1.98175389e-08  5.37901406e-03 
 1.98195389e-08  5.35980800e-03 
 1.98215389e-08  5.33924994e-03 
 1.98235389e-08  5.31699418e-03 
 1.98255389e-08  5.29274170e-03 
 1.98275389e-08  5.26622527e-03 
 1.98295389e-08  5.23718862e-03 
 1.98315389e-08  5.20536866e-03 
 1.98335389e-08  5.17059899e-03 
 1.98355389e-08  5.13254754e-03 
 1.98375389e-08  5.09055118e-03 
 1.98395389e-08  5.04401336e-03 
 1.98415389e-08  4.99236279e-03 
 1.98435389e-08  4.93487723e-03 
 1.98455389e-08  4.87067929e-03 
 1.98475389e-08  4.79881939e-03 
 1.98495389e-08  4.71837594e-03 
 1.98515389e-08  4.62854237e-03 
 1.98535389e-08  4.52874801e-03 
 1.98555389e-08  4.41868943e-03 
 1.98575389e-08  4.29834957e-03 
 1.98595389e-08  4.16792477e-03 
 1.98615389e-08  4.02775627e-03 
 1.98635389e-08  3.87823856e-03 
 1.98655389e-08  3.71976548e-03 
 1.98675389e-08  3.55269369e-03 
 1.98695389e-08  3.37733485e-03 
 1.98715389e-08  3.19396305e-03 
 1.98735389e-08  3.00282602e-03 
 1.98755389e-08  2.80416297e-03 
 1.98775389e-08  2.59821147e-03 
 1.98795389e-08  2.38521908e-03 
 1.98815389e-08  2.16544014e-03 
 1.98835389e-08  1.93913944e-03 
 1.98855389e-08  1.70658194e-03 
 1.98875389e-08  1.46803168e-03 
 1.98895389e-08  1.22373893e-03 
 1.98915389e-08  9.73937597e-04 
 1.98935389e-08  7.18832868e-04 
 1.98955389e-08  4.58599292e-04 
 1.98975389e-08  1.93370610e-04 
 1.98995389e-08 -7.67603092e-05 
 1.99015389e-08 -3.51748433e-04 
 1.99035389e-08 -6.31593484e-04 
 1.99055389e-08 -9.16341973e-04 
 1.99075389e-08 -1.20607898e-03 
 1.99095389e-08 -1.50092254e-03 
 1.99115389e-08 -1.80100601e-03 
 1.99135389e-08 -2.10645953e-03 
 1.99155389e-08 -2.41737699e-03 
 1.99175389e-08 -2.73377919e-03 
 1.99195389e-08 -3.05556254e-03 
 1.99215389e-08 -3.38244748e-03 
 1.99235389e-08 -3.71392377e-03 
 1.99255389e-08 -4.04921516e-03 
 1.99275389e-08 -4.38726973e-03 
 1.99295389e-08 -4.72679952e-03 
 1.99315389e-08 -5.06636560e-03 
 1.99335389e-08 -5.40450648e-03 
 1.99355389e-08 -5.73987433e-03 
 1.99375389e-08 -6.07135390e-03 
 1.99395389e-08 -6.39813080e-03 
 1.99415389e-08 -6.71970953e-03 
 1.99435389e-08 -7.03588348e-03 
 1.99455389e-08 -7.34668346e-03 
 1.99475389e-08 -7.65231538e-03 
 1.99495389e-08 -7.95310692e-03 
 1.99515389e-08 -8.24946142e-03 
 1.99535389e-08 -8.54182700e-03 
 1.99555389e-08 -8.83067204e-03 
 1.99575389e-08 -9.11647171e-03 
 1.99595389e-08 -9.39969633e-03 
 1.99615389e-08 -9.68080688e-03 
 1.99635389e-08 -9.96024979e-03 
 1.99655389e-08 -1.02384571e-02 
 1.99675389e-08 -1.05158447e-02 
 1.99695389e-08 -1.07928150e-02 
 1.99715389e-08 -1.10697558e-02 
 1.99735389e-08 -1.13470430e-02 
 1.99755389e-08 -1.16250369e-02 
 1.99775389e-08 -1.19040798e-02 
 1.99795389e-08 -1.21844853e-02 
 1.99815389e-08 -1.24623101e-02 
 1.99835389e-08 -1.27448417e-02 
 1.99855389e-08 -1.30335741e-02 
 1.99875389e-08 -1.33225929e-02 
 1.99895389e-08 -1.36129621e-02 
 1.99915389e-08 -1.39040229e-02 
 1.99935389e-08 -1.41956368e-02 
 1.99955389e-08 -1.44864202e-02 
 1.99975389e-08 -1.47751882e-02 
 1.99995389e-08 -1.50597669e-02 
 2.00015389e-08 -1.53379841e-02 
 2.00035389e-08 -1.56069293e-02 
 2.00055389e-08 -1.58636748e-02 
 2.00075389e-08 -1.61048400e-02 
 2.00095389e-08 -1.63271114e-02 
 2.00115389e-08 -1.65269729e-02 
 2.00135389e-08 -1.67010489e-02 
 2.00155389e-08 -1.68459093e-02 
 2.00175389e-08 -1.69582698e-02 
 2.00195389e-08 -1.70348331e-02 
 2.00215389e-08 -1.70723916e-02 
 2.00235389e-08 -1.70676962e-02 
 2.00255389e-08 -1.70175017e-02 
 2.00275389e-08 -1.69184604e-02 
 2.00295389e-08 -1.67671369e-02 
 2.00315389e-08 -1.65599239e-02 
 2.00335389e-08 -1.62930390e-02 
 2.00355389e-08 -1.59624575e-02 
 2.00375389e-08 -1.55638977e-02 
 2.00395389e-08 -1.50927638e-02 
 2.00415389e-08 -1.45441219e-02 
 2.00435389e-08 -1.39126463e-02 
 2.00455389e-08 -1.31925868e-02 
 2.00475389e-08 -1.23777126e-02 
 2.00495389e-08 -1.14612681e-02 
 2.00515389e-08 -1.04359101e-02 
 2.00535389e-08 -9.29364851e-03 
 2.00555389e-08 -8.02577015e-03 
 2.00575389e-08 -6.62275975e-03 
 2.00595389e-08 -5.07420212e-03 
 2.00615389e-08 -3.36867447e-03 
 2.00635389e-08 -1.49361568e-03 
 2.00655389e-08  5.64823028e-04 
 2.00675389e-08  2.82197985e-03 
 2.00695389e-08  5.29495555e-03 
 2.00715389e-08  8.00289621e-03 
 2.00735389e-08  1.09673540e-02 
 2.00755389e-08  1.42127535e-02 
 2.00775389e-08  1.77669656e-02 
 2.00795389e-08  2.16620313e-02 
 2.00815389e-08  2.59350571e-02 
 2.00835389e-08  3.06293234e-02 
 2.00855389e-08  3.57956231e-02 
 2.00875389e-08  4.14938360e-02 
 2.00895389e-08  4.77946722e-02 
 2.00915389e-08  5.47814044e-02 
 2.00935389e-08  6.25511753e-02 
 2.00955389e-08  7.12151076e-02 
 2.00975389e-08  8.08959703e-02 
 2.00995389e-08  9.17218279e-02 
 2.01015389e-08  1.03814549e-01 
 2.01035389e-08  1.17274162e-01 
 2.01055389e-08  1.32163682e-01 
 2.01075389e-08  1.48356254e-01 
 2.01095389e-08  1.65959612e-01 
 2.01115389e-08  1.85085385e-01 
 2.01135389e-08  2.05526354e-01 
 2.01155389e-08  2.27210107e-01 
 2.01175389e-08  2.50074528e-01 
 2.01195389e-08  2.74054733e-01 
 2.01215389e-08  2.99094991e-01 
 2.01235389e-08  3.25138668e-01 
 2.01255389e-08  3.52134839e-01 
 2.01275389e-08  3.80031356e-01 
 2.01295389e-08  4.08778619e-01 
 2.01315389e-08  4.38324663e-01 
 2.01335389e-08  4.68616952e-01 
 2.01355389e-08  4.99598469e-01 
 2.01375389e-08  5.31207852e-01 
 2.01395389e-08  5.63375596e-01 
 2.01415389e-08  5.96022407e-01 
 2.01435389e-08  6.29054572e-01 
 2.01455389e-08  6.62360147e-01 
 2.01475389e-08  6.95802934e-01 
 2.01495389e-08  7.29217144e-01 
 2.01515389e-08  7.62402153e-01 
 2.01535389e-08  7.95121058e-01 
 2.01555389e-08  8.27105099e-01 
 2.01575389e-08  8.58067343e-01 
 2.01595389e-08  8.87725022e-01 
 2.01615389e-08  9.15826357e-01 
 2.01635389e-08  9.42173933e-01 
 2.01655389e-08  9.66637918e-01 
 2.01675389e-08  9.89157094e-01 
 2.01695389e-08  1.00973050e+00 
 2.01715389e-08  1.02840466e+00 
 2.01735389e-08  1.04526043e+00 
 2.01755389e-08  1.06040157e+00 
 2.01775389e-08  1.07394578e+00 
 2.01795389e-08  1.08601786e+00 
 2.01815389e-08  1.09674464e+00 
 2.01835389e-08  1.10625128e+00 
 2.01855389e-08  1.11465857e+00 
 2.01875389e-08  1.12208109e+00 
 2.01895389e-08  1.12862597e+00 
 2.01915389e-08  1.13439223e+00 
 2.01935389e-08  1.13947046e+00 
 2.01955389e-08  1.14394286e+00 
 2.01975389e-08  1.14788345e+00 
 2.01995389e-08  1.15135849e+00 
 2.02015389e-08  1.15442693e+00 
 2.02035389e-08  1.15714102e+00 
 2.02055389e-08  1.15954678e+00 
 2.02075389e-08  1.16168468e+00 
 2.02095389e-08  1.16359014e+00 
 2.02115389e-08  1.16529410e+00 
 2.02135389e-08  1.16682347e+00 
 2.02155389e-08  1.16820168e+00 
 2.02175389e-08  1.16944904e+00 
 2.02195389e-08  1.17058313e+00 
 2.02215389e-08  1.17161916e+00 
 2.02235389e-08  1.17257022e+00 
 2.02255389e-08  1.17344762e+00 
 2.02275389e-08  1.17426104e+00 
 2.02295389e-08  1.17501880e+00 
 2.02315389e-08  1.17572804e+00 
 2.02335389e-08  1.17639481e+00 
 2.02355389e-08  1.17702433e+00 
 2.02375389e-08  1.17762102e+00 
 2.02395389e-08  1.17818865e+00 
 2.02415389e-08  1.17873045e+00 
 2.02435389e-08  1.17924917e+00 
 2.02455389e-08  1.17974715e+00 
 2.02475389e-08  1.18022643e+00 
 2.02495389e-08  1.18068730e+00 
 2.02515389e-08  1.18113131e+00 
 2.02535389e-08  1.18156101e+00 
 2.02555389e-08  1.18197776e+00 
 2.02575389e-08  1.18238270e+00 
 2.02595389e-08  1.18277666e+00 
 2.02615389e-08  1.18316041e+00 
 2.02635389e-08  1.18353457e+00 
 2.02655389e-08  1.18389970e+00 
 2.02675389e-08  1.18425627e+00 
 2.02695389e-08  1.18460470e+00 
 2.02715389e-08  1.18494533e+00 
 2.02735389e-08  1.18528238e+00 
 2.02755389e-08  1.18561503e+00 
 2.02775389e-08  1.18593912e+00 
 2.02795389e-08  1.18625522e+00 
 2.02815389e-08  1.18656354e+00 
 2.02835389e-08  1.18686423e+00 
 2.02855389e-08  1.18715728e+00 
 2.02875389e-08  1.18744264e+00 
 2.02895389e-08  1.18772014e+00 
 2.02915389e-08  1.18798960e+00 
 2.02935389e-08  1.18825073e+00 
 2.02955389e-08  1.18850326e+00 
 2.02975389e-08  1.18874685e+00 
 2.02995389e-08  1.18898118e+00 
 2.03015389e-08  1.18920596e+00 
 2.03035389e-08  1.18942098e+00 
 2.03055389e-08  1.18962616e+00 
 2.03075389e-08  1.18982163e+00 
 2.03095389e-08  1.19000774e+00 
 2.03115389e-08  1.19018516e+00 
 2.03135389e-08  1.19035485e+00 
 2.03155389e-08  1.19051800e+00 
 2.03175389e-08  1.19067589e+00 
 2.03195389e-08  1.19082981e+00 
 2.03215389e-08  1.19098090e+00 
 2.03235389e-08  1.19113009e+00 
 2.03255389e-08  1.19127807e+00 
 2.03275389e-08  1.19142530e+00 
 2.03295389e-08  1.19157208e+00 
 2.03315389e-08  1.19171854e+00 
 2.03335389e-08  1.19186473e+00 
 2.03355389e-08  1.19201062e+00 
 2.03375389e-08  1.19215613e+00 
 2.03395389e-08  1.19230118e+00 
 2.03415389e-08  1.19244568e+00 
 2.03435389e-08  1.19258720e+00 
 2.03455389e-08  1.19272618e+00 
 2.03475389e-08  1.19286715e+00 
 2.03495389e-08  1.19301002e+00 
 2.03515389e-08  1.19315278e+00 
 2.03535389e-08  1.19329540e+00 
 2.03555389e-08  1.19343819e+00 
 2.03575389e-08  1.19358169e+00 
 2.03595389e-08  1.19372666e+00 
 2.03615389e-08  1.19387398e+00 
 2.03635389e-08  1.19402463e+00 
 2.03655389e-08  1.19417966e+00 
 2.03675389e-08  1.19434010e+00 
 2.03695389e-08  1.19450691e+00 
 2.03715389e-08  1.19468100e+00 
 2.03735389e-08  1.19486321e+00 
 2.03755389e-08  1.19505426e+00 
 2.03775389e-08  1.19525480e+00 
 2.03795389e-08  1.19546539e+00 
 2.03815389e-08  1.19568654e+00 
 2.03835389e-08  1.19591866e+00 
 2.03855389e-08  1.19616212e+00 
 2.03875389e-08  1.19641723e+00 
 2.03895389e-08  1.19668427e+00 
 2.03915389e-08  1.19696347e+00 
 2.03935389e-08  1.19725507e+00 
 2.03955389e-08  1.19755927e+00 
 2.03975389e-08  1.19787631e+00 
 2.03995389e-08  1.19820644e+00 
 2.04015389e-08  1.19854993e+00 
 2.04035389e-08  1.19890711e+00 
 2.04055389e-08  1.19927836e+00 
 2.04075389e-08  1.19966413e+00 
 2.04095389e-08  1.20006490e+00 
 2.04115389e-08  1.20048126e+00 
 2.04135389e-08  1.20091381e+00 
 2.04155389e-08  1.20136322e+00 
 2.04175389e-08  1.20183018e+00 
 2.04195389e-08  1.20231538e+00 
 2.04215389e-08  1.20281950e+00 
 2.04235389e-08  1.20334315e+00 
 2.04255389e-08  1.20388688e+00 
 2.04275389e-08  1.20445110e+00 
 2.04295389e-08  1.20503606e+00 
 2.04315389e-08  1.20564174e+00 
 2.04335389e-08  1.20626771e+00 
 2.04355389e-08  1.20691294e+00 
 2.04375389e-08  1.20757552e+00 
 2.04395389e-08  1.20825252e+00 
 2.04415389e-08  1.20893988e+00 
 2.04435389e-08  1.20963277e+00 
 2.04455389e-08  1.21032606e+00 
 2.04475389e-08  1.21101506e+00 
 2.04495389e-08  1.21169598e+00 
 2.04515389e-08  1.21236619e+00 
 2.04535389e-08  1.21302422e+00 
 2.04555389e-08  1.21366947e+00 
 2.04575389e-08  1.21430201e+00 
 2.04595389e-08  1.21492227e+00 
 2.04615389e-08  1.21553090e+00 
 2.04635389e-08  1.21612860e+00 
 2.04655389e-08  1.21671604e+00 
 2.04675389e-08  1.21729378e+00 
 2.04695389e-08  1.21786233e+00 
 2.04715389e-08  1.21842204e+00 
 2.04735389e-08  1.21897322e+00 
 2.04755389e-08  1.21951604e+00 
 2.04775389e-08  1.22005062e+00 
 2.04795389e-08  1.22057705e+00 
 2.04815389e-08  1.22109533e+00 
 2.04835389e-08  1.22160547e+00 
 2.04855389e-08  1.22210743e+00 
 2.04875389e-08  1.22260118e+00 
 2.04895389e-08  1.22308668e+00 
 2.04915389e-08  1.22356387e+00 
 2.04935389e-08  1.22403272e+00 
 2.04955389e-08  1.22449317e+00 
 2.04975389e-08  1.22494517e+00 
 2.04995389e-08  1.22538864e+00 
 2.05015389e-08  1.22582349e+00 
 2.05035389e-08  1.22624925e+00 
 2.05055389e-08  1.22666600e+00 
 2.05075389e-08  1.22707412e+00 
 2.05095389e-08  1.22747318e+00 
 2.05115389e-08  1.22786259e+00 
 2.05135389e-08  1.22824163e+00 
 2.05155389e-08  1.22860941e+00 
 2.05175389e-08  1.22896480e+00 
 2.05195389e-08  1.22930640e+00 
 2.05215389e-08  1.22963248e+00 
 2.05235389e-08  1.22993936e+00 
 2.05255389e-08  1.23022438e+00 
 2.05275389e-08  1.23048602e+00 
 2.05295389e-08  1.23072081e+00 
 2.05315389e-08  1.23092485e+00 
 2.05335389e-08  1.23109381e+00 
 2.05355389e-08  1.23122303e+00 
 2.05375389e-08  1.23130758e+00 
 2.05395389e-08  1.23134241e+00 
 2.05415389e-08  1.23132245e+00 
 2.05435389e-08  1.23124278e+00 
 2.05455389e-08  1.23109864e+00 
 2.05475389e-08  1.23088560e+00 
 2.05495389e-08  1.23059952e+00 
 2.05515389e-08  1.23023654e+00 
 2.05535389e-08  1.22979311e+00 
 2.05555389e-08  1.22926586e+00 
 2.05575389e-08  1.22865158e+00 
 2.05595389e-08  1.22794710e+00 
 2.05615389e-08  1.22714930e+00 
 2.05635389e-08  1.22625497e+00 
 2.05655389e-08  1.22526082e+00 
 2.05675389e-08  1.22416343e+00 
 2.05695389e-08  1.22295923e+00 
 2.05715389e-08  1.22164447e+00 
 2.05735389e-08  1.22021520e+00 
 2.05755389e-08  1.21866731e+00 
 2.05775389e-08  1.21699646e+00 
 2.05795389e-08  1.21519810e+00 
 2.05815389e-08  1.21326747e+00 
 2.05835389e-08  1.21119957e+00 
 2.05855389e-08  1.20898916e+00 
 2.05875389e-08  1.20663072e+00 
 2.05895389e-08  1.20411844e+00 
 2.05915389e-08  1.20144617e+00 
 2.05935389e-08  1.19860742e+00 
 2.05955389e-08  1.19559530e+00 
 2.05975389e-08  1.19240248e+00 
 2.05995389e-08  1.18902106e+00 
 2.06015389e-08  1.18544253e+00 
 2.06035389e-08  1.18165763e+00 
 2.06055389e-08  1.17765626e+00 
 2.06075389e-08  1.17342727e+00 
 2.06095389e-08  1.16895834e+00 
 2.06115389e-08  1.16423569e+00 
 2.06135389e-08  1.15924385e+00 
 2.06155389e-08  1.15396529e+00 
 2.06175389e-08  1.14838002e+00 
 2.06195389e-08  1.14246512e+00 
 2.06215389e-08  1.13619409e+00 
 2.06235389e-08  1.12953618e+00 
 2.06255389e-08  1.12245557e+00 
 2.06275389e-08  1.11491039e+00 
 2.06295389e-08  1.10685172e+00 
 2.06315389e-08  1.09822255e+00 
 2.06335389e-08  1.08895693e+00 
 2.06355389e-08  1.07897953e+00 
 2.06375389e-08  1.06820613e+00 
 2.06395389e-08  1.05654560e+00 
 2.06415389e-08  1.04390407e+00 
 2.06435389e-08  1.03019164e+00 
 2.06455389e-08  1.01533119e+00 
 2.06475389e-08  9.99267632e-01 
 2.06495389e-08  9.81974632e-01 
 2.06515389e-08  9.63456240e-01 
 2.06535389e-08  9.43742861e-01 
 2.06555389e-08  9.22883482e-01 
 2.06575389e-08  9.00937281e-01 
 2.06595389e-08  8.77966984e-01 
 2.06615389e-08  8.54034762e-01 
 2.06635389e-08  8.29200288e-01 
 2.06655389e-08  8.03520169e-01 
 2.06675389e-08  7.77083624e-01 
 2.06695389e-08  7.49934797e-01 
 2.06715389e-08  7.22084958e-01 
 2.06735389e-08  6.93567120e-01 
 2.06755389e-08  6.64434214e-01 
 2.06775389e-08  6.34753778e-01 
 2.06795389e-08  6.04573348e-01 
 2.06815389e-08  5.73944298e-01 
 2.06835389e-08  5.42919151e-01 
 2.06855389e-08  5.11556342e-01 
 2.06875389e-08  4.79919866e-01 
 2.06895389e-08  4.48084341e-01 
 2.06915389e-08  4.16137601e-01 
 2.06935389e-08  3.84187831e-01 
 2.06955389e-08  3.52370228e-01 
 2.06975389e-08  3.20857391e-01 
 2.06995389e-08  2.89868795e-01 
 2.07015389e-08  2.59679004e-01 
 2.07035389e-08  2.30616722e-01 
 2.07055389e-08  2.03049752e-01 
 2.07075389e-08  1.77350786e-01 
 2.07095389e-08  1.53849935e-01 
 2.07115389e-08  1.32786636e-01 
 2.07135389e-08  1.14277379e-01 
 2.07155389e-08  9.83076502e-02 
 2.07175389e-08  8.47475011e-02 
 2.07195389e-08  7.33821608e-02 
 2.07215389e-08  6.39478046e-02 
 2.07235389e-08  5.61640257e-02 
 2.07255389e-08  4.97142181e-02 
 2.07275389e-08  4.43745325e-02 
 2.07295389e-08  3.99891915e-02 
 2.07315389e-08  3.63599580e-02 
 2.07335389e-08  3.33263581e-02 
 2.07355389e-08  3.07711886e-02 
 2.07375389e-08  2.85909561e-02 
 2.07395389e-08  2.66974052e-02 
 2.07415389e-08  2.50355876e-02 
 2.07435389e-08  2.35633495e-02 
 2.07455389e-08  2.22476070e-02 
 2.07475389e-08  2.10629637e-02 
 2.07495389e-08  1.99893105e-02 
 2.07515389e-08  1.90109996e-02 
 2.07535389e-08  1.81153807e-02 
 2.07555389e-08  1.72923614e-02 
 2.07575389e-08  1.65335515e-02 
 2.07595389e-08  1.58320580e-02 
 2.07615389e-08  1.51819965e-02 
 2.07635389e-08  1.45784066e-02 
 2.07655389e-08  1.40169698e-02 
 2.07675389e-08  1.34939727e-02 
 2.07695389e-08  1.30061357e-02 
 2.07715389e-08  1.25505918e-02 
 2.07735389e-08  1.21247774e-02 
 2.07755389e-08  1.17264163e-02 
 2.07775389e-08  1.13534481e-02 
 2.07795389e-08  1.10040157e-02 
 2.07815389e-08  1.06764184e-02 
 2.07835389e-08  1.03691015e-02 
 2.07855389e-08  1.00806259e-02 
 2.07875389e-08  9.80966028e-03 
 2.07895389e-08  9.55496182e-03 
 2.07915389e-08  9.31536994e-03 
 2.07935389e-08  9.08979475e-03 
 2.07955389e-08  8.87721258e-03 
 2.07975389e-08  8.67665957e-03 
 2.07995389e-08  8.48722843e-03 
 2.08015389e-08  8.30806542e-03 
 2.08035389e-08  8.13836797e-03 
 2.08055389e-08  7.97738368e-03 
 2.08075389e-08  7.82440818e-03 
 2.08095389e-08  7.67878534e-03 
 2.08115389e-08  7.53990527e-03 
 2.08135389e-08  7.40720542e-03 
 2.08155389e-08  7.28016914e-03 
 2.08175389e-08  7.15832826e-03 
 2.08195389e-08  7.04126354e-03 
 2.08215389e-08  6.92860982e-03 
 2.08235389e-08  6.82005925e-03 
 2.08255389e-08  6.71536955e-03 
 2.08275389e-08  6.61436961e-03 
 2.08295389e-08  6.51696844e-03 
 2.08315389e-08  6.42315832e-03 
 2.08335389e-08  6.33301614e-03 
 2.08355389e-08  6.24669242e-03 
 2.08375389e-08  6.16439147e-03 
 2.08395389e-08  6.08633381e-03 
 2.08415389e-08  6.01271079e-03 
 2.08435389e-08  5.94363547e-03 
 2.08455389e-08  5.87911856e-03 
 2.08475389e-08  5.81908624e-03 
 2.08495389e-08  5.76344893e-03 
 2.08515389e-08  5.71217442e-03 
 2.08535389e-08  5.66531410e-03 
 2.08555389e-08  5.62295383e-03 
 2.08575389e-08  5.58512538e-03 
 2.08595389e-08  5.55171906e-03 
 2.08615389e-08  5.52243772e-03 
 2.08635389e-08  5.49679598e-03 
 2.08655389e-08  5.47416206e-03 
 2.08675389e-08  5.45381710e-03 
 2.08695389e-08  5.43501906e-03 
 2.08715389e-08  5.41705220e-03 
 2.08735389e-08  5.39926260e-03 
 2.08755389e-08  5.38107398e-03 
 2.08775389e-08  5.36199297e-03 
 2.08795389e-08  5.34160191e-03 
 2.08815389e-08  5.31954861e-03 
 2.08835389e-08  5.29552980e-03 
 2.08855389e-08  5.26927555e-03 
 2.08875389e-08  5.24052942e-03 
 2.08895389e-08  5.20903001e-03 
 2.08915389e-08  5.17461134e-03 
 2.08935389e-08  5.13712951e-03 
 2.08955389e-08  5.09588238e-03 
 2.08975389e-08  5.05000211e-03 
 2.08995389e-08  4.99893652e-03 
 2.09015389e-08  4.94205911e-03 
 2.09035389e-08  4.87856099e-03 
 2.09055389e-08  4.80751043e-03 
 2.09075389e-08  4.72798111e-03 
 2.09095389e-08  4.63915296e-03 
 2.09115389e-08  4.54042008e-03 
 2.09135389e-08  4.43145182e-03 
 2.09155389e-08  4.31219613e-03 
 2.09175389e-08  4.18283192e-03 
 2.09195389e-08  4.04368517e-03 
 2.09215389e-08  3.89514911e-03 
 2.09235389e-08  3.73761786e-03 
 2.09255389e-08  3.57145325e-03 
 2.09275389e-08  3.39697108e-03 
 2.09295389e-08  3.21444866e-03 
 2.09315389e-08  3.02413596e-03 
 2.09335389e-08  2.82627188e-03 
 2.09355389e-08  2.62109425e-03 
 2.09375389e-08  2.40884856e-03 
 2.09395389e-08  2.18978914e-03 
 2.09415389e-08  1.96417896e-03 
 2.09435389e-08  1.73228402e-03 
 2.09455389e-08  1.49436799e-03 
 2.09475389e-08  1.25068375e-03 
 2.09495389e-08  1.00146660e-03 
 2.09515389e-08  7.46925867e-04 
 2.09535389e-08  4.87239062e-04 
 2.09555389e-08  2.22545197e-04 
 2.09575389e-08 -4.70588144e-05 
 2.09595389e-08 -3.21522142e-04 
 2.09615389e-08 -6.00840163e-04 
 2.09635389e-08 -8.85054023e-04 
 2.09655389e-08 -1.17424537e-03 
 2.09675389e-08 -1.46852889e-03 
 2.09695389e-08 -1.76803753e-03 
 2.09715389e-08 -2.07290277e-03 
 2.09735389e-08 -2.38322452e-03 
 2.09755389e-08 -2.69903348e-03 
 2.09775389e-08 -3.02024248e-03 
 2.09795389e-08 -3.34659356e-03 
 2.09815389e-08 -3.67760407e-03 
 2.09835389e-08 -4.01252758e-03 
 2.09855389e-08 -4.35034148e-03 
 2.09875389e-08 -4.68977999e-03 
 2.09895389e-08 -5.02941518e-03 
 2.09915389e-08 -5.36778107e-03 
 2.09935389e-08 -5.70351127e-03 
 2.09955389e-08 -6.03546066e-03 
 2.09975389e-08 -6.36278050e-03 
 2.09995389e-08 -6.68494111e-03 
 2.10015389e-08 -7.00170686e-03 
 2.10035389e-08 -7.31308551e-03 
 2.10055389e-08 -7.61926687e-03 
 2.10075389e-08 -7.92056760e-03 
 2.10095389e-08 -8.21738471e-03 
 2.10115389e-08 -8.51016259e-03 
 2.10135389e-08 -8.79936839e-03 
 2.10155389e-08 -9.08547700e-03 
 2.10175389e-08 -9.36895973e-03 
 2.10195389e-08 -9.65027869e-03 
 2.10215389e-08 -9.92988212e-03 
 2.10235389e-08 -1.02082035e-02 
 2.10255389e-08 -1.04856607e-02 
 2.10275389e-08 -1.07626572e-02 
 2.10295389e-08 -1.10395827e-02 
 2.10315389e-08 -1.13168142e-02 
 2.10335389e-08 -1.15947140e-02 
 2.10355389e-08 -1.18736266e-02 
 2.10375389e-08 -1.21538694e-02 
 2.10395389e-08 -1.24315348e-02 
 2.10415389e-08 -1.27138607e-02 
 2.10435389e-08 -1.30023575e-02 
 2.10455389e-08 -1.32911610e-02 
 2.10475389e-08 -1.35813479e-02 
 2.10495389e-08 -1.38722948e-02 
 2.10515389e-08 -1.41638922e-02 
 2.10535389e-08 -1.44548038e-02 
 2.10555389e-08 -1.47438861e-02 
 2.10575389e-08 -1.50290159e-02 
 2.10595389e-08 -1.53080619e-02 
 2.10615389e-08 -1.55781542e-02 
 2.10635389e-08 -1.58363916e-02 
 2.10655389e-08 -1.60794146e-02 
 2.10675389e-08 -1.63039172e-02 
 2.10695389e-08 -1.65063864e-02 
 2.10715389e-08 -1.66834418e-02 
 2.10735389e-08 -1.68316480e-02 
 2.10755389e-08 -1.69477131e-02 
 2.10775389e-08 -1.70283352e-02 
 2.10795389e-08 -1.70703039e-02 
 2.10815389e-08 -1.70703718e-02 
 2.10835389e-08 -1.70252986e-02 
 2.10855389e-08 -1.69317471e-02 
 2.10875389e-08 -1.67862955e-02 
 2.10895389e-08 -1.65853555e-02 
 2.10915389e-08 -1.63251669e-02 
 2.10935389e-08 -1.60017322e-02 
 2.10955389e-08 -1.56108006e-02 
 2.10975389e-08 -1.51478116e-02 
 2.10995389e-08 -1.46078706e-02 
 2.11015389e-08 -1.39856964e-02 
 2.11035389e-08 -1.32755875e-02 
 2.11055389e-08 -1.24713677e-02 
 2.11075389e-08 -1.15663415e-02 
 2.11095389e-08 -1.05532325e-02 
 2.11115389e-08 -9.42412462e-03 
 2.11135389e-08 -8.17038731e-03 
 2.11155389e-08 -6.78259700e-03 
 2.11175389e-08 -5.25044182e-03 
 2.11195389e-08 -3.56261451e-03 
 2.11215389e-08 -1.70668517e-03 
 2.11235389e-08  3.31046658e-04 
 2.11255389e-08  2.56574359e-03 
 2.11275389e-08  5.01430155e-03 
 2.11295389e-08  7.69562766e-03 
 2.11315389e-08  1.06309911e-02 
 2.11335389e-08  1.38444776e-02 
 2.11355389e-08  1.73635503e-02 
 2.11375389e-08  2.12197553e-02 
 2.11395389e-08  2.54495972e-02 
 2.11415389e-08  3.00956225e-02 
 2.11435389e-08  3.52077328e-02 
 2.11455389e-08  4.08447345e-02 
 2.11475389e-08  4.70760705e-02 
 2.11495389e-08  5.39835674e-02 
 2.11515389e-08  6.16628207e-02 
 2.11535389e-08  7.02234853e-02 
 2.11555389e-08  7.97872838e-02 
 2.11575389e-08  9.04821662e-02 
 2.11595389e-08  1.02431387e-01 
 2.11615389e-08  1.15738159e-01 
 2.11635389e-08  1.30470096e-01 
 2.11655389e-08  1.46650406e-01 
 2.11675389e-08  1.64260597e-01 
 2.11695389e-08  1.83252592e-01 
 2.11715389e-08  2.03563155e-01 
 2.11735389e-08  2.25124753e-01 
 2.11755389e-08  2.47871418e-01 
 2.11775389e-08  2.71740890e-01 
 2.11795389e-08  2.96674833e-01 
 2.11815389e-08  3.22618227e-01 
 2.11835389e-08  3.49518515e-01 
 2.11855389e-08  3.77324656e-01 
 2.11875389e-08  4.05986132e-01 
 2.11895389e-08  4.35451859e-01 
 2.11915389e-08  4.65668960e-01 
 2.11935389e-08  4.96581314e-01 
 2.11955389e-08  5.28127785e-01 
 2.11975389e-08  5.60240025e-01 
 2.11995389e-08  5.92839667e-01 
 2.12015389e-08  6.25834752e-01 
 2.12035389e-08  6.59115246e-01 
 2.12055389e-08  6.92547682e-01 
 2.12075389e-08  7.25969367e-01 
 2.12095389e-08  7.59183308e-01 
 2.12115389e-08  7.91956076e-01 
 2.12135389e-08  8.24021646e-01 
 2.12155389e-08  8.55094019e-01 
 2.12175389e-08  8.84888893e-01 
 2.12195389e-08  9.13150323e-01 
 2.12215389e-08  9.39674790e-01 
 2.12235389e-08  9.64325604e-01 
 2.12255389e-08  9.87035053e-01 
 2.12275389e-08  1.00779678e+00 
 2.12295389e-08  1.02665322e+00 
 2.12315389e-08  1.04368236e+00 
 2.12335389e-08  1.05898614e+00 
 2.12355389e-08  1.07268119e+00 
 2.12375389e-08  1.08489183e+00 
 2.12395389e-08  1.09574486e+00 
 2.12415389e-08  1.10536572e+00 
 2.12435389e-08  1.11387570e+00 
 2.12455389e-08  1.12139003e+00 
 2.12475389e-08  1.12801660e+00 
 2.12495389e-08  1.13385524e+00 
 2.12515389e-08  1.13899735e+00 
 2.12535389e-08  1.14352594e+00 
 2.12555389e-08  1.14751582e+00 
 2.12575389e-08  1.15103397e+00 
 2.12595389e-08  1.15414006e+00 
 2.12615389e-08  1.15688694e+00 
 2.12635389e-08  1.15932123e+00 
 2.12655389e-08  1.16148391e+00 
 2.12675389e-08  1.16341088e+00 
 2.12695389e-08  1.16513347e+00 
 2.12715389e-08  1.16667899e+00 
 2.12735389e-08  1.16807119e+00 
 2.12755389e-08  1.16933067e+00 
 2.12775389e-08  1.17047525e+00 
 2.12795389e-08  1.17152036e+00 
 2.12815389e-08  1.17247929e+00 
 2.12835389e-08  1.17336352e+00 
 2.12855389e-08  1.17418288e+00 
 2.12875389e-08  1.17494582e+00 
 2.12895389e-08  1.17565956e+00 
 2.12915389e-08  1.17633030e+00 
 2.12935389e-08  1.17696329e+00 
 2.12955389e-08  1.17756305e+00 
 2.12975389e-08  1.17813341e+00 
 2.12995389e-08  1.17867763e+00 
 2.13015389e-08  1.17919852e+00 
 2.13035389e-08  1.17969845e+00 
 2.13055389e-08  1.18017950e+00 
 2.13075389e-08  1.18064199e+00 
 2.13095389e-08  1.18108750e+00 
 2.13115389e-08  1.18151857e+00 
 2.13135389e-08  1.18193657e+00 
 2.13155389e-08  1.18234267e+00 
 2.13175389e-08  1.18273770e+00 
 2.13195389e-08  1.18312246e+00 
 2.13215389e-08  1.18349755e+00 
 2.13235389e-08  1.18386357e+00 
 2.13255389e-08  1.18422098e+00 
 2.13275389e-08  1.18457021e+00 
 2.13295389e-08  1.18491161e+00 
 2.13315389e-08  1.18524937e+00 
 2.13335389e-08  1.18558271e+00 
 2.13355389e-08  1.18590748e+00 
 2.13375389e-08  1.18622427e+00 
 2.13395389e-08  1.18653328e+00 
 2.13415389e-08  1.18683468e+00 
 2.13435389e-08  1.18712844e+00 
 2.13455389e-08  1.18741453e+00 
 2.13475389e-08  1.18769280e+00 
 2.13495389e-08  1.18796304e+00 
 2.13515389e-08  1.18822500e+00 
 2.13535389e-08  1.18847839e+00 
 2.13555389e-08  1.18872287e+00 
 2.13575389e-08  1.18895814e+00 
 2.13595389e-08  1.18918388e+00 
 2.13615389e-08  1.18939988e+00 
 2.13635389e-08  1.18960604e+00 
 2.13655389e-08  1.18980246e+00 
 2.13675389e-08  1.18998948e+00 
 2.13695389e-08  1.19016774e+00 
 2.13715389e-08  1.19033815e+00 
 2.13735389e-08  1.19050189e+00 
 2.13755389e-08  1.19066025e+00 
 2.13775389e-08  1.19081451e+00 
 2.13795389e-08  1.19096583e+00 
 2.13815389e-08  1.19111517e+00 
 2.13835389e-08  1.19126324e+00 
 2.13855389e-08  1.19141052e+00 
 2.13875389e-08  1.19155733e+00 
 2.13895389e-08  1.19170382e+00 
 2.13915389e-08  1.19185003e+00 
 2.13935389e-08  1.19199594e+00 
 2.13955389e-08  1.19214149e+00 
 2.13975389e-08  1.19228659e+00 
 2.13995389e-08  1.19243115e+00 
 2.14015389e-08  1.19257507e+00 
 2.14035389e-08  1.19271623e+00 
 2.14055389e-08  1.19285490e+00 
 2.14075389e-08  1.19299507e+00 
 2.14095389e-08  1.19313713e+00 
 2.14115389e-08  1.19327960e+00 
 2.14135389e-08  1.19342243e+00 
 2.14155389e-08  1.19356601e+00 
 2.14175389e-08  1.19371099e+00 
 2.14195389e-08  1.19385822e+00 
 2.14215389e-08  1.19400866e+00 
 2.14235389e-08  1.19416336e+00 
 2.14255389e-08  1.19432334e+00 
 2.14275389e-08  1.19448957e+00 
 2.14295389e-08  1.19466299e+00 
 2.14315389e-08  1.19484442e+00 
 2.14335389e-08  1.19503461e+00 
 2.14355389e-08  1.19523421e+00 
 2.14375389e-08  1.19544381e+00 
 2.14395389e-08  1.19566391e+00 
 2.14415389e-08  1.19589493e+00 
 2.14435389e-08  1.19613726e+00 
 2.14455389e-08  1.19639120e+00 
 2.14475389e-08  1.19665703e+00 
 2.14495389e-08  1.19693500e+00 
 2.14515389e-08  1.19722534e+00 
 2.14535389e-08  1.19752827e+00 
 2.14555389e-08  1.19784401e+00 
 2.14575389e-08  1.19817281e+00 
 2.14595389e-08  1.19851494e+00 
 2.14615389e-08  1.19887073e+00 
 2.14635389e-08  1.19924055e+00 
 2.14655389e-08  1.19962483e+00 
 2.14675389e-08  1.20002407e+00 
 2.14695389e-08  1.20043883e+00 
 2.14715389e-08  1.20086972e+00 
 2.14735389e-08  1.20131740e+00 
 2.14755389e-08  1.20178257e+00 
 2.14775389e-08  1.20226591e+00 
 2.14795389e-08  1.20276810e+00 
 2.14815389e-08  1.20328976e+00 
 2.14835389e-08  1.20383145e+00 
 2.14855389e-08  1.20439360e+00 
 2.14875389e-08  1.20497648e+00 
 2.14895389e-08  1.20558009e+00 
 2.14915389e-08  1.20620406e+00 
 2.14935389e-08  1.20684742e+00 
 2.14955389e-08  1.20750838e+00 
 2.14975389e-08  1.20818410e+00 
 2.14995389e-08  1.20887064e+00 
 2.15015389e-08  1.20956320e+00 
 2.15035389e-08  1.21025668e+00 
 2.15055389e-08  1.21094630e+00 
 2.15075389e-08  1.21162817e+00 
 2.15095389e-08  1.21229954e+00 
 2.15115389e-08  1.21295883e+00 
 2.15135389e-08  1.21360537e+00 
 2.15155389e-08  1.21423916e+00 
 2.15175389e-08  1.21486063e+00 
 2.15195389e-08  1.21547040e+00 
 2.15215389e-08  1.21606916e+00 
 2.15235389e-08  1.21665760e+00 
 2.15255389e-08  1.21723629e+00 
 2.15275389e-08  1.21780574e+00 
 2.15295389e-08  1.21836633e+00 
 2.15315389e-08  1.21891835e+00 
 2.15335389e-08  1.21946200e+00 
 2.15355389e-08  1.21999741e+00 
 2.15375389e-08  1.22052465e+00 
 2.15395389e-08  1.22104375e+00 
 2.15415389e-08  1.22155470e+00 
 2.15435389e-08  1.22205749e+00 
 2.15455389e-08  1.22255206e+00 
 2.15475389e-08  1.22303839e+00 
 2.15495389e-08  1.22351642e+00 
 2.15515389e-08  1.22398611e+00 
 2.15535389e-08  1.22444741e+00 
 2.15555389e-08  1.22490026e+00 
 2.15575389e-08  1.22534459e+00 
 2.15595389e-08  1.22578031e+00 
 2.15615389e-08  1.22620694e+00 
 2.15635389e-08  1.22662458e+00 
 2.15655389e-08  1.22703363e+00 
 2.15675389e-08  1.22743365e+00 
 2.15695389e-08  1.22782408e+00 
 2.15715389e-08  1.22820421e+00 
 2.15735389e-08  1.22857317e+00 
 2.15755389e-08  1.22892987e+00 
 2.15775389e-08  1.22927293e+00 
 2.15795389e-08  1.22960066e+00 
 2.15815389e-08  1.22990944e+00 
 2.15835389e-08  1.23019668e+00 
 2.15855389e-08  1.23046083e+00 
 2.15875389e-08  1.23069851e+00 
 2.15895389e-08  1.23090584e+00 
 2.15915389e-08  1.23107854e+00 
 2.15935389e-08  1.23121197e+00 
 2.15955389e-08  1.23130123e+00 
 2.15975389e-08  1.23134127e+00 
 2.15995389e-08  1.23132704e+00 
 2.16015389e-08  1.23125357e+00 
 2.16035389e-08  1.23111610e+00 
 2.16055389e-08  1.23091016e+00 
 2.16075389e-08  1.23063156e+00 
 2.16095389e-08  1.23027646e+00 
 2.16115389e-08  1.22984124e+00 
 2.16135389e-08  1.22932253e+00 
 2.16155389e-08  1.22871710e+00 
 2.16175389e-08  1.22802180e+00 
 2.16195389e-08  1.22723348e+00 
 2.16215389e-08  1.22634896e+00 
 2.16235389e-08  1.22536496e+00 
 2.16255389e-08  1.22427807e+00 
 2.16275389e-08  1.22308472e+00 
 2.16295389e-08  1.22178120e+00 
 2.16315389e-08  1.22036358e+00 
 2.16335389e-08  1.21882776e+00 
 2.16355389e-08  1.21716941e+00 
 2.16375389e-08  1.21538403e+00 
 2.16395389e-08  1.21346686e+00 
 2.16415389e-08  1.21141294e+00 
 2.16435389e-08  1.20921704e+00 
 2.16455389e-08  1.20687367e+00 
 2.16475389e-08  1.20437705e+00 
 2.16495389e-08  1.20172109e+00 
 2.16515389e-08  1.19889931e+00 
 2.16535389e-08  1.19590486e+00 
 2.16555389e-08  1.19273047e+00 
 2.16575389e-08  1.18936830e+00 
 2.16595389e-08  1.18580990e+00 
 2.16615389e-08  1.18204610e+00 
 2.16635389e-08  1.17806688e+00 
 2.16655389e-08  1.17386121e+00 
 2.16675389e-08  1.16941689e+00 
 2.16695389e-08  1.16472030e+00 
 2.16715389e-08  1.15975615e+00 
 2.16735389e-08  1.15450714e+00 
 2.16755389e-08  1.14895356e+00 
 2.16775389e-08  1.14307277e+00 
 2.16795389e-08  1.13683869e+00 
 2.16815389e-08  1.13022103e+00 
 2.16835389e-08  1.12318451e+00 
 2.16855389e-08  1.11568790e+00 
 2.16875389e-08  1.10768305e+00 
 2.16895389e-08  1.09911380e+00 
 2.16915389e-08  1.08991512e+00 
 2.16935389e-08  1.08001261e+00 
 2.16955389e-08  1.06932289e+00 
 2.16975389e-08  1.05775539e+00 
 2.16995389e-08  1.04521622e+00 
 2.17015389e-08  1.03161473e+00 
 2.17035389e-08  1.01687209e+00 
 2.17055389e-08  1.00093065e+00 
 2.17075389e-08  9.83761004e-01 
 2.17095389e-08  9.65364268e-01 
 2.17115389e-08  9.45768522e-01 
 2.17135389e-08  9.25021284e-01 
 2.17155389e-08  9.03181049e-01 
 2.17175389e-08  8.80310416e-01 
 2.17195389e-08  8.56471730e-01 
 2.17215389e-08  8.31724954e-01 
 2.17235389e-08  8.06127004e-01 
 2.17255389e-08  7.79768153e-01 
 2.17275389e-08  7.52692622e-01 
 2.17295389e-08  7.24910951e-01 
 2.17315389e-08  6.96455845e-01 
 2.17335389e-08  6.67380344e-01 
 2.17355389e-08  6.37752503e-01 
 2.17375389e-08  6.07619738e-01 
 2.17395389e-08  5.77033199e-01 
 2.17415389e-08  5.46045052e-01 
 2.17435389e-08  5.14713195e-01 
 2.17455389e-08  4.83100830e-01 
 2.17475389e-08  4.51281436e-01 
 2.17495389e-08  4.19341217e-01 
 2.17515389e-08  3.87386062e-01 
 2.17535389e-08  3.55548012e-01 
 2.17555389e-08  3.23995492e-01 
 2.17575389e-08  2.92942829e-01 
 2.17595389e-08  2.62658927e-01 
 2.17615389e-08  2.33467447e-01 
 2.17635389e-08  2.05733520e-01 
 2.17655389e-08  1.79831343e-01 
 2.17675389e-08  1.56097592e-01 
 2.17695389e-08  1.34782602e-01 
 2.17715389e-08  1.16015974e-01 
 2.17735389e-08  9.97959513e-02 
 2.17755389e-08  8.60029407e-02 
 2.17775389e-08  7.44290611e-02 
 2.17795389e-08  6.48138362e-02 
 2.17815389e-08  5.68772532e-02 
 2.17835389e-08  5.02994565e-02 
 2.17855389e-08  4.48545311e-02 
 2.17875389e-08  4.03854329e-02 
 2.17895389e-08  3.66899631e-02 
 2.17915389e-08  3.36040784e-02 
 2.17935389e-08  3.10078477e-02 
 2.17955389e-08  2.87951788e-02 
 2.17975389e-08  2.68755306e-02 
 2.17995389e-08  2.51925322e-02 
 2.18015389e-08  2.37029209e-02 
 2.18035389e-08  2.23727533e-02 
 2.18055389e-08  2.11759789e-02 
 2.18075389e-08  2.00919909e-02 
 2.18095389e-08  1.91047673e-02 
 2.18115389e-08  1.82013753e-02 
 2.18135389e-08  1.73715099e-02 
 2.18155389e-08  1.66066188e-02 
 2.18175389e-08  1.58996841e-02 
 2.18195389e-08  1.52447240e-02 
 2.18215389e-08  1.46367002e-02 
 2.18235389e-08  1.40712312e-02 
 2.18255389e-08  1.35445519e-02 
 2.18275389e-08  1.30533402e-02 
 2.18295389e-08  1.25946932e-02 
 2.18315389e-08  1.21660178e-02 
 2.18335389e-08  1.17650125e-02 
 2.18355389e-08  1.13895961e-02 
 2.18375389e-08  1.10378933e-02 
 2.18395389e-08  1.07081885e-02 
 2.18415389e-08  1.03989135e-02 
 2.18435389e-08  1.01086186e-02 
 2.18455389e-08  9.83596222e-03 
 2.18475389e-08  9.57969332e-03 
 2.18495389e-08  9.33864338e-03 
 2.18515389e-08  9.11171600e-03 
 2.18535389e-08  8.89788090e-03 
 2.18555389e-08  8.69616873e-03 
 2.18575389e-08  8.50566638e-03 
 2.18595389e-08  8.32551523e-03 
 2.18615389e-08  8.15490732e-03 
 2.18635389e-08  7.99308566e-03 
 2.18655389e-08  7.83934077e-03 
 2.18675389e-08  7.69301211e-03 
 2.18695389e-08  7.55348482e-03 
 2.18715389e-08  7.42019201e-03 
 2.18735389e-08  7.29261205e-03 
 2.18755389e-08  7.17027221e-03 
 2.18775389e-08  7.05274787e-03 
 2.18795389e-08  6.93966866e-03 
 2.18815389e-08  6.83072034e-03 
 2.18835389e-08  6.72565413e-03 
 2.18855389e-08  6.62429110e-03 
 2.18875389e-08  6.52653235e-03 
 2.18895389e-08  6.43236137e-03 
 2.18915389e-08  6.34184720e-03 
 2.18935389e-08  6.25513338e-03 
 2.18955389e-08  6.17242060e-03 
 2.18975389e-08  6.09392938e-03 
 2.18995389e-08  6.01985663e-03 
 2.19015389e-08  5.95032460e-03 
 2.19035389e-08  5.88535462e-03 
 2.19055389e-08  5.82487855e-03 
 2.19075389e-08  5.76880502e-03 
 2.19095389e-08  5.71709343e-03 
 2.19115389e-08  5.66978822e-03 
 2.19135389e-08  5.62697519e-03 
 2.19155389e-08  5.58869609e-03 
 2.19175389e-08  5.55485798e-03 
 2.19195389e-08  5.52518354e-03 
 2.19215389e-08  5.49920458e-03 
 2.19235389e-08  5.47630173e-03 
 2.19255389e-08  5.45576159e-03 
 2.19275389e-08  5.43684223e-03 
 2.19295389e-08  5.41882311e-03 
 2.19315389e-08  5.40104344e-03 
 2.19335389e-08  5.38291848e-03 
 2.19355389e-08  5.36394703e-03 
 2.19375389e-08  5.34370399e-03 
 2.19395389e-08  5.32183158e-03 
 2.19415389e-08  5.29802205e-03 
 2.19435389e-08  5.27200328e-03 
 2.19455389e-08  5.24351803e-03 
 2.19475389e-08  5.21230664e-03 
 2.19495389e-08  5.17820313e-03 
 2.19515389e-08  5.14106880e-03 
 2.19535389e-08  5.10022173e-03 
 2.19555389e-08  5.05480695e-03 
 2.19575389e-08  5.00427485e-03 
 2.19595389e-08  4.94801179e-03 
 2.19615389e-08  4.88521956e-03 
 2.19635389e-08  4.81497016e-03 
 2.19655389e-08  4.73633163e-03 
 2.19675389e-08  4.64846763e-03 
 2.19695389e-08  4.55074720e-03 
 2.19715389e-08  4.44281114e-03 
 2.19735389e-08  4.32458084e-03 
 2.19755389e-08  4.19621589e-03 
 2.19775389e-08  4.05803117e-03 
 2.19795389e-08  3.91041690e-03 
 2.19815389e-08  3.75376885e-03 
 2.19835389e-08  3.58845334e-03 
 2.19855389e-08  3.41479041e-03 
 2.19875389e-08  3.23306103e-03 
 2.19895389e-08  3.04351697e-03 
 2.19915389e-08  2.84639792e-03 
 2.19935389e-08  2.64194115e-03 
 2.19955389e-08  2.43039148e-03 
 2.19975389e-08  2.21200208e-03 
 2.19995389e-08  1.98703551e-03 
 2.20015389e-08  1.75575745e-03 
 2.20035389e-08  1.51843241e-03 
 2.20055389e-08  1.27531441e-03 
 2.20075389e-08  1.02664114e-03 
 2.20095389e-08  7.72624584e-04 
 2.20115389e-08  5.13445962e-04 
 2.20135389e-08  2.49248117e-04 
 2.20155389e-08 -1.98674141e-05 
 2.20175389e-08 -2.93845350e-04 
 2.20195389e-08 -5.72676219e-04 
 2.20215389e-08 -8.56396970e-04 
 2.20235389e-08 -1.14508526e-03 
 2.20255389e-08 -1.43885323e-03 
 2.20275389e-08 -1.73783257e-03 
 2.20295389e-08 -2.04215631e-03 
 2.20315389e-08 -2.35192886e-03 
 2.20335389e-08 -2.66719009e-03 
 2.20355389e-08 -2.98786677e-03 
 2.20375389e-08 -3.31372074e-03 
 2.20395389e-08 -3.64429373e-03 
 2.20415389e-08 -3.97886706e-03 
 2.20435389e-08 -4.31644492e-03 
 2.20455389e-08 -4.65578317e-03 
 2.20475389e-08 -4.99546490e-03 
 2.20495389e-08 -5.33402190e-03 
 2.20515389e-08 -5.67007161e-03 
 2.20535389e-08 -6.00244268e-03 
 2.20555389e-08 -6.33025462e-03 
 2.20575389e-08 -6.65294651e-03 
 2.20595389e-08 -6.97025510e-03 
 2.20615389e-08 -7.28216670e-03 
 2.20635389e-08 -7.58885537e-03 
 2.20655389e-08 -7.89062752e-03 
 2.20675389e-08 -8.18787363e-03 
 2.20695389e-08 -8.48103478e-03 
 2.20715389e-08 -8.77057647e-03 
 2.20735389e-08 -9.05697354e-03 
 2.20755389e-08 -9.34069782e-03 
 2.20775389e-08 -9.62221275e-03 
 2.20795389e-08 -9.90196786e-03 
 2.20815389e-08 -1.01803984e-02 
 2.20835389e-08 -1.04579234e-02 
 2.20855389e-08 -1.07349481e-02 
 2.20875389e-08 -1.10118633e-02 
 2.20895389e-08 -1.12890475e-02 
 2.20915389e-08 -1.15668644e-02 
 2.20935389e-08 -1.18456607e-02 
 2.20955389e-08 -1.21257568e-02 
 2.20975389e-08 -1.24032775e-02 
 2.20995389e-08 -1.26854153e-02 
 2.21015389e-08 -1.29736963e-02 
 2.21035389e-08 -1.32623006e-02 
 2.21055389e-08 -1.35523159e-02 
 2.21075389e-08 -1.38431508e-02 
 2.21095389e-08 -1.41347221e-02 
 2.21115389e-08 -1.44257360e-02 
 2.21135389e-08 -1.47150870e-02 
 2.21155389e-08 -1.50006983e-02 
 2.21175389e-08 -1.52804771e-02 
 2.21195389e-08 -1.55515911e-02 
 2.21215389e-08 -1.58111649e-02 
 2.21235389e-08 -1.60558584e-02 
 2.21255389e-08 -1.62823743e-02 
 2.21275389e-08 -1.64872026e-02 
 2.21295389e-08 -1.66669593e-02 
 2.21315389e-08 -1.68182037e-02 
 2.21335389e-08 -1.69376374e-02 
 2.21355389e-08 -1.70219537e-02 
 2.21375389e-08 -1.70679395e-02 
 2.21395389e-08 -1.70723485e-02 
 2.21415389e-08 -1.70319448e-02 
 2.21435389e-08 -1.69433998e-02 
 2.21455389e-08 -1.68033045e-02 
 2.21475389e-08 -1.66080869e-02 
 2.21495389e-08 -1.63540076e-02 
 2.21515389e-08 -1.60370930e-02 
 2.21535389e-08 -1.56531207e-02 
 2.21555389e-08 -1.51975618e-02 
 2.21575389e-08 -1.46655579e-02 
 2.21595389e-08 -1.40518678e-02 
 2.21615389e-08 -1.33508345e-02 
 2.21635389e-08 -1.25563313e-02 
 2.21655389e-08 -1.16617174e-02 
 2.21675389e-08 -1.06597770e-02 
 2.21695389e-08 -9.54266135e-03 
 2.21715389e-08 -8.30181474e-03 
 2.21735389e-08 -6.92789727e-03 
 2.21755389e-08 -5.41069034e-03 
 2.21775389e-08 -3.73899198e-03 
 2.21795389e-08 -1.90049079e-03 
 2.21815389e-08  1.18378857e-04 
 2.21835389e-08  2.33262184e-03 
 2.21855389e-08  4.75894818e-03 
 2.21875389e-08  7.41604967e-03 
 2.21895389e-08  1.03249399e-02 
 2.21915389e-08  1.35093996e-02 
 2.21935389e-08  1.69965241e-02 
 2.21955389e-08  2.08174147e-02 
 2.21975389e-08  2.50080341e-02 
 2.21995389e-08  2.96102686e-02 
 2.22015389e-08  3.46732172e-02 
 2.22035389e-08  4.02547189e-02 
 2.22055389e-08  4.64230707e-02 
 2.22075389e-08  5.32587866e-02 
 2.22095389e-08  6.08560444e-02 
 2.22115389e-08  6.93231315e-02 
 2.22135389e-08  7.87807490e-02 
 2.22155389e-08  8.93566272e-02 
 2.22175389e-08  1.01175129e-01 
 2.22195389e-08  1.14342222e-01 
 2.22215389e-08  1.28929649e-01 
 2.22235389e-08  1.44965141e-01 
 2.22255389e-08  1.62433943e-01 
 2.22275389e-08  1.81290269e-01 
 2.22295389e-08  2.01471826e-01 
 2.22315389e-08  2.22911174e-01 
 2.22335389e-08  2.45542041e-01 
 2.22355389e-08  2.69301769e-01 
 2.22375389e-08  2.94131646e-01 
 2.22395389e-08  3.19976357e-01 
 2.22415389e-08  3.46783142e-01 
 2.22435389e-08  3.74500851e-01 
 2.22455389e-08  4.03078959e-01 
 2.22475389e-08  4.32466493e-01 
 2.22495389e-08  4.62610816e-01 
 2.22515389e-08  4.93456205e-01 
 2.22535389e-08  5.24942119e-01 
 2.22555389e-08  5.57001044e-01 
 2.22575389e-08  5.89555766e-01 
 2.22595389e-08  6.22515872e-01 
 2.22615389e-08  6.55773367e-01 
 2.22635389e-08  6.89197391e-01 
 2.22655389e-08  7.22628431e-01 
 2.22675389e-08  7.55873096e-01 
 2.22695389e-08  7.88701556e-01 
 2.22715389e-08  8.20850642e-01 
 2.22735389e-08  8.52035512e-01 
 2.22755389e-08  8.81970523e-01 
 2.22775389e-08  9.10395696e-01 
 2.22795389e-08  9.37101417e-01 
 2.22815389e-08  9.61944010e-01 
 2.22835389e-08  9.84849071e-01 
 2.22855389e-08  1.00580462e+00 
 2.22875389e-08  1.02484883e+00 
 2.22895389e-08  1.04205667e+00 
 2.22915389e-08  1.05752815e+00 
 2.22935389e-08  1.07137878e+00 
 2.22955389e-08  1.08373236e+00 
 2.22975389e-08  1.09471564e+00 
 2.22995389e-08  1.10445433e+00 
 2.23015389e-08  1.11307024e+00 
 2.23035389e-08  1.12067928e+00 
 2.23055389e-08  1.12739012e+00 
 2.23075389e-08  1.13330340e+00 
 2.23095389e-08  1.13851138e+00 
 2.23115389e-08  1.14309790e+00 
 2.23135389e-08  1.14713858e+00 
 2.23155389e-08  1.15070117e+00 
 2.23175389e-08  1.15384604e+00 
 2.23195389e-08  1.15662668e+00 
 2.23215389e-08  1.15909034e+00 
 2.23235389e-08  1.16127852e+00 
 2.23255389e-08  1.16322761e+00 
 2.23275389e-08  1.16496937e+00 
 2.23295389e-08  1.16653150e+00 
 2.23315389e-08  1.16793808e+00 
 2.23335389e-08  1.16921000e+00 
 2.23355389e-08  1.17036535e+00 
 2.23375389e-08  1.17141979e+00 
 2.23395389e-08  1.17238681e+00 
 2.23415389e-08  1.17327805e+00 
 2.23435389e-08  1.17410350e+00 
 2.23455389e-08  1.17487175e+00 
 2.23475389e-08  1.17559013e+00 
 2.23495389e-08  1.17626491e+00 
 2.23515389e-08  1.17690148e+00 
 2.23535389e-08  1.17750438e+00 
 2.23555389e-08  1.17807752e+00 
 2.23575389e-08  1.17862423e+00 
 2.23595389e-08  1.17914734e+00 
 2.23615389e-08  1.17964928e+00 
 2.23635389e-08  1.18013213e+00 
 2.23655389e-08  1.18059628e+00 
 2.23675389e-08  1.18104332e+00 
 2.23695389e-08  1.18147579e+00 
 2.23715389e-08  1.18189507e+00 
 2.23735389e-08  1.18230236e+00 
 2.23755389e-08  1.18269849e+00 
 2.23775389e-08  1.18308427e+00 
 2.23795389e-08  1.18346033e+00 
 2.23815389e-08  1.18382725e+00 
 2.23835389e-08  1.18418552e+00 
 2.23855389e-08  1.18453556e+00 
 2.23875389e-08  1.18487774e+00 
 2.23895389e-08  1.18521623e+00 
 2.23915389e-08  1.18555027e+00 
 2.23935389e-08  1.18587574e+00 
 2.23955389e-08  1.18619322e+00 
 2.23975389e-08  1.18650293e+00 
 2.23995389e-08  1.18680503e+00 
 2.24015389e-08  1.18709952e+00 
 2.24035389e-08  1.18738635e+00 
 2.24055389e-08  1.18766537e+00 
 2.24075389e-08  1.18793641e+00 
 2.24095389e-08  1.18819920e+00 
 2.24115389e-08  1.18845344e+00 
 2.24135389e-08  1.18869882e+00 
 2.24155389e-08  1.18893501e+00 
 2.24175389e-08  1.18916170e+00 
 2.24195389e-08  1.18937868e+00 
 2.24215389e-08  1.18958582e+00 
 2.24235389e-08  1.18978320e+00 
 2.24255389e-08  1.18997113e+00 
 2.24275389e-08  1.19015023e+00 
 2.24295389e-08  1.19032137e+00 
 2.24315389e-08  1.19048573e+00 
 2.24335389e-08  1.19064456e+00 
 2.24355389e-08  1.19079918e+00 
 2.24375389e-08  1.19095075e+00 
 2.24395389e-08  1.19110025e+00 
 2.24415389e-08  1.19124842e+00 
 2.24435389e-08  1.19139577e+00 
 2.24455389e-08  1.19154262e+00 
 2.24475389e-08  1.19168913e+00 
 2.24495389e-08  1.19183537e+00 
 2.24515389e-08  1.19198132e+00 
 2.24535389e-08  1.19212691e+00 
 2.24555389e-08  1.19227206e+00 
 2.24575389e-08  1.19241667e+00 
 2.24595389e-08  1.19256067e+00 
 2.24615389e-08  1.19270186e+00 
 2.24635389e-08  1.19284057e+00 
 2.24655389e-08  1.19298082e+00 
 2.24675389e-08  1.19312297e+00 
 2.24695389e-08  1.19326546e+00 
 2.24715389e-08  1.19340825e+00 
 2.24735389e-08  1.19355171e+00 
 2.24755389e-08  1.19369649e+00 
 2.24775389e-08  1.19384343e+00 
 2.24795389e-08  1.19399349e+00 
 2.24815389e-08  1.19414770e+00 
 2.24835389e-08  1.19430708e+00 
 2.24855389e-08  1.19447264e+00 
 2.24875389e-08  1.19464528e+00 
 2.24895389e-08  1.19482587e+00 
 2.24915389e-08  1.19501514e+00 
 2.24935389e-08  1.19521377e+00 
 2.24955389e-08  1.19542235e+00 
 2.24975389e-08  1.19564137e+00 
 2.24995389e-08  1.19587128e+00 
 2.25015389e-08  1.19611245e+00 
 2.25035389e-08  1.19636521e+00 
 2.25055389e-08  1.19662984e+00 
 2.25075389e-08  1.19690659e+00 
 2.25095389e-08  1.19719569e+00 
 2.25115389e-08  1.19749734e+00 
 2.25135389e-08  1.19781179e+00 
 2.25155389e-08  1.19813927e+00 
 2.25175389e-08  1.19848006e+00 
 2.25195389e-08  1.19883446e+00 
 2.25215389e-08  1.19920286e+00 
 2.25235389e-08  1.19958567e+00 
 2.25255389e-08  1.19998339e+00 
 2.25275389e-08  1.20039657e+00 
 2.25295389e-08  1.20082581e+00 
 2.25315389e-08  1.20127179e+00 
 2.25335389e-08  1.20173517e+00 
 2.25355389e-08  1.20221666e+00 
 2.25375389e-08  1.20271694e+00 
 2.25395389e-08  1.20323662e+00 
 2.25415389e-08  1.20377629e+00 
 2.25435389e-08  1.20433638e+00 
 2.25455389e-08  1.20491717e+00 
 2.25475389e-08  1.20551872e+00 
 2.25495389e-08  1.20614068e+00 
 2.25515389e-08  1.20678217e+00 
 2.25535389e-08  1.20744148e+00 
 2.25555389e-08  1.20811588e+00 
 2.25575389e-08  1.20880154e+00 
 2.25595389e-08  1.20949373e+00 
 2.25615389e-08  1.21018734e+00 
 2.25635389e-08  1.21087754e+00 
 2.25655389e-08  1.21156032e+00 
 2.25675389e-08  1.21223284e+00 
 2.25695389e-08  1.21289339e+00 
 2.25715389e-08  1.21354121e+00 
 2.25735389e-08  1.21417626e+00 
 2.25755389e-08  1.21479894e+00 
 2.25775389e-08  1.21540985e+00 
 2.25795389e-08  1.21600968e+00 
 2.25815389e-08  1.21659913e+00 
 2.25835389e-08  1.21717877e+00 
 2.25855389e-08  1.21774913e+00 
 2.25875389e-08  1.21831059e+00 
 2.25895389e-08  1.21886345e+00 
 2.25915389e-08  1.21940793e+00 
 2.25935389e-08  1.21994416e+00 
 2.25955389e-08  1.22047222e+00 
 2.25975389e-08  1.22099214e+00 
 2.25995389e-08  1.22150391e+00 
 2.26015389e-08  1.22200751e+00 
 2.26035389e-08  1.22250291e+00 
 2.26055389e-08  1.22299007e+00 
 2.26075389e-08  1.22346893e+00 
 2.26095389e-08  1.22393946e+00 
 2.26115389e-08  1.22440160e+00 
 2.26135389e-08  1.22485529e+00 
 2.26155389e-08  1.22530048e+00 
 2.26175389e-08  1.22573707e+00 
 2.26195389e-08  1.22616457e+00 
 2.26215389e-08  1.22658310e+00 
 2.26235389e-08  1.22699306e+00 
 2.26255389e-08  1.22739404e+00 
 2.26275389e-08  1.22778548e+00 
 2.26295389e-08  1.22816670e+00 
 2.26315389e-08  1.22853683e+00 
 2.26335389e-08  1.22889482e+00 
 2.26355389e-08  1.22923932e+00 
 2.26375389e-08  1.22956867e+00 
 2.26395389e-08  1.22988084e+00 
 2.26415389e-08  1.23017153e+00 
 2.26435389e-08  1.23043777e+00 
 2.26455389e-08  1.23067795e+00 
 2.26475389e-08  1.23088822e+00 
 2.26495389e-08  1.23106435e+00 
 2.26515389e-08  1.23120170e+00 
 2.26535389e-08  1.23129541e+00 
 2.26555389e-08  1.23134043e+00 
 2.26575389e-08  1.23133169e+00 
 2.26595389e-08  1.23126421e+00 
 2.26615389e-08  1.23113321e+00 
 2.26635389e-08  1.23093417e+00 
 2.26655389e-08  1.23066289e+00 
 2.26675389e-08  1.23031548e+00 
 2.26695389e-08  1.22988830e+00 
 2.26715389e-08  1.22937797e+00 
 2.26735389e-08  1.22878124e+00 
 2.26755389e-08  1.22809495e+00 
 2.26775389e-08  1.22731596e+00 
 2.26795389e-08  1.22644109e+00 
 2.26815389e-08  1.22546707e+00 
 2.26835389e-08  1.22439050e+00 
 2.26855389e-08  1.22320785e+00 
 2.26875389e-08  1.22191539e+00 
 2.26895389e-08  1.22050923e+00 
 2.26915389e-08  1.21898528e+00 
 2.26935389e-08  1.21733925e+00 
 2.26955389e-08  1.21556664e+00 
 2.26975389e-08  1.21366273e+00 
 2.26995389e-08  1.21162256e+00 
 2.27015389e-08  1.20944094e+00 
 2.27035389e-08  1.20711241e+00 
 2.27055389e-08  1.20463122e+00 
 2.27075389e-08  1.20199130e+00 
 2.27095389e-08  1.19918622e+00 
 2.27115389e-08  1.19620917e+00 
 2.27135389e-08  1.19305291e+00 
 2.27155389e-08  1.18970968e+00 
 2.27175389e-08  1.18617109e+00 
 2.27195389e-08  1.18242804e+00 
 2.27215389e-08  1.17847060e+00 
 2.27235389e-08  1.17428785e+00 
 2.27255389e-08  1.16986772e+00 
 2.27275389e-08  1.16519673e+00 
 2.27295389e-08  1.16025979e+00 
 2.27315389e-08  1.15503979e+00 
 2.27335389e-08  1.14951729e+00 
 2.27355389e-08  1.14366997e+00 
 2.27375389e-08  1.13747211e+00 
 2.27395389e-08  1.13089388e+00 
 2.27415389e-08  1.12390052e+00 
 2.27435389e-08  1.11645145e+00 
 2.27455389e-08  1.10849924e+00 
 2.27475389e-08  1.09998857e+00 
 2.27495389e-08  1.09085531e+00 
 2.27515389e-08  1.08102600e+00 
 2.27535389e-08  1.07041810e+00 
 2.27555389e-08  1.05894159e+00 
 2.27575389e-08  1.04650270e+00 
 2.27595389e-08  1.03301007e+00 
 2.27615389e-08  1.01838330e+00 
 2.27635389e-08  1.00256224e+00 
 2.27655389e-08  9.85514527e-01 
 2.27675389e-08  9.67238309e-01 
 2.27695389e-08  9.47759293e-01 
 2.27715389e-08  9.27123462e-01 
 2.27735389e-08  9.05388572e-01 
 2.27755389e-08  8.82617048e-01 
 2.27775389e-08  8.58871390e-01 
 2.27795389e-08  8.34211842e-01 
 2.27815389e-08  8.08695625e-01 
 2.27835389e-08  7.82414077e-01 
 2.27855389e-08  7.55411497e-01 
 2.27875389e-08  7.27697687e-01 
 2.27895389e-08  6.99305049e-01 
 2.27915389e-08  6.70286747e-01 
 2.27935389e-08  6.40711358e-01 
 2.27955389e-08  6.10626189e-01 
 2.27975389e-08  5.80082177e-01 
 2.27995389e-08  5.49131155e-01 
 2.28015389e-08  5.17830506e-01 
 2.28035389e-08  4.86242682e-01 
 2.28055389e-08  4.54440072e-01 
 2.28075389e-08  4.22507326e-01 
 2.28095389e-08  3.90548140e-01 
 2.28115389e-08  3.58691525e-01 
 2.28135389e-08  3.27101887e-01 
 2.28155389e-08  2.95988547e-01 
 2.28175389e-08  2.65614829e-01 
 2.28195389e-08  2.36299280e-01 
 2.28215389e-08  2.08404069e-01 
 2.28235389e-08  1.82304408e-01 
 2.28255389e-08  1.58342969e-01 
 2.28275389e-08  1.36780508e-01 
 2.28295389e-08  1.17759480e-01 
 2.28315389e-08  1.01290878e-01 
 2.28335389e-08  8.72656420e-02 
 2.28355389e-08  7.54830602e-02 
 2.28375389e-08  6.56862952e-02 
 2.28395389e-08  5.75959777e-02 
 2.28415389e-08  5.08891461e-02 
 2.28435389e-08  4.53379561e-02 
 2.28455389e-08  4.07842160e-02 
 2.28475389e-08  3.70217828e-02 
 2.28495389e-08  3.38830348e-02 
 2.28515389e-08  3.12453013e-02 
 2.28535389e-08  2.89998658e-02 
 2.28555389e-08  2.70538746e-02 
 2.28575389e-08  2.53495159e-02 
 2.28595389e-08  2.38424047e-02 
 2.28615389e-08  2.24977246e-02 
 2.28635389e-08  2.12887618e-02 
 2.28655389e-08  2.01944028e-02 
 2.28675389e-08  1.91982462e-02 
 2.28695389e-08  1.82870712e-02 
 2.28715389e-08  1.74503576e-02 
 2.28735389e-08  1.66793879e-02 
 2.28755389e-08  1.59670184e-02 
 2.28775389e-08  1.53071679e-02 
 2.28795389e-08  1.46947201e-02 
 2.28815389e-08  1.41252294e-02 
 2.28835389e-08  1.35948793e-02 
 2.28855389e-08  1.31003041e-02 
 2.28875389e-08  1.26385656e-02 
 2.28895389e-08  1.22070403e-02 
 2.28915389e-08  1.18034019e-02 
 2.28935389e-08  1.14255477e-02 
 2.28955389e-08  1.10715847e-02 
 2.28975389e-08  1.07397817e-02 
 2.28995389e-08  1.04285579e-02 
 2.29015389e-08  1.01364518e-02 
 2.29035389e-08  9.86211253e-03 
 2.29055389e-08  9.60428019e-03 
 2.29075389e-08  9.36177879e-03 
 2.29095389e-08  9.13350499e-03 
 2.29115389e-08  8.91842237e-03 
 2.29135389e-08  8.71555568e-03 
 2.29155389e-08  8.52398647e-03 
 2.29175389e-08  8.34285082e-03 
 2.29195389e-08  8.17133587e-03 
 2.29215389e-08  8.00867968e-03 
 2.29235389e-08  7.85416809e-03 
 2.29255389e-08  7.70713582e-03 
 2.29275389e-08  7.56696349e-03 
 2.29295389e-08  7.43307952e-03 
 2.29315389e-08  7.30495773e-03 
 2.29335389e-08  7.18212057e-03 
 2.29355389e-08  7.06413849e-03 
 2.29375389e-08  6.95063561e-03 
 2.29395389e-08  6.84129186e-03 
 2.29415389e-08  6.73585172e-03 
 2.29435389e-08  6.63412897e-03 
 2.29455389e-08  6.53601658e-03 
 2.29475389e-08  6.44148972e-03 
 2.29495389e-08  6.35060924e-03 
 2.29515389e-08  6.26351194e-03 
 2.29535389e-08  6.18039423e-03 
 2.29555389e-08  6.10147654e-03 
 2.29575389e-08  6.02696040e-03 
 2.29595389e-08  5.95697724e-03 
 2.29615389e-08  5.89155864e-03 
 2.29635389e-08  5.83064309e-03 
 2.29655389e-08  5.77413793e-03 
 2.29675389e-08  5.72199493e-03 
 2.29695389e-08  5.67425088e-03 
 2.29715389e-08  5.63099093e-03 
 2.29735389e-08  5.59226552e-03 
 2.29755389e-08  5.55799804e-03 
 2.29775389e-08  5.52793041e-03 
 2.29795389e-08  5.50161214e-03 
 2.29815389e-08  5.47843642e-03 
 2.29835389e-08  5.45769620e-03 
 2.29855389e-08  5.43864984e-03 
 2.29875389e-08  5.42057276e-03 
 2.29895389e-08  5.40279720e-03 
 2.29915389e-08  5.38473046e-03 
 2.29935389e-08  5.36586319e-03 
 2.29955389e-08  5.34576317e-03 
 2.29975389e-08  5.32406660e-03 
 2.29995389e-08  5.30046151e-03 
 2.30015389e-08  5.27467305e-03 
 2.30035389e-08  5.24644334e-03 
 2.30055389e-08  5.21551394e-03 
 2.30075389e-08  5.18171919e-03 
 2.30095389e-08  5.14492494e-03 
 2.30115389e-08  5.10446855e-03 
 2.30135389e-08  5.05950743e-03 
 2.30155389e-08  5.00949524e-03 
 2.30175389e-08  4.95383085e-03 
 2.30195389e-08  4.89172721e-03 
 2.30215389e-08  4.82226051e-03 
 2.30235389e-08  4.74449453e-03 
 2.30255389e-08  4.65757753e-03 
 2.30275389e-08  4.56085471e-03 
 2.30295389e-08  4.45393847e-03 
 2.30315389e-08  4.33672377e-03 
 2.30335389e-08  4.20934998e-03 
 2.30355389e-08  4.07212046e-03 
 2.30375389e-08  3.92542150e-03 
 2.30395389e-08  3.76965043e-03 
 2.30415389e-08  3.60517757e-03 
 2.30435389e-08  3.43232750e-03 
 2.30455389e-08  3.25138469e-03 
 2.30475389e-08  3.06260305e-03 
 2.30495389e-08  2.86622296e-03 
 2.30515389e-08  2.66248145e-03 
 2.30535389e-08  2.45162243e-03 
 2.30555389e-08  2.23389822e-03 
 2.30575389e-08  2.00957062e-03 
 2.30595389e-08  1.77890522e-03 
 2.30615389e-08  1.54216701e-03 
 2.30635389e-08  1.29961136e-03 
 2.30655389e-08  1.05147795e-03 
 2.30675389e-08  7.97981576e-04 
 2.30695389e-08  5.39306838e-04 
 2.30715389e-08  2.75600565e-04 
 2.30735389e-08  6.96858221e-06 
 2.30755389e-08 -2.66529191e-04 
 2.30775389e-08 -5.44878729e-04 
 2.30795389e-08 -8.28112544e-04 
 2.30815389e-08 -1.11630452e-03 
 2.30835389e-08 -1.40956390e-03 
 2.30855389e-08 -1.70802118e-03 
 2.30875389e-08 -2.01181041e-03 
 2.30895389e-08 -2.32104032e-03 
 2.30915389e-08 -2.63575915e-03 
 2.30935389e-08 -2.95590715e-03 
 2.30955389e-08 -3.28126496e-03 
 2.30975389e-08 -3.61139825e-03 
 2.30995389e-08 -3.94561537e-03 
 2.31015389e-08 -4.28294748e-03 
 2.31035389e-08 -4.62217243e-03 
 2.31055389e-08 -4.96188559e-03 
 2.31075389e-08 -5.30061773e-03 
 2.31095389e-08 -5.63697176e-03 
 2.31115389e-08 -5.96975097e-03 
 2.31135389e-08 -6.29804400e-03 
 2.31155389e-08 -6.62125854e-03 
 2.31175389e-08 -6.93910379e-03 
 2.31195389e-08 -7.25154402e-03 
 2.31215389e-08 -7.55873735e-03 
 2.31235389e-08 -7.86097940e-03 
 2.31255389e-08 -8.15865406e-03 
 2.31275389e-08 -8.45219868e-03 
 2.31295389e-08 -8.74207715e-03 
 2.31315389e-08 -9.02876400e-03 
 2.31335389e-08 -9.31273168e-03 
 2.31355389e-08 -9.59444470e-03 
 2.31375389e-08 -9.87435407e-03 
 2.31395389e-08 -1.01528965e-02 
 2.31415389e-08 -1.04304926e-02 
 2.31435389e-08 -1.07075490e-02 
 2.31455389e-08 -1.09844577e-02 
 2.31475389e-08 -1.12615986e-02 
 2.31495389e-08 -1.15393368e-02 
 2.31515389e-08 -1.18180212e-02 
 2.31535389e-08 -1.20979752e-02 
 2.31555389e-08 -1.23753540e-02 
 2.31575389e-08 -1.26573070e-02 
 2.31595389e-08 -1.29453753e-02 
 2.31615389e-08 -1.32337812e-02 
 2.31635389e-08 -1.35236231e-02 
 2.31655389e-08 -1.38143407e-02 
 2.31675389e-08 -1.41058761e-02 
 2.31695389e-08 -1.43969769e-02 
 2.31715389e-08 -1.46865751e-02 
 2.31735389e-08 -1.49726399e-02 
 2.31755389e-08 -1.52531169e-02 
 2.31775389e-08 -1.55252115e-02 
 2.31795389e-08 -1.57860746e-02 
 2.31815389e-08 -1.60323867e-02 
 2.31835389e-08 -1.62608594e-02 
 2.31855389e-08 -1.64679865e-02 
 2.31875389e-08 -1.66503807e-02 
 2.31895389e-08 -1.68045966e-02 
 2.31915389e-08 -1.69273289e-02 
 2.31935389e-08 -1.70152663e-02 
 2.31955389e-08 -1.70651926e-02 
 2.31975389e-08 -1.70738621e-02 
 2.31995389e-08 -1.70380430e-02 
 2.32015389e-08 -1.69544150e-02 
 2.32035389e-08 -1.68195809e-02 
 2.32055389e-08 -1.66299849e-02 
 2.32075389e-08 -1.63819074e-02 
 2.32095389e-08 -1.60713985e-02 
 2.32115389e-08 -1.56942630e-02 
 2.32135389e-08 -1.52460034e-02 
 2.32155389e-08 -1.47217963e-02 
 2.32175389e-08 -1.41164397e-02 
 2.32195389e-08 -1.34243203e-02 
 2.32215389e-08 -1.26393596e-02 
 2.32235389e-08 -1.17549705e-02 
 2.32255389e-08 -1.07639966e-02 
 2.32275389e-08 -9.65865483e-03 
 2.32295389e-08 -8.43046290e-03 
 2.32315389e-08 -7.07016249e-03 
 2.32335389e-08 -5.56762646e-03 
 2.32355389e-08 -3.91175547e-03 
 2.32375389e-08 -2.09035411e-03 
 2.32395389e-08 -8.99881019e-05 
 2.32415389e-08  2.10419404e-03 
 2.32435389e-08  4.50872132e-03 
 2.32455389e-08  7.14207566e-03 
 2.32475389e-08  1.00250226e-02 
 2.32495389e-08  1.31810464e-02 
 2.32515389e-08  1.66368859e-02 
 2.32535389e-08  2.04232104e-02 
 2.32555389e-08  2.45754576e-02 
 2.32575389e-08  2.91348736e-02 
 2.32595389e-08  3.41497788e-02 
 2.32615389e-08  3.96770726e-02 
 2.32635389e-08  4.57839367e-02 
 2.32655389e-08  5.25496020e-02 
 2.32675389e-08  6.00668494e-02 
 2.32695389e-08  6.84425991e-02 
 2.32715389e-08  7.77964901e-02 
 2.32735389e-08  8.82559326e-02 
 2.32755389e-08  9.99462348e-02 
 2.32775389e-08  1.12975926e-01 
 2.32795389e-08  1.27420729e-01 
 2.32815389e-08  1.43312865e-01 
 2.32835389e-08  1.60641394e-01 
 2.32855389e-08  1.79362943e-01 
 2.32875389e-08  1.99416268e-01 
 2.32895389e-08  2.20734075e-01 
 2.32915389e-08  2.43249821e-01 
 2.32935389e-08  2.66900452e-01 
 2.32955389e-08  2.91626881e-01 
 2.32975389e-08  3.17373494e-01 
 2.32995389e-08  3.44087317e-01 
 2.33015389e-08  3.71717084e-01 
 2.33035389e-08  4.00212254e-01 
 2.33055389e-08  4.29521951e-01 
 2.33075389e-08  4.59593762e-01 
 2.33095389e-08  4.90372339e-01 
 2.33115389e-08  5.21797708e-01 
 2.33135389e-08  5.53803157e-01 
 2.33155389e-08  5.86312573e-01 
 2.33175389e-08  6.19237030e-01 
 2.33195389e-08  6.52470498e-01 
 2.33215389e-08  6.85884635e-01 
 2.33235389e-08  7.19323021e-01 
 2.33255389e-08  7.52595798e-01 
 2.33275389e-08  7.85476724e-01 
 2.33295389e-08  8.17705567e-01 
 2.33315389e-08  8.48998838e-01 
 2.33335389e-08  8.79069835e-01 
 2.33355389e-08  9.07654843e-01 
 2.33375389e-08  9.34538373e-01 
 2.33395389e-08  9.59569873e-01 
 2.33415389e-08  9.82668255e-01 
 2.33435389e-08  1.00381585e+00 
 2.33455389e-08  1.02304647e+00 
 2.33475389e-08  1.04043202e+00 
 2.33495389e-08  1.05607047e+00 
 2.33515389e-08  1.07007615e+00 
 2.33535389e-08  1.08257233e+00 
 2.33555389e-08  1.09368564e+00 
 2.33575389e-08  1.10354206e+00 
 2.33595389e-08  1.11226387e+00 
 2.33615389e-08  1.11996763e+00 
 2.33635389e-08  1.12676279e+00 
 2.33655389e-08  1.13275078e+00 
 2.33675389e-08  1.13802473e+00 
 2.33695389e-08  1.14266928e+00 
 2.33715389e-08  1.14676086e+00 
 2.33735389e-08  1.15036798e+00 
 2.33755389e-08  1.15355171e+00 
 2.33775389e-08  1.15636622e+00 
 2.33795389e-08  1.15885932e+00 
 2.33815389e-08  1.16107308e+00 
 2.33835389e-08  1.16304435e+00 
 2.33855389e-08  1.16480534e+00 
 2.33875389e-08  1.16638413e+00 
 2.33895389e-08  1.16780513e+00 
 2.33915389e-08  1.16908953e+00 
 2.33935389e-08  1.17025569e+00 
 2.33955389e-08  1.17131949e+00 
 2.33975389e-08  1.17229462e+00 
 2.33995389e-08  1.17319289e+00 
 2.34015389e-08  1.17402445e+00 
 2.34035389e-08  1.17479801e+00 
 2.34055389e-08  1.17552103e+00 
 2.34075389e-08  1.17619989e+00 
 2.34095389e-08  1.17684002e+00 
 2.34115389e-08  1.17744607e+00 
 2.34135389e-08  1.17802200e+00 
 2.34155389e-08  1.17857119e+00 
 2.34175389e-08  1.17909652e+00 
 2.34195389e-08  1.17960046e+00 
 2.34215389e-08  1.18008511e+00 
 2.34235389e-08  1.18055093e+00 
 2.34255389e-08  1.18099949e+00 
 2.34275389e-08  1.18143335e+00 
 2.34295389e-08  1.18185391e+00 
 2.34315389e-08  1.18226238e+00 
 2.34335389e-08  1.18265961e+00 
 2.34355389e-08  1.18304641e+00 
 2.34375389e-08  1.18342342e+00 
 2.34395389e-08  1.18379125e+00 
 2.34415389e-08  1.18415037e+00 
 2.34435389e-08  1.18450122e+00 
 2.34455389e-08  1.18484417e+00 
 2.34475389e-08  1.18518339e+00 
 2.34495389e-08  1.18551811e+00 
 2.34515389e-08  1.18584428e+00 
 2.34535389e-08  1.18616245e+00 
 2.34555389e-08  1.18647285e+00 
 2.34575389e-08  1.18677565e+00 
 2.34595389e-08  1.18707085e+00 
 2.34615389e-08  1.18735841e+00 
 2.34635389e-08  1.18763818e+00 
 2.34655389e-08  1.18791000e+00 
 2.34675389e-08  1.18817359e+00 
 2.34695389e-08  1.18842868e+00 
 2.34715389e-08  1.18867494e+00 
 2.34735389e-08  1.18891204e+00 
 2.34755389e-08  1.18913968e+00 
 2.34775389e-08  1.18935762e+00 
 2.34795389e-08  1.18956573e+00 
 2.34815389e-08  1.18976406e+00 
 2.34835389e-08  1.18995291e+00 
 2.34855389e-08  1.19013283e+00 
 2.34875389e-08  1.19030472e+00 
 2.34895389e-08  1.19046969e+00 
 2.34915389e-08  1.19062901e+00 
 2.34935389e-08  1.19078399e+00 
 2.34955389e-08  1.19093581e+00 
 2.34975389e-08  1.19108548e+00 
 2.34995389e-08  1.19123376e+00 
 2.35015389e-08  1.19138117e+00 
 2.35035389e-08  1.19152806e+00 
 2.35055389e-08  1.19167461e+00 
 2.35075389e-08  1.19182087e+00 
 2.35095389e-08  1.19196685e+00 
 2.35115389e-08  1.19211249e+00 
 2.35135389e-08  1.19225769e+00 
 2.35155389e-08  1.19240236e+00 
 2.35175389e-08  1.19254642e+00 
 2.35195389e-08  1.19268765e+00 
 2.35215389e-08  1.19282639e+00 
 2.35235389e-08  1.19296673e+00 
 2.35255389e-08  1.19310897e+00 
 2.35275389e-08  1.19325148e+00 
 2.35295389e-08  1.19339423e+00 
 2.35315389e-08  1.19353759e+00 
 2.35335389e-08  1.19368218e+00 
 2.35355389e-08  1.19382884e+00 
 2.35375389e-08  1.19397853e+00 
 2.35395389e-08  1.19413226e+00 
 2.35415389e-08  1.19429107e+00 
 2.35435389e-08  1.19445596e+00 
 2.35455389e-08  1.19462786e+00 
 2.35475389e-08  1.19480761e+00 
 2.35495389e-08  1.19499599e+00 
 2.35515389e-08  1.19519366e+00 
 2.35535389e-08  1.19540122e+00 
 2.35555389e-08  1.19561918e+00 
 2.35575389e-08  1.19584800e+00 
 2.35595389e-08  1.19608804e+00 
 2.35615389e-08  1.19633964e+00 
 2.35635389e-08  1.19660308e+00 
 2.35655389e-08  1.19687862e+00 
 2.35675389e-08  1.19716648e+00 
 2.35695389e-08  1.19746689e+00 
 2.35715389e-08  1.19778006e+00 
 2.35735389e-08  1.19810624e+00 
 2.35755389e-08  1.19844569e+00 
 2.35775389e-08  1.19879874e+00 
 2.35795389e-08  1.19916573e+00 
 2.35815389e-08  1.19954709e+00 
 2.35835389e-08  1.19994331e+00 
 2.35855389e-08  1.20035494e+00 
 2.35875389e-08  1.20078257e+00 
 2.35895389e-08  1.20122686e+00 
 2.35915389e-08  1.20168849e+00 
 2.35935389e-08  1.20216815e+00 
 2.35955389e-08  1.20266654e+00 
 2.35975389e-08  1.20318428e+00 
 2.35995389e-08  1.20372195e+00 
 2.36015389e-08  1.20428000e+00 
 2.36035389e-08  1.20485873e+00 
 2.36055389e-08  1.20545823e+00 
 2.36075389e-08  1.20607821e+00 
 2.36095389e-08  1.20671782e+00 
 2.36115389e-08  1.20737547e+00 
 2.36135389e-08  1.20804853e+00 
 2.36155389e-08  1.20873327e+00 
 2.36175389e-08  1.20942505e+00 
 2.36195389e-08  1.21011874e+00 
 2.36215389e-08  1.21080948e+00 
 2.36235389e-08  1.21149314e+00 
 2.36255389e-08  1.21216677e+00 
 2.36275389e-08  1.21282854e+00 
 2.36295389e-08  1.21347764e+00 
 2.36315389e-08  1.21411395e+00 
 2.36335389e-08  1.21473782e+00 
 2.36355389e-08  1.21534987e+00 
 2.36375389e-08  1.21595077e+00 
 2.36395389e-08  1.21654121e+00 
 2.36415389e-08  1.21712180e+00 
 2.36435389e-08  1.21769306e+00 
 2.36455389e-08  1.21825538e+00 
 2.36475389e-08  1.21880909e+00 
 2.36495389e-08  1.21935439e+00 
 2.36515389e-08  1.21989144e+00 
 2.36535389e-08  1.22042030e+00 
 2.36555389e-08  1.22094102e+00 
 2.36575389e-08  1.22145360e+00 
 2.36595389e-08  1.22195802e+00 
 2.36615389e-08  1.22245423e+00 
 2.36635389e-08  1.22294220e+00 
 2.36655389e-08  1.22342189e+00 
 2.36675389e-08  1.22389325e+00 
 2.36695389e-08  1.22435622e+00 
 2.36715389e-08  1.22481075e+00 
 2.36735389e-08  1.22525678e+00 
 2.36755389e-08  1.22569423e+00 
 2.36775389e-08  1.22612259e+00 
 2.36795389e-08  1.22654199e+00 
 2.36815389e-08  1.22695285e+00 
 2.36835389e-08  1.22735477e+00 
 2.36855389e-08  1.22774721e+00 
 2.36875389e-08  1.22812949e+00 
 2.36895389e-08  1.22850077e+00 
 2.36915389e-08  1.22886002e+00 
 2.36935389e-08  1.22920593e+00 
 2.36955389e-08  1.22953687e+00 
 2.36975389e-08  1.22985084e+00 
 2.36995389e-08  1.23014363e+00 
 2.37015389e-08  1.23041231e+00 
 2.37035389e-08  1.23065527e+00 
 2.37055389e-08  1.23086872e+00 
 2.37075389e-08  1.23104845e+00 
 2.37095389e-08  1.23118988e+00 
 2.37115389e-08  1.23128816e+00 
 2.37135389e-08  1.23133824e+00 
 2.37155389e-08  1.23133506e+00 
 2.37175389e-08  1.23127363e+00 
 2.37195389e-08  1.23114913e+00 
 2.37215389e-08  1.23095703e+00 
 2.37235389e-08  1.23069310e+00 
 2.37255389e-08  1.23035340e+00 
 2.37275389e-08  1.22993428e+00 
 2.37295389e-08  1.22943234e+00 
 2.37315389e-08  1.22884432e+00 
 2.37335389e-08  1.22816704e+00 
 2.37355389e-08  1.22739738e+00 
 2.37375389e-08  1.22653215e+00 
 2.37395389e-08  1.22556810e+00 
 2.37415389e-08  1.22450185e+00 
 2.37435389e-08  1.22332987e+00 
 2.37455389e-08  1.22204846e+00 
 2.37475389e-08  1.22065375e+00 
 2.37495389e-08  1.21914166e+00 
 2.37515389e-08  1.21750792e+00 
 2.37535389e-08  1.21574806e+00 
 2.37555389e-08  1.21385737e+00 
 2.37575389e-08  1.21183092e+00 
 2.37595389e-08  1.20966356e+00 
 2.37615389e-08  1.20734984e+00 
 2.37635389e-08  1.20488404e+00 
 2.37655389e-08  1.20226012e+00 
 2.37675389e-08  1.19947170e+00 
 2.37695389e-08  1.19651201e+00 
 2.37715389e-08  1.19337385e+00 
 2.37735389e-08  1.19004950e+00 
 2.37755389e-08  1.18653066e+00 
 2.37775389e-08  1.18280830e+00 
 2.37795389e-08  1.17887257e+00 
 2.37815389e-08  1.17471266e+00 
 2.37835389e-08  1.17031662e+00 
 2.37855389e-08  1.16567114e+00 
 2.37875389e-08  1.16076127e+00 
 2.37895389e-08  1.15557015e+00 
 2.37915389e-08  1.15007856e+00 
 2.37935389e-08  1.14426452e+00 
 2.37955389e-08  1.13810265e+00 
 2.37975389e-08  1.13156356e+00 
 2.37995389e-08  1.12461304e+00 
 2.38015389e-08  1.11721112e+00 
 2.38035389e-08  1.10931110e+00 
 2.38055389e-08  1.10085847e+00 
 2.38075389e-08  1.09179002e+00 
 2.38095389e-08  1.08203322e+00 
 2.38115389e-08  1.07150638e+00 
 2.38135389e-08  1.06012009e+00 
 2.38155389e-08  1.04778073e+00 
 2.38175389e-08  1.03439635e+00 
 2.38195389e-08  1.01988503e+00 
 2.38215389e-08  1.00418425e+00 
 2.38235389e-08  9.87258645e-01 
 2.38255389e-08  9.69103402e-01 
 2.38275389e-08  9.49741773e-01 
 2.38295389e-08  9.29218112e-01 
 2.38315389e-08  9.07589362e-01 
 2.38335389e-08  8.84917737e-01 
 2.38355389e-08  8.61265861e-01 
 2.38375389e-08  8.36694257e-01 
 2.38395389e-08  8.11260452e-01 
 2.38415389e-08  7.85056875e-01 
 2.38435389e-08  7.58127899e-01 
 2.38455389e-08  7.30482574e-01 
 2.38475389e-08  7.02153002e-01 
 2.38495389e-08  6.73192480e-01 
 2.38515389e-08  6.43670122e-01 
 2.38535389e-08  6.13633134e-01 
 2.38555389e-08  5.83132255e-01 
 2.38575389e-08  5.52218992e-01 
 2.38595389e-08  5.20950237e-01 
 2.38615389e-08  4.89387716e-01 
 2.38635389e-08  4.57602766e-01 
 2.38655389e-08  4.25678532e-01 
 2.38675389e-08  3.93716584e-01 
 2.38695389e-08  3.61842994e-01 
 2.38715389e-08  3.30218240e-01 
 2.38735389e-08  2.99046719e-01 
 2.38755389e-08  2.68586185e-01 
 2.38775389e-08  2.39149949e-01 
 2.38795389e-08  2.11096913e-01 
 2.38815389e-08  1.84802845e-01 
 2.38835389e-08  1.60615926e-01 
 2.38855389e-08  1.38806981e-01 
 2.38875389e-08  1.19531214e-01 
 2.38895389e-08  1.02812507e-01 
 2.38915389e-08  8.85526416e-02 
 2.38935389e-08  7.65584432e-02 
 2.38955389e-08  6.65770553e-02 
 2.38975389e-08  5.83300149e-02 
 2.38995389e-08  5.14913620e-02 
 2.39015389e-08  4.58314388e-02 
 2.39035389e-08  4.11910167e-02 
 2.39055389e-08  3.73599750e-02 
 2.39075389e-08  3.41670587e-02 
 2.39095389e-08  3.14868090e-02 
 2.39115389e-08  2.92078255e-02 
 2.39135389e-08  2.72348819e-02 
 2.39155389e-08  2.55086893e-02 
 2.39175389e-08  2.39837100e-02 
 2.39195389e-08  2.26242304e-02 
 2.39215389e-08  2.14028539e-02 
 2.39235389e-08  2.02979456e-02 
 2.39255389e-08  1.92927130e-02 
 2.39275389e-08  1.83736390e-02 
 2.39295389e-08  1.75299814e-02 
 2.39315389e-08  1.67528529e-02 
 2.39335389e-08  1.60349806e-02 
 2.39355389e-08  1.53701814e-02 
 2.39375389e-08  1.47532590e-02 
 2.39395389e-08  1.41797026e-02 
 2.39415389e-08  1.36456427e-02 
 2.39435389e-08  1.31476697e-02 
 2.39455389e-08  1.26828088e-02 
 2.39475389e-08  1.22484061e-02 
 2.39495389e-08  1.18421096e-02 
 2.39515389e-08  1.14617950e-02 
 2.39535389e-08  1.11055510e-02 
 2.39555389e-08  1.07716309e-02 
 2.39575389e-08  1.04584406e-02 
 2.39595389e-08  1.01645071e-02 
 2.39615389e-08  9.88846971e-03 
 2.39635389e-08  9.62905977e-03 
 2.39655389e-08  9.38509361e-03 
 2.39675389e-08  9.15546096e-03 
 2.39695389e-08  8.93911910e-03 
 2.39715389e-08  8.73508694e-03 
 2.39735389e-08  8.54244055e-03 
 2.39755389e-08  8.36031078e-03 
 2.39775389e-08  8.18787975e-03 
 2.39795389e-08  8.02438061e-03 
 2.39815389e-08  7.86909448e-03 
 2.39835389e-08  7.72135135e-03 
 2.39855389e-08  7.58052724e-03 
 2.39875389e-08  7.44604595e-03 
 2.39895389e-08  7.31737671e-03 
 2.39915389e-08  7.19403719e-03 
 2.39935389e-08  7.07559286e-03 
 2.39955389e-08  6.96166248e-03 
 2.39975389e-08  6.85192007e-03 
 2.39995389e-08  6.74610355e-03 
 2.40015389e-08  6.64401938e-03 
 2.40035389e-08  6.54555251e-03 
 2.40055389e-08  6.45066972e-03 
 2.40075389e-08  6.35942365e-03 
 2.40095389e-08  6.27194411e-03 
 2.40115389e-08  6.18842296e-03 
 2.40135389e-08  6.10908001e-03 
 2.40155389e-08  6.03412103e-03 
 2.40175389e-08  5.96368619e-03 
 2.40195389e-08  5.89781751e-03 
 2.40215389e-08  5.83646068e-03 
 2.40235389e-08  5.77952260e-03 
 2.40255389e-08  5.72694778e-03 
 2.40275389e-08  5.67876501e-03 
 2.40295389e-08  5.63505788e-03 
 2.40315389e-08  5.59588466e-03 
 2.40335389e-08  5.56118449e-03 
 2.40355389e-08  5.53071854e-03 
 2.40375389e-08  5.50405434e-03 
 2.40395389e-08  5.48059830e-03 
 2.40415389e-08  5.45965031e-03 
 2.40435389e-08  5.44046964e-03 
 2.40455389e-08  5.42232794e-03 
 2.40475389e-08  5.40455074e-03 
 2.40495389e-08  5.38653734e-03 
 2.40515389e-08  5.36777028e-03 
 2.40535389e-08  5.34781000e-03 
 2.40555389e-08  5.32628662e-03 
 2.40575389e-08  5.30288366e-03 
 2.40595389e-08  5.27732350e-03 
 2.40615389e-08  5.24934731e-03 
 2.40635389e-08  5.21869772e-03 
 2.40655389e-08  5.18520941e-03 
 2.40675389e-08  5.14875251e-03 
 2.40695389e-08  5.10868266e-03 
 2.40715389e-08  5.06416967e-03 
 2.40735389e-08  5.01467086e-03 
 2.40755389e-08  4.95959768e-03 
 2.40775389e-08  4.89817458e-03 
 2.40795389e-08  4.82948269e-03 
 2.40815389e-08  4.75258248e-03 
 2.40835389e-08  4.66660784e-03 
 2.40855389e-08  4.57088075e-03 
 2.40875389e-08  4.46498535e-03 
 2.40895389e-08  4.34878963e-03 
 2.40915389e-08  4.22241201e-03 
 2.40935389e-08  4.08614337e-03 
 2.40955389e-08  3.94036545e-03 
 2.40975389e-08  3.78547668e-03 
 2.40995389e-08  3.62185132e-03 
 2.41015389e-08  3.44981846e-03 
 2.41035389e-08  3.26966623e-03 
 2.41055389e-08  3.08165082e-03 
 2.41075389e-08  2.88601346e-03 
 2.41095389e-08  2.68299096e-03 
 2.41115389e-08  2.47282644e-03 
 2.41135389e-08  2.25577126e-03 
 2.41155389e-08  2.03208650e-03 
 2.41175389e-08  1.80203754e-03 
 2.41195389e-08  1.56588982e-03 
 2.41215389e-08  1.32389995e-03 
 2.41235389e-08  1.07630957e-03 
 2.41255389e-08  8.23336201e-04 
 2.41275389e-08  5.65167788e-04 
 2.41295389e-08  3.01955069e-04 
 2.41315389e-08  3.38081817e-05 
 2.41335389e-08 -2.39208373e-04 
 2.41355389e-08 -5.17075948e-04 
 2.41375389e-08 -7.99822624e-04 
 2.41395389e-08 -1.08751838e-03 
 2.41415389e-08 -1.38026949e-03 
 2.41435389e-08 -1.67820502e-03 
 2.41455389e-08 -1.98145980e-03 
 2.41475389e-08 -2.29014651e-03 
 2.41495389e-08 -2.60432135e-03 
 2.41515389e-08 -2.92393751e-03 
 2.41535389e-08 -3.24879398e-03 
 2.41555389e-08 -3.57847991e-03 
 2.41575389e-08 -3.91233060e-03 
 2.41595389e-08 -4.24940440e-03 
 2.41615389e-08 -4.58850194e-03 
 2.41635389e-08 -4.92823202e-03 
 2.41655389e-08 -5.26712581e-03 
 2.41675389e-08 -5.60377289e-03 
 2.41695389e-08 -5.93695207e-03 
 2.41715389e-08 -6.26572128e-03 
 2.41735389e-08 -6.58945669e-03 
 2.41755389e-08 -6.90783930e-03 
 2.41775389e-08 -7.22081079e-03 
 2.41795389e-08 -7.52851267e-03 
 2.41815389e-08 -7.83122933e-03 
 2.41835389e-08 -8.12933766e-03 
 2.41855389e-08 -8.42327105e-03 
 2.41875389e-08 -8.71349161e-03 
 2.41895389e-08 -9.00047344e-03 
 2.41915389e-08 -9.28468954e-03 
 2.41935389e-08 -9.56660547e-03 
 2.41955389e-08 -9.84667366e-03 
 2.41975389e-08 -1.01253323e-02 
 2.41995389e-08 -1.04030037e-02 
 2.42015389e-08 -1.06800955e-02 
 2.42035389e-08 -1.09570015e-02 
 2.42055389e-08 -1.12341026e-02 
 2.42075389e-08 -1.15117655e-02 
 2.42095389e-08 -1.17903409e-02 
 2.42115389e-08 -1.20701552e-02 
 2.42135389e-08 -1.23473936e-02 
 2.42155389e-08 -1.26291626e-02 
 2.42175389e-08 -1.29170184e-02 
 2.42195389e-08 -1.32052244e-02 
 2.42215389e-08 -1.34948893e-02 
 2.42235389e-08 -1.37854831e-02 
 2.42255389e-08 -1.40769727e-02 
 2.42275389e-08 -1.43681470e-02 
 2.42295389e-08 -1.46579750e-02 
 2.42315389e-08 -1.49444720e-02 
 2.42335389e-08 -1.52256224e-02 
 2.42355389e-08 -1.54986701e-02 
 2.42375389e-08 -1.57607933e-02 
 2.42395389e-08 -1.60086939e-02 
 2.42415389e-08 -1.62390934e-02 
 2.42435389e-08 -1.64484898e-02 
 2.42455389e-08 -1.66334932e-02 
 2.42475389e-08 -1.67906534e-02 
 2.42495389e-08 -1.69166584e-02 
 2.42515389e-08 -1.70081921e-02 
 2.42535389e-08 -1.70620347e-02 
 2.42555389e-08 -1.70749411e-02 
 2.42575389e-08 -1.70436830e-02 
 2.42595389e-08 -1.69649480e-02 
 2.42615389e-08 -1.68353505e-02 
 2.42635389e-08 -1.66513504e-02 
 2.42655389e-08 -1.64092475e-02 
 2.42675389e-08 -1.61051154e-02 
 2.42695389e-08 -1.57347858e-02 
 2.42715389e-08 -1.52937921e-02 
 2.42735389e-08 -1.47773458e-02 
 2.42755389e-08 -1.41802836e-02 
 2.42775389e-08 -1.34970356e-02 
 2.42795389e-08 -1.27215712e-02 
 2.42815389e-08 -1.18473563e-02 
 2.42835389e-08 -1.08672935e-02 
 2.42855389e-08 -9.77366512e-03 
 2.42875389e-08 -8.55806134e-03 
 2.42895389e-08 -7.21130482e-03 
 2.42915389e-08 -5.72335898e-03 
 2.42935389e-08 -4.08322615e-03 
 2.42955389e-08 -2.27882567e-03 
 2.42975389e-08 -2.96853289e-04 
 2.42995389e-08  1.87739163e-03 
 2.43015389e-08  4.26025919e-03 
 2.43035389e-08  6.87002434e-03 
 2.43055389e-08  9.72720841e-03 
 2.43075389e-08  1.28550037e-02 
 2.43095389e-08  1.62797986e-02 
 2.43115389e-08  2.00318378e-02 
 2.43135389e-08  2.41460432e-02 
 2.43155389e-08  2.86630319e-02 
 2.43175389e-08  3.36303591e-02 
 2.43195389e-08  3.91039994e-02 
 2.43215389e-08  4.51500349e-02 
 2.43235389e-08  5.18464257e-02 
 2.43255389e-08  5.92845606e-02 
 2.43275389e-08  6.75699767e-02 
 2.43295389e-08  7.68212015e-02 
 2.43315389e-08  8.71652280e-02 
 2.43335389e-08  9.87281636e-02 
 2.43355389e-08  1.11620941e-01 
 2.43375389e-08  1.25923161e-01 
 2.43395389e-08  1.41671548e-01 
 2.43415389e-08  1.58859093e-01 
 2.43435389e-08  1.77444994e-01 
 2.43455389e-08  1.97369170e-01 
 2.43475389e-08  2.18564546e-01 
 2.43495389e-08  2.40964329e-01 
 2.43515389e-08  2.64505072e-01 
 2.43535389e-08  2.89127307e-01 
 2.43555389e-08  3.14775112e-01 
 2.43575389e-08  3.41395289e-01 
 2.43595389e-08  3.68936448e-01 
 2.43615389e-08  3.97348021e-01 
 2.43635389e-08  4.26579216e-01 
 2.43655389e-08  4.56577831e-01 
 2.43675389e-08  4.87288881e-01 
 2.43695389e-08  5.18652934e-01 
 2.43715389e-08  5.50604057e-01 
 2.43735389e-08  5.83067208e-01 
 2.43755389e-08  6.15954910e-01 
 2.43775389e-08  6.49163047e-01 
 2.43795389e-08  6.82565744e-01 
 2.43815389e-08  7.16009626e-01 
 2.43835389e-08  7.49308343e-01 
 2.43855389e-08  7.82239269e-01 
 2.43875389e-08  8.14545219e-01 
 2.43895389e-08  8.45944259e-01 
 2.43915389e-08  8.76148891e-01 
 2.43935389e-08  9.04891910e-01 
 2.43955389e-08  9.31952109e-01 
 2.43975389e-08  9.57172090e-01 
 2.43995389e-08  9.80464001e-01 
 2.44015389e-08  1.00180436e+00 
 2.44035389e-08  1.02122248e+00 
 2.44055389e-08  1.03878704e+00 
 2.44075389e-08  1.05459391e+00 
 2.44095389e-08  1.06875617e+00 
 2.44115389e-08  1.08139646e+00 
 2.44135389e-08  1.09264130e+00 
 2.44155389e-08  1.10261687e+00 
 2.44175389e-08  1.11144593e+00 
 2.44195389e-08  1.11924568e+00 
 2.44215389e-08  1.12612631e+00 
 2.44235389e-08  1.13219008e+00 
 2.44255389e-08  1.13753095e+00 
 2.44275389e-08  1.14223439e+00 
 2.44295389e-08  1.14637765e+00 
 2.44315389e-08  1.15002998e+00 
 2.44335389e-08  1.15325319e+00 
 2.44355389e-08  1.15610209e+00 
 2.44375389e-08  1.15862511e+00 
 2.44395389e-08  1.16086485e+00 
 2.44415389e-08  1.16285867e+00 
 2.44435389e-08  1.16463921e+00 
 2.44455389e-08  1.16623493e+00 
 2.44475389e-08  1.16767058e+00 
 2.44495389e-08  1.16896767e+00 
 2.44515389e-08  1.17014482e+00 
 2.44535389e-08  1.17121812e+00 
 2.44555389e-08  1.17220149e+00 
 2.44575389e-08  1.17310691e+00 
 2.44595389e-08  1.17394468e+00 
 2.44615389e-08  1.17472364e+00 
 2.44635389e-08  1.17545137e+00 
 2.44655389e-08  1.17613435e+00 
 2.44675389e-08  1.17677810e+00 
 2.44695389e-08  1.17738735e+00 
 2.44715389e-08  1.17796611e+00 
 2.44735389e-08  1.17851782e+00 
 2.44755389e-08  1.17904540e+00 
 2.44775389e-08  1.17955136e+00 
 2.44795389e-08  1.18003784e+00 
 2.44815389e-08  1.18050533e+00 
 2.44835389e-08  1.18095544e+00 
 2.44855389e-08  1.18139070e+00 
 2.44875389e-08  1.18181256e+00 
 2.44895389e-08  1.18222221e+00 
 2.44915389e-08  1.18262055e+00 
 2.44935389e-08  1.18300838e+00 
 2.44955389e-08  1.18338636e+00 
 2.44975389e-08  1.18375509e+00 
 2.44995389e-08  1.18411506e+00 
 2.45015389e-08  1.18446674e+00 
 2.45035389e-08  1.18481047e+00 
 2.45055389e-08  1.18515041e+00 
 2.45075389e-08  1.18548583e+00 
 2.45095389e-08  1.18581269e+00 
 2.45115389e-08  1.18613155e+00 
 2.45135389e-08  1.18644264e+00 
 2.45155389e-08  1.18674614e+00 
 2.45175389e-08  1.18704205e+00 
 2.45195389e-08  1.18733034e+00 
 2.45215389e-08  1.18761086e+00 
 2.45235389e-08  1.18788346e+00 
 2.45255389e-08  1.18814786e+00 
 2.45275389e-08  1.18840379e+00 
 2.45295389e-08  1.18865092e+00 
 2.45315389e-08  1.18888894e+00 
 2.45335389e-08  1.18911752e+00 
 2.45355389e-08  1.18933642e+00 
 2.45375389e-08  1.18954550e+00 
 2.45395389e-08  1.18974479e+00 
 2.45415389e-08  1.18993455e+00 
 2.45435389e-08  1.19011533e+00 
 2.45455389e-08  1.19028796e+00 
 2.45475389e-08  1.19045356e+00 
 2.45495389e-08  1.19061338e+00 
 2.45515389e-08  1.19076874e+00 
 2.45535389e-08  1.19092083e+00 
 2.45555389e-08  1.19107067e+00 
 2.45575389e-08  1.19121906e+00 
 2.45595389e-08  1.19136654e+00 
 2.45615389e-08  1.19151347e+00 
 2.45635389e-08  1.19166005e+00 
 2.45655389e-08  1.19180635e+00 
 2.45675389e-08  1.19195236e+00 
 2.45695389e-08  1.19209803e+00 
 2.45715389e-08  1.19224328e+00 
 2.45735389e-08  1.19238801e+00 
 2.45755389e-08  1.19253213e+00 
 2.45775389e-08  1.19267341e+00 
 2.45795389e-08  1.19281218e+00 
 2.45815389e-08  1.19295261e+00 
 2.45835389e-08  1.19309494e+00 
 2.45855389e-08  1.19323748e+00 
 2.45875389e-08  1.19338019e+00 
 2.45895389e-08  1.19352345e+00 
 2.45915389e-08  1.19366786e+00 
 2.45935389e-08  1.19381426e+00 
 2.45955389e-08  1.19396358e+00 
 2.45975389e-08  1.19411685e+00 
 2.45995389e-08  1.19427509e+00 
 2.46015389e-08  1.19443932e+00 
 2.46035389e-08  1.19461047e+00 
 2.46055389e-08  1.19478941e+00 
 2.46075389e-08  1.19497689e+00 
 2.46095389e-08  1.19517361e+00 
 2.46115389e-08  1.19538016e+00 
 2.46135389e-08  1.19559707e+00 
 2.46155389e-08  1.19582478e+00 
 2.46175389e-08  1.19606369e+00 
 2.46195389e-08  1.19631413e+00 
 2.46215389e-08  1.19657639e+00 
 2.46235389e-08  1.19685072e+00 
 2.46255389e-08  1.19713735e+00 
 2.46275389e-08  1.19743650e+00 
 2.46295389e-08  1.19774840e+00 
 2.46315389e-08  1.19807327e+00 
 2.46335389e-08  1.19841140e+00 
 2.46355389e-08  1.19876308e+00 
 2.46375389e-08  1.19912867e+00 
 2.46395389e-08  1.19950859e+00 
 2.46415389e-08  1.19990332e+00 
 2.46435389e-08  1.20031339e+00 
 2.46455389e-08  1.20073940e+00 
 2.46475389e-08  1.20118201e+00 
 2.46495389e-08  1.20164189e+00 
 2.46515389e-08  1.20211974e+00 
 2.46535389e-08  1.20261624e+00 
 2.46555389e-08  1.20313203e+00 
 2.46575389e-08  1.20366770e+00 
 2.46595389e-08  1.20422371e+00 
 2.46615389e-08  1.20480039e+00 
 2.46635389e-08  1.20539784e+00 
 2.46655389e-08  1.20601580e+00 
 2.46675389e-08  1.20665353e+00 
 2.46695389e-08  1.20730949e+00 
 2.46715389e-08  1.20798117e+00 
 2.46735389e-08  1.20866495e+00 
 2.46755389e-08  1.20935625e+00 
 2.46775389e-08  1.21004999e+00 
 2.46795389e-08  1.21074121e+00 
 2.46815389e-08  1.21142573e+00 
 2.46835389e-08  1.21210045e+00 
 2.46855389e-08  1.21276346e+00 
 2.46875389e-08  1.21341382e+00 
 2.46895389e-08  1.21405139e+00 
 2.46915389e-08  1.21467647e+00 
 2.46935389e-08  1.21528966e+00 
 2.46955389e-08  1.21589164e+00 
 2.46975389e-08  1.21648309e+00 
 2.46995389e-08  1.21706463e+00 
 2.47015389e-08  1.21763679e+00 
 2.47035389e-08  1.21819999e+00 
 2.47055389e-08  1.21875454e+00 
 2.47075389e-08  1.21930067e+00 
 2.47095389e-08  1.21983853e+00 
 2.47115389e-08  1.22036820e+00 
 2.47135389e-08  1.22088973e+00 
 2.47155389e-08  1.22140312e+00 
 2.47175389e-08  1.22190834e+00 
 2.47195389e-08  1.22240537e+00 
 2.47215389e-08  1.22289417e+00 
 2.47235389e-08  1.22337468e+00 
 2.47255389e-08  1.22384686e+00 
 2.47275389e-08  1.22431067e+00 
 2.47295389e-08  1.22476604e+00 
 2.47315389e-08  1.22521292e+00 
 2.47335389e-08  1.22565122e+00 
 2.47355389e-08  1.22608084e+00 
 2.47375389e-08  1.22650131e+00 
 2.47395389e-08  1.22691268e+00 
 2.47415389e-08  1.22731522e+00 
 2.47435389e-08  1.22770840e+00 
 2.47455389e-08  1.22809157e+00 
 2.47475389e-08  1.22846388e+00 
 2.47495389e-08  1.22882432e+00 
 2.47515389e-08  1.22917158e+00 
 2.47535389e-08  1.22950406e+00 
 2.47555389e-08  1.22981982e+00 
 2.47575389e-08  1.23011470e+00 
 2.47595389e-08  1.23038581e+00 
 2.47615389e-08  1.23063155e+00 
 2.47635389e-08  1.23084818e+00 
 2.47655389e-08  1.23103152e+00 
 2.47675389e-08  1.23117704e+00 
 2.47695389e-08  1.23127988e+00 
 2.47715389e-08  1.23133504e+00 
 2.47735389e-08  1.23133744e+00 
 2.47755389e-08  1.23128207e+00 
 2.47775389e-08  1.23116411e+00 
 2.47795389e-08  1.23097898e+00 
 2.47815389e-08  1.23072242e+00 
 2.47835389e-08  1.23039048e+00 
 2.47855389e-08  1.22997947e+00 
 2.47875389e-08  1.22948597e+00 
 2.47895389e-08  1.22890670e+00 
 2.47915389e-08  1.22823849e+00 
 2.47935389e-08  1.22747821e+00 
 2.47955389e-08  1.22662269e+00 
 2.47975389e-08  1.22566867e+00 
 2.47995389e-08  1.22461279e+00 
 2.48015389e-08  1.22345155e+00 
 2.48035389e-08  1.22218125e+00 
 2.48055389e-08  1.22079805e+00 
 2.48075389e-08  1.21929788e+00 
 2.48095389e-08  1.21767650e+00 
 2.48115389e-08  1.21592945e+00 
 2.48135389e-08  1.21405206e+00 
 2.48155389e-08  1.21203941e+00 
 2.48175389e-08  1.20988637e+00 
 2.48195389e-08  1.20758753e+00 
 2.48215389e-08  1.20513719e+00 
 2.48235389e-08  1.20252937e+00 
 2.48255389e-08  1.19975768e+00 
 2.48275389e-08  1.19681542e+00 
 2.48295389e-08  1.19369543e+00 
 2.48315389e-08  1.19039006e+00 
 2.48335389e-08  1.18689105e+00 
 2.48355389e-08  1.18318945e+00 
 2.48375389e-08  1.17927551e+00 
 2.48395389e-08  1.17513852e+00 
 2.48415389e-08  1.17076665e+00 
 2.48435389e-08  1.16614674e+00 
 2.48455389e-08  1.16126402e+00 
 2.48475389e-08  1.15610182e+00 
 2.48495389e-08  1.15064119e+00 
 2.48515389e-08  1.14486045e+00 
 2.48535389e-08  1.13873458e+00 
 2.48555389e-08  1.13223464e+00 
 2.48575389e-08  1.12532693e+00 
 2.48595389e-08  1.11797209e+00 
 2.48615389e-08  1.11012415e+00 
 2.48635389e-08  1.10172943e+00 
 2.48655389e-08  1.09272561e+00 
 2.48675389e-08  1.08304112e+00 
 2.48695389e-08  1.07259513e+00 
 2.48715389e-08  1.06129890e+00 
 2.48735389e-08  1.04905899e+00 
 2.48755389e-08  1.03578294e+00 
 2.48775389e-08  1.02138742e+00 
 2.48795389e-08  1.00580757e+00 
 2.48815389e-08  9.89005067e-01 
 2.48835389e-08  9.70972063e-01 
 2.48855389e-08  9.51729262e-01 
 2.48875389e-08  9.31319296e-01 
 2.48895389e-08  9.09798213e-01 
 2.48915389e-08  8.87227960e-01 
 2.48935389e-08  8.63671269e-01 
 2.48955389e-08  8.39188933e-01 
 2.48975389e-08  8.13838787e-01 
 2.48995389e-08  7.87714383e-01 
 2.49015389e-08  7.60860172e-01 
 2.49035389e-08  7.33284427e-01 
 2.49055389e-08  7.05018951e-01 
 2.49075389e-08  6.76117185e-01 
 2.49095389e-08  6.46648799e-01 
 2.49115389e-08  6.16660905e-01 
 2.49135389e-08  5.86204055e-01 
 2.49155389e-08  5.55329442e-01 
 2.49175389e-08  5.24093480e-01 
 2.49195389e-08  4.92557189e-01 
 2.49215389e-08  4.60790885e-01 
 2.49235389e-08  4.28876249e-01 
 2.49255389e-08  3.96912776e-01 
 2.49275389e-08  3.65023663e-01 
 2.49295389e-08  3.33365533e-01 
 2.49315389e-08  3.02137907e-01 
 2.49335389e-08  2.71592956e-01 
 2.49355389e-08  2.42038611e-01 
 2.49375389e-08  2.13830198e-01 
 2.49395389e-08  1.87343586e-01 
 2.49415389e-08  1.62932004e-01 
 2.49435389e-08  1.40876042e-01 
 2.49455389e-08  1.21343601e-01 
 2.49475389e-08  1.04371661e-01 
 2.49495389e-08  8.98732173e-02 
 2.49515389e-08  7.76630548e-02 
 2.49535389e-08  6.74926766e-02 
 2.49555389e-08  5.90848082e-02 
 2.49575389e-08  5.21105863e-02 
 2.49595389e-08  4.63386536e-02 
 2.49615389e-08  4.16088576e-02 
 2.49635389e-08  3.77070423e-02 
 2.49655389e-08  3.44582401e-02 
 2.49675389e-08  3.17341365e-02 
 2.49695389e-08  2.94205678e-02 
 2.49715389e-08  2.74198576e-02 
 2.49735389e-08  2.56711921e-02 
 2.49755389e-08  2.41278422e-02 
 2.49775389e-08  2.27531656e-02 
 2.49795389e-08  2.15190585e-02 
 2.49815389e-08  2.04033453e-02 
 2.49835389e-08  1.93888281e-02 
 2.49855389e-08  1.84616821e-02 
 2.49875389e-08  1.76109350e-02 
 2.49895389e-08  1.68275239e-02 
 2.49915389e-08  1.61040419e-02 
 2.49935389e-08  1.54342010e-02 
 2.49955389e-08  1.48127221e-02 
 2.49975389e-08  1.42350275e-02 
 2.49995389e-08  1.36971931e-02 
 2.50015389e-08  1.31957641e-02 
 2.50035389e-08  1.27277286e-02 
 2.50055389e-08  1.22904009e-02 
 2.50075389e-08  1.18814030e-02 
 2.50095389e-08  1.14985883e-02 
 2.50115389e-08  1.11400269e-02 
 2.50135389e-08  1.08039560e-02 
 2.50155389e-08  1.04887680e-02 
 2.50175389e-08  1.01929783e-02 
 2.50195389e-08  9.91521588e-03 
 2.50215389e-08  9.65420329e-03 
 2.50235389e-08  9.40874904e-03 
 2.50255389e-08  9.17773573e-03 
 2.50275389e-08  8.96011431e-03 
 2.50295389e-08  8.75489769e-03 
 2.50315389e-08  8.56115643e-03 
 2.50335389e-08  8.37801604e-03 
 2.50355389e-08  8.20465360e-03 
 2.50375389e-08  8.04029729e-03 
 2.50395389e-08  7.88422344e-03 
 2.50415389e-08  7.73575727e-03 
 2.50435389e-08  7.59427017e-03 
 2.50455389e-08  7.45918127e-03 
 2.50475389e-08  7.32995517e-03 
 2.50495389e-08  7.20610475e-03 
 2.50515389e-08  7.08719050e-03 
 2.50535389e-08  6.97282579e-03 
 2.50555389e-08  6.86267879e-03 
 2.50575389e-08  6.75648081e-03 
 2.50595389e-08  6.65403104e-03 
 2.50615389e-08  6.55520641e-03 
 2.50635389e-08  6.45996525e-03 
 2.50655389e-08  6.36835187e-03 
 2.50675389e-08  6.28048886e-03 
 2.50695389e-08  6.19656314e-03 
 2.50715389e-08  6.11679350e-03 
 2.50735389e-08  6.04138944e-03 
 2.50755389e-08  5.97049959e-03 
 2.50775389e-08  5.90417650e-03 
 2.50795389e-08  5.84237371e-03 
 2.50815389e-08  5.78499852e-03 
 2.50835389e-08  5.73198856e-03 
 2.50855389e-08  5.68336431e-03 
 2.50875389e-08  5.63920690e-03 
 2.50895389e-08  5.59958156e-03 
 2.50915389e-08  5.56444270e-03 
 2.50935389e-08  5.53357075e-03 
 2.50955389e-08  5.50655175e-03 
 2.50975389e-08  5.48280600e-03 
 2.50995389e-08  5.46164105e-03 
 2.51015389e-08  5.44231759e-03 
 2.51035389e-08  5.42410391e-03 
 2.51055389e-08  5.40631899e-03 
 2.51075389e-08  5.38835411e-03 
 2.51095389e-08  5.36968362e-03 
 2.51115389e-08  5.34986044e-03 
 2.51135389e-08  5.32850843e-03 
 2.51155389e-08  5.30530641e-03 
 2.51175389e-08  5.27997374e-03 
 2.51195389e-08  5.25225049e-03 
 2.51215389e-08  5.22188014e-03 
 2.51235389e-08  5.18869775e-03 
 2.51255389e-08  5.15257745e-03 
 2.51275389e-08  5.11289236e-03 
 2.51295389e-08  5.06882464e-03 
 2.51315389e-08  5.01983576e-03 
 2.51335389e-08  4.96534984e-03 
 2.51355389e-08  4.90460320e-03 
 2.51375389e-08  4.83668271e-03 
 2.51395389e-08  4.76064642e-03 
 2.51415389e-08  4.67561483e-03 
 2.51435389e-08  4.58088726e-03 
 2.51455389e-08  4.47601956e-03 
 2.51475389e-08  4.36085219e-03 
 2.51495389e-08  4.23548163e-03 
 2.51515389e-08  4.10018537e-03 
 2.51535389e-08  3.95533983e-03 
 2.51555389e-08  3.80134411e-03 
 2.51575389e-08  3.63857624e-03 
 2.51595389e-08  3.46736993e-03 
 2.51615389e-08  3.28801710e-03 
 2.51635389e-08  3.10077638e-03 
 2.51655389e-08  2.90588998e-03 
 2.51675389e-08  2.70359461e-03 
 2.51695389e-08  2.49413258e-03 
 2.51715389e-08  2.27775430e-03 
 2.51735389e-08  2.05472010e-03 
 2.51755389e-08  1.82529509e-03 
 2.51775389e-08  1.58974508e-03 
 2.51795389e-08  1.34832784e-03 
 2.51815389e-08  1.10128692e-03 
 2.51835389e-08  8.48842529e-04 
 2.51855389e-08  5.91185907e-04 
 2.51875389e-08  3.28471696e-04 
 2.51895389e-08  6.08143314e-05 
 2.51915389e-08 -2.11717071e-04 
 2.51935389e-08 -4.89099214e-04 
 2.51955389e-08 -7.71355665e-04 
 2.51975389e-08 -1.05855241e-03 
 2.51995389e-08 -1.35079260e-03 
 2.52015389e-08 -1.64820368e-03 
 2.52035389e-08 -1.95092103e-03 
 2.52055389e-08 -2.25906090e-03 
 2.52075389e-08 -2.57268711e-03 
 2.52095389e-08 -2.89176534e-03 
 2.52115389e-08 -3.21611253e-03 
 2.52135389e-08 -3.54534104e-03 
 2.52155389e-08 -3.87881310e-03 
 2.52175389e-08 -4.21561463e-03 
 2.52195389e-08 -4.55456989e-03 
 2.52215389e-08 -4.89430234e-03 
 2.52235389e-08 -5.23334499e-03 
 2.52255389e-08 -5.57027528e-03 
 2.52275389e-08 -5.90384825e-03 
 2.52295389e-08 -6.23309127e-03 
 2.52315389e-08 -6.55734859e-03 
 2.52335389e-08 -6.87627235e-03 
 2.52355389e-08 -7.18978081e-03 
 2.52375389e-08 -7.49799819e-03 
 2.52395389e-08 -7.80119707e-03 
 2.52415389e-08 -8.09974688e-03 
 2.52435389e-08 -8.39407679e-03 
 2.52455389e-08 -8.68464692e-03 
 2.52475389e-08 -8.97193084e-03 
 2.52495389e-08 -9.25640200e-03 
 2.52515389e-08 -9.53852702e-03 
 2.52535389e-08 -9.81875970e-03 
 2.52555389e-08 -1.00975398e-02 
 2.52575389e-08 -1.03752910e-02 
 2.52595389e-08 -1.06524227e-02 
 2.52615389e-08 -1.09293297e-02 
 2.52635389e-08 -1.12063944e-02 
 2.52655389e-08 -1.14839849e-02 
 2.52675389e-08 -1.17624538e-02 
 2.52695389e-08 -1.20421303e-02 
 2.52715389e-08 -1.23192287e-02 
 2.52735389e-08 -1.26008137e-02 
 2.52755389e-08 -1.28884563e-02 
 2.52775389e-08 -1.31764599e-02 
 2.52795389e-08 -1.34659433e-02 
 2.52815389e-08 -1.37564063e-02 
 2.52835389e-08 -1.40478404e-02 
 2.52855389e-08 -1.43390752e-02 
 2.52875389e-08 -1.46291172e-02 
 2.52895389e-08 -1.49160278e-02 
 2.52915389e-08 -1.51978308e-02 
 2.52935389e-08 -1.54718098e-02 
 2.52955389e-08 -1.57351711e-02 
 2.52975389e-08 -1.59846391e-02 
 2.52995389e-08 -1.62169462e-02 
 2.53015389e-08 -1.64285955e-02 
 2.53035389e-08 -1.66161947e-02 
 2.53055389e-08 -1.67762890e-02 
 2.53075389e-08 -1.69055598e-02 
 2.53095389e-08 -1.70006858e-02 
 2.53115389e-08 -1.70584435e-02 
 2.53135389e-08 -1.70755879e-02 
 2.53155389e-08 -1.70488938e-02 
 2.53175389e-08 -1.69750565e-02 
 2.53195389e-08 -1.68507016e-02 
 2.53215389e-08 -1.66723046e-02 
 2.53235389e-08 -1.64361844e-02 
 2.53255389e-08 -1.61384377e-02 
 2.53275389e-08 -1.57749231e-02 
 2.53295389e-08 -1.53412049e-02 
 2.53315389e-08 -1.48325290e-02 
 2.53335389e-08 -1.42437711e-02 
 2.53355389e-08 -1.35694043e-02 
 2.53375389e-08 -1.28034459e-02 
 2.53395389e-08 -1.19394147e-02 
 2.53415389e-08 -1.09702721e-02 
 2.53435389e-08 -9.88836559e-03 
 2.53455389e-08 -8.68535772e-03 
 2.53475389e-08 -7.35215183e-03 
 2.53495389e-08 -5.87880159e-03 
 2.53515389e-08 -4.25441061e-03 
 2.53535389e-08 -2.46701246e-03 
 2.53555389e-08 -5.03432303e-04 
 2.53575389e-08  1.65088109e-03 
 2.53595389e-08  4.01210018e-03 
 2.53615389e-08  6.59829449e-03 
 2.53635389e-08  9.42974344e-03 
 2.53655389e-08  1.25293503e-02 
 2.53675389e-08  1.59231568e-02 
 2.53695389e-08  1.96409879e-02 
 2.53715389e-08  2.37172556e-02 
 2.53735389e-08  2.81919554e-02 
 2.53755389e-08  3.31118860e-02 
 2.53775389e-08  3.85321072e-02 
 2.53795389e-08  4.45176104e-02 
 2.53815389e-08  5.11450911e-02 
 2.53835389e-08  5.85045427e-02 
 2.53855389e-08  6.67000980e-02 
 2.53875389e-08  7.58491211e-02 
 2.53895389e-08  8.60780912e-02 
 2.53915389e-08  9.75137768e-02 
 2.53935389e-08  1.10269366e-01 
 2.53955389e-08  1.24428248e-01 
 2.53975389e-08  1.40031676e-01 
 2.53995389e-08  1.57076709e-01 
 2.54015389e-08  1.75525284e-01 
 2.54035389e-08  1.95318622e-01 
 2.54055389e-08  2.16389936e-01 
 2.54075389e-08  2.38672210e-01 
 2.54095389e-08  2.62101608e-01 
 2.54115389e-08  2.86618274e-01 
 2.54135389e-08  3.12165963e-01 
 2.54155389e-08  3.38691247e-01 
 2.54175389e-08  3.66142598e-01 
 2.54195389e-08  3.94469412e-01 
 2.54215389e-08  4.23620968e-01 
 2.54235389e-08  4.53545265e-01 
 2.54255389e-08  4.84187664e-01 
 2.54275389e-08  5.15489265e-01 
 2.54295389e-08  5.47384890e-01 
 2.54315389e-08  5.79800544e-01 
 2.54335389e-08  6.12650169e-01 
 2.54355389e-08  6.45831526e-01 
 2.54375389e-08  6.79221172e-01 
 2.54395389e-08  7.12668740e-01 
 2.54415389e-08  7.45991383e-01 
 2.54435389e-08  7.78970133e-01 
 2.54455389e-08  8.11350973e-01 
 2.54475389e-08  8.42853730e-01 
 2.54495389e-08  8.73190364e-01 
 2.54515389e-08  9.02090419e-01 
 2.54535389e-08  9.29327105e-01 
 2.54555389e-08  9.54736180e-01 
 2.54575389e-08  9.78222921e-01 
 2.54595389e-08  9.99757866e-01 
 2.54615389e-08  1.01936564e+00 
 2.54635389e-08  1.03711159e+00 
 2.54655389e-08  1.05308934e+00 
 2.54675389e-08  1.06741064e+00 
 2.54695389e-08  1.08019744e+00 
 2.54715389e-08  1.09157611e+00 
 2.54735389e-08  1.10167299e+00 
 2.54755389e-08  1.11061131e+00 
 2.54775389e-08  1.11850890e+00 
 2.54795389e-08  1.12547669e+00 
 2.54815389e-08  1.13161778e+00 
 2.54835389e-08  1.13702694e+00 
 2.54855389e-08  1.14179051e+00 
 2.54875389e-08  1.14598653e+00 
 2.54895389e-08  1.14968506e+00 
 2.54915389e-08  1.15294860e+00 
 2.54935389e-08  1.15583264e+00 
 2.54955389e-08  1.15838624e+00 
 2.54975389e-08  1.16065255e+00 
 2.54995389e-08  1.16266941e+00 
 2.55015389e-08  1.16446993e+00 
 2.55035389e-08  1.16608295e+00 
 2.55055389e-08  1.16753360e+00 
 2.55075389e-08  1.16884366e+00 
 2.55095389e-08  1.17003203e+00 
 2.55115389e-08  1.17111506e+00 
 2.55135389e-08  1.17210686e+00 
 2.55155389e-08  1.17301958e+00 
 2.55175389e-08  1.17386369e+00 
 2.55195389e-08  1.17464818e+00 
 2.55215389e-08  1.17538072e+00 
 2.55235389e-08  1.17606791e+00 
 2.55255389e-08  1.17671536e+00 
 2.55275389e-08  1.17732786e+00 
 2.55295389e-08  1.17790951e+00 
 2.55315389e-08  1.17846378e+00 
 2.55335389e-08  1.17899366e+00 
 2.55355389e-08  1.17950168e+00 
 2.55375389e-08  1.17999002e+00 
 2.55395389e-08  1.18046056e+00 
 2.55415389e-08  1.18091339e+00 
 2.55435389e-08  1.18134997e+00 
 2.55455389e-08  1.18177289e+00 
 2.55475389e-08  1.18218339e+00 
 2.55495389e-08  1.18258255e+00 
 2.55515389e-08  1.18297113e+00 
 2.55535389e-08  1.18334986e+00 
 2.55555389e-08  1.18371930e+00 
 2.55575389e-08  1.18407998e+00 
 2.55595389e-08  1.18443233e+00 
 2.55615389e-08  1.18477674e+00 
 2.55635389e-08  1.18511731e+00 
 2.55655389e-08  1.18545335e+00 
 2.55675389e-08  1.18578083e+00 
 2.55695389e-08  1.18610034e+00 
 2.55715389e-08  1.18641208e+00 
 2.55735389e-08  1.18671625e+00 
 2.55755389e-08  1.18701284e+00 
 2.55775389e-08  1.18730183e+00 
 2.55795389e-08  1.18758309e+00 
 2.55815389e-08  1.18785645e+00 
 2.55835389e-08  1.18812165e+00 
 2.55855389e-08  1.18837842e+00 
 2.55875389e-08  1.18862643e+00 
 2.55895389e-08  1.18886536e+00 
 2.55915389e-08  1.18909488e+00 
 2.55935389e-08  1.18931476e+00 
 2.55955389e-08  1.18952482e+00 
 2.55975389e-08  1.18972509e+00 
 2.55995389e-08  1.18991578e+00 
 2.56015389e-08  1.19009743e+00 
 2.56035389e-08  1.19027083e+00 
 2.56055389e-08  1.19043708e+00 
 2.56075389e-08  1.19059742e+00 
 2.56095389e-08  1.19075316e+00 
 2.56115389e-08  1.19090553e+00 
 2.56135389e-08  1.19105555e+00 
 2.56155389e-08  1.19120405e+00 
 2.56175389e-08  1.19135160e+00 
 2.56195389e-08  1.19149858e+00 
 2.56215389e-08  1.19164518e+00 
 2.56235389e-08  1.19179150e+00 
 2.56255389e-08  1.19193754e+00 
 2.56275389e-08  1.19208324e+00 
 2.56295389e-08  1.19222854e+00 
 2.56315389e-08  1.19237332e+00 
 2.56335389e-08  1.19251751e+00 
 2.56355389e-08  1.19265882e+00 
 2.56375389e-08  1.19279763e+00 
 2.56395389e-08  1.19293815e+00 
 2.56415389e-08  1.19308056e+00 
 2.56435389e-08  1.19322312e+00 
 2.56455389e-08  1.19336581e+00 
 2.56475389e-08  1.19350897e+00 
 2.56495389e-08  1.19365321e+00 
 2.56515389e-08  1.19379934e+00 
 2.56535389e-08  1.19394829e+00 
 2.56555389e-08  1.19410109e+00 
 2.56575389e-08  1.19425876e+00 
 2.56595389e-08  1.19442232e+00 
 2.56615389e-08  1.19459271e+00 
 2.56635389e-08  1.19477081e+00 
 2.56655389e-08  1.19495737e+00 
 2.56675389e-08  1.19515311e+00 
 2.56695389e-08  1.19535863e+00 
 2.56715389e-08  1.19557446e+00 
 2.56735389e-08  1.19580105e+00 
 2.56755389e-08  1.19603880e+00 
 2.56775389e-08  1.19628805e+00 
 2.56795389e-08  1.19654909e+00 
 2.56815389e-08  1.19682217e+00 
 2.56835389e-08  1.19710753e+00 
 2.56855389e-08  1.19740540e+00 
 2.56875389e-08  1.19771598e+00 
 2.56895389e-08  1.19803952e+00 
 2.56915389e-08  1.19837628e+00 
 2.56935389e-08  1.19872657e+00 
 2.56955389e-08  1.19909072e+00 
 2.56975389e-08  1.19946916e+00 
 2.56995389e-08  1.19986235e+00 
 2.57015389e-08  1.20027083e+00 
 2.57035389e-08  1.20069518e+00 
 2.57055389e-08  1.20113607e+00 
 2.57075389e-08  1.20159416e+00 
 2.57095389e-08  1.20207014e+00 
 2.57115389e-08  1.20256471e+00 
 2.57135389e-08  1.20307850e+00 
 2.57155389e-08  1.20361212e+00 
 2.57175389e-08  1.20416604e+00 
 2.57195389e-08  1.20474060e+00 
 2.57215389e-08  1.20533593e+00 
 2.57235389e-08  1.20595183e+00 
 2.57255389e-08  1.20658760e+00 
 2.57275389e-08  1.20724179e+00 
 2.57295389e-08  1.20791202e+00 
 2.57315389e-08  1.20859476e+00 
 2.57335389e-08  1.20928552e+00 
 2.57355389e-08  1.20997925e+00 
 2.57375389e-08  1.21067093e+00 
 2.57395389e-08  1.21135630e+00 
 2.57415389e-08  1.21203213e+00 
 2.57435389e-08  1.21269638e+00 
 2.57455389e-08  1.21334806e+00 
 2.57475389e-08  1.21398692e+00 
 2.57495389e-08  1.21461326e+00 
 2.57515389e-08  1.21522763e+00 
 2.57535389e-08  1.21583072e+00 
 2.57555389e-08  1.21642321e+00 
 2.57575389e-08  1.21700574e+00 
 2.57595389e-08  1.21757884e+00 
 2.57615389e-08  1.21814293e+00 
 2.57635389e-08  1.21869835e+00 
 2.57655389e-08  1.21924533e+00 
 2.57675389e-08  1.21978403e+00 
 2.57695389e-08  1.22031454e+00 
 2.57715389e-08  1.22083690e+00 
 2.57735389e-08  1.22135111e+00 
 2.57755389e-08  1.22185717e+00 
 2.57775389e-08  1.22235504e+00 
 2.57795389e-08  1.22284468e+00 
 2.57815389e-08  1.22332604e+00 
 2.57835389e-08  1.22379907e+00 
 2.57855389e-08  1.22426373e+00 
 2.57875389e-08  1.22471997e+00 
 2.57895389e-08  1.22516772e+00 
 2.57915389e-08  1.22560690e+00 
 2.57935389e-08  1.22603741e+00 
 2.57955389e-08  1.22645878e+00 
 2.57975389e-08  1.22687107e+00 
 2.57995389e-08  1.22727457e+00 
 2.58015389e-08  1.22766876e+00 
 2.58035389e-08  1.22805300e+00 
 2.58055389e-08  1.22842649e+00 
 2.58075389e-08  1.22878819e+00 
 2.58095389e-08  1.22913687e+00 
 2.58115389e-08  1.22947095e+00 
 2.58135389e-08  1.22978852e+00 
 2.58155389e-08  1.23008550e+00 
 2.58175389e-08  1.23035905e+00 
 2.58195389e-08  1.23060758e+00 
 2.58215389e-08  1.23082739e+00 
 2.58235389e-08  1.23101436e+00 
 2.58255389e-08  1.23116398e+00 
 2.58275389e-08  1.23127142e+00 
 2.58295389e-08  1.23133170e+00 
 2.58315389e-08  1.23133972e+00 
 2.58335389e-08  1.23129049e+00 
 2.58355389e-08  1.23117913e+00 
 2.58375389e-08  1.23100107e+00 
 2.58395389e-08  1.23075199e+00 
 2.58415389e-08  1.23042792e+00 
 2.58435389e-08  1.23002515e+00 
 2.58455389e-08  1.22954022e+00 
 2.58475389e-08  1.22896986e+00 
 2.58495389e-08  1.22831087e+00 
 2.58515389e-08  1.22756014e+00 
 2.58535389e-08  1.22671448e+00 
 2.58555389e-08  1.22577067e+00 
 2.58575389e-08  1.22472535e+00 
 2.58595389e-08  1.22357503e+00 
 2.58615389e-08  1.22231604e+00 
 2.58635389e-08  1.22094454e+00 
 2.58655389e-08  1.21945651e+00 
 2.58675389e-08  1.21784770e+00 
 2.58695389e-08  1.21611369e+00 
 2.58715389e-08  1.21424982e+00 
 2.58735389e-08  1.21225122e+00 
 2.58755389e-08  1.21011275e+00 
 2.58775389e-08  1.20782905e+00 
 2.58795389e-08  1.20539445e+00 
 2.58815389e-08  1.20280298e+00 
 2.58835389e-08  1.20004833e+00 
 2.58855389e-08  1.19712380e+00 
 2.58875389e-08  1.19402229e+00 
 2.58895389e-08  1.19073621e+00 
 2.58915389e-08  1.18725737e+00 
 2.58935389e-08  1.18357688e+00 
 2.58955389e-08  1.17968509e+00 
 2.58975389e-08  1.17557139e+00 
 2.58995389e-08  1.17122408e+00 
 2.59015389e-08  1.16663014e+00 
 2.59035389e-08  1.16177497e+00 
 2.59055389e-08  1.15664213e+00 
 2.59075389e-08  1.15121291e+00 
 2.59095389e-08  1.14546593e+00 
 2.59115389e-08  1.13937655e+00 
 2.59135389e-08  1.13291626e+00 
 2.59155389e-08  1.12605187e+00 
 2.59175389e-08  1.11874467e+00 
 2.59195389e-08  1.11094938e+00 
 2.59215389e-08  1.10261318e+00 
 2.59235389e-08  1.09367467e+00 
 2.59255389e-08  1.08406322e+00 
 2.59275389e-08  1.07369891e+00 
 2.59295389e-08  1.06249372e+00 
 2.59315389e-08  1.05035445e+00 
 2.59335389e-08  1.03718823e+00 
 2.59355389e-08  1.02291035e+00 
 2.59375389e-08  1.00745364e+00 
 2.59395389e-08  9.90776835e-01 
 2.59415389e-08  9.72868937e-01 
 2.59435389e-08  9.53747985e-01 
 2.59455389e-08  9.33454758e-01 
 2.59475389e-08  9.12044313e-01 
 2.59495389e-08  8.89578273e-01 
 2.59515389e-08  8.66119451e-01 
 2.59535389e-08  8.41728905e-01 
 2.59555389e-08  8.16464788e-01 
 2.59575389e-08  7.90421823e-01 
 2.59595389e-08  7.63644541e-01 
 2.59615389e-08  7.36140401e-01 
 2.59635389e-08  7.07940905e-01 
 2.59655389e-08  6.79099652e-01 
 2.59675389e-08  6.49686896e-01 
 2.59695389e-08  6.19749664e-01 
 2.59715389e-08  5.89338323e-01 
 2.59735389e-08  5.58503762e-01 
 2.59755389e-08  5.27301927e-01 
 2.59775389e-08  4.95793144e-01 
 2.59795389e-08  4.64046724e-01 
 2.59815389e-08  4.32142903e-01 
 2.59835389e-08  4.00179129e-01 
 2.59855389e-08  3.68275754e-01 
 2.59875389e-08  3.36585568e-01 
 2.59895389e-08  3.05303211e-01 
 2.59915389e-08  2.74675192e-01 
 2.59935389e-08  2.45003861e-01 
 2.59955389e-08  2.16640612e-01 
 2.59975389e-08  1.89960966e-01 
 2.59995389e-08  1.65322777e-01 
 2.60015389e-08  1.43016183e-01 
 2.60035389e-08  1.23221872e-01 
 2.60055389e-08  1.05990280e-01 
 2.60075389e-08  9.12461345e-02 
 2.60095389e-08  7.88127230e-02 
 2.60115389e-08  6.84463644e-02 
 2.60135389e-08  5.98712907e-02 
 2.60155389e-08  5.27558055e-02 
 2.60175389e-08  4.68669564e-02 
 2.60195389e-08  4.20437830e-02 
 2.60215389e-08  3.80679849e-02 
 2.60235389e-08  3.47607521e-02 
 2.60255389e-08  3.19908078e-02 
 2.60275389e-08  2.96411054e-02 
 2.60295389e-08  2.76114047e-02 
 2.60315389e-08  2.58392972e-02 
 2.60335389e-08  2.42768060e-02 
 2.60355389e-08  2.28863143e-02 
 2.60375389e-08  2.16389762e-02 
 2.60395389e-08  2.05120480e-02 
 2.60415389e-08  1.94879054e-02 
 2.60435389e-08  1.85524005e-02 
 2.60455389e-08  1.76943192e-02 
 2.60475389e-08  1.69044139e-02 
 2.60495389e-08  1.61751376e-02 
 2.60515389e-08  1.55000921e-02 
 2.60535389e-08  1.48739121e-02 
 2.60555389e-08  1.42919497e-02 
 2.60575389e-08  1.37502245e-02 
 2.60595389e-08  1.32452342e-02 
 2.60615389e-08  1.27739283e-02 
 2.60635389e-08  1.23335883e-02 
 2.60655389e-08  1.19218089e-02 
 2.60675389e-08  1.15364206e-02 
 2.60695389e-08  1.11754738e-02 
 2.60715389e-08  1.08371895e-02 
 2.60735389e-08  1.05199456e-02 
 2.60755389e-08  1.02222456e-02 
 2.60775389e-08  9.94270801e-03 
 2.60795389e-08  9.68004607e-03 
 2.60815389e-08  9.43306023e-03 
 2.60835389e-08  9.20062581e-03 
 2.60855389e-08  8.98168715e-03 
 2.60875389e-08  8.77525104e-03 
 2.60895389e-08  8.58038236e-03 
 2.60915389e-08  8.39620116e-03 
 2.60935389e-08  8.22187933e-03 
 2.60955389e-08  8.05663998e-03 
 2.60975389e-08  7.89975450e-03 
 2.60995389e-08  7.75054328e-03 
 2.61015389e-08  7.60837295e-03 
 2.61035389e-08  7.47265787e-03 
 2.61055389e-08  7.34285791e-03 
 2.61075389e-08  7.21848108e-03 
 2.61095389e-08  7.09908280e-03 
 2.61115389e-08  6.98427099e-03 
 2.61135389e-08  6.87370788e-03 
 2.61155389e-08  6.76711816e-03 
 2.61175389e-08  6.66429363e-03 
 2.61195389e-08  6.56510308e-03 
 2.61215389e-08  6.46949625e-03 
 2.61235389e-08  6.37750889e-03 
 2.61255389e-08  6.28925602e-03 
 2.61275389e-08  6.20491927e-03 
 2.61295389e-08  6.12471585e-03 
 2.61315389e-08  6.04885861e-03 
 2.61335389e-08  5.97750439e-03 
 2.61355389e-08  5.91071653e-03 
 2.61375389e-08  5.84845706e-03 
 2.61395389e-08  5.79063459e-03 
 2.61415389e-08  5.73718030e-03 
 2.61435389e-08  5.68810593e-03 
 2.61455389e-08  5.64348925e-03 
 2.61475389e-08  5.60340163e-03 
 2.61495389e-08  5.56781234e-03 
 2.61515389e-08  5.53652136e-03 
 2.61535389e-08  5.50913389e-03 
 2.61555389e-08  5.48508503e-03 
 2.61575389e-08  5.46369081e-03 
 2.61595389e-08  5.44421400e-03 
 2.61615389e-08  5.42591985e-03 
 2.61635389e-08  5.40812088e-03 
 2.61655389e-08  5.39020029e-03 
 2.61675389e-08  5.37162400e-03 
 2.61695389e-08  5.35193717e-03 
 2.61715389e-08  5.33075711e-03 
 2.61735389e-08  5.30775765e-03 
 2.61755389e-08  5.28265490e-03 
 2.61775389e-08  5.25518760e-03 
 2.61795389e-08  5.22509990e-03 
 2.61815389e-08  5.19222727e-03 
 2.61835389e-08  5.15644763e-03 
 2.61855389e-08  5.11715091e-03 
 2.61875389e-08  5.07353186e-03 
 2.61895389e-08  5.02505655e-03 
 2.61915389e-08  4.97116204e-03 
 2.61935389e-08  4.91109708e-03 
 2.61955389e-08  4.84395506e-03 
 2.61975389e-08  4.76879260e-03 
 2.61995389e-08  4.68471758e-03 
 2.62015389e-08  4.59100698e-03 
 2.62035389e-08  4.48718807e-03 
 2.62055389e-08  4.37307280e-03 
 2.62075389e-08  4.24873449e-03 
 2.62095389e-08  4.11443602e-03 
 2.62115389e-08  3.97054761e-03 
 2.62135389e-08  3.81746855e-03 
 2.62155389e-08  3.65558058e-03 
 2.62175389e-08  3.48522205e-03 
 2.62195389e-08  3.30668895e-03 
 2.62215389e-08  3.12024252e-03 
 2.62235389e-08  2.92612611e-03 
 2.62255389e-08  2.72457641e-03 
 2.62275389e-08  2.51583499e-03 
 2.62295389e-08  2.30015127e-03 
 2.62315389e-08  2.07778476e-03 
 2.62335389e-08  1.84900024e-03 
 2.62355389e-08  1.61406384e-03 
 2.62375389e-08  1.37323442e-03 
 2.62395389e-08  1.12675742e-03 
 2.62415389e-08  8.74855699e-04 
 2.62435389e-08  6.17723822e-04 
 2.62455389e-08  3.55520355e-04 
 2.62475389e-08  8.83640993e-05 
 2.62495389e-08 -1.83671145e-04 
 2.62515389e-08 -4.60557311e-04 
 2.62535389e-08 -7.42313338e-04 
 2.62555389e-08 -1.02900105e-03 
 2.62575389e-08 -1.32072030e-03 
 2.62595389e-08 -1.61759669e-03 
 2.62615389e-08 -1.91976589e-03 
 2.62635389e-08 -2.22734747e-03 
 2.62655389e-08 -2.54041253e-03 
 2.62675389e-08 -2.85893903e-03 
 2.62695389e-08 -3.18276166e-03 
 2.62715389e-08 -3.51151602e-03 
 2.62735389e-08 -3.84459157e-03 
 2.62755389e-08 -4.18110256e-03 
 2.62775389e-08 -4.51989803e-03 
 2.62795389e-08 -4.85961759e-03 
 2.62815389e-08 -5.19879752e-03 
 2.62835389e-08 -5.53600428e-03 
 2.62855389e-08 -5.86996961e-03 
 2.62875389e-08 -6.19969008e-03 
 2.62895389e-08 -6.52447723e-03 
 2.62915389e-08 -6.84395324e-03 
 2.62935389e-08 -7.15801181e-03 
 2.62955389e-08 -7.46675888e-03 
 2.62975389e-08 -7.77045440e-03 
 2.62995389e-08 -8.06945984e-03 
 2.63015389e-08 -8.36419975e-03 
 2.63035389e-08 -8.65513200e-03 
 2.63055389e-08 -8.94272952e-03 
 2.63075389e-08 -9.22746614e-03 
 2.63095389e-08 -9.50980949e-03 
 2.63115389e-08 -9.79021477e-03 
 2.63135389e-08 -1.00691233e-02 
 2.63155389e-08 -1.03469603e-02 
 2.63175389e-08 -1.06241367e-02 
 2.63195389e-08 -1.09010487e-02 
 2.63215389e-08 -1.11780799e-02 
 2.63235389e-08 -1.14556000e-02 
 2.63255389e-08 -1.17339634e-02 
 2.63275389e-08 -1.20135021e-02 
 2.63295389e-08 -1.22904592e-02 
 2.63315389e-08 -1.25675374e-02 
 2.63335389e-08 -1.28536063e-02 
 2.63355389e-08 -1.31443600e-02 
 2.63375389e-08 -1.34349241e-02 
 2.63395389e-08 -1.37261299e-02 
 2.63415389e-08 -1.40177549e-02 
 2.63435389e-08 -1.43093079e-02 
 2.63455389e-08 -1.45995472e-02 
 2.63475389e-08 -1.48869408e-02 
 2.63495389e-08 -1.51693260e-02 
 2.63515389e-08 -1.54442474e-02 
 2.63535389e-08 -1.57087794e-02 
 2.63555389e-08 -1.59598106e-02 
 2.63575389e-08 -1.61939754e-02 
 2.63595389e-08 -1.64078741e-02 
 2.63615389e-08 -1.65980388e-02 
 2.63635389e-08 -1.67610701e-02 
 2.63655389e-08 -1.68935940e-02 
 2.63675389e-08 -1.69923228e-02 
 2.63695389e-08 -1.70539972e-02 
 2.63715389e-08 -1.70753970e-02 
 2.63735389e-08 -1.70532793e-02 
 2.63755389e-08 -1.69843628e-02 
 2.63775389e-08 -1.68652708e-02 
 2.63795389e-08 -1.66925044e-02 
 2.63815389e-08 -1.64623928e-02 
 2.63835389e-08 -1.61710626e-02 
 2.63855389e-08 -1.58143935e-02 
 2.63875389e-08 -1.53879848e-02 
 2.63895389e-08 -1.48871134e-02 
 2.63915389e-08 -1.43066965e-02 
 2.63935389e-08 -1.36412480e-02 
 2.63955389e-08 -1.28848347e-02 
 2.63975389e-08 -1.20310272e-02 
 2.63995389e-08 -1.10728465e-02 
 2.64015389e-08 -1.00027044e-02 
 2.64035389e-08 -8.81233633e-03 
 2.64055389e-08 -7.49272598e-03 
 2.64075389e-08 -6.03401725e-03 
 2.64095389e-08 -4.42541478e-03 
 2.64115389e-08 -2.65506609e-03 
 2.64135389e-08 -7.09925516e-04 
 2.64155389e-08  1.42441001e-03 
 2.64175389e-08  3.76393605e-03 
 2.64195389e-08  6.32651805e-03 
 2.64215389e-08  9.13219502e-03 
 2.64235389e-08  1.22035838e-02 
 2.64255389e-08  1.55663822e-02 
 2.64275389e-08  1.92499997e-02 
 2.64295389e-08  2.32883430e-02 
 2.64315389e-08  2.77207924e-02 
 2.64335389e-08  3.25933973e-02 
 2.64355389e-08  3.79603101e-02 
 2.64375389e-08  4.38854390e-02 
 2.64395389e-08  5.04442188e-02 
 2.64415389e-08  5.77252422e-02 
 2.64435389e-08  6.58312163e-02 
 2.64455389e-08  7.48782885e-02 
 2.64475389e-08  8.49923304e-02 
 2.64495389e-08  9.63006346e-02 
 2.64515389e-08  1.08918498e-01 
 2.64535389e-08  1.22933003e-01 
 2.64555389e-08  1.38389956e-01 
 2.64575389e-08  1.55157245e-01 
 2.64595389e-08  1.73319415e-01 
 2.64615389e-08  1.92967570e-01 
 2.64635389e-08  2.13904121e-01 
 2.64655389e-08  2.36057478e-01 
 2.64675389e-08  2.59366573e-01 
 2.64695389e-08  2.83768382e-01 
 2.64715389e-08  3.09208332e-01 
 2.64735389e-08  3.35631005e-01 
 2.64755389e-08  3.62986017e-01 
 2.64775389e-08  3.91221617e-01 
 2.64795389e-08  4.20287994e-01 
 2.64815389e-08  4.50132653e-01 
 2.64835389e-08  4.80701863e-01 
 2.64855389e-08  5.11936842e-01 
 2.64875389e-08  5.43773566e-01 
 2.64895389e-08  5.76138885e-01 
 2.64915389e-08  6.08948478e-01 
 2.64935389e-08  6.42101963e-01 
 2.64955389e-08  6.75478651e-01 
 2.64975389e-08  7.08931346e-01 
 2.64995389e-08  7.42281110e-01 
 2.65015389e-08  7.75312978e-01 
 2.65035389e-08  8.07776571e-01 
 2.65055389e-08  8.39393835e-01 
 2.65075389e-08  8.69876419e-01 
 2.65095389e-08  8.98950527e-01 
 2.65115389e-08  9.26383377e-01 
 2.65135389e-08  9.52003192e-01 
 2.65155389e-08  9.75707555e-01 
 2.65175389e-08  9.97460245e-01 
 2.65195389e-08  1.01728054e+00 
 2.65215389e-08  1.03522995e+00 
 2.65235389e-08  1.05139951e+00 
 2.65255389e-08  1.06589942e+00 
 2.65275389e-08  1.07885085e+00 
 2.65295389e-08  1.09037992e+00 
 2.65315389e-08  1.10061319e+00 
 2.65335389e-08  1.10967436e+00 
 2.65355389e-08  1.11768197e+00 
 2.65375389e-08  1.12474779e+00 
 2.65395389e-08  1.13097582e+00 
 2.65415389e-08  1.13646179e+00 
 2.65435389e-08  1.14129298e+00 
 2.65455389e-08  1.14554833e+00 
 2.65475389e-08  1.14929878e+00 
 2.65495389e-08  1.15260765e+00 
 2.65515389e-08  1.15553120e+00 
 2.65535389e-08  1.15811915e+00 
 2.65555389e-08  1.16041530e+00 
 2.65575389e-08  1.16245805e+00 
 2.65595389e-08  1.16428099e+00 
 2.65615389e-08  1.16591345e+00 
 2.65635389e-08  1.16738091e+00 
 2.65655389e-08  1.16870553e+00 
 2.65675389e-08  1.16990650e+00 
 2.65695389e-08  1.17100043e+00 
 2.65715389e-08  1.17200166e+00 
 2.65735389e-08  1.17292258e+00 
 2.65755389e-08  1.17377380e+00 
 2.65775389e-08  1.17456447e+00 
 2.65795389e-08  1.17530240e+00 
 2.65815389e-08  1.17599431e+00 
 2.65835389e-08  1.17664590e+00 
 2.65855389e-08  1.17726205e+00 
 2.65875389e-08  1.17784692e+00 
 2.65895389e-08  1.17840406e+00 
 2.65915389e-08  1.17893650e+00 
 2.65935389e-08  1.17944682e+00 
 2.65955389e-08  1.17993725e+00 
 2.65975389e-08  1.18040967e+00 
 2.65995389e-08  1.18086424e+00 
 2.66015389e-08  1.18130242e+00 
 2.66035389e-08  1.18172681e+00 
 2.66055389e-08  1.18213867e+00 
 2.66075389e-08  1.18253908e+00 
 2.66095389e-08  1.18292883e+00 
 2.66115389e-08  1.18330865e+00 
 2.66135389e-08  1.18367912e+00 
 2.66155389e-08  1.18404077e+00 
 2.66175389e-08  1.18439404e+00 
 2.66195389e-08  1.18473932e+00 
 2.66215389e-08  1.18508072e+00 
 2.66235389e-08  1.18541754e+00 
 2.66255389e-08  1.18574580e+00 
 2.66275389e-08  1.18606608e+00 
 2.66295389e-08  1.18637859e+00 
 2.66315389e-08  1.18668353e+00 
 2.66335389e-08  1.18698091e+00 
 2.66355389e-08  1.18727071e+00 
 2.66375389e-08  1.18755279e+00 
 2.66395389e-08  1.18782701e+00 
 2.66415389e-08  1.18809309e+00 
 2.66435389e-08  1.18835078e+00 
 2.66455389e-08  1.18859975e+00 
 2.66475389e-08  1.18883968e+00 
 2.66495389e-08  1.18907024e+00 
 2.66515389e-08  1.18929117e+00 
 2.66535389e-08  1.18950230e+00 
 2.66555389e-08  1.18970362e+00 
 2.66575389e-08  1.18989533e+00 
 2.66595389e-08  1.19007793e+00 
 2.66615389e-08  1.19025218e+00 
 2.66635389e-08  1.19041915e+00 
 2.66655389e-08  1.19058007e+00 
 2.66675389e-08  1.19073626e+00 
 2.66695389e-08  1.19088895e+00 
 2.66715389e-08  1.19103919e+00 
 2.66735389e-08  1.19118784e+00 
 2.66755389e-08  1.19133548e+00 
 2.66775389e-08  1.19148251e+00 
 2.66795389e-08  1.19162915e+00 
 2.66815389e-08  1.19177551e+00 
 2.66835389e-08  1.19192159e+00 
 2.66855389e-08  1.19206735e+00 
 2.66875389e-08  1.19221270e+00 
 2.66895389e-08  1.19235755e+00 
 2.66915389e-08  1.19250181e+00 
 2.66935389e-08  1.19264318e+00 
 2.66955389e-08  1.19278203e+00 
 2.66975389e-08  1.19292265e+00 
 2.66995389e-08  1.19306517e+00 
 2.67015389e-08  1.19320778e+00 
 2.67035389e-08  1.19335044e+00 
 2.67055389e-08  1.19349352e+00 
 2.67075389e-08  1.19363758e+00 
 2.67095389e-08  1.19378345e+00 
 2.67115389e-08  1.19393203e+00 
 2.67135389e-08  1.19408436e+00 
 2.67155389e-08  1.19424144e+00 
 2.67175389e-08  1.19440432e+00 
 2.67195389e-08  1.19457392e+00 
 2.67215389e-08  1.19475114e+00 
 2.67235389e-08  1.19493675e+00 
 2.67255389e-08  1.19513148e+00 
 2.67275389e-08  1.19533591e+00 
 2.67295389e-08  1.19555060e+00 
 2.67315389e-08  1.19577602e+00 
 2.67335389e-08  1.19601255e+00 
 2.67355389e-08  1.19626054e+00 
 2.67375389e-08  1.19652030e+00 
 2.67395389e-08  1.19679208e+00 
 2.67415389e-08  1.19707611e+00 
 2.67435389e-08  1.19737262e+00 
 2.67455389e-08  1.19768183e+00 
 2.67475389e-08  1.19800397e+00 
 2.67495389e-08  1.19833929e+00 
 2.67515389e-08  1.19868810e+00 
 2.67535389e-08  1.19905075e+00 
 2.67555389e-08  1.19942763e+00 
 2.67575389e-08  1.19981921e+00 
 2.67595389e-08  1.20022602e+00 
 2.67615389e-08  1.20064864e+00 
 2.67635389e-08  1.20108771e+00 
 2.67655389e-08  1.20154392e+00 
 2.67675389e-08  1.20201794e+00 
 2.67695389e-08  1.20251048e+00 
 2.67715389e-08  1.20302218e+00 
 2.67735389e-08  1.20355364e+00 
 2.67755389e-08  1.20410535e+00 
 2.67775389e-08  1.20467768e+00 
 2.67795389e-08  1.20527078e+00 
 2.67815389e-08  1.20588449e+00 
 2.67835389e-08  1.20651817e+00 
 2.67855389e-08  1.20717048e+00 
 2.67875389e-08  1.20783913e+00 
 2.67895389e-08  1.20852073e+00 
 2.67915389e-08  1.20921086e+00 
 2.67935389e-08  1.20990452e+00 
 2.67955389e-08  1.21059665e+00 
 2.67975389e-08  1.21128287e+00 
 2.67995389e-08  1.21195985e+00 
 2.68015389e-08  1.21262542e+00 
 2.68035389e-08  1.21327847e+00 
 2.68055389e-08  1.21391871e+00 
 2.68075389e-08  1.21454637e+00 
 2.68095389e-08  1.21516199e+00 
 2.68115389e-08  1.21576626e+00 
 2.68135389e-08  1.21635987e+00 
 2.68155389e-08  1.21694345e+00 
 2.68175389e-08  1.21751754e+00 
 2.68195389e-08  1.21808258e+00 
 2.68215389e-08  1.21863893e+00 
 2.68235389e-08  1.21918681e+00 
 2.68255389e-08  1.21972640e+00 
 2.68275389e-08  1.22025778e+00 
 2.68295389e-08  1.22078102e+00 
 2.68315389e-08  1.22129611e+00 
 2.68335389e-08  1.22180305e+00 
 2.68355389e-08  1.22230181e+00 
 2.68375389e-08  1.22279233e+00 
 2.68395389e-08  1.22327458e+00 
 2.68415389e-08  1.22374852e+00 
 2.68435389e-08  1.22421409e+00 
 2.68455389e-08  1.22467123e+00 
 2.68475389e-08  1.22511990e+00 
 2.68495389e-08  1.22556001e+00 
 2.68515389e-08  1.22599146e+00 
 2.68535389e-08  1.22641378e+00 
 2.68555389e-08  1.22682704e+00 
 2.68575389e-08  1.22723154e+00 
 2.68595389e-08  1.22762680e+00 
 2.68615389e-08  1.22801217e+00 
 2.68635389e-08  1.22838687e+00 
 2.68655389e-08  1.22874991e+00 
 2.68675389e-08  1.22910007e+00 
 2.68695389e-08  1.22943581e+00 
 2.68715389e-08  1.22975526e+00 
 2.68735389e-08  1.23005443e+00 
 2.68755389e-08  1.23033053e+00 
 2.68775389e-08  1.23058196e+00 
 2.68795389e-08  1.23080509e+00 
 2.68815389e-08  1.23099583e+00 
 2.68835389e-08  1.23114972e+00 
 2.68855389e-08  1.23126196e+00 
 2.68875389e-08  1.23132757e+00 
 2.68895389e-08  1.23134149e+00 
 2.68915389e-08  1.23129866e+00 
 2.68935389e-08  1.23119424e+00 
 2.68955389e-08  1.23102358e+00 
 2.68975389e-08  1.23078236e+00 
 2.68995389e-08  1.23046655e+00 
 2.69015389e-08  1.23007243e+00 
 2.69035389e-08  1.22959652e+00 
 2.69055389e-08  1.22903551e+00 
 2.69075389e-08  1.22838623e+00 
 2.69095389e-08  1.22764553e+00 
 2.69115389e-08  1.22681026e+00 
 2.69135389e-08  1.22587718e+00 
 2.69155389e-08  1.22484297e+00 
 2.69175389e-08  1.22370413e+00 
 2.69195389e-08  1.22245703e+00 
 2.69215389e-08  1.22109784e+00 
 2.69235389e-08  1.21962256e+00 
 2.69255389e-08  1.21802698e+00 
 2.69275389e-08  1.21630668e+00 
 2.69295389e-08  1.21445703e+00 
 2.69315389e-08  1.21247318e+00 
 2.69335389e-08  1.21035003e+00 
 2.69355389e-08  1.20808224e+00 
 2.69375389e-08  1.20566418e+00 
 2.69395389e-08  1.20308991e+00 
 2.69415389e-08  1.20035316e+00 
 2.69435389e-08  1.19744726e+00 
 2.69455389e-08  1.19436518e+00 
 2.69475389e-08  1.19109936e+00 
 2.69495389e-08  1.18764170e+00 
 2.69515389e-08  1.18398338e+00 
 2.69535389e-08  1.18011485e+00 
 2.69555389e-08  1.17602560e+00 
 2.69575389e-08  1.17170406e+00 
 2.69595389e-08  1.16713735e+00 
 2.69615389e-08  1.16231109e+00 
 2.69635389e-08  1.15720901e+00 
 2.69655389e-08  1.15181270e+00 
 2.69675389e-08  1.14610108e+00 
 2.69695389e-08  1.14004988e+00 
 2.69715389e-08  1.13363105e+00 
 2.69735389e-08  1.12681195e+00 
 2.69755389e-08  1.11955451e+00 
 2.69775389e-08  1.11181420e+00 
 2.69795389e-08  1.10353907e+00 
 2.69815389e-08  1.09466867e+00 
 2.69835389e-08  1.08513340e+00 
 2.69855389e-08  1.07485431e+00 
 2.69875389e-08  1.06374413e+00 
 2.69895389e-08  1.05171002e+00 
 2.69915389e-08  1.03865873e+00 
 2.69935389e-08  1.02450423e+00 
 2.69955389e-08  1.00917703e+00 
 2.69975389e-08  9.92632740e-01 
 2.69995389e-08  9.74857080e-01 
 2.70015389e-08  9.55865191e-01 
 2.70035389e-08  9.35695793e-01 
 2.70055389e-08  9.14402810e-01 
 2.70075389e-08  8.92047463e-01 
 2.70095389e-08  8.68692616e-01 
 2.70115389e-08  8.44399597e-01 
 2.70135389e-08  8.19226892e-01 
 2.70155389e-08  7.93270488e-01 
 2.70175389e-08  7.66574999e-01 
 2.70195389e-08  7.39147006e-01 
 2.70215389e-08  7.11017697e-01 
 2.70235389e-08  6.82240845e-01 
 2.70255389e-08  6.52887345e-01 
 2.70275389e-08  6.23004136e-01 
 2.70295389e-08  5.92641406e-01 
 2.70315389e-08  5.61849740e-01 
 2.70335389e-08  5.30684606e-01 
 2.70355389e-08  4.99205631e-01 
 2.70375389e-08  4.67481101e-01 
 2.70395389e-08  4.35589785e-01 
 2.70415389e-08  4.03627049e-01 
 2.70435389e-08  3.71710337e-01 
 2.70455389e-08  3.39988514e-01 
 2.70475389e-08  3.08651178e-01 
 2.70495389e-08  2.77938918e-01 
 2.70515389e-08  2.48148122e-01 
 2.70535389e-08  2.19625756e-01 
 2.70555389e-08  1.92746485e-01 
 2.70575389e-08  1.67872466e-01 
 2.70595389e-08  1.45303426e-01 
 2.70615389e-08  1.25233311e-01 
 2.70635389e-08  1.07726810e-01 
 2.70655389e-08  9.27213225e-02 
 2.70675389e-08  8.00495048e-02 
 2.70695389e-08  6.94731611e-02 
 2.70715389e-08  6.07184444e-02 
 2.70735389e-08  5.35057131e-02 
 2.70755389e-08  4.75319469e-02 
 2.70775389e-08  4.25823155e-02 
 2.70795389e-08  3.85068596e-02 
 2.70815389e-08  3.51224925e-02 
 2.70835389e-08  3.22928452e-02 
 2.70855389e-08  2.98970612e-02 
 2.70875389e-08  2.78308899e-02 
 2.70895389e-08  2.60299057e-02 
 2.70915389e-08  2.44441430e-02 
 2.70935389e-08  2.30348025e-02 
 2.70955389e-08  2.17718745e-02 
 2.70975389e-08  2.06319563e-02 
 2.70995389e-08  1.95967616e-02 
 2.71015389e-08  1.86517866e-02 
 2.71035389e-08  1.77854436e-02 
 2.71055389e-08  1.69882933e-02 
 2.71075389e-08  1.62525740e-02 
 2.71095389e-08  1.55717798e-02 
 2.71115389e-08  1.49404164e-02 
 2.71135389e-08  1.43537702e-02 
 2.71155389e-08  1.38077786e-02 
 2.71175389e-08  1.32988960e-02 
 2.71195389e-08  1.28240174e-02 
 2.71215389e-08  1.23803944e-02 
 2.71235389e-08  1.19655847e-02 
 2.71255389e-08  1.15773970e-02 
 2.71275389e-08  1.12138566e-02 
 2.71295389e-08  1.08731683e-02 
 2.71315389e-08  1.05536923e-02 
 2.71335389e-08  1.02539199e-02 
 2.71355389e-08  9.97245674e-03 
 2.71375389e-08  9.70800684e-03 
 2.71395389e-08  9.45936092e-03 
 2.71415389e-08  9.22538670e-03 
 2.71435389e-08  9.00502093e-03 
 2.71455389e-08  8.79726386e-03 
 2.71475389e-08  8.60117403e-03 
 2.71495389e-08  8.41586555e-03 
 2.71515389e-08  8.24050472e-03 
 2.71535389e-08  8.07430899e-03 
 2.71555389e-08  7.91654462e-03 
 2.71575389e-08  7.76652652e-03 
 2.71595389e-08  7.62361640e-03 
 2.71615389e-08  7.48722328e-03 
 2.71635389e-08  7.35680219e-03 
 2.71655389e-08  7.23185563e-03 
 2.71675389e-08  7.11193396e-03 
 2.71695389e-08  6.99663898e-03 
 2.71715389e-08  6.88562696e-03 
 2.71735389e-08  6.77861528e-03 
 2.71755389e-08  6.67538828e-03 
 2.71775389e-08  6.57580586e-03 
 2.71795389e-08  6.47980895e-03 
 2.71815389e-08  6.38742379e-03 
 2.71835389e-08  6.29875752e-03 
 2.71855389e-08  6.21398542e-03 
 2.71875389e-08  6.13332280e-03 
 2.71895389e-08  6.05698505e-03 
 2.71915389e-08  5.98513742e-03 
 2.71935389e-08  5.91785415e-03 
 2.71955389e-08  5.85510708e-03 
 2.71975389e-08  5.79680676e-03 
 2.71995389e-08  5.74287857e-03 
 2.72015389e-08  5.69332463e-03 
 2.72035389e-08  5.64821866e-03 
 2.72055389e-08  5.60763715e-03 
 2.72075389e-08  5.57156469e-03 
 2.72095389e-08  5.53982136e-03 
 2.72115389e-08  5.51203323e-03 
 2.72135389e-08  5.48765138e-03 
 2.72155389e-08  5.46600188e-03 
 2.72175389e-08  5.44635004e-03 
 2.72195389e-08  5.42795868e-03 
 2.72215389e-08  5.41013350e-03 
 2.72235389e-08  5.39224955e-03 
 2.72255389e-08  5.37376351e-03 
 2.72275389e-08  5.35421255e-03 
 2.72295389e-08  5.33320656e-03 
 2.72315389e-08  5.31041422e-03 
 2.72335389e-08  5.28554770e-03 
 2.72355389e-08  5.25834438e-03 
 2.72375389e-08  5.22854856e-03 
 2.72395389e-08  5.19589032e-03 
 2.72415389e-08  5.16020367e-03 
 2.72435389e-08  5.12111818e-03 
 2.72455389e-08  5.07793417e-03 
 2.72475389e-08  5.03003905e-03 
 2.72495389e-08  4.97682506e-03 
 2.72515389e-08  4.91753465e-03 
 2.72535389e-08  4.85126686e-03 
 2.72555389e-08  4.77706874e-03 
 2.72575389e-08  4.69404442e-03 
 2.72595389e-08  4.60144163e-03 
 2.72615389e-08  4.49876551e-03 
 2.72635389e-08  4.38579295e-03 
 2.72655389e-08  4.26257701e-03 
 2.72675389e-08  4.12936152e-03 
 2.72695389e-08  3.98651191e-03 
 2.72715389e-08  3.83442616e-03 
 2.72735389e-08  3.67349057e-03 
 2.72755389e-08  3.50404859e-03 
 2.72775389e-08  3.32640044e-03 
 2.72795389e-08  3.14081110e-03 
 2.72815389e-08  2.94752453e-03 
 2.72835389e-08  2.74677859e-03 
 2.72855389e-08  2.53881304e-03 
 2.72875389e-08  2.32387751e-03 
 2.72895389e-08  2.10222941e-03 
 2.72915389e-08  1.87413434e-03 
 2.72935389e-08  1.63985754e-03 
 2.72955389e-08  1.39966011e-03 
 2.72975389e-08  1.15378832e-03 
 2.72995389e-08  9.02468825e-04 
 2.73015389e-08  6.45898686e-04 
 2.73035389e-08  3.84241524e-04 
 2.73055389e-08  1.17619881e-04 
 2.73075389e-08 -1.53886654e-04 
 2.73095389e-08 -4.30245693e-04 
 2.73115389e-08 -7.11470483e-04 
 2.73135389e-08 -9.97619006e-04 
 2.73155389e-08 -1.28878683e-03 
 2.73175389e-08 -1.58509797e-03 
 2.73195389e-08 -1.88668750e-03 
 2.73215389e-08 -2.19367863e-03 
 2.73235389e-08 -2.50614917e-03 
 2.73255389e-08 -2.82408988e-03 
 2.73275389e-08 -3.14735320e-03 
 2.73295389e-08 -3.47559916e-03 
 2.73315389e-08 -3.80824536e-03 
 2.73335389e-08 -4.14443652e-03 
 2.73355389e-08 -4.48304828e-03 
 2.73375389e-08 -4.82273894e-03 
 2.73395389e-08 -5.16204949e-03 
 2.73415389e-08 -5.49953666e-03 
 2.73435389e-08 -5.83390836e-03 
 2.73455389e-08 -6.16412938e-03 
 2.73475389e-08 -6.48947621e-03 
 2.73495389e-08 -6.80953906e-03 
 2.73515389e-08 -7.12418459e-03 
 2.73535389e-08 -7.43349893e-03 
 2.73555389e-08 -7.73772777e-03 
 2.73575389e-08 -8.03722390e-03 
 2.73595389e-08 -8.33240635e-03 
 2.73615389e-08 -8.62373070e-03 
 2.73635389e-08 -8.91166873e-03 
 2.73655389e-08 -9.19669484e-03 
 2.73675389e-08 -9.47927742e-03 
 2.73695389e-08 -9.75987339e-03 
 2.73715389e-08 -1.00389254e-02 
 2.73735389e-08 -1.03168607e-02 
 2.73755389e-08 -1.05940915e-02 
 2.73775389e-08 -1.08710157e-02 
 2.73795389e-08 -1.11480180e-02 
 2.73815389e-08 -1.14254700e-02 
 2.73835389e-08 -1.17037277e-02 
 2.73855389e-08 -1.19831261e-02 
 2.73875389e-08 -1.22639693e-02 
 2.73895389e-08 -1.25422144e-02 
 2.73915389e-08 -1.28252850e-02 
 2.73935389e-08 -1.31146294e-02 
 2.73955389e-08 -1.34041961e-02 
 2.73975389e-08 -1.36950143e-02 
 2.73995389e-08 -1.39863288e-02 
 2.74015389e-08 -1.42779229e-02 
 2.74035389e-08 -1.45682886e-02 
 2.74055389e-08 -1.48561320e-02 
 2.74075389e-08 -1.51391491e-02 
 2.74095389e-08 -1.54150630e-02 
 2.74115389e-08 -1.56808637e-02 
 2.74135389e-08 -1.59335581e-02 
 2.74155389e-08 -1.61697181e-02 
 2.74175389e-08 -1.63860131e-02 
 2.74195389e-08 -1.65789234e-02 
 2.74215389e-08 -1.67450866e-02 
 2.74235389e-08 -1.68810884e-02 
 2.74255389e-08 -1.69836623e-02 
 2.74275389e-08 -1.70495229e-02 
 2.74295389e-08 -1.70754674e-02 
 2.74315389e-08 -1.70582410e-02 
 2.74335389e-08 -1.69945820e-02 
 2.74355389e-08 -1.68811153e-02 
 2.74375389e-08 -1.67143663e-02 
 2.74395389e-08 -1.64906778e-02 
 2.74415389e-08 -1.62062062e-02 
 2.74435389e-08 -1.58568553e-02 
 2.74455389e-08 -1.54382605e-02 
 2.74475389e-08 -1.49457330e-02 
 2.74495389e-08 -1.43742336e-02 
 2.74515389e-08 -1.37183202e-02 
 2.74535389e-08 -1.29721124e-02 
 2.74555389e-08 -1.21292359e-02 
 2.74575389e-08 -1.11827755e-02 
 2.74595389e-08 -1.01252117e-02 
 2.74615389e-08 -8.94835777e-03 
 2.74635389e-08 -7.64328277e-03 
 2.74655389e-08 -6.20022708e-03 
 2.74675389e-08 -4.60850282e-03 
 2.74695389e-08 -2.85637906e-03 
 2.74715389e-08 -9.30947410e-04 
 2.74735389e-08  1.18203778e-03 
 2.74755389e-08  3.49838465e-03 
 2.74775389e-08  6.03574167e-03 
 2.74795389e-08  8.81389334e-03 
 2.74815389e-08  1.18551530e-02 
 2.74835389e-08  1.51848548e-02 
 2.74855389e-08  1.88319687e-02 
 2.74875389e-08  2.28298678e-02 
 2.74895389e-08  2.72172822e-02 
 2.74915389e-08  3.20394691e-02 
 2.74935389e-08  3.73496219e-02 
 2.74955389e-08  4.32105001e-02 
 2.74975389e-08  4.96961981e-02 
 2.74995389e-08  5.68938101e-02 
 2.75015389e-08  6.49044986e-02 
 2.75035389e-08  7.38430587e-02 
 2.75055389e-08  8.38346127e-02 
 2.75075389e-08  9.50068639e-02 
 2.75095389e-08  1.07477193e-01 
 2.75115389e-08  1.21336509e-01 
 2.75135389e-08  1.36635492e-01 
 2.75155389e-08  1.53243308e-01 
 2.75175389e-08  1.71250805e-01 
 2.75195389e-08  1.90754663e-01 
 2.75215389e-08  2.11554398e-01 
 2.75235389e-08  2.33578122e-01 
 2.75255389e-08  2.56764458e-01 
 2.75275389e-08  2.81049867e-01 
 2.75295389e-08  3.06379467e-01 
 2.75315389e-08  3.32697513e-01 
 2.75335389e-08  3.59953488e-01 
 2.75355389e-08  3.88095544e-01 
 2.75375389e-08  4.17073948e-01 
 2.75395389e-08  4.46836370e-01 
 2.75415389e-08  4.77329437e-01 
 2.75435389e-08  5.08494886e-01 
 2.75455389e-08  5.40269471e-01 
 2.75475389e-08  5.72581103e-01 
 2.75495389e-08  6.05346917e-01 
 2.75515389e-08  6.38468462e-01 
 2.75535389e-08  6.71827568e-01 
 2.75555389e-08  7.05280189e-01 
 2.75575389e-08  7.38651117e-01 
 2.75595389e-08  7.71729388e-01 
 2.75615389e-08  8.04268275e-01 
 2.75635389e-08  8.35992066e-01 
 2.75655389e-08  8.66612427e-01 
 2.75675389e-08  8.95852642e-01 
 2.75695389e-08  9.23474302e-01 
 2.75715389e-08  9.49298336e-01 
 2.75735389e-08  9.73214728e-01 
 2.75755389e-08  9.95180462e-01 
 2.75775389e-08  1.01520939e+00 
 2.75795389e-08  1.03335906e+00 
 2.75815389e-08  1.04971785e+00 
 2.75835389e-08  1.06439428e+00 
 2.75855389e-08  1.07750866e+00 
 2.75875389e-08  1.08918683e+00 
 2.75895389e-08  1.09955545e+00 
 2.75915389e-08  1.10873870e+00 
 2.75935389e-08  1.11685575e+00 
 2.75955389e-08  1.12401917e+00 
 2.75975389e-08  1.13033384e+00 
 2.75995389e-08  1.13589641e+00 
 2.76015389e-08  1.14079508e+00 
 2.76035389e-08  1.14510970e+00 
 2.76055389e-08  1.14891204e+00 
 2.76075389e-08  1.15226625e+00 
 2.76095389e-08  1.15522932e+00 
 2.76115389e-08  1.15785168e+00 
 2.76135389e-08  1.16017771e+00 
 2.76155389e-08  1.16224640e+00 
 2.76175389e-08  1.16409184e+00 
 2.76195389e-08  1.16574378e+00 
 2.76215389e-08  1.16722811e+00 
 2.76235389e-08  1.16856734e+00 
 2.76255389e-08  1.16978095e+00 
 2.76275389e-08  1.17088583e+00 
 2.76295389e-08  1.17189654e+00 
 2.76315389e-08  1.17282568e+00 
 2.76335389e-08  1.17368403e+00 
 2.76355389e-08  1.17448091e+00 
 2.76375389e-08  1.17522426e+00 
 2.76395389e-08  1.17592089e+00 
 2.76415389e-08  1.17657663e+00 
 2.76435389e-08  1.17719643e+00 
 2.76455389e-08  1.17778453e+00 
 2.76475389e-08  1.17834455e+00 
 2.76495389e-08  1.17887955e+00 
 2.76515389e-08  1.17939217e+00 
 2.76535389e-08  1.17988467e+00 
 2.76555389e-08  1.18035897e+00 
 2.76575389e-08  1.18081527e+00 
 2.76595389e-08  1.18125506e+00 
 2.76615389e-08  1.18168090e+00 
 2.76635389e-08  1.18209411e+00 
 2.76655389e-08  1.18249577e+00 
 2.76675389e-08  1.18288668e+00 
 2.76695389e-08  1.18326758e+00 
 2.76715389e-08  1.18363906e+00 
 2.76735389e-08  1.18400167e+00 
 2.76755389e-08  1.18435585e+00 
 2.76775389e-08  1.18470201e+00 
 2.76795389e-08  1.18504422e+00 
 2.76815389e-08  1.18538180e+00 
 2.76835389e-08  1.18571083e+00 
 2.76855389e-08  1.18603187e+00 
 2.76875389e-08  1.18634515e+00 
 2.76895389e-08  1.18665086e+00 
 2.76915389e-08  1.18694901e+00 
 2.76935389e-08  1.18723961e+00 
 2.76955389e-08  1.18752251e+00 
 2.76975389e-08  1.18779756e+00 
 2.76995389e-08  1.18806453e+00 
 2.77015389e-08  1.18832313e+00 
 2.77035389e-08  1.18857306e+00 
 2.77055389e-08  1.18881397e+00 
 2.77075389e-08  1.18904556e+00 
 2.77095389e-08  1.18926754e+00 
 2.77115389e-08  1.18947974e+00 
 2.77135389e-08  1.18968212e+00 
 2.77155389e-08  1.18987486e+00 
 2.77175389e-08  1.19005842e+00 
 2.77195389e-08  1.19023353e+00 
 2.77215389e-08  1.19040123e+00 
 2.77235389e-08  1.19056275e+00 
 2.77255389e-08  1.19071939e+00 
 2.77275389e-08  1.19087241e+00 
 2.77295389e-08  1.19102287e+00 
 2.77315389e-08  1.19117166e+00 
 2.77335389e-08  1.19131938e+00 
 2.77355389e-08  1.19146647e+00 
 2.77375389e-08  1.19161315e+00 
 2.77395389e-08  1.19175954e+00 
 2.77415389e-08  1.19190565e+00 
 2.77435389e-08  1.19205145e+00 
 2.77455389e-08  1.19219684e+00 
 2.77475389e-08  1.19234175e+00 
 2.77495389e-08  1.19248608e+00 
 2.77515389e-08  1.19262750e+00 
 2.77535389e-08  1.19276638e+00 
 2.77555389e-08  1.19290710e+00 
 2.77575389e-08  1.19304972e+00 
 2.77595389e-08  1.19319237e+00 
 2.77615389e-08  1.19333502e+00 
 2.77635389e-08  1.19347800e+00 
 2.77655389e-08  1.19362190e+00 
 2.77675389e-08  1.19376751e+00 
 2.77695389e-08  1.19391572e+00 
 2.77715389e-08  1.19406757e+00 
 2.77735389e-08  1.19422407e+00 
 2.77755389e-08  1.19438625e+00 
 2.77775389e-08  1.19455506e+00 
 2.77795389e-08  1.19473140e+00 
 2.77815389e-08  1.19491605e+00 
 2.77835389e-08  1.19510974e+00 
 2.77855389e-08  1.19531308e+00 
 2.77875389e-08  1.19552663e+00 
 2.77895389e-08  1.19575084e+00 
 2.77915389e-08  1.19598614e+00 
 2.77935389e-08  1.19623287e+00 
 2.77955389e-08  1.19649133e+00 
 2.77975389e-08  1.19676178e+00 
 2.77995389e-08  1.19704446e+00 
 2.78015389e-08  1.19733960e+00 
 2.78035389e-08  1.19764741e+00 
 2.78055389e-08  1.19796812e+00 
 2.78075389e-08  1.19830199e+00 
 2.78095389e-08  1.19864932e+00 
 2.78115389e-08  1.19901043e+00 
 2.78135389e-08  1.19938574e+00 
 2.78155389e-08  1.19977569e+00 
 2.78175389e-08  1.20018080e+00 
 2.78195389e-08  1.20060167e+00 
 2.78215389e-08  1.20103891e+00 
 2.78235389e-08  1.20149321e+00 
 2.78255389e-08  1.20196525e+00 
 2.78275389e-08  1.20245574e+00 
 2.78295389e-08  1.20296531e+00 
 2.78315389e-08  1.20349459e+00 
 2.78335389e-08  1.20404407e+00 
 2.78355389e-08  1.20461413e+00 
 2.78375389e-08  1.20520496e+00 
 2.78395389e-08  1.20581644e+00 
 2.78415389e-08  1.20644799e+00 
 2.78435389e-08  1.20709836e+00 
 2.78455389e-08  1.20776537e+00 
 2.78475389e-08  1.20844575e+00 
 2.78495389e-08  1.20913519e+00 
 2.78515389e-08  1.20982871e+00 
 2.78535389e-08  1.21052124e+00 
 2.78555389e-08  1.21120829e+00 
 2.78575389e-08  1.21188640e+00 
 2.78595389e-08  1.21255329e+00 
 2.78615389e-08  1.21320774e+00 
 2.78635389e-08  1.21384937e+00 
 2.78655389e-08  1.21447838e+00 
 2.78675389e-08  1.21509529e+00 
 2.78695389e-08  1.21570077e+00 
 2.78715389e-08  1.21629551e+00 
 2.78735389e-08  1.21688015e+00 
 2.78755389e-08  1.21745526e+00 
 2.78775389e-08  1.21802127e+00 
 2.78795389e-08  1.21857855e+00 
 2.78815389e-08  1.21912735e+00 
 2.78835389e-08  1.21966784e+00 
 2.78855389e-08  1.22020012e+00 
 2.78875389e-08  1.22072424e+00 
 2.78895389e-08  1.22124023e+00 
 2.78915389e-08  1.22174806e+00 
 2.78935389e-08  1.22224771e+00 
 2.78955389e-08  1.22273914e+00 
 2.78975389e-08  1.22322229e+00 
 2.78995389e-08  1.22369714e+00 
 2.79015389e-08  1.22416362e+00 
 2.79035389e-08  1.22462169e+00 
 2.79055389e-08  1.22507129e+00 
 2.79075389e-08  1.22551234e+00 
 2.79095389e-08  1.22594474e+00 
 2.79115389e-08  1.22636802e+00 
 2.79135389e-08  1.22678226e+00 
 2.79155389e-08  1.22718778e+00 
 2.79175389e-08  1.22758411e+00 
 2.79195389e-08  1.22797061e+00 
 2.79215389e-08  1.22834654e+00 
 2.79235389e-08  1.22871092e+00 
 2.79255389e-08  1.22906256e+00 
 2.79275389e-08  1.22939996e+00 
 2.79295389e-08  1.22972129e+00 
 2.79315389e-08  1.23002266e+00 
 2.79335389e-08  1.23030129e+00 
 2.79355389e-08  1.23055563e+00 
 2.79375389e-08  1.23078207e+00 
 2.79395389e-08  1.23097659e+00 
 2.79415389e-08  1.23113475e+00 
 2.79435389e-08  1.23125181e+00 
 2.79455389e-08  1.23132278e+00 
 2.79475389e-08  1.23134260e+00 
 2.79495389e-08  1.23130624e+00 
 2.79515389e-08  1.23120878e+00 
 2.79535389e-08  1.23104559e+00 
 2.79555389e-08  1.23081229e+00 
 2.79575389e-08  1.23050483e+00 
 2.79595389e-08  1.23011945e+00 
 2.79615389e-08  1.22965264e+00 
 2.79635389e-08  1.22910110e+00 
 2.79655389e-08  1.22846163e+00 
 2.79675389e-08  1.22773108e+00 
 2.79695389e-08  1.22690630e+00 
 2.79715389e-08  1.22598408e+00 
 2.79735389e-08  1.22496109e+00 
 2.79755389e-08  1.22383386e+00 
 2.79775389e-08  1.22259878e+00 
 2.79795389e-08  1.22125205e+00 
 2.79815389e-08  1.21978966e+00 
 2.79835389e-08  1.21820744e+00 
 2.79855389e-08  1.21650100e+00 
 2.79875389e-08  1.21466573e+00 
 2.79895389e-08  1.21269679e+00 
 2.79915389e-08  1.21058914e+00 
 2.79935389e-08  1.20833743e+00 
 2.79955389e-08  1.20593609e+00 
 2.79975389e-08  1.20337919e+00 
 2.79995389e-08  1.20066052e+00 
 2.80015389e-08  1.19777346e+00 
 2.80035389e-08  1.19471100e+00 
 2.80055389e-08  1.19146566e+00 
 2.80075389e-08  1.18802938e+00 
 2.80095389e-08  1.18439346e+00 
 2.80115389e-08  1.18054841e+00 
 2.80135389e-08  1.17648384e+00 
 2.80155389e-08  1.17218830e+00 
 2.80175389e-08  1.16764907e+00 
 2.80195389e-08  1.16285194e+00 
 2.80215389e-08  1.15778088e+00 
 2.80235389e-08  1.15241772e+00 
 2.80255389e-08  1.14674169e+00 
 2.80275389e-08  1.14072892e+00 
 2.80295389e-08  1.13435179e+00 
 2.80315389e-08  1.12757821e+00 
 2.80335389e-08  1.12037073e+00 
 2.80355389e-08  1.11268562e+00 
 2.80375389e-08  1.10447175e+00 
 2.80395389e-08  1.09566966e+00 
 2.80415389e-08  1.08621077e+00 
 2.80435389e-08  1.07601713e+00 
 2.80455389e-08  1.06500228e+00 
 2.80475389e-08  1.05307380e+00 
 2.80495389e-08  1.04013812e+00 
 2.80515389e-08  1.02610802e+00 
 2.80535389e-08  1.01091172e+00 
 2.80555389e-08  9.94501775e-01 
 2.80575389e-08  9.76860522e-01 
 2.80595389e-08  9.58000095e-01 
 2.80615389e-08  9.37957030e-01 
 2.80635389e-08  9.16784001e-01 
 2.80655389e-08  8.94541755e-01 
 2.80675389e-08  8.71293171e-01 
 2.80695389e-08  8.47099837e-01 
 2.80715389e-08  8.22020571e-01 
 2.80735389e-08  7.96152676e-01 
 2.80755389e-08  7.69540851e-01 
 2.80775389e-08  7.42190761e-01 
 2.80795389e-08  7.14133275e-01 
 2.80815389e-08  6.85422362e-01 
 2.80835389e-08  6.56129579e-01 
 2.80855389e-08  6.26301791e-01 
 2.80875389e-08  5.95989015e-01 
 2.80895389e-08  5.65241539e-01 
 2.80915389e-08  5.34114373e-01 
 2.80935389e-08  5.02666459e-01 
 2.80955389e-08  4.70965086e-01 
 2.80975389e-08  4.39087590e-01 
 2.80995389e-08  4.07127300e-01 
 2.81015389e-08  3.75198813e-01 
 2.81035389e-08  3.43447125e-01 
 2.81055389e-08  3.12056839e-01 
 2.81075389e-08  2.81262606e-01 
 2.81095389e-08  2.51354698e-01 
 2.81115389e-08  2.22675323e-01 
 2.81135389e-08  1.95597787e-01 
 2.81155389e-08  1.70488006e-01 
 2.81175389e-08  1.47654907e-01 
 2.81195389e-08  1.27305609e-01 
 2.81215389e-08  1.09519300e-01 
 2.81235389e-08  9.42465165e-02 
 2.81255389e-08  8.13298400e-02 
 2.81275389e-08  7.05370675e-02 
 2.81295389e-08  6.15966599e-02 
 2.81315389e-08  5.42284095e-02 
 2.81335389e-08  4.81253574e-02 
 2.81355389e-08  4.30700136e-02 
 2.81375389e-08  3.89106599e-02 
 2.81395389e-08  3.54600314e-02 
 2.81415389e-08  3.25784326e-02 
 2.81435389e-08  3.01417647e-02 
 2.81455389e-08  2.80428465e-02 
 2.81475389e-08  2.62154500e-02 
 2.81495389e-08  2.46081788e-02 
 2.81515389e-08  2.31811259e-02 
 2.81535389e-08  2.19034263e-02 
 2.81555389e-08  2.07510294e-02 
 2.81575389e-08  1.97051567e-02 
 2.81595389e-08  1.87509352e-02 
 2.81615389e-08  1.78764984e-02 
 2.81635389e-08  1.70721968e-02 
 2.81655389e-08  1.63301077e-02 
 2.81675389e-08  1.56436011e-02 
 2.81695389e-08  1.50070841e-02 
 2.81715389e-08  1.44157649e-02 
 2.81735389e-08  1.38655168e-02 
 2.81755389e-08  1.33527419e-02 
 2.81775389e-08  1.28742915e-02 
 2.81795389e-08  1.24273806e-02 
 2.81815389e-08  1.20095366e-02 
 2.81835389e-08  1.16185426e-02 
 2.81855389e-08  1.12524021e-02 
 2.81875389e-08  1.09093015e-02 
 2.81895389e-08  1.05875856e-02 
 2.81915389e-08  1.02857320e-02 
 2.81935389e-08  1.00023349e-02 
 2.81955389e-08  9.73608794e-03 
 2.81975389e-08  9.48577315e-03 
 2.81995389e-08  9.25025010e-03 
 2.82015389e-08  9.02844844e-03 
 2.82035389e-08  8.81936164e-03 
 2.82055389e-08  8.62204215e-03 
 2.82075389e-08  8.43559809e-03 
 2.82095389e-08  8.25919021e-03 
 2.82115389e-08  8.09203042e-03 
 2.82135389e-08  7.93337975e-03 
 2.82155389e-08  7.78254780e-03 
 2.82175389e-08  7.63889126e-03 
 2.82195389e-08  7.50181396e-03 
 2.82215389e-08  7.37076592e-03 
 2.82235389e-08  7.24524440e-03 
 2.82255389e-08  7.12479444e-03 
 2.82275389e-08  7.00901204e-03 
 2.82295389e-08  6.89754730e-03 
 2.82315389e-08  6.79011058e-03 
 2.82335389e-08  6.68647856e-03 
 2.82355389e-08  6.58650249e-03 
 2.82375389e-08  6.49011427e-03 
 2.82395389e-08  6.39733078e-03 
 2.82415389e-08  6.30825079e-03 
 2.82435389e-08  6.22304319e-03 
 2.82455389e-08  6.14192071e-03 
 2.82475389e-08  6.06510104e-03 
 2.82495389e-08  5.99275732e-03 
 2.82515389e-08  5.92497500e-03 
 2.82535389e-08  5.86173616e-03 
 2.82555389e-08  5.80295459e-03 
 2.82575389e-08  5.74855027e-03 
 2.82595389e-08  5.69851574e-03 
 2.82615389e-08  5.65291938e-03 
 2.82635389e-08  5.61184191e-03 
 2.82655389e-08  5.57528222e-03 
 2.82675389e-08  5.54308065e-03 
 2.82695389e-08  5.51488440e-03 
 2.82715389e-08  5.49016158e-03 
 2.82735389e-08  5.46824893e-03 
 2.82755389e-08  5.44841531e-03 
 2.82775389e-08  5.42992136e-03 
 2.82795389e-08  5.41206643e-03 
 2.82815389e-08  5.39421721e-03 
 2.82835389e-08  5.37582125e-03 
 2.82855389e-08  5.35640725e-03 
 2.82875389e-08  5.33557770e-03 
 2.82895389e-08  5.31299564e-03 
 2.82915389e-08  5.28836928e-03 
 2.82935389e-08  5.26143416e-03 
 2.82955389e-08  5.23193478e-03 
 2.82975389e-08  5.19960385e-03 
 2.82995389e-08  5.16427540e-03 
 2.83015389e-08  5.12559424e-03 
 2.83035389e-08  5.08287563e-03 
 2.83055389e-08  5.03551267e-03 
 2.83075389e-08  4.98291195e-03 
 2.83095389e-08  4.92432928e-03 
 2.83115389e-08  4.85887248e-03 
 2.83135389e-08  4.78558887e-03 
 2.83155389e-08  4.70357180e-03 
 2.83175389e-08  4.61204688e-03 
 2.83195389e-08  4.51048962e-03 
 2.83215389e-08  4.39864571e-03 
 2.83235389e-08  4.27654182e-03 
 2.83255389e-08  4.14440401e-03 
 2.83275389e-08  4.00258930e-03 
 2.83295389e-08  3.85149466e-03 
 2.83315389e-08  3.69150975e-03 
 2.83335389e-08  3.52298302e-03 
 2.83355389e-08  3.34621921e-03 
 2.83375389e-08  3.16148653e-03 
 2.83395389e-08  2.96903041e-03 
 2.83415389e-08  2.76908899e-03 
 2.83435389e-08  2.56190128e-03 
 2.83455389e-08  2.34771592e-03 
 2.83475389e-08  2.12678933e-03 
 2.83495389e-08  1.89938667e-03 
 2.83515389e-08  1.66577331e-03 
 2.83535389e-08  1.42621138e-03 
 2.83555389e-08  1.18094896e-03 
 2.83575389e-08  9.30215396e-04 
 2.83595389e-08  6.74211138e-04 
 2.83615389e-08  4.13103924e-04 
 2.83635389e-08  1.47020838e-04 
 2.83655389e-08 -1.23953525e-04 
 2.83675389e-08 -3.99781710e-04 
 2.83695389e-08 -6.80471904e-04 
 2.83715389e-08 -9.66077535e-04 
 2.83735389e-08 -1.25669035e-03 
 2.83755389e-08 -1.55243205e-03 
 2.83775389e-08 -1.85343739e-03 
 2.83795389e-08 -2.15983242e-03 
 2.83815389e-08 -2.47170171e-03 
 2.83835389e-08 -2.78904797e-03 
 2.83855389e-08 -3.11174136e-03 
 2.83875389e-08 -3.43946562e-03 
 2.83895389e-08 -3.77166681e-03 
 2.83915389e-08 -4.10752012e-03 
 2.83935389e-08 -4.44592898e-03 
 2.83955389e-08 -4.78557143e-03 
 2.83975389e-08 -5.12499517e-03 
 2.83995389e-08 -5.46274838e-03 
 2.84015389e-08 -5.79751647e-03 
 2.84035389e-08 -6.12823248e-03 
 2.84055389e-08 -6.45413779e-03 
 2.84075389e-08 -6.77478958e-03 
 2.84095389e-08 -7.09002684e-03 
 2.84115389e-08 -7.39991469e-03 
 2.84135389e-08 -7.70468406e-03 
 2.84155389e-08 -8.00467829e-03 
 2.84175389e-08 -8.30031076e-03 
 2.84195389e-08 -8.59203421e-03 
 2.84215389e-08 -8.88031938e-03 
 2.84235389e-08 -9.16564092e-03 
 2.84255389e-08 -9.44846815e-03 
 2.84275389e-08 -9.72925947e-03 
 2.84295389e-08 -1.00084591e-02 
 2.84315389e-08 -1.02864961e-02 
 2.84335389e-08 -1.05637842e-02 
 2.84355389e-08 -1.08407228e-02 
 2.84375389e-08 -1.11176980e-02 
 2.84395389e-08 -1.13950830e-02 
 2.84415389e-08 -1.16732356e-02 
 2.84435389e-08 -1.19524936e-02 
 2.84455389e-08 -1.22331650e-02 
 2.84475389e-08 -1.25112464e-02 
 2.84495389e-08 -1.27941078e-02 
 2.84515389e-08 -1.30832153e-02 
 2.84535389e-08 -1.33725720e-02 
 2.84555389e-08 -1.36632208e-02 
 2.84575389e-08 -1.39544447e-02 
 2.84595389e-08 -1.42460576e-02 
 2.84615389e-08 -1.45366002e-02 
 2.84635389e-08 -1.48248210e-02 
 2.84655389e-08 -1.51084661e-02 
 2.84675389e-08 -1.53852988e-02 
 2.84695389e-08 -1.56523468e-02 
 2.84715389e-08 -1.59066414e-02 
 2.84735389e-08 -1.61447723e-02 
 2.84755389e-08 -1.63634145e-02 
 2.84775389e-08 -1.65590495e-02 
 2.84795389e-08 -1.67283091e-02 
 2.84815389e-08 -1.68677731e-02 
 2.84835389e-08 -1.69741680e-02 
 2.84855389e-08 -1.70442042e-02 
 2.84875389e-08 -1.70746771e-02 
 2.84895389e-08 -1.70623348e-02 
 2.84915389e-08 -1.70039220e-02 
 2.84935389e-08 -1.68960749e-02 
 2.84955389e-08 -1.67353342e-02 
 2.84975389e-08 -1.65180626e-02 
 2.84995389e-08 -1.62404404e-02 
 2.85015389e-08 -1.58983996e-02 
 2.85035389e-08 -1.54876080e-02 
 2.85055389e-08 -1.50034133e-02 
 2.85075389e-08 -1.44408171e-02 
 2.85095389e-08 -1.37944233e-02 
 2.85115389e-08 -1.30584020e-02 
 2.85135389e-08 -1.22264352e-02 
 2.85155389e-08 -1.12916699e-02 
 2.85175389e-08 -1.02466557e-02 
 2.85195389e-08 -9.08328236e-03 
 2.85215389e-08 -7.79270444e-03 
 2.85235389e-08 -6.36525764e-03 
 2.85255389e-08 -4.79036092e-03 
 2.85275389e-08 -3.05640376e-03 
 2.85295389e-08 -1.15061391e-03 
 2.85315389e-08  9.41098813e-04 
 2.85335389e-08  3.23435763e-03 
 2.85355389e-08  5.74659641e-03 
 2.85375389e-08  8.49734869e-03 
 2.85395389e-08  1.15086286e-02 
 2.85415389e-08  1.48054123e-02 
 2.85435389e-08  1.84162372e-02 
 2.85455389e-08  2.23739515e-02 
 2.85475389e-08  2.67166460e-02 
 2.85495389e-08  3.14887990e-02 
 2.85515389e-08  3.67426592e-02 
 2.85535389e-08  4.25398538e-02 
 2.85555389e-08  4.89531503e-02 
 2.85575389e-08  5.60681508e-02 
 2.85595389e-08  6.39844617e-02 
 2.85615389e-08  7.28154813e-02 
 2.85635389e-08  8.26854871e-02 
 2.85655389e-08  9.37224392e-02 
 2.85675389e-08  1.06045612e-01 
 2.85695389e-08  1.19749590e-01 
 2.85715389e-08  1.34889891e-01 
 2.85735389e-08  1.51337109e-01 
 2.85755389e-08  1.69188552e-01 
 2.85775389e-08  1.88546607e-01 
 2.85795389e-08  2.09208041e-01 
 2.85815389e-08  2.31100717e-01 
 2.85835389e-08  2.54162960e-01 
 2.85855389e-08  2.78330712e-01 
 2.85875389e-08  3.03548768e-01 
 2.85895389e-08  3.29761048e-01 
 2.85915389e-08  3.56916886e-01 
 2.85935389e-08  3.84964327e-01 
 2.85955389e-08  4.13853700e-01 
 2.85975389e-08  4.43532829e-01 
 2.85995389e-08  4.73948680e-01 
 2.86015389e-08  5.05043488e-01 
 2.86035389e-08  5.36754761e-01 
 2.86055389e-08  5.69011438e-01 
 2.86075389e-08  6.01732074e-01 
 2.86095389e-08  6.34820097e-01 
 2.86115389e-08  6.68159801e-01 
 2.86135389e-08  7.01610236e-01 
 2.86155389e-08  7.34999887e-01 
 2.86175389e-08  7.68121807e-01 
 2.86195389e-08  8.00733020e-01 
 2.86215389e-08  8.32560363e-01 
 2.86235389e-08  8.63315817e-01 
 2.86255389e-08  8.92720060e-01 
 2.86275389e-08  9.20529289e-01 
 2.86295389e-08  9.46557219e-01 
 2.86315389e-08  9.70686170e-01 
 2.86335389e-08  9.92866169e-01 
 2.86355389e-08  1.01310546e+00 
 2.86375389e-08  1.03145744e+00 
 2.86395389e-08  1.04800768e+00 
 2.86415389e-08  1.06286296e+00 
 2.86435389e-08  1.07614261e+00 
 2.86455389e-08  1.08797213e+00 
 2.86475389e-08  1.09847827e+00 
 2.86495389e-08  1.10778563e+00 
 2.86515389e-08  1.11601400e+00 
 2.86535389e-08  1.12327676e+00 
 2.86555389e-08  1.12967966e+00 
 2.86575389e-08  1.13532027e+00 
 2.86595389e-08  1.14028771e+00 
 2.86615389e-08  1.14466274e+00 
 2.86635389e-08  1.14851801e+00 
 2.86655389e-08  1.15191846e+00 
 2.86675389e-08  1.15492186e+00 
 2.86695389e-08  1.15757931e+00 
 2.86715389e-08  1.15993584e+00 
 2.86735389e-08  1.16203101e+00 
 2.86755389e-08  1.16389941e+00 
 2.86775389e-08  1.16557124e+00 
 2.86795389e-08  1.16707280e+00 
 2.86815389e-08  1.16842694e+00 
 2.86835389e-08  1.16965345e+00 
 2.86855389e-08  1.17076951e+00 
 2.86875389e-08  1.17178990e+00 
 2.86895389e-08  1.17272742e+00 
 2.86915389e-08  1.17359306e+00 
 2.86935389e-08  1.17439627e+00 
 2.86955389e-08  1.17514514e+00 
 2.86975389e-08  1.17584659e+00 
 2.86995389e-08  1.17650656e+00 
 2.87015389e-08  1.17713008e+00 
 2.87035389e-08  1.17772148e+00 
 2.87055389e-08  1.17828441e+00 
 2.87075389e-08  1.17882202e+00 
 2.87095389e-08  1.17933698e+00 
 2.87115389e-08  1.17983158e+00 
 2.87135389e-08  1.18030779e+00 
 2.87155389e-08  1.18076585e+00 
 2.87175389e-08  1.18120726e+00 
 2.87195389e-08  1.18163459e+00 
 2.87215389e-08  1.18204916e+00 
 2.87235389e-08  1.18245208e+00 
 2.87255389e-08  1.18284417e+00 
 2.87275389e-08  1.18322617e+00 
 2.87295389e-08  1.18359868e+00 
 2.87315389e-08  1.18396226e+00 
 2.87335389e-08  1.18431736e+00 
 2.87355389e-08  1.18466440e+00 
 2.87375389e-08  1.18500742e+00 
 2.87395389e-08  1.18534579e+00 
 2.87415389e-08  1.18567558e+00 
 2.87435389e-08  1.18599739e+00 
 2.87455389e-08  1.18631144e+00 
 2.87475389e-08  1.18661792e+00 
 2.87495389e-08  1.18691685e+00 
 2.87515389e-08  1.18720824e+00 
 2.87535389e-08  1.18749196e+00 
 2.87555389e-08  1.18776787e+00 
 2.87575389e-08  1.18803571e+00 
 2.87595389e-08  1.18829523e+00 
 2.87615389e-08  1.18854611e+00 
 2.87635389e-08  1.18878802e+00 
 2.87655389e-08  1.18902063e+00 
 2.87675389e-08  1.18924367e+00 
 2.87695389e-08  1.18945694e+00 
 2.87715389e-08  1.18966038e+00 
 2.87735389e-08  1.18985416e+00 
 2.87755389e-08  1.19003869e+00 
 2.87775389e-08  1.19021468e+00 
 2.87795389e-08  1.19038314e+00 
 2.87815389e-08  1.19054527e+00 
 2.87835389e-08  1.19070238e+00 
 2.87855389e-08  1.19085574e+00 
 2.87875389e-08  1.19100644e+00 
 2.87895389e-08  1.19115537e+00 
 2.87915389e-08  1.19130319e+00 
 2.87935389e-08  1.19145033e+00 
 2.87955389e-08  1.19159705e+00 
 2.87975389e-08  1.19174347e+00 
 2.87995389e-08  1.19188962e+00 
 2.88015389e-08  1.19203545e+00 
 2.88035389e-08  1.19218090e+00 
 2.88055389e-08  1.19232587e+00 
 2.88075389e-08  1.19247027e+00 
 2.88095389e-08  1.19261173e+00 
 2.88115389e-08  1.19275066e+00 
 2.88135389e-08  1.19289148e+00 
 2.88155389e-08  1.19303420e+00 
 2.88175389e-08  1.19317689e+00 
 2.88195389e-08  1.19331952e+00 
 2.88215389e-08  1.19346243e+00 
 2.88235389e-08  1.19360618e+00 
 2.88255389e-08  1.19375153e+00 
 2.88275389e-08  1.19389939e+00 
 2.88295389e-08  1.19405077e+00 
 2.88315389e-08  1.19420669e+00 
 2.88335389e-08  1.19436819e+00 
 2.88355389e-08  1.19453622e+00 
 2.88375389e-08  1.19471169e+00 
 2.88395389e-08  1.19489539e+00 
 2.88415389e-08  1.19508805e+00 
 2.88435389e-08  1.19529030e+00 
 2.88455389e-08  1.19550270e+00 
 2.88475389e-08  1.19572573e+00 
 2.88495389e-08  1.19595979e+00 
 2.88515389e-08  1.19620525e+00 
 2.88535389e-08  1.19646241e+00 
 2.88555389e-08  1.19673154e+00 
 2.88575389e-08  1.19701287e+00 
 2.88595389e-08  1.19730663e+00 
 2.88615389e-08  1.19761304e+00 
 2.88635389e-08  1.19793233e+00 
 2.88655389e-08  1.19826475e+00 
 2.88675389e-08  1.19861059e+00 
 2.88695389e-08  1.19897018e+00 
 2.88715389e-08  1.19934391e+00 
 2.88735389e-08  1.19973223e+00 
 2.88755389e-08  1.20013566e+00 
 2.88775389e-08  1.20055477e+00 
 2.88795389e-08  1.20099019e+00 
 2.88815389e-08  1.20144259e+00 
 2.88835389e-08  1.20191265e+00 
 2.88855389e-08  1.20240108e+00 
 2.88875389e-08  1.20290854e+00 
 2.88895389e-08  1.20343563e+00 
 2.88915389e-08  1.20398288e+00 
 2.88935389e-08  1.20455068e+00 
 2.88955389e-08  1.20513923e+00 
 2.88975389e-08  1.20574847e+00 
 2.88995389e-08  1.20637787e+00 
 2.89015389e-08  1.20702626e+00 
 2.89035389e-08  1.20769159e+00 
 2.89055389e-08  1.20837070e+00 
 2.89075389e-08  1.20905939e+00 
 2.89095389e-08  1.20975271e+00 
 2.89115389e-08  1.21044558e+00 
 2.89135389e-08  1.21113342e+00 
 2.89155389e-08  1.21181265e+00 
 2.89175389e-08  1.21248084e+00 
 2.89195389e-08  1.21313668e+00 
 2.89215389e-08  1.21377972e+00 
 2.89235389e-08  1.21441009e+00 
 2.89255389e-08  1.21502829e+00 
 2.89275389e-08  1.21563499e+00 
 2.89295389e-08  1.21623087e+00 
 2.89315389e-08  1.21681659e+00 
 2.89335389e-08  1.21739272e+00 
 2.89355389e-08  1.21795971e+00 
 2.89375389e-08  1.21851793e+00 
 2.89395389e-08  1.21906765e+00 
 2.89415389e-08  1.21960904e+00 
 2.89435389e-08  1.22014222e+00 
 2.89455389e-08  1.22066723e+00 
 2.89475389e-08  1.22118411e+00 
 2.89495389e-08  1.22169284e+00 
 2.89515389e-08  1.22219338e+00 
 2.89535389e-08  1.22268571e+00 
 2.89555389e-08  1.22316978e+00 
 2.89575389e-08  1.22364554e+00 
 2.89595389e-08  1.22411294e+00 
 2.89615389e-08  1.22457194e+00 
 2.89635389e-08  1.22502246e+00 
 2.89655389e-08  1.22546446e+00 
 2.89675389e-08  1.22589781e+00 
 2.89695389e-08  1.22632205e+00 
 2.89715389e-08  1.22673727e+00 
 2.89735389e-08  1.22714380e+00 
 2.89755389e-08  1.22754119e+00 
 2.89775389e-08  1.22792883e+00 
 2.89795389e-08  1.22830597e+00 
 2.89815389e-08  1.22867168e+00 
 2.89835389e-08  1.22902479e+00 
 2.89855389e-08  1.22936384e+00 
 2.89875389e-08  1.22968703e+00 
 2.89895389e-08  1.22999056e+00 
 2.89915389e-08  1.23027170e+00 
 2.89935389e-08  1.23052890e+00 
 2.89955389e-08  1.23075862e+00 
 2.89975389e-08  1.23095687e+00 
 2.89995389e-08  1.23111926e+00 
 2.90015389e-08  1.23124108e+00 
 2.90035389e-08  1.23131736e+00 
 2.90055389e-08  1.23134305e+00 
 2.90075389e-08  1.23131309e+00 
 2.90095389e-08  1.23122257e+00 
 2.90115389e-08  1.23106681e+00 
 2.90135389e-08  1.23084140e+00 
 2.90155389e-08  1.23054225e+00 
 2.90175389e-08  1.23016559e+00 
 2.90195389e-08  1.22970788e+00 
 2.90215389e-08  1.22916578e+00 
 2.90235389e-08  1.22853609e+00 
 2.90255389e-08  1.22781568e+00 
 2.90275389e-08  1.22700139e+00 
 2.90295389e-08  1.22609000e+00 
 2.90315389e-08  1.22507822e+00 
 2.90335389e-08  1.22396260e+00 
 2.90355389e-08  1.22273952e+00 
 2.90375389e-08  1.22140521e+00 
 2.90395389e-08  1.21995569e+00 
 2.90415389e-08  1.21838682e+00 
 2.90435389e-08  1.21669421e+00 
 2.90455389e-08  1.21487329e+00 
 2.90475389e-08  1.21291924e+00 
 2.90495389e-08  1.21082704e+00 
 2.90515389e-08  1.20859139e+00 
 2.90535389e-08  1.20620673e+00 
 2.90555389e-08  1.20366718e+00 
 2.90575389e-08  1.20096655e+00 
 2.90595389e-08  1.19809827e+00 
 2.90615389e-08  1.19505539e+00 
 2.90635389e-08  1.19183047e+00 
 2.90655389e-08  1.18841554e+00 
 2.90675389e-08  1.18480194e+00 
 2.90695389e-08  1.18098029e+00 
 2.90715389e-08  1.17694032e+00 
 2.90735389e-08  1.17267068e+00 
 2.90755389e-08  1.16815883e+00 
 2.90775389e-08  1.16339071e+00 
 2.90795389e-08  1.15835051e+00 
 2.90815389e-08  1.15302032e+00 
 2.90835389e-08  1.14737968e+00 
 2.90855389e-08  1.14140509e+00 
 2.90875389e-08  1.13506937e+00 
 2.90895389e-08  1.12834095e+00 
 2.90915389e-08  1.12118304e+00 
 2.90935389e-08  1.11355262e+00 
 2.90955389e-08  1.10539944e+00 
 2.90975389e-08  1.09666499e+00 
 2.90995389e-08  1.08728172e+00 
 2.91015389e-08  1.07717267e+00 
 2.91035389e-08  1.06625226e+00 
 2.91055389e-08  1.05442849e+00 
 2.91075389e-08  1.04160764e+00 
 2.91095389e-08  1.02770133e+00 
 2.91115389e-08  1.01263566e+00 
 2.91135389e-08  9.96360133e-01 
 2.91155389e-08  9.78853732e-01 
 2.91175389e-08  9.60125505e-01 
 2.91195389e-08  9.40209691e-01 
 2.91215389e-08  9.19157615e-01 
 2.91235389e-08  8.97029476e-01 
 2.91255389e-08  8.73888129e-01 
 2.91275389e-08  8.49795404e-01 
 2.91295389e-08  8.24810453e-01 
 2.91315389e-08  7.99031923e-01 
 2.91335389e-08  7.72504600e-01 
 2.91355389e-08  7.45233205e-01 
 2.91375389e-08  7.17248294e-01 
 2.91395389e-08  6.88604040e-01 
 2.91415389e-08  6.59372685e-01 
 2.91435389e-08  6.29601031e-01 
 2.91455389e-08  5.99338932e-01 
 2.91475389e-08  5.68636397e-01 
 2.91495389e-08  5.37547996e-01 
 2.91515389e-08  5.06132012e-01 
 2.91535389e-08  4.74454777e-01 
 2.91555389e-08  4.42592244e-01 
 2.91575389e-08  4.10635776e-01 
 2.91595389e-08  3.78697217e-01 
 2.91615389e-08  3.46917808e-01 
 2.91635389e-08  3.15477266e-01 
 2.91655389e-08  2.84604369e-01 
 2.91675389e-08  2.54583219e-01 
 2.91695389e-08  2.25751010e-01 
 2.91715389e-08  1.98479213e-01 
 2.91735389e-08  1.73136900e-01 
 2.91755389e-08  1.50041665e-01 
 2.91775389e-08  1.29413508e-01 
 2.91795389e-08  1.11346145e-01 
 2.91815389e-08  9.58035379e-02 
 2.91835389e-08  8.26386236e-02 
 2.91855389e-08  7.16256402e-02 
 2.91875389e-08  6.24957330e-02 
 2.91895389e-08  5.49683949e-02 
 2.91915389e-08  4.87328182e-02 
 2.91935389e-08  4.35689497e-02 
 2.91955389e-08  3.93234028e-02 
 2.91975389e-08  3.58046787e-02 
 2.91995389e-08  3.28696963e-02 
 2.92015389e-08  3.03910367e-02 
 2.92035389e-08  2.82585052e-02 
 2.92055389e-08  2.64040221e-02 
 2.92075389e-08  2.47747184e-02 
 2.92095389e-08  2.33295454e-02 
 2.92115389e-08  2.20367554e-02 
 2.92135389e-08  2.08716287e-02 
 2.92155389e-08  1.98148777e-02 
 2.92175389e-08  1.88512485e-02 
 2.92195389e-08  1.79685856e-02 
 2.92215389e-08  1.71570230e-02 
 2.92235389e-08  1.64084715e-02 
 2.92255389e-08  1.57161734e-02 
 2.92275389e-08  1.50744348e-02 
 2.92295389e-08  1.44783834e-02 
 2.92315389e-08  1.39238269e-02 
 2.92335389e-08  1.34071138e-02 
 2.92355389e-08  1.29250505e-02 
 2.92375389e-08  1.24748153e-02 
 2.92395389e-08  1.20539041e-02 
 2.92415389e-08  1.16600738e-02 
 2.92435389e-08  1.12913061e-02 
 2.92455389e-08  1.09457683e-02 
 2.92475389e-08  1.06217894e-02 
 2.92495389e-08  1.03178334e-02 
 2.92515389e-08  1.00324825e-02 
 2.92535389e-08  9.76442015e-03 
 2.92555389e-08  9.51241925e-03 
 2.92575389e-08  9.27533127e-03 
 2.92595389e-08  9.05207858e-03 
 2.92615389e-08  8.84164788e-03 
 2.92635389e-08  8.64308539e-03 
 2.92655389e-08  8.45549328e-03 
 2.92675389e-08  8.27802666e-03 
 2.92695389e-08  8.10989191e-03 
 2.92715389e-08  7.95034476e-03 
 2.92735389e-08  7.79868954e-03 
 2.92755389e-08  7.65427783e-03 
 2.92775389e-08  7.51650830e-03 
 2.92795389e-08  7.38482594e-03 
 2.92815389e-08  7.25872278e-03 
 2.92835389e-08  7.13773855e-03 
 2.92855389e-08  7.02146350e-03 
 2.92875389e-08  6.90954159e-03 
 2.92895389e-08  6.80167623e-03 
 2.92915389e-08  6.69763652e-03 
 2.92935389e-08  6.59726518e-03 
 2.92955389e-08  6.50048498e-03 
 2.92975389e-08  6.40730351e-03 
 2.92995389e-08  6.31781097e-03 
 2.93015389e-08  6.23216954e-03 
 2.93035389e-08  6.15058886e-03 
 2.93055389e-08  6.07328837e-03 
 2.93075389e-08  6.00044851e-03 
 2.93095389e-08  5.93216583e-03 
 2.93115389e-08  5.86843302e-03 
 2.93135389e-08  5.80916815e-03 
 2.93155389e-08  5.75428657e-03 
 2.93175389e-08  5.70377130e-03 
 2.93195389e-08  5.65768455e-03 
 2.93215389e-08  5.61611011e-03 
 2.93235389e-08  5.57906027e-03 
 2.93255389e-08  5.54639524e-03 
 2.93275389e-08  5.51778353e-03 
 2.93295389e-08  5.49271099e-03 
 2.93315389e-08  5.47052579e-03 
 2.93335389e-08  5.45050109e-03 
 2.93355389e-08  5.43189589e-03 
 2.93375389e-08  5.41400355e-03 
 2.93395389e-08  5.39618248e-03 
 2.93415389e-08  5.37787116e-03 
 2.93435389e-08  5.35858965e-03 
 2.93455389e-08  5.33793291e-03 
 2.93475389e-08  5.31555809e-03 
 2.93495389e-08  5.29116925e-03 
 2.93515389e-08  5.26449986e-03 
 2.93535389e-08  5.23529437e-03 
 2.93555389e-08  5.20328786e-03 
 2.93575389e-08  5.16831444e-03 
 2.93595389e-08  5.13003342e-03 
 2.93615389e-08  5.08777432e-03 
 2.93635389e-08  5.04093634e-03 
 2.93655389e-08  4.98894046e-03 
 2.93675389e-08  4.93105602e-03 
 2.93695389e-08  4.86640035e-03 
 2.93715389e-08  4.79402212e-03 
 2.93735389e-08  4.71300515e-03 
 2.93755389e-08  4.62255399e-03 
 2.93775389e-08  4.52211503e-03 
 2.93795389e-08  4.41140252e-03 
 2.93815389e-08  4.29041593e-03 
 2.93835389e-08  4.15936245e-03 
 2.93855389e-08  4.01858971e-03 
 2.93875389e-08  3.86849298e-03 
 2.93895389e-08  3.70946500e-03 
 2.93915389e-08  3.54185913e-03 
 2.93935389e-08  3.36598477e-03 
 2.93955389e-08  3.18211350e-03 
 2.93975389e-08  2.99049247e-03 
 2.93995389e-08  2.79136015e-03 
 2.94015389e-08  2.58495492e-03 
 2.94035389e-08  2.37152441e-03 
 2.94055389e-08  2.15132406e-03 
 2.94075389e-08  1.92461849e-03 
 2.94095389e-08  1.69167313e-03 
 2.94115389e-08  1.45275106e-03 
 2.94135389e-08  1.20810205e-03 
 2.94155389e-08  9.57958092e-04 
 2.94175389e-08  7.02522936e-04 
 2.94195389e-08  4.41968375e-04 
 2.94215389e-08  1.76426007e-04 
 2.94235389e-08 -9.40145979e-05 
 2.94255389e-08 -3.69310902e-04 
 2.94275389e-08 -6.49466009e-04 
 2.94295389e-08 -9.34528704e-04 
 2.94315389e-08 -1.22458681e-03 
 2.94335389e-08 -1.51975949e-03 
 2.94355389e-08 -1.82018095e-03 
 2.94375389e-08 -2.12597966e-03 
 2.94395389e-08 -2.43724651e-03 
 2.94415389e-08 -2.75399555e-03 
 2.94435389e-08 -3.07611404e-03 
 2.94455389e-08 -3.40330889e-03 
 2.94475389e-08 -3.73505421e-03 
 2.94495389e-08 -4.07055573e-03 
 2.94515389e-08 -4.40874528e-03 
 2.94535389e-08 -4.74832187e-03 
 2.94555389e-08 -5.08784146e-03 
 2.94575389e-08 -5.42584538e-03 
 2.94595389e-08 -5.76099783e-03 
 2.94615389e-08 -6.09220078e-03 
 2.94635389e-08 -6.41866048e-03 
 2.94655389e-08 -6.73990061e-03 
 2.94675389e-08 -7.05573171e-03 
 2.94695389e-08 -7.36619712e-03 
 2.94715389e-08 -7.67151235e-03 
 2.94735389e-08 -7.97201074e-03 
 2.94755389e-08 -8.26809964e-03 
 2.94775389e-08 -8.56022871e-03 
 2.94795389e-08 -8.84886748e-03 
 2.94815389e-08 -9.13449072e-03 
 2.94835389e-08 -9.41756864e-03 
 2.94855389e-08 -9.69856106e-03 
 2.94875389e-08 -9.97791385e-03 
 2.94895389e-08 -1.02560577e-02 
 2.94915389e-08 -1.05334080e-02 
 2.94935389e-08 -1.08103656e-02 
 2.94955389e-08 -1.10873182e-02 
 2.94975389e-08 -1.13646404e-02 
 2.94995389e-08 -1.16426917e-02 
 2.95015389e-08 -1.19218127e-02 
 2.95035389e-08 -1.22023152e-02 
 2.95055389e-08 -1.24802339e-02 
 2.95075389e-08 -1.27628865e-02 
 2.95095389e-08 -1.30517565e-02 
 2.95115389e-08 -1.33409002e-02 
 2.95135389e-08 -1.36313737e-02 
 2.95155389e-08 -1.39224972e-02 
 2.95175389e-08 -1.42141148e-02 
 2.95195389e-08 -1.45048156e-02 
 2.95215389e-08 -1.47933901e-02 
 2.95235389e-08 -1.50776351e-02 
 2.95255389e-08 -1.53553545e-02 
 2.95275389e-08 -1.56236151e-02 
 2.95295389e-08 -1.58794736e-02 
 2.95315389e-08 -1.61195385e-02 
 2.95335389e-08 -1.63404914e-02 
 2.95355389e-08 -1.65388156e-02 
 2.95375389e-08 -1.67111377e-02 
 2.95395389e-08 -1.68540314e-02 
 2.95415389e-08 -1.69642163e-02 
 2.95435389e-08 -1.70383982e-02 
 2.95455389e-08 -1.70733704e-02 
 2.95475389e-08 -1.70658832e-02 
 2.95495389e-08 -1.70126875e-02 
 2.95515389e-08 -1.69104303e-02 
 2.95535389e-08 -1.67556671e-02 
 2.95555389e-08 -1.65447801e-02 
 2.95575389e-08 -1.62739732e-02 
 2.95595389e-08 -1.59392060e-02 
 2.95615389e-08 -1.55361783e-02 
 2.95635389e-08 -1.50602739e-02 
 2.95655389e-08 -1.45065352e-02 
 2.95675389e-08 -1.38696112e-02 
 2.95695389e-08 -1.31437222e-02 
 2.95715389e-08 -1.23226060e-02 
 2.95735389e-08 -1.13994712e-02 
 2.95755389e-08 -1.03669357e-02 
 2.95775389e-08 -9.21696547e-03 
 2.95795389e-08 -7.94079940e-03 
 2.95815389e-08 -6.52886761e-03 
 2.95835389e-08 -4.97069480e-03 
 2.95855389e-08 -3.25478950e-03 
 2.95875389e-08 -1.36851404e-03 
 2.95895389e-08  7.02068463e-04 
 2.95915389e-08  2.97239939e-03 
 2.95935389e-08  5.45970095e-03 
 2.95955389e-08  8.18325969e-03 
 2.95975389e-08  1.11647957e-02 
 2.95995389e-08  1.44289336e-02 
 2.96015389e-08  1.80037862e-02 
 2.96035389e-08  2.19216871e-02 
 2.96055389e-08  2.62200999e-02 
 2.96075389e-08  3.09427391e-02 
 2.96095389e-08  3.61409261e-02 
 2.96115389e-08  4.18751747e-02 
 2.96135389e-08  4.82169435e-02 
 2.96155389e-08  5.52503541e-02 
 2.96175389e-08  6.30734526e-02 
 2.96195389e-08  7.17982041e-02 
 2.96215389e-08  8.15479537e-02 
 2.96235389e-08  9.24507693e-02 
 2.96255389e-08  1.04627626e-01 
 2.96275389e-08  1.18176608e-01 
 2.96295389e-08  1.33158010e-01 
 2.96315389e-08  1.49444001e-01 
 2.96335389e-08  1.67138465e-01 
 2.96355389e-08  1.86349615e-01 
 2.96375389e-08  2.06871638e-01 
 2.96395389e-08  2.28632206e-01 
 2.96415389e-08  2.51569359e-01 
 2.96435389e-08  2.75618515e-01 
 2.96455389e-08  3.00724140e-01 
 2.96475389e-08  3.26829805e-01 
 2.96495389e-08  3.53884683e-01 
 2.96515389e-08  3.81836700e-01 
 2.96535389e-08  4.10636237e-01 
 2.96555389e-08  4.40231252e-01 
 2.96575389e-08  4.70569034e-01 
 2.96595389e-08  5.01592297e-01 
 2.96615389e-08  5.33239274e-01 
 2.96635389e-08  5.65439899e-01 
 2.96655389e-08  5.98114102e-01 
 2.96675389e-08  6.31167139e-01 
 2.96695389e-08  6.64485706e-01 
 2.96715389e-08  6.97931884e-01 
 2.96735389e-08  7.31337801e-01 
 2.96755389e-08  7.64500522e-01 
 2.96775389e-08  7.97180901e-01 
 2.96795389e-08  8.29108512e-01 
 2.96815389e-08  8.59995943e-01 
 2.96835389e-08  8.89561593e-01 
 2.96855389e-08  9.17556525e-01 
 2.96875389e-08  9.43787362e-01 
 2.96895389e-08  9.68128725e-01 
 2.96915389e-08  9.90523552e-01 
 2.96935389e-08  1.01097430e+00 
 2.96955389e-08  1.02953007e+00 
 2.96975389e-08  1.04627347e+00 
 2.96995389e-08  1.06130940e+00 
 2.97015389e-08  1.07475619e+00 
 2.97035389e-08  1.08673891e+00 
 2.97055389e-08  1.09738437e+00 
 2.97075389e-08  1.10681754e+00 
 2.97095389e-08  1.11515884e+00 
 2.97115389e-08  1.12252243e+00 
 2.97135389e-08  1.12901492e+00 
 2.97155389e-08  1.13473480e+00 
 2.97175389e-08  1.13977214e+00 
 2.97195389e-08  1.14420858e+00 
 2.97215389e-08  1.14811767e+00 
 2.97235389e-08  1.15156516e+00 
 2.97255389e-08  1.15460958e+00 
 2.97275389e-08  1.15730275e+00 
 2.97295389e-08  1.15969032e+00 
 2.97315389e-08  1.16181244e+00 
 2.97335389e-08  1.16370421e+00 
 2.97355389e-08  1.16539629e+00 
 2.97375389e-08  1.16691539e+00 
 2.97395389e-08  1.16828470e+00 
 2.97415389e-08  1.16952436e+00 
 2.97435389e-08  1.17065179e+00 
 2.97455389e-08  1.17168204e+00 
 2.97475389e-08  1.17262810e+00 
 2.97495389e-08  1.17350115e+00 
 2.97515389e-08  1.17431080e+00 
 2.97535389e-08  1.17506528e+00 
 2.97555389e-08  1.17577164e+00 
 2.97575389e-08  1.17643590e+00 
 2.97595389e-08  1.17706321e+00 
 2.97615389e-08  1.17765794e+00 
 2.97635389e-08  1.17822384e+00 
 2.97655389e-08  1.17876410e+00 
 2.97675389e-08  1.17928143e+00 
 2.97695389e-08  1.17977817e+00 
 2.97715389e-08  1.18025631e+00 
 2.97735389e-08  1.18071615e+00 
 2.97755389e-08  1.18115920e+00 
 2.97775389e-08  1.18158803e+00 
 2.97795389e-08  1.18200398e+00 
 2.97815389e-08  1.18240817e+00 
 2.97835389e-08  1.18280144e+00 
 2.97855389e-08  1.18318455e+00 
 2.97875389e-08  1.18355810e+00 
 2.97895389e-08  1.18392266e+00 
 2.97915389e-08  1.18427869e+00 
 2.97935389e-08  1.18462661e+00 
 2.97955389e-08  1.18497046e+00 
 2.97975389e-08  1.18530960e+00 
 2.97995389e-08  1.18564018e+00 
 2.98015389e-08  1.18596276e+00 
 2.98035389e-08  1.18627757e+00 
 2.98055389e-08  1.18658482e+00 
 2.98075389e-08  1.18688454e+00 
 2.98095389e-08  1.18717672e+00 
 2.98115389e-08  1.18746126e+00 
 2.98135389e-08  1.18773801e+00 
 2.98155389e-08  1.18800673e+00 
 2.98175389e-08  1.18826716e+00 
 2.98195389e-08  1.18851899e+00 
 2.98215389e-08  1.18876189e+00 
 2.98235389e-08  1.18899553e+00 
 2.98255389e-08  1.18921963e+00 
 2.98275389e-08  1.18943397e+00 
 2.98295389e-08  1.18963849e+00 
 2.98315389e-08  1.18983331e+00 
 2.98335389e-08  1.19001882e+00 
 2.98355389e-08  1.19019570e+00 
 2.98375389e-08  1.19036493e+00 
 2.98395389e-08  1.19052769e+00 
 2.98415389e-08  1.19068529e+00 
 2.98435389e-08  1.19083900e+00 
 2.98455389e-08  1.19098994e+00 
 2.98475389e-08  1.19113904e+00 
 2.98495389e-08  1.19128696e+00 
 2.98515389e-08  1.19143416e+00 
 2.98535389e-08  1.19158092e+00 
 2.98555389e-08  1.19172737e+00 
 2.98575389e-08  1.19187355e+00 
 2.98595389e-08  1.19201942e+00 
 2.98615389e-08  1.19216492e+00 
 2.98635389e-08  1.19230995e+00 
 2.98655389e-08  1.19245442e+00 
 2.98675389e-08  1.19259825e+00 
 2.98695389e-08  1.19273935e+00 
 2.98715389e-08  1.19287969e+00 
 2.98735389e-08  1.19302182e+00 
 2.98755389e-08  1.19316385e+00 
 2.98775389e-08  1.19330584e+00 
 2.98795389e-08  1.19344811e+00 
 2.98815389e-08  1.19359123e+00 
 2.98835389e-08  1.19373595e+00 
 2.98855389e-08  1.19388314e+00 
 2.98875389e-08  1.19403380e+00 
 2.98895389e-08  1.19418896e+00 
 2.98915389e-08  1.19434963e+00 
 2.98935389e-08  1.19451677e+00 
 2.98955389e-08  1.19469129e+00 
 2.98975389e-08  1.19487399e+00 
 2.98995389e-08  1.19506560e+00 
 2.99015389e-08  1.19526675e+00 
 2.99035389e-08  1.19547801e+00 
 2.99055389e-08  1.19569986e+00 
 2.99075389e-08  1.19593272e+00 
 2.99095389e-08  1.19617695e+00 
 2.99115389e-08  1.19643285e+00 
 2.99135389e-08  1.19670069e+00 
 2.99155389e-08  1.19698072e+00 
 2.99175389e-08  1.19727315e+00 
 2.99195389e-08  1.19757821e+00 
 2.99215389e-08  1.19789613e+00 
 2.99235389e-08  1.19822714e+00 
 2.99255389e-08  1.19857154e+00 
 2.99275389e-08  1.19892965e+00 
 2.99295389e-08  1.19930186e+00 
 2.99315389e-08  1.19968861e+00 
 2.99335389e-08  1.20009040e+00 
 2.99355389e-08  1.20050781e+00 
 2.99375389e-08  1.20094145e+00 
 2.99395389e-08  1.20139200e+00 
 2.99415389e-08  1.20186014e+00 
 2.99435389e-08  1.20234657e+00 
 2.99455389e-08  1.20285195e+00 
 2.99475389e-08  1.20337690e+00 
 2.99495389e-08  1.20392195e+00 
 2.99515389e-08  1.20448752e+00 
 2.99535389e-08  1.20507383e+00 
 2.99555389e-08  1.20568085e+00 
 2.99575389e-08  1.20630811e+00 
 2.99595389e-08  1.20695454e+00 
 2.99615389e-08  1.20761816e+00 
 2.99635389e-08  1.20829597e+00 
 2.99655389e-08  1.20898386e+00 
 2.99675389e-08  1.20967694e+00 
 2.99695389e-08  1.21037010e+00 
 2.99715389e-08  1.21105870e+00 
 2.99735389e-08  1.21173900e+00 
 2.99755389e-08  1.21240849e+00 
 2.99775389e-08  1.21306571e+00 
 2.99795389e-08  1.21371015e+00 
 2.99815389e-08  1.21434189e+00 
 2.99835389e-08  1.21496140e+00 
 2.99855389e-08  1.21556932e+00 
 2.99875389e-08  1.21616635e+00 
 2.99895389e-08  1.21675315e+00 
 2.99915389e-08  1.21733031e+00 
 2.99935389e-08  1.21789828e+00 
 2.99955389e-08  1.21845745e+00 
 2.99975389e-08  1.21900809e+00 
 2.99995389e-08  1.21955038e+00 
 3.00015389e-08  1.22008445e+00 
 3.00035389e-08  1.22061036e+00 
 3.00055389e-08  1.22112812e+00 
 3.00075389e-08  1.22163774e+00 
 3.00095389e-08  1.22213919e+00 
 3.00115389e-08  1.22263242e+00 
 3.00135389e-08  1.22311739e+00 
 3.00155389e-08  1.22359406e+00 
 3.00175389e-08  1.22406237e+00 
 3.00195389e-08  1.22452229e+00 
 3.00215389e-08  1.22497374e+00 
 3.00235389e-08  1.22541667e+00 
 3.00255389e-08  1.22585097e+00 
 3.00275389e-08  1.22627617e+00 
 3.00295389e-08  1.22669236e+00 
 3.00315389e-08  1.22709990e+00 
 3.00335389e-08  1.22749834e+00 
 3.00355389e-08  1.22788710e+00 
 3.00375389e-08  1.22826545e+00 
 3.00395389e-08  1.22863246e+00 
 3.00415389e-08  1.22898701e+00 
 3.00435389e-08  1.22932768e+00 
 3.00455389e-08  1.22965270e+00 
 3.00475389e-08  1.22995835e+00 
 3.00495389e-08  1.23024195e+00 
 3.00515389e-08  1.23050196e+00 
 3.00535389e-08  1.23073488e+00 
 3.00555389e-08  1.23093679e+00 
 3.00575389e-08  1.23110334e+00 
 3.00595389e-08  1.23122984e+00 
 3.00615389e-08  1.23131134e+00 
 3.00635389e-08  1.23134281e+00 
 3.00655389e-08  1.23131917e+00 
 3.00675389e-08  1.23123549e+00 
 3.00695389e-08  1.23108707e+00 
 3.00715389e-08  1.23086946e+00 
 3.00735389e-08  1.23057855e+00 
 3.00755389e-08  1.23021052e+00 
 3.00775389e-08  1.22976181e+00 
 3.00795389e-08  1.22922908e+00 
 3.00815389e-08  1.22860910e+00 
 3.00835389e-08  1.22789874e+00 
 3.00855389e-08  1.22709484e+00 
 3.00875389e-08  1.22619421e+00 
 3.00895389e-08  1.22519354e+00 
 3.00915389e-08  1.22408941e+00 
 3.00935389e-08  1.22287823e+00 
 3.00955389e-08  1.22155624e+00 
 3.00975389e-08  1.22011950e+00 
 3.00995389e-08  1.21856385e+00 
 3.01015389e-08  1.21688496e+00 
 3.01035389e-08  1.21507826e+00 
 3.01055389e-08  1.21313898e+00 
 3.01075389e-08  1.21106210e+00 
 3.01095389e-08  1.20884236e+00 
 3.01115389e-08  1.20647423e+00 
 3.01135389e-08  1.20395187e+00 
 3.01155389e-08  1.20126913e+00 
 3.01175389e-08  1.19841947e+00 
 3.01195389e-08  1.19539599e+00 
 3.01215389e-08  1.19219130e+00 
 3.01235389e-08  1.18879750e+00 
 3.01255389e-08  1.18520602e+00 
 3.01275389e-08  1.18140755e+00 
 3.01295389e-08  1.17739192e+00 
 3.01315389e-08  1.17314793e+00 
 3.01335389e-08  1.16866315e+00 
 3.01355389e-08  1.16392372e+00 
 3.01375389e-08  1.15891403e+00 
 3.01395389e-08  1.15361643e+00 
 3.01415389e-08  1.14801074e+00 
 3.01435389e-08  1.14207382e+00 
 3.01455389e-08  1.13577894e+00 
 3.01475389e-08  1.12909506e+00 
 3.01495389e-08  1.12198597e+00 
 3.01515389e-08  1.11440940e+00 
 3.01535389e-08  1.10631593e+00 
 3.01555389e-08  1.09764801e+00 
 3.01575389e-08  1.08833909e+00 
 3.01595389e-08  1.07831324e+00 
 3.01615389e-08  1.06748572e+00 
 3.01635389e-08  1.05576508e+00 
 3.01655389e-08  1.04305746e+00 
 3.01675389e-08  1.02927351e+00 
 3.01695389e-08  1.01433725e+00 
 3.01715389e-08  9.98195288e-01 
 3.01735389e-08  9.80823243e-01 
 3.01755389e-08  9.62227036e-01 
 3.01775389e-08  9.42438518e-01 
 3.01795389e-08  9.21507576e-01 
 3.01815389e-08  8.99493783e-01 
 3.01835389e-08  8.76459931e-01 
 3.01855389e-08  8.52468069e-01 
 3.01875389e-08  8.27577678e-01 
 3.01895389e-08  8.01888776e-01 
 3.01915389e-08  7.75446232e-01 
 3.01935389e-08  7.48253804e-01 
 3.01955389e-08  7.20341735e-01 
 3.01975389e-08  6.91764417e-01 
 3.01995389e-08  6.62594794e-01 
 3.02015389e-08  6.32879611e-01 
 3.02035389e-08  6.02668576e-01 
 3.02055389e-08  5.72011429e-01 
 3.02075389e-08  5.40962326e-01 
 3.02095389e-08  5.09578922e-01 
 3.02115389e-08  4.77926630e-01 
 3.02135389e-08  4.46080083e-01 
 3.02155389e-08  4.14128759e-01 
 3.02175389e-08  3.82181856e-01 
 3.02195389e-08  3.50376997e-01 
 3.02215389e-08  3.18889156e-01 
 3.02235389e-08  2.87941351e-01 
 3.02255389e-08  2.57811520e-01 
 3.02275389e-08  2.28831643e-01 
 3.02295389e-08  2.01370918e-01 
 3.02315389e-08  1.75800960e-01 
 3.02335389e-08  1.52447420e-01 
 3.02355389e-08  1.31542773e-01 
 3.02375389e-08  1.13195158e-01 
 3.02395389e-08  9.73821376e-02 
 3.02415389e-08  8.39673557e-02 
 3.02435389e-08  7.27318962e-02 
 3.02455389e-08  6.34099562e-02 
 3.02475389e-08  5.57210089e-02 
 3.02495389e-08  4.93505221e-02 
 3.02515389e-08  4.40760019e-02 
 3.02535389e-08  3.97425036e-02 
 3.02555389e-08  3.61542700e-02 
 3.02575389e-08  3.31648000e-02 
 3.02595389e-08  3.06432983e-02 
 3.02615389e-08  2.84764924e-02 
 3.02635389e-08  2.65944144e-02 
 3.02655389e-08  2.49426895e-02 
 3.02675389e-08  2.34791007e-02 
 3.02695389e-08  2.21709953e-02 
 3.02715389e-08  2.09929674e-02 
 3.02735389e-08  1.99252068e-02 
 3.02755389e-08  1.89520682e-02 
 3.02775389e-08  1.80610997e-02 
 3.02795389e-08  1.72422130e-02 
 3.02815389e-08  1.64871484e-02 
 3.02835389e-08  1.57890175e-02 
 3.02855389e-08  1.51420232e-02 
 3.02875389e-08  1.45412113e-02 
 3.02895389e-08  1.39823226e-02 
 3.02915389e-08  1.34616512e-02 
 3.02935389e-08  1.29759581e-02 
 3.02955389e-08  1.25223837e-02 
 3.02975389e-08  1.20983926e-02 
 3.02995389e-08  1.17017150e-02 
 3.03015389e-08  1.13303100e-02 
 3.03035389e-08  1.09823263e-02 
 3.03055389e-08  1.06560765e-02 
 3.03075389e-08  1.03500106e-02 
 3.03095389e-08  1.00626991e-02 
 3.03115389e-08  9.79281498e-03 
 3.03135389e-08  9.53912193e-03 
 3.03155389e-08  9.30046327e-03 
 3.03175389e-08  9.07575403e-03 
 3.03195389e-08  8.86397414e-03 
 3.03215389e-08  8.66416359e-03 
 3.03235389e-08  8.47541854e-03 
 3.03255389e-08  8.29688850e-03 
 3.03275389e-08  8.12777433e-03 
 3.03295389e-08  7.96732646e-03 
 3.03315389e-08  7.81484396e-03 
 3.03335389e-08  7.66967330e-03 
 3.03355389e-08  7.53120806e-03 
 3.03375389e-08  7.39888818e-03 
 3.03395389e-08  7.27220053e-03 
 3.03415389e-08  7.15067955e-03 
 3.03435389e-08  7.03390982e-03 
 3.03455389e-08  6.92152923e-03 
 3.03475389e-08  6.81323442e-03 
 3.03495389e-08  6.70878696e-03 
 3.03515389e-08  6.60802117e-03 
 3.03535389e-08  6.51085084e-03 
 3.03555389e-08  6.41727424e-03 
 3.03575389e-08  6.32737290e-03 
 3.03595389e-08  6.24130208e-03 
 3.03615389e-08  6.15926786e-03 
 3.03635389e-08  6.08149084e-03 
 3.03655389e-08  6.00815817e-03 
 3.03675389e-08  5.93937718e-03 
 3.03695389e-08  5.87515151e-03 
 3.03715389e-08  5.81540435e-03 
 3.03735389e-08  5.76004739e-03 
 3.03755389e-08  5.70905430e-03 
 3.03775389e-08  5.66248041e-03 
 3.03795389e-08  5.62041144e-03 
 3.03815389e-08  5.58287196e-03 
 3.03835389e-08  5.54974155e-03 
 3.03855389e-08  5.52071007e-03 
 3.03875389e-08  5.49528154e-03 
 3.03895389e-08  5.47281629e-03 
 3.03915389e-08  5.45259252e-03 
 3.03935389e-08  5.43386818e-03 
 3.03955389e-08  5.41593100e-03 
 3.03975389e-08  5.39813136e-03 
 3.03995389e-08  5.37989868e-03 
 3.04015389e-08  5.36074438e-03 
 3.04035389e-08  5.34025572e-03 
 3.04055389e-08  5.31808383e-03 
 3.04075389e-08  5.29392842e-03 
 3.04095389e-08  5.26752070e-03 
 3.04115389e-08  5.23860480e-03 
 3.04135389e-08  5.20691792e-03 
 3.04155389e-08  5.17229427e-03 
 3.04175389e-08  5.13440689e-03 
 3.04195389e-08  5.09259874e-03 
 3.04215389e-08  5.04627553e-03 
 3.04235389e-08  4.99487249e-03 
 3.04255389e-08  4.93767258e-03 
 3.04275389e-08  4.87380326e-03 
 3.04295389e-08  4.80231555e-03 
 3.04315389e-08  4.72228506e-03 
 3.04335389e-08  4.63289654e-03 
 3.04355389e-08  4.53356798e-03 
 3.04375389e-08  4.42398224e-03 
 3.04395389e-08  4.30411097e-03 
 3.04415389e-08  4.17414159e-03 
 3.04435389e-08  4.03441135e-03 
 3.04455389e-08  3.88531317e-03 
 3.04475389e-08  3.72724243e-03 
 3.04495389e-08  3.56055733e-03 
 3.04515389e-08  3.38557201e-03 
 3.04535389e-08  3.20256158e-03 
 3.04555389e-08  3.01177505e-03 
 3.04575389e-08  2.81345139e-03 
 3.04595389e-08  2.60782838e-03 
 3.04615389e-08  2.39515274e-03 
 3.04635389e-08  2.17567881e-03 
 3.04655389e-08  1.94967069e-03 
 3.04675389e-08  1.71739374e-03 
 3.04695389e-08  1.47911194e-03 
 3.04715389e-08  1.23507663e-03 
 3.04735389e-08  9.85522354e-04 
 3.04755389e-08  7.30656044e-04 
 3.04775389e-08  4.70653502e-04 
 3.04795389e-08  2.05650737e-04 
 3.04815389e-08 -6.42577281e-05 
 3.04835389e-08 -3.39024336e-04 
 3.04855389e-08 -6.18647071e-04 
 3.04875389e-08 -9.03170075e-04 
 3.04895389e-08 -1.19267711e-03 
 3.04915389e-08 -1.48728468e-03 
 3.04935389e-08 -1.78712614e-03 
 3.04955389e-08 -2.09233205e-03 
 3.04975389e-08 -2.40299906e-03 
 3.04995389e-08 -2.71915199e-03 
 3.05015389e-08 -3.04069443e-03 
 3.05035389e-08 -3.36735572e-03 
 3.05055389e-08 -3.69863750e-03 
 3.05075389e-08 -4.03377582e-03 
 3.05095389e-08 -4.37173127e-03 
 3.05115389e-08 -4.71122482e-03 
 3.05135389e-08 -5.05082226e-03 
 3.05155389e-08 -5.38905976e-03 
 3.05175389e-08 -5.72458177e-03 
 3.05195389e-08 -6.05626013e-03 
 3.05215389e-08 -6.38326626e-03 
 3.05235389e-08 -6.70509008e-03 
 3.05255389e-08 -7.02151312e-03 
 3.05275389e-08 -7.33255632e-03 
 3.05295389e-08 -7.63841917e-03 
 3.05315389e-08 -7.93942452e-03 
 3.05335389e-08 -8.23597334e-03 
 3.05355389e-08 -8.52851195e-03 
 3.05375389e-08 -8.81750851e-03 
 3.05395389e-08 -9.10343782e-03 
 3.05415389e-08 -9.38677086e-03 
 3.05435389e-08 -9.66796885e-03 
 3.05455389e-08 -9.94747924e-03 
 3.05475389e-08 -1.02257344e-02 
 3.05495389e-08 -1.05031514e-02 
 3.05515389e-08 -1.07801326e-02 
 3.05535389e-08 -1.10570671e-02 
 3.05555389e-08 -1.13343310e-02 
 3.05575389e-08 -1.16122855e-02 
 3.05595389e-08 -1.18912738e-02 
 3.05615389e-08 -1.21716112e-02 
 3.05635389e-08 -1.24493693e-02 
 3.05655389e-08 -1.27318150e-02 
 3.05675389e-08 -1.30204488e-02 
 3.05695389e-08 -1.33093780e-02 
 3.05715389e-08 -1.35996716e-02 
 3.05735389e-08 -1.38906860e-02 
 3.05755389e-08 -1.41822949e-02 
 3.05775389e-08 -1.44731346e-02 
 3.05795389e-08 -1.47620375e-02 
 3.05815389e-08 -1.50468513e-02 
 3.05835389e-08 -1.53254205e-02 
 3.05855389e-08 -1.55948518e-02 
 3.05875389e-08 -1.58522284e-02 
 3.05895389e-08 -1.60941786e-02 
 3.05915389e-08 -1.63173916e-02 
 3.05935389e-08 -1.65183529e-02 
 3.05955389e-08 -1.66936846e-02 
 3.05975389e-08 -1.68399545e-02 
 3.05995389e-08 -1.69538750e-02 
 3.06015389e-08 -1.70321470e-02 
 3.06035389e-08 -1.70715616e-02 
 3.06055389e-08 -1.70688709e-02 
 3.06075389e-08 -1.70208312e-02 
 3.06095389e-08 -1.69240998e-02 
 3.06115389e-08 -1.67752467e-02 
 3.06135389e-08 -1.65706729e-02 
 3.06155389e-08 -1.63066052e-02 
 3.06175389e-08 -1.59790306e-02 
 3.06195389e-08 -1.55836802e-02 
 3.06215389e-08 -1.51159731e-02 
 3.06235389e-08 -1.45709920e-02 
 3.06255389e-08 -1.39434301e-02 
 3.06275389e-08 -1.32275574e-02 
 3.06295389e-08 -1.24171664e-02 
 3.06315389e-08 -1.15055266e-02 
 3.06335389e-08 -1.04853231e-02 
 3.06355389e-08 -9.34859681e-03 
 3.06375389e-08 -8.08666959e-03 
 3.06395389e-08 -6.69006455e-03 
 3.06415389e-08 -5.14841030e-03 
 3.06435389e-08 -3.45033246e-03 
 3.06455389e-08 -1.58332551e-03 
 3.06475389e-08  4.66397086e-04 
 3.06495389e-08  2.71409909e-03 
 3.06515389e-08  5.17679517e-03 
 3.06535389e-08  7.87353030e-03 
 3.06555389e-08  1.08257374e-02 
 3.06575389e-08  1.40576978e-02 
 3.06595389e-08  1.75971103e-02 
 3.06615389e-08  2.14758066e-02 
 3.06635389e-08  2.57306393e-02 
 3.06655389e-08  3.04045784e-02 
 3.06675389e-08  3.55480407e-02 
 3.06695389e-08  4.12204523e-02 
 3.06715389e-08  4.74919891e-02 
 3.06735389e-08  5.44453143e-02 
 3.06755389e-08  6.21769210e-02 
 3.06775389e-08  7.07973181e-02 
 3.06795389e-08  8.04288444e-02 
 3.06815389e-08  9.11995321e-02 
 3.06835389e-08  1.03231855e-01 
 3.06855389e-08  1.16627202e-01 
 3.06875389e-08  1.31450530e-01 
 3.06895389e-08  1.47575715e-01 
 3.06915389e-08  1.65113284e-01 
 3.06935389e-08  1.84177348e-01 
 3.06955389e-08  2.04559717e-01 
 3.06975389e-08  2.26187931e-01 
 3.06995389e-08  2.48999766e-01 
 3.07015389e-08  2.72930120e-01 
 3.07035389e-08  2.97923120e-01 
 3.07055389e-08  3.23921980e-01 
 3.07075389e-08  3.50875702e-01 
 3.07095389e-08  3.78732082e-01 
 3.07115389e-08  4.07441535e-01 
 3.07135389e-08  4.36952142e-01 
 3.07155389e-08  4.67211495e-01 
 3.07175389e-08  4.98162761e-01 
 3.07195389e-08  5.29744870e-01 
 3.07215389e-08  5.61888711e-01 
 3.07235389e-08  5.94515540e-01 
 3.07255389e-08  6.27532377e-01 
 3.07275389e-08  6.60828244e-01 
 3.07295389e-08  6.94268170e-01 
 3.07315389e-08  7.27687852e-01 
 3.07335389e-08  7.60888329e-01 
 3.07355389e-08  7.93634327e-01 
 3.07375389e-08  8.25658321e-01 
 3.07395389e-08  8.56673778e-01 
 3.07415389e-08  8.86397161e-01 
 3.07435389e-08  9.14574700e-01 
 3.07455389e-08  9.41006105e-01 
 3.07475389e-08  9.65558334e-01 
 3.07495389e-08  9.88167151e-01 
 3.07515389e-08  1.00882909e+00 
 3.07535389e-08  1.02758881e+00 
 3.07555389e-08  1.04452584e+00 
 3.07575389e-08  1.05974313e+00 
 3.07595389e-08  1.07335788e+00 
 3.07615389e-08  1.08549469e+00 
 3.07635389e-08  1.09628040e+00 
 3.07655389e-08  1.10584031e+00 
 3.07675389e-08  1.11429546e+00 
 3.07695389e-08  1.12176074e+00 
 3.07715389e-08  1.12834363e+00 
 3.07735389e-08  1.13414355e+00 
 3.07755389e-08  1.13925147e+00 
 3.07775389e-08  1.14374997e+00 
 3.07795389e-08  1.14771343e+00 
 3.07815389e-08  1.15120848e+00 
 3.07835389e-08  1.15429437e+00 
 3.07855389e-08  1.15702365e+00 
 3.07875389e-08  1.15944263e+00 
 3.07895389e-08  1.16159200e+00 
 3.07915389e-08  1.16350741e+00 
 3.07935389e-08  1.16521998e+00 
 3.07955389e-08  1.16675682e+00 
 3.07975389e-08  1.16814150e+00 
 3.07995389e-08  1.16939446e+00 
 3.08015389e-08  1.17053339e+00 
 3.08035389e-08  1.17157361e+00 
 3.08055389e-08  1.17252831e+00 
 3.08075389e-08  1.17340886e+00 
 3.08095389e-08  1.17422502e+00 
 3.08115389e-08  1.17498517e+00 
 3.08135389e-08  1.17569649e+00 
 3.08155389e-08  1.17636509e+00 
 3.08175389e-08  1.17699622e+00 
 3.08195389e-08  1.17759433e+00 
 3.08215389e-08  1.17816322e+00 
 3.08235389e-08  1.17870614e+00 
 3.08255389e-08  1.17922586e+00 
 3.08275389e-08  1.17972475e+00 
 3.08295389e-08  1.18020484e+00 
 3.08315389e-08  1.18066646e+00 
 3.08335389e-08  1.18111117e+00 
 3.08355389e-08  1.18154150e+00 
 3.08375389e-08  1.18195883e+00 
 3.08395389e-08  1.18236431e+00 
 3.08415389e-08  1.18275877e+00 
 3.08435389e-08  1.18314299e+00 
 3.08455389e-08  1.18351758e+00 
 3.08475389e-08  1.18388312e+00 
 3.08495389e-08  1.18424008e+00 
 3.08515389e-08  1.18458888e+00 
 3.08535389e-08  1.18493356e+00 
 3.08555389e-08  1.18527348e+00 
 3.08575389e-08  1.18560483e+00 
 3.08595389e-08  1.18592818e+00 
 3.08615389e-08  1.18624375e+00 
 3.08635389e-08  1.18655178e+00 
 3.08655389e-08  1.18685227e+00 
 3.08675389e-08  1.18714525e+00 
 3.08695389e-08  1.18743060e+00 
 3.08715389e-08  1.18770818e+00 
 3.08735389e-08  1.18797777e+00 
 3.08755389e-08  1.18823911e+00 
 3.08775389e-08  1.18849188e+00 
 3.08795389e-08  1.18873576e+00 
 3.08815389e-08  1.18897042e+00 
 3.08835389e-08  1.18919557e+00 
 3.08855389e-08  1.18941098e+00 
 3.08875389e-08  1.18961656e+00 
 3.08895389e-08  1.18981242e+00 
 3.08915389e-08  1.18999892e+00 
 3.08935389e-08  1.19017670e+00 
 3.08955389e-08  1.19034671e+00 
 3.08975389e-08  1.19051012e+00 
 3.08995389e-08  1.19066822e+00 
 3.09015389e-08  1.19082230e+00 
 3.09035389e-08  1.19097350e+00 
 3.09055389e-08  1.19112276e+00 
 3.09075389e-08  1.19127078e+00 
 3.09095389e-08  1.19141805e+00 
 3.09115389e-08  1.19156485e+00 
 3.09135389e-08  1.19171133e+00 
 3.09155389e-08  1.19185754e+00 
 3.09175389e-08  1.19200345e+00 
 3.09195389e-08  1.19214900e+00 
 3.09215389e-08  1.19229408e+00 
 3.09235389e-08  1.19243862e+00 
 3.09255389e-08  1.19258253e+00 
 3.09275389e-08  1.19272367e+00 
 3.09295389e-08  1.19286235e+00 
 3.09315389e-08  1.19300248e+00 
 3.09335389e-08  1.19314452e+00 
 3.09355389e-08  1.19328700e+00 
 3.09375389e-08  1.19342987e+00 
 3.09395389e-08  1.19357353e+00 
 3.09415389e-08  1.19371863e+00 
 3.09435389e-08  1.19386604e+00 
 3.09455389e-08  1.19401673e+00 
 3.09475389e-08  1.19417171e+00 
 3.09495389e-08  1.19433203e+00 
 3.09515389e-08  1.19449866e+00 
 3.09535389e-08  1.19467252e+00 
 3.09555389e-08  1.19485443e+00 
 3.09575389e-08  1.19504514e+00 
 3.09595389e-08  1.19524530e+00 
 3.09615389e-08  1.19545549e+00 
 3.09635389e-08  1.19567619e+00 
 3.09655389e-08  1.19590784e+00 
 3.09675389e-08  1.19615081e+00 
 3.09695389e-08  1.19640541e+00 
 3.09715389e-08  1.19667192e+00 
 3.09735389e-08  1.19695058e+00 
 3.09755389e-08  1.19724162e+00 
 3.09775389e-08  1.19754526e+00 
 3.09795389e-08  1.19786172e+00 
 3.09815389e-08  1.19819126e+00 
 3.09835389e-08  1.19853414e+00 
 3.09855389e-08  1.19889070e+00 
 3.09875389e-08  1.19926132e+00 
 3.09895389e-08  1.19964642e+00 
 3.09915389e-08  1.20004651e+00 
 3.09935389e-08  1.20046215e+00 
 3.09955389e-08  1.20089396e+00 
 3.09975389e-08  1.20134260e+00 
 3.09995389e-08  1.20180876e+00 
 3.10015389e-08  1.20229314e+00 
 3.10035389e-08  1.20279639e+00 
 3.10055389e-08  1.20331916e+00 
 3.10075389e-08  1.20386198e+00 
 3.10095389e-08  1.20442528e+00 
 3.10115389e-08  1.20500932e+00 
 3.10135389e-08  1.20561408e+00 
 3.10155389e-08  1.20623917e+00 
 3.10175389e-08  1.20688357e+00 
 3.10195389e-08  1.20754544e+00 
 3.10215389e-08  1.20822188e+00 
 3.10235389e-08  1.20890889e+00 
 3.10255389e-08  1.20960164e+00 
 3.10275389e-08  1.21029503e+00 
 3.10295389e-08  1.21098432e+00 
 3.10315389e-08  1.21166566e+00 
 3.10335389e-08  1.21233641e+00 
 3.10355389e-08  1.21299500e+00 
 3.10375389e-08  1.21364083e+00 
 3.10395389e-08  1.21427393e+00 
 3.10415389e-08  1.21489473e+00 
 3.10435389e-08  1.21550387e+00 
 3.10455389e-08  1.21610205e+00 
 3.10475389e-08  1.21668993e+00 
 3.10495389e-08  1.21726810e+00 
 3.10515389e-08  1.21783705e+00 
 3.10535389e-08  1.21839716e+00 
 3.10555389e-08  1.21894871e+00 
 3.10575389e-08  1.21949190e+00 
 3.10595389e-08  1.22002686e+00 
 3.10615389e-08  1.22055365e+00 
 3.10635389e-08  1.22107230e+00 
 3.10655389e-08  1.22158281e+00 
 3.10675389e-08  1.22208514e+00 
 3.10695389e-08  1.22257926e+00 
 3.10715389e-08  1.22306513e+00 
 3.10735389e-08  1.22354270e+00 
 3.10755389e-08  1.22401193e+00 
 3.10775389e-08  1.22447276e+00 
 3.10795389e-08  1.22492514e+00 
 3.10815389e-08  1.22536900e+00 
 3.10835389e-08  1.22580425e+00 
 3.10855389e-08  1.22623039e+00 
 3.10875389e-08  1.22664754e+00 
 3.10895389e-08  1.22705609e+00 
 3.10915389e-08  1.22745558e+00 
 3.10935389e-08  1.22784545e+00 
 3.10955389e-08  1.22822498e+00 
 3.10975389e-08  1.22859329e+00 
 3.10995389e-08  1.22894927e+00 
 3.11015389e-08  1.22929152e+00 
 3.11035389e-08  1.22961834e+00 
 3.11055389e-08  1.22992607e+00 
 3.11075389e-08  1.23021209e+00 
 3.11095389e-08  1.23047485e+00 
 3.11115389e-08  1.23071093e+00 
 3.11135389e-08  1.23091644e+00 
 3.11155389e-08  1.23108706e+00 
 3.11175389e-08  1.23121816e+00 
 3.11195389e-08  1.23130481e+00 
 3.11215389e-08  1.23134196e+00 
 3.11235389e-08  1.23132455e+00 
 3.11255389e-08  1.23124763e+00 
 3.11275389e-08  1.23110646e+00 
 3.11295389e-08  1.23089657e+00 
 3.11315389e-08  1.23061381e+00 
 3.11335389e-08  1.23025432e+00 
 3.11355389e-08  1.22981454e+00 
 3.11375389e-08  1.22929108e+00 
 3.11395389e-08  1.22868072e+00 
 3.11415389e-08  1.22798032e+00 
 3.11435389e-08  1.22718672e+00 
 3.11455389e-08  1.22629674e+00 
 3.11475389e-08  1.22530709e+00 
 3.11495389e-08  1.22421435e+00 
 3.11515389e-08  1.22301496e+00 
 3.11535389e-08  1.22170518e+00 
 3.11555389e-08  1.22028108e+00 
 3.11575389e-08  1.21873854e+00 
 3.11595389e-08  1.21707323e+00 
 3.11615389e-08  1.21528062e+00 
 3.11635389e-08  1.21335595e+00 
 3.11655389e-08  1.21129425e+00 
 3.11675389e-08  1.20909027e+00 
 3.11695389e-08  1.20673850e+00 
 3.11715389e-08  1.20423316e+00 
 3.11735389e-08  1.20156812e+00 
 3.11755389e-08  1.19873689e+00 
 3.11775389e-08  1.19573260e+00 
 3.11795389e-08  1.19254794e+00 
 3.11815389e-08  1.18917505e+00 
 3.11835389e-08  1.18560544e+00 
 3.11855389e-08  1.18182989e+00 
 3.11875389e-08  1.17783833e+00 
 3.11895389e-08  1.17361968e+00 
 3.11915389e-08  1.16916165e+00 
 3.11935389e-08  1.16445055e+00 
 3.11955389e-08  1.15947099e+00 
 3.11975389e-08  1.15420553e+00 
 3.11995389e-08  1.14863430e+00 
 3.12015389e-08  1.14273453e+00 
 3.12035389e-08  1.13647988e+00 
 3.12055389e-08  1.12983983e+00 
 3.12075389e-08  1.12277877e+00 
 3.12095389e-08  1.11525514e+00 
 3.12115389e-08  1.10722035e+00 
 3.12135389e-08  1.09861778e+00 
 3.12155389e-08  1.08938186e+00 
 3.12175389e-08  1.07943770e+00 
 3.12195389e-08  1.06870144e+00 
 3.12215389e-08  1.05708218e+00 
 3.12235389e-08  1.04448606e+00 
 3.12255389e-08  1.03082280e+00 
 3.12275389e-08  1.01601455e+00 
 3.12295389e-08  1.00000505e+00 
 3.12315389e-08  9.82766621e-01 
 3.12335389e-08  9.64302012e-01 
 3.12355389e-08  9.44640612e-01 
 3.12375389e-08  9.23830768e-01 
 3.12395389e-08  9.01931363e-01 
 3.12415389e-08  8.79005075e-01 
 3.12435389e-08  8.55114153e-01 
 3.12455389e-08  8.30318399e-01 
 3.12475389e-08  8.04674556e-01 
 3.12495389e-08  7.78272308e-01 
 3.12515389e-08  7.51155832e-01 
 3.12535389e-08  7.23336077e-01 
 3.12555389e-08  6.94845920e-01 
 3.12575389e-08  6.65738338e-01 
 3.12595389e-08  6.36081097e-01 
 3.12615389e-08  6.05921679e-01 
 3.12635389e-08  5.75311356e-01 
 3.12655389e-08  5.44302492e-01 
 3.12675389e-08  5.12953283e-01 
 3.12695389e-08  4.81327367e-01 
 3.12715389e-08  4.49498856e-01 
 3.12735389e-08  4.17554854e-01 
 3.12755389e-08  3.85602521e-01 
 3.12775389e-08  3.53775648e-01 
 3.12795389e-08  3.22244973e-01 
 3.12815389e-08  2.91227685e-01 
 3.12835389e-08  2.60995843e-01 
 3.12855389e-08  2.31875939e-01 
 3.12875389e-08  2.04234635e-01 
 3.12895389e-08  1.78445349e-01 
 3.12915389e-08  1.54841159e-01 
 3.12935389e-08  1.33666364e-01 
 3.12955389e-08  1.15043266e-01 
 3.12975389e-08  9.89629749e-02 
 3.12995389e-08  8.53000836e-02 
 3.13015389e-08  7.38428237e-02 
 3.13035389e-08  6.43288102e-02 
 3.13055389e-08  5.64777792e-02 
 3.13075389e-08  4.99716738e-02 
 3.13095389e-08  4.45857175e-02 
 3.13115389e-08  4.01635595e-02 
 3.13135389e-08  3.65052143e-02 
 3.13155389e-08  3.34607794e-02 
 3.13175389e-08  3.08960672e-02 
 3.13195389e-08  2.86947057e-02 
 3.13215389e-08  2.67848227e-02 
 3.13235389e-08  2.51105268e-02 
 3.13255389e-08  2.36284177e-02 
 3.13275389e-08  2.23049286e-02 
 3.13295389e-08  2.11139569e-02 
 3.13315389e-08  2.00351637e-02 
 3.13335389e-08  1.90525056e-02 
 3.13355389e-08  1.81532312e-02 
 3.13375389e-08  1.73270256e-02 
 3.13395389e-08  1.65654577e-02 
 3.13415389e-08  1.58615058e-02 
 3.13435389e-08  1.52092695e-02 
 3.13455389e-08  1.46037114e-02 
 3.13475389e-08  1.40405056e-02 
 3.13495389e-08  1.35158906e-02 
 3.13515389e-08  1.30265826e-02 
 3.13535389e-08  1.25696835e-02 
 3.13555389e-08  1.21426266e-02 
 3.13575389e-08  1.17431149e-02 
 3.13595389e-08  1.13690857e-02 
 3.13615389e-08  1.10186679e-02 
 3.13635389e-08  1.06901585e-02 
 3.13655389e-08  1.03819931e-02 
 3.13675389e-08  1.00927308e-02 
 3.13695389e-08  9.82103352e-03 
 3.13715389e-08  9.56565648e-03 
 3.13735389e-08  9.32543425e-03 
 3.13755389e-08  9.09927509e-03 
 3.13775389e-08  8.88615169e-03 
 3.13795389e-08  8.68509832e-03 
 3.13815389e-08  8.49520476e-03 
 3.13835389e-08  8.31561539e-03 
 3.13855389e-08  8.14552517e-03 
 3.13875389e-08  7.98417972e-03 
 3.13895389e-08  7.83087249e-03 
 3.13915389e-08  7.68494534e-03 
 3.13935389e-08  7.54578638e-03 
 3.13955389e-08  7.41283095e-03 
 3.13975389e-08  7.28556049e-03 
 3.13995389e-08  7.16350457e-03 
 3.14015389e-08  7.04624191e-03 
 3.14035389e-08  6.93340474e-03 
 3.14055389e-08  6.82468276e-03 
 3.14075389e-08  6.71983050e-03 
 3.14095389e-08  6.61867377e-03 
 3.14115389e-08  6.52111777e-03 
 3.14135389e-08  6.42715130e-03 
 3.14155389e-08  6.33684746e-03 
 3.14175389e-08  6.25035412e-03 
 3.14195389e-08  6.16787369e-03 
 3.14215389e-08  6.08962715e-03 
 3.14235389e-08  6.01580796e-03 
 3.14255389e-08  5.94653367e-03 
 3.14275389e-08  5.88181927e-03 
 3.14295389e-08  5.82159371e-03 
 3.14315389e-08  5.76576617e-03 
 3.14335389e-08  5.71430110e-03 
 3.14355389e-08  5.66724651e-03 
 3.14375389e-08  5.62468873e-03 
 3.14395389e-08  5.58666364e-03 
 3.14415389e-08  5.55306933e-03 
 3.14435389e-08  5.52361699e-03 
 3.14455389e-08  5.49782910e-03 
 3.14475389e-08  5.47507889e-03 
 3.14495389e-08  5.45465018e-03 
 3.14515389e-08  5.43580055e-03 
 3.14535389e-08  5.41781248e-03 
 3.14555389e-08  5.40002864e-03 
 3.14575389e-08  5.38186942e-03 
 3.14595389e-08  5.36283764e-03 
 3.14615389e-08  5.34251277e-03 
 3.14635389e-08  5.32053980e-03 
 3.14655389e-08  5.29661392e-03 
 3.14675389e-08  5.27046386e-03 
 3.14695389e-08  5.24183324e-03 
 3.14715389e-08  5.21046109e-03 
 3.14735389e-08  5.17618178e-03 
 3.14755389e-08  5.13885338e-03 
 3.14775389e-08  5.09778312e-03 
 3.14795389e-08  5.05210846e-03 
 3.14815389e-08  5.00127866e-03 
 3.14835389e-08  4.94467250e-03 
 3.14855389e-08  4.88148608e-03 
 3.14875389e-08  4.81078887e-03 
 3.14895389e-08  4.73165230e-03 
 3.14915389e-08  4.64324866e-03 
 3.14935389e-08  4.54496135e-03 
 3.14955389e-08  4.43644679e-03 
 3.14975389e-08  4.31764169e-03 
 3.14995389e-08  4.18871624e-03 
 3.15015389e-08  4.04999197e-03 
 3.15035389e-08  3.90186054e-03 
 3.15055389e-08  3.74471719e-03 
 3.15075389e-08  3.57892538e-03 
 3.15095389e-08  3.40480312e-03 
 3.15115389e-08  3.22262897e-03 
 3.15135389e-08  3.03265401e-03 
 3.15155389e-08  2.83511713e-03 
 3.15175389e-08  2.63025625e-03 
 3.15195389e-08  2.41831622e-03 
 3.15215389e-08  2.19955121e-03 
 3.15235389e-08  1.97422368e-03 
 3.15255389e-08  1.74259982e-03 
 3.15275389e-08  1.50494335e-03 
 3.15295389e-08  1.26150800e-03 
 3.15315389e-08  1.01252979e-03 
 3.15335389e-08  7.58219557e-04 
 3.15355389e-08  4.98756125e-04 
 3.15375389e-08  2.34280515e-04 
 3.15395389e-08 -3.51086426e-05 
 3.15415389e-08 -3.09358242e-04 
 3.15435389e-08 -5.88461848e-04 
 3.15455389e-08 -8.72458454e-04 
 3.15475389e-08 -1.16142828e-03 
 3.15495389e-08 -1.45548459e-03 
 3.15515389e-08 -1.75476012e-03 
 3.15535389e-08 -2.05938676e-03 
 3.15555389e-08 -2.36946676e-03 
 3.15575389e-08 -2.68503461e-03 
 3.15595389e-08 -3.00600963e-03 
 3.15615389e-08 -3.33214234e-03 
 3.15635389e-08 -3.66296116e-03 
 3.15655389e-08 -3.99773159e-03 
 3.15675389e-08 -4.33544306e-03 
 3.15695389e-08 -4.67483890e-03 
 3.15715389e-08 -5.01449618e-03 
 3.15735389e-08 -5.35294747e-03 
 3.15755389e-08 -5.68881939e-03 
 3.15775389e-08 -6.02095492e-03 
 3.15795389e-08 -6.34849159e-03 
 3.15815389e-08 -6.67088576e-03 
 3.15835389e-08 -6.98788999e-03 
 3.15855389e-08 -7.29950241e-03 
 3.15875389e-08 -7.60590624e-03 
 3.15895389e-08 -7.90741343e-03 
 3.15915389e-08 -8.20441844e-03 
 3.15935389e-08 -8.49736394e-03 
 3.15955389e-08 -8.78671667e-03 
 3.15975389e-08 -9.07295123e-03 
 3.15995389e-08 -9.35653944e-03 
 3.16015389e-08 -9.63794372e-03 
 3.16035389e-08 -9.91761316e-03 
 3.16055389e-08 -1.01959818e-02 
 3.16075389e-08 -1.04734681e-02 
 3.16095389e-08 -1.07504763e-02 
 3.16115389e-08 -1.10273967e-02 
 3.16135389e-08 -1.13046066e-02 
 3.16155389e-08 -1.15824695e-02 
 3.16175389e-08 -1.18613302e-02 
 3.16195389e-08 -1.21415081e-02 
 3.16215389e-08 -1.24191095e-02 
 3.16235389e-08 -1.27013524e-02 
 3.16255389e-08 -1.29897541e-02 
 3.16275389e-08 -1.32784701e-02 
 3.16295389e-08 -1.35685818e-02 
 3.16315389e-08 -1.38594802e-02 
 3.16335389e-08 -1.41510673e-02 
 3.16355389e-08 -1.44420257e-02 
 3.16375389e-08 -1.47312283e-02 
 3.16395389e-08 -1.50165727e-02 
 3.16415389e-08 -1.52959443e-02 
 3.16435389e-08 -1.55664897e-02 
 3.16455389e-08 -1.58253187e-02 
 3.16475389e-08 -1.60690806e-02 
 3.16495389e-08 -1.62944728e-02 
 3.16515389e-08 -1.64979838e-02 
 3.16535389e-08 -1.66762313e-02 
 3.16555389e-08 -1.68257779e-02 
 3.16575389e-08 -1.69433284e-02 
 3.16595389e-08 -1.70255792e-02 
 3.16615389e-08 -1.70693184e-02 
 3.16635389e-08 -1.70712996e-02 
 3.16655389e-08 -1.70282840e-02 
 3.16675389e-08 -1.69369385e-02 
 3.16695389e-08 -1.67938469e-02 
 3.16715389e-08 -1.65954281e-02 
 3.16735389e-08 -1.63379311e-02 
 3.16755389e-08 -1.60173692e-02 
 3.16775389e-08 -1.56295036e-02 
 3.16795389e-08 -1.51697883e-02 
 3.16815389e-08 -1.46333443e-02 
 3.16835389e-08 -1.40149083e-02 
 3.16855389e-08 -1.33087981e-02 
 3.16875389e-08 -1.25088598e-02 
 3.16895389e-08 -1.16084216e-02 
 3.16915389e-08 -1.06002341e-02 
 3.16935389e-08 -9.47641062e-03 
 3.16955389e-08 -8.22835402e-03 
 3.16975389e-08 -6.84667725e-03 
 3.16995389e-08 -5.32110996e-03 
 3.17015389e-08 -3.64039098e-03 
 3.17035389e-08 -1.79214307e-03 
 3.17055389e-08  2.37275085e-04 
 3.17075389e-08  2.46295599e-03 
 3.17095389e-08  4.90171387e-03 
 3.17115389e-08  7.57236035e-03 
 3.17135389e-08  1.04960520e-02 
 3.17155389e-08  1.36967394e-02 
 3.17175389e-08  1.72017235e-02 
 3.17195389e-08  2.10423531e-02 
 3.17215389e-08  2.52548938e-02 
 3.17235389e-08  2.98815997e-02 
 3.17255389e-08  3.49720179e-02 
 3.17275389e-08  4.05845268e-02 
 3.17295389e-08  4.67880635e-02 
 3.17315389e-08  5.36638753e-02 
 3.17335389e-08  6.13069338e-02 
 3.17355389e-08  6.98262944e-02 
 3.17375389e-08  7.93432376e-02 
 3.17395389e-08  8.99856295e-02 
 3.17415389e-08  1.01877232e-01 
 3.17435389e-08  1.15122489e-01 
 3.17455389e-08  1.29790842e-01 
 3.17475389e-08  1.45907486e-01 
 3.17495389e-08  1.63455556e-01 
 3.17515389e-08  1.82387965e-01 
 3.17535389e-08  2.02641878e-01 
 3.17555389e-08  2.24149795e-01 
 3.17575389e-08  2.46845611e-01 
 3.17595389e-08  2.70666892e-01 
 3.17615389e-08  2.95555137e-01 
 3.17635389e-08  3.21455197e-01 
 3.17655389e-08  3.48314427e-01 
 3.17675389e-08  3.76081740e-01 
 3.17695389e-08  4.04706615e-01 
 3.17715389e-08  4.34138019e-01 
 3.17735389e-08  4.64323184e-01 
 3.17755389e-08  4.95206163e-01 
 3.17775389e-08  5.26726086e-01 
 3.17795389e-08  5.58814975e-01 
 3.17815389e-08  5.91394974e-01 
 3.17835389e-08  6.24374810e-01 
 3.17855389e-08  6.57645353e-01 
 3.17875389e-08  6.91074288e-01 
 3.17895389e-08  7.24500328e-01 
 3.17915389e-08  7.57728068e-01 
 3.17935389e-08  7.90525657e-01 
 3.17955389e-08  8.22628310e-01 
 3.17975389e-08  8.53750513e-01 
 3.17995389e-08  8.83607338e-01 
 3.18015389e-08  9.11941035e-01 
 3.18035389e-08  9.38545387e-01 
 3.18055389e-08  9.63280629e-01 
 3.18075389e-08  9.86076114e-01 
 3.18095389e-08  1.00692303e+00 
 3.18115389e-08  1.02586195e+00 
 3.18135389e-08  1.04296956e+00 
 3.18155389e-08  1.05834694e+00 
 3.18175389e-08  1.07211026e+00 
 3.18195389e-08  1.08438360e+00 
 3.18215389e-08  1.09529376e+00 
 3.18235389e-08  1.10496629e+00 
 3.18255389e-08  1.11352271e+00 
 3.18275389e-08  1.12107856e+00 
 3.18295389e-08  1.12774207e+00 
 3.18315389e-08  1.13361342e+00 
 3.18335389e-08  1.13878439e+00 
 3.18355389e-08  1.14333837e+00 
 3.18375389e-08  1.14735050e+00 
 3.18395389e-08  1.15088813e+00 
 3.18415389e-08  1.15401120e+00 
 3.18435389e-08  1.15677287e+00 
 3.18455389e-08  1.15922003e+00 
 3.18475389e-08  1.16139388e+00 
 3.18495389e-08  1.16333053e+00 
 3.18515389e-08  1.16506152e+00 
 3.18535389e-08  1.16661432e+00 
 3.18555389e-08  1.16801282e+00 
 3.18575389e-08  1.16927774e+00 
 3.18595389e-08  1.17042704e+00 
 3.18615389e-08  1.17147624e+00 
 3.18635389e-08  1.17243872e+00 
 3.18655389e-08  1.17332601e+00 
 3.18675389e-08  1.17414804e+00 
 3.18695389e-08  1.17491331e+00 
 3.18715389e-08  1.17562908e+00 
 3.18735389e-08  1.17630159e+00 
 3.18755389e-08  1.17693615e+00 
 3.18775389e-08  1.17753728e+00 
 3.18795389e-08  1.17810886e+00 
 3.18815389e-08  1.17865417e+00 
 3.18835389e-08  1.17917603e+00 
 3.18855389e-08  1.17967685e+00 
 3.18875389e-08  1.18015868e+00 
 3.18895389e-08  1.18062191e+00 
 3.18915389e-08  1.18106809e+00 
 3.18935389e-08  1.18149977e+00 
 3.18955389e-08  1.18191834e+00 
 3.18975389e-08  1.18232496e+00 
 3.18995389e-08  1.18272047e+00 
 3.19015389e-08  1.18310568e+00 
 3.19035389e-08  1.18348119e+00 
 3.19055389e-08  1.18384761e+00 
 3.19075389e-08  1.18420540e+00 
 3.19095389e-08  1.18455499e+00 
 3.19115389e-08  1.18490039e+00 
 3.19135389e-08  1.18524100e+00 
 3.19155389e-08  1.18557304e+00 
 3.19175389e-08  1.18589707e+00 
 3.19195389e-08  1.18621333e+00 
 3.19215389e-08  1.18652203e+00 
 3.19235389e-08  1.18682321e+00 
 3.19255389e-08  1.18711689e+00 
 3.19275389e-08  1.18740296e+00 
 3.19295389e-08  1.18768130e+00 
 3.19315389e-08  1.18795166e+00 
 3.19335389e-08  1.18821381e+00 
 3.19355389e-08  1.18846742e+00 
 3.19375389e-08  1.18871219e+00 
 3.19395389e-08  1.18894776e+00 
 3.19415389e-08  1.18917384e+00 
 3.19435389e-08  1.18939021e+00 
 3.19455389e-08  1.18959676e+00 
 3.19475389e-08  1.18979357e+00 
 3.19495389e-08  1.18998097e+00 
 3.19515389e-08  1.19015957e+00 
 3.19535389e-08  1.19033029e+00 
 3.19555389e-08  1.19049429e+00 
 3.19575389e-08  1.19065285e+00 
 3.19595389e-08  1.19080726e+00 
 3.19615389e-08  1.19095870e+00 
 3.19635389e-08  1.19110810e+00 
 3.19655389e-08  1.19125622e+00 
 3.19675389e-08  1.19140354e+00 
 3.19695389e-08  1.19155037e+00 
 3.19715389e-08  1.19169687e+00 
 3.19735389e-08  1.19184311e+00 
 3.19755389e-08  1.19198904e+00 
 3.19775389e-08  1.19213462e+00 
 3.19795389e-08  1.19227975e+00 
 3.19815389e-08  1.19242434e+00 
 3.19835389e-08  1.19256831e+00 
 3.19855389e-08  1.19270949e+00 
 3.19875389e-08  1.19284819e+00 
 3.19895389e-08  1.19298840e+00 
 3.19915389e-08  1.19313052e+00 
 3.19935389e-08  1.19327301e+00 
 3.19955389e-08  1.19341583e+00 
 3.19975389e-08  1.19355937e+00 
 3.19995389e-08  1.19370426e+00 
 3.20015389e-08  1.19385137e+00 
 3.20035389e-08  1.19400166e+00 
 3.20055389e-08  1.19415615e+00 
 3.20075389e-08  1.19431587e+00 
 3.20095389e-08  1.19448181e+00 
 3.20115389e-08  1.19465489e+00 
 3.20135389e-08  1.19483595e+00 
 3.20155389e-08  1.19502574e+00 
 3.20175389e-08  1.19522492e+00 
 3.20195389e-08  1.19543407e+00 
 3.20215389e-08  1.19565370e+00 
 3.20235389e-08  1.19588423e+00 
 3.20255389e-08  1.19612605e+00 
 3.20275389e-08  1.19637947e+00 
 3.20295389e-08  1.19664477e+00 
 3.20315389e-08  1.19692221e+00 
 3.20335389e-08  1.19721200e+00 
 3.20355389e-08  1.19751437e+00 
 3.20375389e-08  1.19782954e+00 
 3.20395389e-08  1.19815775e+00 
 3.20415389e-08  1.19849929e+00 
 3.20435389e-08  1.19885447e+00 
 3.20455389e-08  1.19922366e+00 
 3.20475389e-08  1.19960729e+00 
 3.20495389e-08  1.20000585e+00 
 3.20515389e-08  1.20041991e+00 
 3.20535389e-08  1.20085008e+00 
 3.20555389e-08  1.20129701e+00 
 3.20575389e-08  1.20176138e+00 
 3.20595389e-08  1.20224391e+00 
 3.20615389e-08  1.20274525e+00 
 3.20635389e-08  1.20326604e+00 
 3.20655389e-08  1.20380683e+00 
 3.20675389e-08  1.20436807e+00 
 3.20695389e-08  1.20495003e+00 
 3.20715389e-08  1.20555273e+00 
 3.20735389e-08  1.20617581e+00 
 3.20755389e-08  1.20681835e+00 
 3.20775389e-08  1.20747859e+00 
 3.20795389e-08  1.20815373e+00 
 3.20815389e-08  1.20883989e+00 
 3.20835389e-08  1.20953230e+00 
 3.20855389e-08  1.21022585e+00 
 3.20875389e-08  1.21091573e+00 
 3.20895389e-08  1.21159801e+00 
 3.20915389e-08  1.21226990e+00 
 3.20935389e-08  1.21292975e+00 
 3.20955389e-08  1.21357686e+00 
 3.20975389e-08  1.21421122e+00 
 3.20995389e-08  1.21483322e+00 
 3.21015389e-08  1.21544350e+00 
 3.21035389e-08  1.21604274e+00 
 3.21055389e-08  1.21663162e+00 
 3.21075389e-08  1.21721074e+00 
 3.21095389e-08  1.21778059e+00 
 3.21115389e-08  1.21834157e+00 
 3.21135389e-08  1.21889397e+00 
 3.21155389e-08  1.21943799e+00 
 3.21175389e-08  1.21997376e+00 
 3.21195389e-08  1.22050137e+00 
 3.21215389e-08  1.22102083e+00 
 3.21235389e-08  1.22153215e+00 
 3.21255389e-08  1.22203530e+00 
 3.21275389e-08  1.22253024e+00 
 3.21295389e-08  1.22301694e+00 
 3.21315389e-08  1.22349534e+00 
 3.21335389e-08  1.22396541e+00 
 3.21355389e-08  1.22442708e+00 
 3.21375389e-08  1.22488031e+00 
 3.21395389e-08  1.22532502e+00 
 3.21415389e-08  1.22576113e+00 
 3.21435389e-08  1.22618851e+00 
 3.21455389e-08  1.22660674e+00 
 3.21475389e-08  1.22701581e+00 
 3.21495389e-08  1.22741595e+00 
 3.21515389e-08  1.22780660e+00 
 3.21535389e-08  1.22818705e+00 
 3.21555389e-08  1.22855643e+00 
 3.21575389e-08  1.22891363e+00 
 3.21595389e-08  1.22925730e+00 
 3.21615389e-08  1.22958573e+00 
 3.21635389e-08  1.22989536e+00 
 3.21655389e-08  1.23018358e+00 
 3.21675389e-08  1.23044887e+00 
 3.21695389e-08  1.23068784e+00 
 3.21715389e-08  1.23089664e+00 
 3.21735389e-08  1.23107102e+00 
 3.21755389e-08  1.23120635e+00 
 3.21775389e-08  1.23129773e+00 
 3.21795389e-08  1.23134012e+00 
 3.21815389e-08  1.23132845e+00 
 3.21835389e-08  1.23125777e+00 
 3.21855389e-08  1.23112329e+00 
 3.21875389e-08  1.23092054e+00 
 3.21895389e-08  1.23064531e+00 
 3.21915389e-08  1.23029373e+00 
 3.21935389e-08  1.22986220e+00 
 3.21955389e-08  1.22934733e+00 
 3.21975389e-08  1.22874588e+00 
 3.21995389e-08  1.22805469e+00 
 3.22015389e-08  1.22727063e+00 
 3.22035389e-08  1.22639051e+00 
 3.22055389e-08  1.22541106e+00 
 3.22075389e-08  1.22432887e+00 
 3.22095389e-08  1.22314040e+00 
 3.22115389e-08  1.22184192e+00 
 3.22135389e-08  1.22042952e+00 
 3.22155389e-08  1.21889910e+00 
 3.22175389e-08  1.21724636e+00 
 3.22195389e-08  1.21546679e+00 
 3.22215389e-08  1.21355565e+00 
 3.22235389e-08  1.21150798e+00 
 3.22255389e-08  1.20931858e+00 
 3.22275389e-08  1.20698196e+00 
 3.22295389e-08  1.20449236e+00 
 3.22315389e-08  1.20184369e+00 
 3.22335389e-08  1.19902951e+00 
 3.22355389e-08  1.19604297e+00 
 3.22375389e-08  1.19287683e+00 
 3.22395389e-08  1.18952327e+00 
 3.22415389e-08  1.18597388e+00 
 3.22435389e-08  1.18221951e+00 
 3.22455389e-08  1.17825019e+00 
 3.22475389e-08  1.17405495e+00 
 3.22495389e-08  1.16962162e+00 
 3.22515389e-08  1.16493668e+00 
 3.22535389e-08  1.15998491e+00 
 3.22555389e-08  1.15474909e+00 
 3.22575389e-08  1.14920965e+00 
 3.22595389e-08  1.14334409e+00 
 3.22615389e-08  1.13712649e+00 
 3.22635389e-08  1.13052677e+00 
 3.22655389e-08  1.12350989e+00 
 3.22675389e-08  1.11603492e+00 
 3.22695389e-08  1.10805403e+00 
 3.22715389e-08  1.09951145e+00 
 3.22735389e-08  1.09034256e+00 
 3.22755389e-08  1.08047338e+00 
 3.22775389e-08  1.06982091e+00 
 3.22795389e-08  1.05829482e+00 
 3.22815389e-08  1.04580129e+00 
 3.22835389e-08  1.03224931e+00 
 3.22855389e-08  1.01755933e+00 
 3.22875389e-08  1.00167258e+00 
 3.22895389e-08  9.84558282e-01 
 3.22915389e-08  9.66216223e-01 
 3.22935389e-08  9.46673411e-01 
 3.22955389e-08  9.25976678e-01 
 3.22975389e-08  9.04184193e-01 
 3.22995389e-08  8.81358480e-01 
 3.23015389e-08  8.57561958e-01 
 3.23035389e-08  8.32854718e-01 
 3.23055389e-08  8.07293813e-01 
 3.23075389e-08  7.80969998e-01 
 3.23095389e-08  7.53927528e-01 
 3.23115389e-08  7.26176611e-01 
 3.23135389e-08  6.97749812e-01 
 3.23155389e-08  6.68700229e-01 
 3.23175389e-08  6.39096149e-01 
 3.23195389e-08  6.08984939e-01 
 3.23215389e-08  5.78417651e-01 
 3.23235389e-08  5.47446298e-01 
 3.23255389e-08  5.16128540e-01 
 3.23275389e-08  4.84527236e-01 
 3.23295389e-08  4.52715367e-01 
 3.23315389e-08  4.20778422e-01 
 3.23335389e-08  3.88821287e-01 
 3.23355389e-08  3.56974616e-01 
 3.23375389e-08  3.25404997e-01 
 3.23395389e-08  2.94324474e-01 
 3.23415389e-08  2.63999415e-01 
 3.23435389e-08  2.34751175e-01 
 3.23455389e-08  2.06943580e-01 
 3.23475389e-08  1.80951343e-01 
 3.23495389e-08  1.57113924e-01 
 3.23515389e-08  1.35686433e-01 
 3.23535389e-08  1.16804320e-01 
 3.23555389e-08  1.00471601e-01 
 3.23575389e-08  8.65734260e-02 
 3.23595389e-08  7.49051258e-02 
 3.23615389e-08  6.52078348e-02 
 3.23635389e-08  5.72018004e-02 
 3.23655389e-08  5.05657437e-02 
 3.23675389e-08  4.50728599e-02 
 3.23695389e-08  4.05655704e-02 
 3.23715389e-08  3.68398895e-02 
 3.23735389e-08  3.37426740e-02 
 3.23755389e-08  3.11364913e-02 
 3.23775389e-08  2.89019870e-02 
 3.23795389e-08  2.69654629e-02 
 3.23815389e-08  2.52695663e-02 
 3.23835389e-08  2.37697588e-02 
 3.23855389e-08  2.24315906e-02 
 3.23875389e-08  2.12282877e-02 
 3.23895389e-08  2.01389996e-02 
 3.23915389e-08  1.91472992e-02 
 3.23935389e-08  1.82401448e-02 
 3.23955389e-08  1.74070039e-02 
 3.23975389e-08  1.66392787e-02 
 3.23995389e-08  1.59298204e-02 
 3.24015389e-08  1.52726286e-02 
 3.24035389e-08  1.46625863e-02 
 3.24055389e-08  1.40953039e-02 
 3.24075389e-08  1.35669670e-02 
 3.24095389e-08  1.30742485e-02 
 3.24115389e-08  1.26142138e-02 
 3.24135389e-08  1.21842664e-02 
 3.24155389e-08  1.17820835e-02 
 3.24175389e-08  1.14055813e-02 
 3.24195389e-08  1.10528702e-02 
 3.24215389e-08  1.07222322e-02 
 3.24235389e-08  1.04120893e-02 
 3.24255389e-08  1.01209895e-02 
 3.24275389e-08  9.84758458e-03 
 3.24295389e-08  9.59062138e-03 
 3.24315389e-08  9.34892648e-03 
 3.24335389e-08  9.12140150e-03 
 3.24355389e-08  8.90701250e-03 
 3.24375389e-08  8.70478814e-03 
 3.24395389e-08  8.51381242e-03 
 3.24415389e-08  8.33322470e-03 
 3.24435389e-08  8.16221458e-03 
 3.24455389e-08  8.00002300e-03 
 3.24475389e-08  7.84593832e-03 
 3.24495389e-08  7.69929789e-03 
 3.24515389e-08  7.55948488e-03 
 3.24535389e-08  7.42593022e-03 
 3.24555389e-08  7.29811035e-03 
 3.24575389e-08  7.17555026e-03 
 3.24595389e-08  7.05782328e-03 
 3.24615389e-08  6.94455638e-03 
 3.24635389e-08  6.83543291e-03 
 3.24655389e-08  6.73020083e-03 
 3.24675389e-08  6.62867818e-03 
 3.24695389e-08  6.53076216e-03 
 3.24715389e-08  6.43643276e-03 
 3.24735389e-08  6.34575511e-03 
 3.24755389e-08  6.25887002e-03 
 3.24775389e-08  6.17597602e-03 
 3.24795389e-08  6.09729396e-03 
 3.24815389e-08  6.02302260e-03 
 3.24835389e-08  5.95328867e-03 
 3.24855389e-08  5.88811784e-03 
 3.24875389e-08  5.82744517e-03 
 3.24895389e-08  5.77117832e-03 
 3.24915389e-08  5.71927351e-03 
 3.24935389e-08  5.67177149e-03 
 3.24955389e-08  5.62875814e-03 
 3.24975389e-08  5.59027899e-03 
 3.24995389e-08  5.55624879e-03 
 3.25015389e-08  5.52639860e-03 
 3.25035389e-08  5.50026846e-03 
 3.25055389e-08  5.47724429e-03 
 3.25075389e-08  5.45661577e-03 
 3.25095389e-08  5.43764076e-03 
 3.25115389e-08  5.41959712e-03 
 3.25135389e-08  5.40182063e-03 
 3.25155389e-08  5.38372324e-03 
 3.25175389e-08  5.36479981e-03 
 3.25195389e-08  5.34462231e-03 
 3.25215389e-08  5.32283000e-03 
 3.25235389e-08  5.29911354e-03 
 3.25255389e-08  5.27319931e-03 
 3.25275389e-08  5.24483008e-03 
 3.25295389e-08  5.21374652e-03 
 3.25315389e-08  5.17978304e-03 
 3.25335389e-08  5.14280276e-03 
 3.25355389e-08  5.10213286e-03 
 3.25375389e-08  5.05692368e-03 
 3.25395389e-08  5.00662731e-03 
 3.25415389e-08  4.95063548e-03 
 3.25435389e-08  4.88815522e-03 
 3.25455389e-08  4.81826008e-03 
 3.25475389e-08  4.74001632e-03 
 3.25495389e-08  4.65258026e-03 
 3.25515389e-08  4.55531038e-03 
 3.25535389e-08  4.44783439e-03 
 3.25555389e-08  4.33006210e-03 
 3.25575389e-08  4.20214381e-03 
 3.25595389e-08  4.06438957e-03 
 3.25615389e-08  3.91718766e-03 
 3.25635389e-08  3.76093485e-03 
 3.25655389e-08  3.59599904e-03 
 3.25675389e-08  3.42270256e-03 
 3.25695389e-08  3.24132768e-03 
 3.25715389e-08  3.05212737e-03 
 3.25735389e-08  2.85534139e-03 
 3.25755389e-08  2.65120711e-03 
 3.25775389e-08  2.43996872e-03 
 3.25795389e-08  2.22187923e-03 
 3.25815389e-08  1.99720063e-03 
 3.25835389e-08  1.76619880e-03 
 3.25855389e-08  1.52913825e-03 
 3.25875389e-08  1.28627385e-03 
 3.25895389e-08  1.03784396e-03 
 3.25915389e-08  7.84062067e-04 
 3.25935389e-08  5.25110705e-04 
 3.25955389e-08  2.61134744e-04 
 3.25975389e-08 -7.76256892e-06 
 3.25995389e-08 -2.81523632e-04 
 3.26015389e-08 -5.60137147e-04 
 3.26035389e-08 -8.43637843e-04 
 3.26055389e-08 -1.13210191e-03 
 3.26075389e-08 -1.42563996e-03 
 3.26095389e-08 -1.72438342e-03 
 3.26115389e-08 -2.02846557e-03 
 3.26135389e-08 -2.33799305e-03 
 3.26155389e-08 -2.65300934e-03 
 3.26175389e-08 -2.97344758e-03 
 3.26195389e-08 -3.29907794e-03 
 3.26215389e-08 -3.62945321e-03 
 3.26235389e-08 -3.96386674e-03 
 3.26255389e-08 -4.30133505e-03 
 3.26275389e-08 -4.64062364e-03 
 3.26295389e-08 -4.98032117e-03 
 3.26315389e-08 -5.31895863e-03 
 3.26335389e-08 -5.65514692e-03 
 3.26355389e-08 -5.98770296e-03 
 3.26375389e-08 -6.31573249e-03 
 3.26395389e-08 -6.63866026e-03 
 3.26415389e-08 -6.95621084e-03 
 3.26435389e-08 -7.26836049e-03 
 3.26455389e-08 -7.57527632e-03 
 3.26475389e-08 -7.87725976e-03 
 3.26495389e-08 -8.17469854e-03 
 3.26515389e-08 -8.46803190e-03 
 3.26535389e-08 -8.75772482e-03 
 3.26555389e-08 -9.04425184e-03 
 3.26575389e-08 -9.32808525e-03 
 3.26595389e-08 -9.60968879e-03 
 3.26615389e-08 -9.88951285e-03 
 3.26635389e-08 -1.01679931e-02 
 3.26655389e-08 -1.04455496e-02 
 3.26675389e-08 -1.07225880e-02 
 3.26695389e-08 -1.09994997e-02 
 3.26715389e-08 -1.12766637e-02 
 3.26735389e-08 -1.15544446e-02 
 3.26755389e-08 -1.18331898e-02 
 3.26775389e-08 -1.21132213e-02 
 3.26795389e-08 -1.23906777e-02 
 3.26815389e-08 -1.26727319e-02 
 3.26835389e-08 -1.29609166e-02 
 3.26855389e-08 -1.32494315e-02 
 3.26875389e-08 -1.35393689e-02 
 3.26895389e-08 -1.38301516e-02 
 3.26915389e-08 -1.41217078e-02 
 3.26935389e-08 -1.44127626e-02 
 3.26955389e-08 -1.47022273e-02 
 3.26975389e-08 -1.49880460e-02 
 3.26995389e-08 -1.52681430e-02 
 3.27015389e-08 -1.55397032e-02 
 3.27035389e-08 -1.57998626e-02 
 3.27055389e-08 -1.60452907e-02 
 3.27075389e-08 -1.62726938e-02 
 3.27095389e-08 -1.64785636e-02 
 3.27115389e-08 -1.66595146e-02 
 3.27135389e-08 -1.68121040e-02 
 3.27155389e-08 -1.69330301e-02 
 3.27175389e-08 -1.70189845e-02 
 3.27195389e-08 -1.70667523e-02 
 3.27215389e-08 -1.70730879e-02 
 3.27235389e-08 -1.70347570e-02 
 3.27255389e-08 -1.69484350e-02 
 3.27275389e-08 -1.68107181e-02 
 3.27295389e-08 -1.66180418e-02 
 3.27315389e-08 -1.63666756e-02 
 3.27335389e-08 -1.60526568e-02 
 3.27355389e-08 -1.56717750e-02 
 3.27375389e-08 -1.52195158e-02 
 3.27395389e-08 -1.46910365e-02 
 3.27415389e-08 -1.40811138e-02 
 3.27435389e-08 -1.33841103e-02 
 3.27455389e-08 -1.25939213e-02 
 3.27475389e-08 -1.17039300e-02 
 3.27495389e-08 -1.07069478e-02 
 3.27515389e-08 -9.59515543e-03 
 3.27535389e-08 -8.36003062e-03 
 3.27555389e-08 -6.99227015e-03 
 3.27575389e-08 -5.48169709e-03 
 3.27595389e-08 -3.81715568e-03 
 3.27615389e-08 -1.98638726e-03 
 3.27635389e-08  2.41145336e-05 
 3.27655389e-08  2.22928479e-03 
 3.27675389e-08  4.64575176e-03 
 3.27695389e-08  7.29211189e-03 
 3.27715389e-08  1.01892666e-02 
 3.27735389e-08  1.33608617e-02 
 3.27755389e-08  1.68338314e-02 
 3.27775389e-08  2.06390806e-02 
 3.27795389e-08  2.48123341e-02 
 3.27815389e-08  2.93951875e-02 
 3.27835389e-08  3.44363870e-02 
 3.27855389e-08  3.99933450e-02 
 3.27875389e-08  4.61338534e-02 
 3.27895389e-08  5.29378451e-02 
 3.27915389e-08  6.04988670e-02 
 3.27935389e-08  6.89245912e-02 
 3.27955389e-08  7.83352457e-02 
 3.27975389e-08  8.88584286e-02 
 3.27995389e-08  1.00618948e-01 
 3.28015389e-08  1.13723947e-01 
 3.28035389e-08  1.28246978e-01 
 3.28055389e-08  1.44217797e-01 
 3.28075389e-08  1.61623355e-01 
 3.28095389e-08  1.80418939e-01 
 3.28115389e-08  2.00542713e-01 
 3.28135389e-08  2.21927296e-01 
 3.28155389e-08  2.44506291e-01 
 3.28175389e-08  2.68216859e-01 
 3.28195389e-08  2.93000122e-01 
 3.28215389e-08  3.18800630e-01 
 3.28235389e-08  3.45565528e-01 
 3.28255389e-08  3.73243613e-01 
 3.28275389e-08  4.01784357e-01 
 3.28295389e-08  4.31136830e-01 
 3.28315389e-08  4.61248500e-01 
 3.28335389e-08  4.92063813e-01 
 3.28355389e-08  5.23522486e-01 
 3.28375389e-08  5.55557373e-01 
 3.28395389e-08  5.88091759e-01 
 3.28415389e-08  6.21035908e-01 
 3.28435389e-08  6.54282717e-01 
 3.28455389e-08  6.87702471e-01 
 3.28475389e-08  7.21137058e-01 
 3.28495389e-08  7.54394686e-01 
 3.28515389e-08  7.87247141e-01 
 3.28535389e-08  8.19432565e-01 
 3.28555389e-08  8.50666702e-01 
 3.28575389e-08  8.80663398e-01 
 3.28595389e-08  9.09160957e-01 
 3.28615389e-08  9.35947094e-01 
 3.28635389e-08  9.60875026e-01 
 3.28655389e-08  9.83867341e-01 
 3.28675389e-08  1.00490951e+00 
 3.28695389e-08  1.02403774e+00 
 3.28715389e-08  1.04132566e+00 
 3.28735389e-08  1.05687234e+00 
 3.28755389e-08  1.07079279e+00 
 3.28775389e-08  1.08321056e+00 
 3.28795389e-08  1.09425237e+00 
 3.28815389e-08  1.10404403e+00 
 3.28835389e-08  1.11270759e+00 
 3.28855389e-08  1.12035925e+00 
 3.28875389e-08  1.12710801e+00 
 3.28895389e-08  1.13305489e+00 
 3.28915389e-08  1.13829253e+00 
 3.28935389e-08  1.14290515e+00 
 3.28955389e-08  1.14696872e+00 
 3.28975389e-08  1.15055133e+00 
 3.28995389e-08  1.15371367e+00 
 3.29015389e-08  1.15650953e+00 
 3.29035389e-08  1.15898643e+00 
 3.29055389e-08  1.16118611e+00 
 3.29075389e-08  1.16314517e+00 
 3.29095389e-08  1.16489557e+00 
 3.29115389e-08  1.16646519e+00 
 3.29135389e-08  1.16787825e+00 
 3.29155389e-08  1.16915578e+00 
 3.29175389e-08  1.17031599e+00 
 3.29195389e-08  1.17137463e+00 
 3.29215389e-08  1.17234530e+00 
 3.29235389e-08  1.17323970e+00 
 3.29255389e-08  1.17406790e+00 
 3.29275389e-08  1.17483854e+00 
 3.29295389e-08  1.17555900e+00 
 3.29315389e-08  1.17623562e+00 
 3.29335389e-08  1.17687378e+00 
 3.29355389e-08  1.17747810e+00 
 3.29375389e-08  1.17805250e+00 
 3.29395389e-08  1.17860032e+00 
 3.29415389e-08  1.17912443e+00 
 3.29435389e-08  1.17962727e+00 
 3.29455389e-08  1.18011093e+00 
 3.29475389e-08  1.18057722e+00 
 3.29495389e-08  1.18102613e+00 
 3.29515389e-08  1.18145908e+00 
 3.29535389e-08  1.18187868e+00 
 3.29555389e-08  1.18228613e+00 
 3.29575389e-08  1.18268245e+00 
 3.29595389e-08  1.18306839e+00 
 3.29615389e-08  1.18344465e+00 
 3.29635389e-08  1.18381176e+00 
 3.29655389e-08  1.18417025e+00 
 3.29675389e-08  1.18452050e+00 
 3.29695389e-08  1.18486656e+00 
 3.29715389e-08  1.18520779e+00 
 3.29735389e-08  1.18554046e+00 
 3.29755389e-08  1.18586513e+00 
 3.29775389e-08  1.18618204e+00 
 3.29795389e-08  1.18649140e+00 
 3.29815389e-08  1.18679326e+00 
 3.29835389e-08  1.18708763e+00 
 3.29855389e-08  1.18737442e+00 
 3.29875389e-08  1.18765350e+00 
 3.29895389e-08  1.18792464e+00 
 3.29915389e-08  1.18818760e+00 
 3.29935389e-08  1.18844207e+00 
 3.29955389e-08  1.18868773e+00 
 3.29975389e-08  1.18892423e+00 
 3.29995389e-08  1.18915128e+00 
 3.30015389e-08  1.18936863e+00 
 3.30035389e-08  1.18957617e+00 
 3.30055389e-08  1.18977395e+00 
 3.30075389e-08  1.18996227e+00 
 3.30095389e-08  1.19014173e+00 
 3.30115389e-08  1.19031320e+00 
 3.30135389e-08  1.19047782e+00 
 3.30155389e-08  1.19063687e+00 
 3.30175389e-08  1.19079164e+00 
 3.30195389e-08  1.19094333e+00 
 3.30215389e-08  1.19109290e+00 
 3.30235389e-08  1.19124111e+00 
 3.30255389e-08  1.19138849e+00 
 3.30275389e-08  1.19153536e+00 
 3.30295389e-08  1.19168189e+00 
 3.30315389e-08  1.19182815e+00 
 3.30335389e-08  1.19197411e+00 
 3.30355389e-08  1.19211973e+00 
 3.30375389e-08  1.19226491e+00 
 3.30395389e-08  1.19240955e+00 
 3.30415389e-08  1.19255358e+00 
 3.30435389e-08  1.19269481e+00 
 3.30455389e-08  1.19283353e+00 
 3.30475389e-08  1.19297384e+00 
 3.30495389e-08  1.19311603e+00 
 3.30515389e-08  1.19325854e+00 
 3.30535389e-08  1.19340132e+00 
 3.30555389e-08  1.19354474e+00 
 3.30575389e-08  1.19368944e+00 
 3.30595389e-08  1.19383625e+00 
 3.30615389e-08  1.19398614e+00 
 3.30635389e-08  1.19414013e+00 
 3.30655389e-08  1.19429924e+00 
 3.30675389e-08  1.19446449e+00 
 3.30695389e-08  1.19463678e+00 
 3.30715389e-08  1.19481698e+00 
 3.30735389e-08  1.19500583e+00 
 3.30755389e-08  1.19520401e+00 
 3.30775389e-08  1.19541210e+00 
 3.30795389e-08  1.19563063e+00 
 3.30815389e-08  1.19586002e+00 
 3.30835389e-08  1.19610066e+00 
 3.30855389e-08  1.19635287e+00 
 3.30875389e-08  1.19661694e+00 
 3.30895389e-08  1.19689311e+00 
 3.30915389e-08  1.19718162e+00 
 3.30935389e-08  1.19748269e+00 
 3.30955389e-08  1.19779653e+00 
 3.30975389e-08  1.19812339e+00 
 3.30995389e-08  1.19846355e+00 
 3.31015389e-08  1.19881731e+00 
 3.31035389e-08  1.19918504e+00 
 3.31055389e-08  1.19956716e+00 
 3.31075389e-08  1.19996417e+00 
 3.31095389e-08  1.20037661e+00 
 3.31115389e-08  1.20080509e+00 
 3.31135389e-08  1.20125026e+00 
 3.31155389e-08  1.20171281e+00 
 3.31175389e-08  1.20219344e+00 
 3.31195389e-08  1.20269281e+00 
 3.31215389e-08  1.20321158e+00 
 3.31235389e-08  1.20375029e+00 
 3.31255389e-08  1.20430941e+00 
 3.31275389e-08  1.20488924e+00 
 3.31295389e-08  1.20548981e+00 
 3.31315389e-08  1.20611083e+00 
 3.31335389e-08  1.20675144e+00 
 3.31355389e-08  1.20740996e+00 
 3.31375389e-08  1.20808374e+00 
 3.31395389e-08  1.20876897e+00 
 3.31415389e-08  1.20946097e+00 
 3.31435389e-08  1.21015464e+00 
 3.31455389e-08  1.21084510e+00 
 3.31475389e-08  1.21152831e+00 
 3.31495389e-08  1.21220136e+00 
 3.31515389e-08  1.21286250e+00 
 3.31535389e-08  1.21351093e+00 
 3.31555389e-08  1.21414658e+00 
 3.31575389e-08  1.21476983e+00 
 3.31595389e-08  1.21538128e+00 
 3.31615389e-08  1.21598162e+00 
 3.31635389e-08  1.21657154e+00 
 3.31655389e-08  1.21715164e+00 
 3.31675389e-08  1.21772242e+00 
 3.31695389e-08  1.21828430e+00 
 3.31715389e-08  1.21883756e+00 
 3.31735389e-08  1.21938244e+00 
 3.31755389e-08  1.21991906e+00 
 3.31775389e-08  1.22044750e+00 
 3.31795389e-08  1.22096780e+00 
 3.31815389e-08  1.22147996e+00 
 3.31835389e-08  1.22198395e+00 
 3.31855389e-08  1.22247974e+00 
 3.31875389e-08  1.22296729e+00 
 3.31895389e-08  1.22344654e+00 
 3.31915389e-08  1.22391747e+00 
 3.31935389e-08  1.22438000e+00 
 3.31955389e-08  1.22483410e+00 
 3.31975389e-08  1.22527969e+00 
 3.31995389e-08  1.22571669e+00 
 3.32015389e-08  1.22614498e+00 
 3.32035389e-08  1.22656412e+00 
 3.32055389e-08  1.22697413e+00 
 3.32075389e-08  1.22737524e+00 
 3.32095389e-08  1.22776692e+00 
 3.32115389e-08  1.22814848e+00 
 3.32135389e-08  1.22851906e+00 
 3.32155389e-08  1.22887758e+00 
 3.32175389e-08  1.22922271e+00 
 3.32195389e-08  1.22955280e+00 
 3.32215389e-08  1.22986434e+00 
 3.32235389e-08  1.23015478e+00 
 3.32255389e-08  1.23042261e+00 
 3.32275389e-08  1.23066448e+00 
 3.32295389e-08  1.23087660e+00 
 3.32315389e-08  1.23105474e+00 
 3.32335389e-08  1.23119432e+00 
 3.32355389e-08  1.23129046e+00 
 3.32375389e-08  1.23133814e+00 
 3.32395389e-08  1.23133227e+00 
 3.32415389e-08  1.23126789e+00 
 3.32435389e-08  1.23114019e+00 
 3.32455389e-08  1.23094466e+00 
 3.32475389e-08  1.23067707e+00 
 3.32495389e-08  1.23033353e+00 
 3.32515389e-08  1.22991038e+00 
 3.32535389e-08  1.22940423e+00 
 3.32555389e-08  1.22881183e+00 
 3.32575389e-08  1.22813002e+00 
 3.32595389e-08  1.22735566e+00 
 3.32615389e-08  1.22648557e+00 
 3.32635389e-08  1.22551649e+00 
 3.32655389e-08  1.22444503e+00 
 3.32675389e-08  1.22326766e+00 
 3.32695389e-08  1.22198067e+00 
 3.32715389e-08  1.22058017e+00 
 3.32735389e-08  1.21906209e+00 
 3.32755389e-08  1.21742214e+00 
 3.32775389e-08  1.21565582e+00 
 3.32795389e-08  1.21375844e+00 
 3.32815389e-08  1.21172506e+00 
 3.32835389e-08  1.20955048e+00 
 3.32855389e-08  1.20722926e+00 
 3.32875389e-08  1.20475567e+00 
 3.32895389e-08  1.20212366e+00 
 3.32915389e-08  1.19932681e+00 
 3.32935389e-08  1.19635833e+00 
 3.32955389e-08  1.19321101e+00 
 3.32975389e-08  1.18987710e+00 
 3.32995389e-08  1.18634826e+00 
 3.33015389e-08  1.18261543e+00 
 3.33035389e-08  1.17866870e+00 
 3.33055389e-08  1.17449724e+00 
 3.33075389e-08  1.17008900e+00 
 3.33095389e-08  1.16543061e+00 
 3.33115389e-08  1.16050704e+00 
 3.33135389e-08  1.15530130e+00 
 3.33155389e-08  1.14979407e+00 
 3.33175389e-08  1.14396319e+00 
 3.33195389e-08  1.13778311e+00 
 3.33215389e-08  1.13122422e+00 
 3.33235389e-08  1.12425203e+00 
 3.33255389e-08  1.11682626e+00 
 3.33275389e-08  1.10889985e+00 
 3.33295389e-08  1.10041786e+00 
 3.33315389e-08  1.09131664e+00 
 3.33335389e-08  1.08152318e+00 
 3.33355389e-08  1.07095535e+00 
 3.33375389e-08  1.05952344e+00 
 3.33395389e-08  1.04713372e+00 
 3.33415389e-08  1.03369455e+00 
 3.33435389e-08  1.01912477e+00 
 3.33455389e-08  1.00336305e+00 
 3.33475389e-08  9.86375540e-01 
 3.33495389e-08  9.68158933e-01 
 3.33515389e-08  9.48737737e-01 
 3.33535389e-08  9.28157141e-01 
 3.33555389e-08  9.06474510e-01 
 3.33575389e-08  8.83752170e-01 
 3.33595389e-08  8.60052684e-01 
 3.33615389e-08  8.35436436e-01 
 3.33635389e-08  8.09960796e-01 
 3.33655389e-08  7.83717637e-01 
 3.33675389e-08  7.56751295e-01 
 3.33695389e-08  7.29071203e-01 
 3.33715389e-08  7.00709615e-01 
 3.33735389e-08  6.71719758e-01 
 3.33755389e-08  6.42170472e-01 
 3.33775389e-08  6.12109012e-01 
 3.33795389e-08  5.81586219e-01 
 3.33815389e-08  5.50653762e-01 
 3.33835389e-08  5.19368778e-01 
 3.33855389e-08  4.87793358e-01 
 3.33875389e-08  4.55999369e-01 
 3.33895389e-08  4.24070711e-01 
 3.33915389e-08  3.92110024e-01 
 3.33935389e-08  3.60244857e-01 
 3.33955389e-08  3.28637668e-01 
 3.33975389e-08  2.97495339e-01 
 3.33995389e-08  2.67078443e-01 
 3.34015389e-08  2.37702959e-01 
 3.34035389e-08  2.09729484e-01 
 3.34055389e-08  1.83533557e-01 
 3.34075389e-08  1.59460630e-01 
 3.34095389e-08  1.37776470e-01 
 3.34115389e-08  1.18629836e-01 
 3.34135389e-08  1.02038061e-01 
 3.34155389e-08  8.78973968e-02 
 3.34175389e-08  7.60108020e-02 
 3.34195389e-08  6.61233603e-02 
 3.34215389e-08  5.79561163e-02 
 3.34235389e-08  5.11846158e-02 
 3.34255389e-08  4.55801052e-02 
 3.34275389e-08  4.09838673e-02 
 3.34295389e-08  3.71878009e-02 
 3.34315389e-08  3.40354128e-02 
 3.34335389e-08  3.13858934e-02 
 3.34355389e-08  2.91167703e-02 
 3.34375389e-08  2.71524394e-02 
 3.34395389e-08  2.54340185e-02 
 3.34415389e-08  2.39157776e-02 
 3.34435389e-08  2.25623399e-02 
 3.34455389e-08  2.13462271e-02 
 3.34475389e-08  2.02460506e-02 
 3.34495389e-08  1.92449806e-02 
 3.34515389e-08  1.83296697e-02 
 3.34535389e-08  1.74893568e-02 
 3.34555389e-08  1.67152696e-02 
 3.34575389e-08  1.60001257e-02 
 3.34595389e-08  1.53378200e-02 
 3.34615389e-08  1.47231531e-02 
 3.34635389e-08  1.41516679e-02 
 3.34655389e-08  1.36194955e-02 
 3.34675389e-08  1.31232636e-02 
 3.34695389e-08  1.26600001e-02 
 3.34715389e-08  1.22270766e-02 
 3.34735389e-08  1.18221443e-02 
 3.34755389e-08  1.14430970e-02 
 3.34775389e-08  1.10880263e-02 
 3.34795389e-08  1.07551979e-02 
 3.34815389e-08  1.04430206e-02 
 3.34835389e-08  1.01500302e-02 
 3.34855389e-08  9.87486851e-03 
 3.34875389e-08  9.61627323e-03 
 3.34895389e-08  9.37306309e-03 
 3.34915389e-08  9.14413247e-03 
 3.34935389e-08  8.92844100e-03 
 3.34955389e-08  8.72501121e-03 
 3.34975389e-08  8.53292150e-03 
 3.34995389e-08  8.35130573e-03 
 3.35015389e-08  8.17934838e-03 
 3.35035389e-08  8.01628523e-03 
 3.35055389e-08  7.86139978e-03 
 3.35075389e-08  7.71402445e-03 
 3.35095389e-08  7.57353767e-03 
 3.35115389e-08  7.43936552e-03 
 3.35135389e-08  7.31097971e-03 
 3.35155389e-08  7.18790022e-03 
 3.35175389e-08  7.06969526e-03 
 3.35195389e-08  6.95598612e-03 
 3.35215389e-08  6.84645006e-03 
 3.35235389e-08  6.74082814e-03 
 3.35255389e-08  6.63893077e-03 
 3.35275389e-08  6.54064679e-03 
 3.35295389e-08  6.44594750e-03 
 3.35315389e-08  6.35488950e-03 
 3.35335389e-08  6.26760647e-03 
 3.35355389e-08  6.18429237e-03 
 3.35375389e-08  6.10516767e-03 
 3.35395389e-08  6.03043578e-03 
 3.35415389e-08  5.96023274e-03 
 3.35435389e-08  5.89459494e-03 
 3.35455389e-08  5.83346465e-03 
 3.35475389e-08  5.77674858e-03 
 3.35495389e-08  5.72439521e-03 
 3.35515389e-08  5.67643715e-03 
 3.35535389e-08  5.63295918e-03 
 3.35555389e-08  5.59401541e-03 
 3.35575389e-08  5.55953730e-03 
 3.35595389e-08  5.52927592e-03 
 3.35615389e-08  5.50278986e-03 
 3.35635389e-08  5.47947841e-03 
 3.35655389e-08  5.45863814e-03 
 3.35675389e-08  5.43952750e-03 
 3.35695389e-08  5.42142030e-03 
 3.35715389e-08  5.40364519e-03 
 3.35735389e-08  5.38560582e-03 
 3.35755389e-08  5.36678862e-03 
 3.35775389e-08  5.34675804e-03 
 3.35795389e-08  5.32514707e-03 
 3.35815389e-08  5.30164183e-03 
 3.35835389e-08  5.27596584e-03 
 3.35855389e-08  5.24786107e-03 
 3.35875389e-08  5.21706936e-03 
 3.35895389e-08  5.18342548e-03 
 3.35915389e-08  5.14679714e-03 
 3.35935389e-08  5.10653107e-03 
 3.35955389e-08  5.06179047e-03 
 3.35975389e-08  5.01203102e-03 
 3.35995389e-08  4.95665749e-03 
 3.36015389e-08  4.89488868e-03 
 3.36035389e-08  4.82580286e-03 
 3.36055389e-08  4.74846232e-03 
 3.36075389e-08  4.66200790e-03 
 3.36095389e-08  4.56577359e-03 
 3.36115389e-08  4.45935767e-03 
 3.36135389e-08  4.34264220e-03 
 3.36155389e-08  4.21575612e-03 
 3.36175389e-08  4.07899706e-03 
 3.36195389e-08  3.93274889e-03 
 3.36215389e-08  3.77740980e-03 
 3.36235389e-08  3.61335180e-03 
 3.36255389e-08  3.44090194e-03 
 3.36275389e-08  3.26034620e-03 
 3.36295389e-08  3.07193985e-03 
 3.36315389e-08  2.87592342e-03 
 3.36335389e-08  2.67253407e-03 
 3.36355389e-08  2.46201507e-03 
 3.36375389e-08  2.24461852e-03 
 3.36395389e-08  2.02060563e-03 
 3.36415389e-08  1.79024214e-03 
 3.36435389e-08  1.55379301e-03 
 3.36455389e-08  1.31151449e-03 
 3.36475389e-08  1.06364698e-03 
 3.36495389e-08  8.10406862e-04 
 3.36515389e-08  5.51980138e-04 
 3.36535389e-08  2.88515803e-04 
 3.36555389e-08  2.01215575e-05 
 3.36575389e-08 -2.53140193e-04 
 3.36595389e-08 -5.31253398e-04 
 3.36615389e-08 -8.14248165e-04 
 3.36635389e-08 -1.10219671e-03 
 3.36655389e-08 -1.39520660e-03 
 3.36675389e-08 -1.69340790e-03 
 3.36695389e-08 -1.99693483e-03 
 3.36715389e-08 -2.30589833e-03 
 3.36735389e-08 -2.62035038e-03 
 3.36755389e-08 -2.94023786e-03 
 3.36775389e-08 -3.26535025e-03 
 3.36795389e-08 -3.59526500e-03 
 3.36815389e-08 -3.92930349e-03 
 3.36835389e-08 -4.26651038e-03 
 3.36855389e-08 -4.60567440e-03 
 3.36875389e-08 -4.94539755e-03 
 3.36895389e-08 -5.28421044e-03 
 3.36915389e-08 -5.62070947e-03 
 3.36935389e-08 -5.95368563e-03 
 3.36955389e-08 -6.28221265e-03 
 3.36975389e-08 -6.60568263e-03 
 3.36995389e-08 -6.92379117e-03 
 3.37015389e-08 -7.23649136e-03 
 3.37035389e-08 -7.54393346e-03 
 3.37055389e-08 -7.84640744e-03 
 3.37075389e-08 -8.14429400e-03 
 3.37095389e-08 -8.43802839e-03 
 3.37115389e-08 -8.72807384e-03 
 3.37135389e-08 -9.01490449e-03 
 3.37155389e-08 -9.29899326e-03 
 3.37175389e-08 -9.58080500e-03 
 3.37195389e-08 -9.86079160e-03 
 3.37215389e-08 -1.01393903e-02 
 3.37235389e-08 -1.04170227e-02 
 3.37255389e-08 -1.06940958e-02 
 3.37275389e-08 -1.09710027e-02 
 3.37295389e-08 -1.12481234e-02 
 3.37315389e-08 -1.15258243e-02 
 3.37335389e-08 -1.18044547e-02 
 3.37355389e-08 -1.20843398e-02 
 3.37375389e-08 -1.23616495e-02 
 3.37395389e-08 -1.26435121e-02 
 3.37415389e-08 -1.29314760e-02 
 3.37435389e-08 -1.32197841e-02 
 3.37455389e-08 -1.35095395e-02 
 3.37475389e-08 -1.38001972e-02 
 3.37495389e-08 -1.40917112e-02 
 3.37515389e-08 -1.43828497e-02 
 3.37535389e-08 -1.46725627e-02 
 3.37555389e-08 -1.49588422e-02 
 3.37575389e-08 -1.52396523e-02 
 3.37595389e-08 -1.55122178e-02 
 3.37615389e-08 -1.57737024e-02 
 3.37635389e-08 -1.60207972e-02 
 3.37655389e-08 -1.62502185e-02 
 3.37675389e-08 -1.64584622e-02 
 3.37695389e-08 -1.66421394e-02 
 3.37715389e-08 -1.67978025e-02 
 3.37735389e-08 -1.69221429e-02 
 3.37755389e-08 -1.70118470e-02 
 3.37775389e-08 -1.70636967e-02 
 3.37795389e-08 -1.70744469e-02 
 3.37815389e-08 -1.70408673e-02 
 3.37835389e-08 -1.69596418e-02 
 3.37855389e-08 -1.68273786e-02 
 3.37875389e-08 -1.66405300e-02 
 3.37895389e-08 -1.63953856e-02 
 3.37915389e-08 -1.60880074e-02 
 3.37935389e-08 -1.57142132e-02 
 3.37955389e-08 -1.52695208e-02 
 3.37975389e-08 -1.47491238e-02 
 3.37995389e-08 -1.41478395e-02 
 3.38015389e-08 -1.34600757e-02 
 3.38035389e-08 -1.26797776e-02 
 3.38055389e-08 -1.18003839e-02 
 3.38075389e-08 -1.08147675e-02 
 3.38095389e-08 -9.71517718e-03 
 3.38115389e-08 -8.49316653e-03 
 3.38135389e-08 -7.13951676e-03 
 3.38155389e-08 -5.64414552e-03 
 3.38175389e-08 -3.99600319e-03 
 3.38195389e-08 -2.18295103e-03 
 3.38215389e-08 -1.91618449e-04 
 3.38235389e-08  1.99277152e-03 
 3.38255389e-08  4.38666011e-03 
 3.38275389e-08  7.00842717e-03 
 3.38295389e-08  9.87871826e-03 
 3.38315389e-08  1.30208736e-02 
 3.38335389e-08  1.64614597e-02 
 3.38355389e-08  2.02309366e-02 
 3.38375389e-08  2.43644880e-02 
 3.38395389e-08  2.89030500e-02 
 3.38415389e-08  3.38945664e-02 
 3.38435389e-08  3.93954809e-02 
 3.38455389e-08  4.54724343e-02 
 3.38475389e-08  5.22040324e-02 
 3.38495389e-08  5.96823733e-02 
 3.38515389e-08  6.80137002e-02 
 3.38535389e-08  7.73171135e-02 
 3.38555389e-08  8.77198302e-02 
 3.38575389e-08  9.93475689e-02 
 3.38595389e-08  1.12310057e-01 
 3.38615389e-08  1.26684932e-01 
 3.38635389e-08  1.42506625e-01 
 3.38655389e-08  1.59766105e-01 
 3.38675389e-08  1.78421244e-01 
 3.38695389e-08  1.98411352e-01 
 3.38715389e-08  2.19669233e-01 
 3.38735389e-08  2.42128220e-01 
 3.38755389e-08  2.65725063e-01 
 3.38775389e-08  2.90400492e-01 
 3.38795389e-08  3.16098741e-01 
 3.38815389e-08  3.42766728e-01 
 3.38835389e-08  3.70353126e-01 
 3.38855389e-08  3.98807385e-01 
 3.38875389e-08  4.28078670e-01 
 3.38895389e-08  4.58114672e-01 
 3.38915389e-08  4.88860225e-01 
 3.38935389e-08  5.20255622e-01 
 3.38955389e-08  5.52234537e-01 
 3.38975389e-08  5.84721385e-01 
 3.38995389e-08  6.17627956e-01 
 3.39015389e-08  6.50849164e-01 
 3.39035389e-08  6.84257884e-01 
 3.39055389e-08  7.17699195e-01 
 3.39075389e-08  7.50984962e-01 
 3.39095389e-08  7.83890714e-01 
 3.39115389e-08  8.16157700e-01 
 3.39135389e-08  8.47503168e-01 
 3.39155389e-08  8.77639994e-01 
 3.39175389e-08  9.06302719e-01 
 3.39195389e-08  9.33273031e-01 
 3.39215389e-08  9.58397016e-01 
 3.39235389e-08  9.81590277e-01 
 3.39255389e-08  1.00283232e+00 
 3.39275389e-08  1.02215475e+00 
 3.39295389e-08  1.03962791e+00 
 3.39315389e-08  1.05534877e+00 
 3.39335389e-08  1.06943105e+00 
 3.39355389e-08  1.08199770e+00 
 3.39375389e-08  1.09317533e+00 
 3.39395389e-08  1.10308999e+00 
 3.39415389e-08  1.11186423e+00 
 3.39435389e-08  1.11961490e+00 
 3.39455389e-08  1.12645182e+00 
 3.39475389e-08  1.13247685e+00 
 3.39495389e-08  1.13778349e+00 
 3.39515389e-08  1.14245681e+00 
 3.39535389e-08  1.14657363e+00 
 3.39555389e-08  1.15020284e+00 
 3.39575389e-08  1.15340585e+00 
 3.39595389e-08  1.15623716e+00 
 3.39615389e-08  1.15874487e+00 
 3.39635389e-08  1.16097132e+00 
 3.39655389e-08  1.16295360e+00 
 3.39675389e-08  1.16472414e+00 
 3.39695389e-08  1.16631120e+00 
 3.39715389e-08  1.16773935e+00 
 3.39735389e-08  1.16902995e+00 
 3.39755389e-08  1.17020147e+00 
 3.39775389e-08  1.17126991e+00 
 3.39795389e-08  1.17224907e+00 
 3.39815389e-08  1.17315083e+00 
 3.39835389e-08  1.17398542e+00 
 3.39855389e-08  1.17476163e+00 
 3.39875389e-08  1.17548695e+00 
 3.39895389e-08  1.17616781e+00 
 3.39915389e-08  1.17680971e+00 
 3.39935389e-08  1.17741732e+00 
 3.39955389e-08  1.17799464e+00 
 3.39975389e-08  1.17854506e+00 
 3.39995389e-08  1.17907149e+00 
 3.40015389e-08  1.17957642e+00 
 3.40035389e-08  1.18006197e+00 
 3.40055389e-08  1.18052997e+00 
 3.40075389e-08  1.18098046e+00 
 3.40095389e-08  1.18141488e+00 
 3.40115389e-08  1.18183581e+00 
 3.40135389e-08  1.18224449e+00 
 3.40155389e-08  1.18264196e+00 
 3.40175389e-08  1.18302897e+00 
 3.40195389e-08  1.18340623e+00 
 3.40215389e-08  1.18377428e+00 
 3.40235389e-08  1.18413365e+00 
 3.40255389e-08  1.18448476e+00 
 3.40275389e-08  1.18483160e+00 
 3.40295389e-08  1.18517357e+00 
 3.40315389e-08  1.18550698e+00 
 3.40335389e-08  1.18583237e+00 
 3.40355389e-08  1.18615000e+00 
 3.40375389e-08  1.18646008e+00 
 3.40395389e-08  1.18676267e+00 
 3.40415389e-08  1.18705778e+00 
 3.40435389e-08  1.18734533e+00 
 3.40455389e-08  1.18762519e+00 
 3.40475389e-08  1.18789714e+00 
 3.40495389e-08  1.18816095e+00 
 3.40515389e-08  1.18841629e+00 
 3.40535389e-08  1.18866286e+00 
 3.40555389e-08  1.18890031e+00 
 3.40575389e-08  1.18912834e+00 
 3.40595389e-08  1.18934669e+00 
 3.40615389e-08  1.18955524e+00 
 3.40635389e-08  1.18975401e+00 
 3.40655389e-08  1.18994328e+00 
 3.40675389e-08  1.19012361e+00 
 3.40695389e-08  1.19029585e+00 
 3.40715389e-08  1.19046112e+00 
 3.40735389e-08  1.19062068e+00 
 3.40755389e-08  1.19077584e+00 
 3.40775389e-08  1.19092779e+00 
 3.40795389e-08  1.19107754e+00 
 3.40815389e-08  1.19122587e+00 
 3.40835389e-08  1.19137332e+00 
 3.40855389e-08  1.19152023e+00 
 3.40875389e-08  1.19166679e+00 
 3.40895389e-08  1.19181308e+00 
 3.40915389e-08  1.19195907e+00 
 3.40935389e-08  1.19210473e+00 
 3.40955389e-08  1.19224996e+00 
 3.40975389e-08  1.19239467e+00 
 3.40995389e-08  1.19253877e+00 
 3.41015389e-08  1.19268003e+00 
 3.41035389e-08  1.19281879e+00 
 3.41055389e-08  1.19295919e+00 
 3.41075389e-08  1.19310147e+00 
 3.41095389e-08  1.19324401e+00 
 3.41115389e-08  1.19338675e+00 
 3.41135389e-08  1.19353006e+00 
 3.41155389e-08  1.19367457e+00 
 3.41175389e-08  1.19382110e+00 
 3.41195389e-08  1.19397060e+00 
 3.41215389e-08  1.19412410e+00 
 3.41235389e-08  1.19428263e+00 
 3.41255389e-08  1.19444718e+00 
 3.41275389e-08  1.19461870e+00 
 3.41295389e-08  1.19479804e+00 
 3.41315389e-08  1.19498596e+00 
 3.41335389e-08  1.19518314e+00 
 3.41355389e-08  1.19539019e+00 
 3.41375389e-08  1.19560761e+00 
 3.41395389e-08  1.19583586e+00 
 3.41415389e-08  1.19607533e+00 
 3.41435389e-08  1.19632633e+00 
 3.41455389e-08  1.19658917e+00 
 3.41475389e-08  1.19686409e+00 
 3.41495389e-08  1.19715132e+00 
 3.41515389e-08  1.19745108e+00 
 3.41535389e-08  1.19776359e+00 
 3.41555389e-08  1.19808910e+00 
 3.41575389e-08  1.19842788e+00 
 3.41595389e-08  1.19878022e+00 
 3.41615389e-08  1.19914649e+00 
 3.41635389e-08  1.19952711e+00 
 3.41655389e-08  1.19992257e+00 
 3.41675389e-08  1.20033339e+00 
 3.41695389e-08  1.20076019e+00 
 3.41715389e-08  1.20120361e+00 
 3.41735389e-08  1.20166435e+00 
 3.41755389e-08  1.20214308e+00 
 3.41775389e-08  1.20264049e+00 
 3.41795389e-08  1.20315723e+00 
 3.41815389e-08  1.20369387e+00 
 3.41835389e-08  1.20425088e+00 
 3.41855389e-08  1.20482856e+00 
 3.41875389e-08  1.20542700e+00 
 3.41895389e-08  1.20604595e+00 
 3.41915389e-08  1.20668460e+00 
 3.41935389e-08  1.20734138e+00 
 3.41955389e-08  1.20801374e+00 
 3.41975389e-08  1.20869800e+00 
 3.41995389e-08  1.20938954e+00 
 3.42015389e-08  1.21008327e+00 
 3.42035389e-08  1.21077427e+00 
 3.42055389e-08  1.21145838e+00 
 3.42075389e-08  1.21213258e+00 
 3.42095389e-08  1.21279499e+00 
 3.42115389e-08  1.21344474e+00 
 3.42135389e-08  1.21408170e+00 
 3.42155389e-08  1.21470620e+00 
 3.42175389e-08  1.21531883e+00 
 3.42195389e-08  1.21592029e+00 
 3.42215389e-08  1.21651125e+00 
 3.42235389e-08  1.21709233e+00 
 3.42255389e-08  1.21766406e+00 
 3.42275389e-08  1.21822683e+00 
 3.42295389e-08  1.21878097e+00 
 3.42315389e-08  1.21932671e+00 
 3.42335389e-08  1.21986417e+00 
 3.42355389e-08  1.22039345e+00 
 3.42375389e-08  1.22091459e+00 
 3.42395389e-08  1.22142759e+00 
 3.42415389e-08  1.22193242e+00 
 3.42435389e-08  1.22242906e+00 
 3.42455389e-08  1.22291746e+00 
 3.42475389e-08  1.22339757e+00 
 3.42495389e-08  1.22386935e+00 
 3.42515389e-08  1.22433276e+00 
 3.42535389e-08  1.22478773e+00 
 3.42555389e-08  1.22523420e+00 
 3.42575389e-08  1.22567209e+00 
 3.42595389e-08  1.22610128e+00 
 3.42615389e-08  1.22652133e+00 
 3.42635389e-08  1.22693227e+00 
 3.42655389e-08  1.22733436e+00 
 3.42675389e-08  1.22772707e+00 
 3.42695389e-08  1.22810972e+00 
 3.42715389e-08  1.22848149e+00 
 3.42735389e-08  1.22884132e+00 
 3.42755389e-08  1.22918790e+00 
 3.42775389e-08  1.22951963e+00 
 3.42795389e-08  1.22983307e+00 
 3.42815389e-08  1.23012571e+00 
 3.42835389e-08  1.23039604e+00 
 3.42855389e-08  1.23064077e+00 
 3.42875389e-08  1.23085616e+00 
 3.42895389e-08  1.23103803e+00 
 3.42915389e-08  1.23118182e+00 
 3.42935389e-08  1.23128268e+00 
 3.42955389e-08  1.23133559e+00 
 3.42975389e-08  1.23133548e+00 
 3.42995389e-08  1.23127736e+00 
 3.43015389e-08  1.23115640e+00 
 3.43035389e-08  1.23096806e+00 
 3.43055389e-08  1.23070809e+00 
 3.43075389e-08  1.23037254e+00 
 3.43095389e-08  1.22995776e+00 
 3.43115389e-08  1.22946032e+00 
 3.43135389e-08  1.22887696e+00 
 3.43155389e-08  1.22820451e+00 
 3.43175389e-08  1.22743983e+00 
 3.43195389e-08  1.22657975e+00 
 3.43215389e-08  1.22562103e+00 
 3.43235389e-08  1.22456028e+00 
 3.43255389e-08  1.22339399e+00 
 3.43275389e-08  1.22211847e+00 
 3.43295389e-08  1.22072985e+00 
 3.43315389e-08  1.21922408e+00 
 3.43335389e-08  1.21759689e+00 
 3.43355389e-08  1.21584381e+00 
 3.43375389e-08  1.21396016e+00 
 3.43395389e-08  1.21194102e+00 
 3.43415389e-08  1.20978124e+00 
 3.43435389e-08  1.20747539e+00 
 3.43455389e-08  1.20501778e+00 
 3.43475389e-08  1.20240238e+00 
 3.43495389e-08  1.19962282e+00 
 3.43515389e-08  1.19667235e+00 
 3.43535389e-08  1.19354381e+00 
 3.43555389e-08  1.19022950e+00 
 3.43575389e-08  1.18672116e+00 
 3.43595389e-08  1.18300978e+00 
 3.43615389e-08  1.17908559e+00 
 3.43635389e-08  1.17493781e+00 
 3.43655389e-08  1.17055457e+00 
 3.43675389e-08  1.16592262e+00 
 3.43695389e-08  1.16102712e+00 
 3.43715389e-08  1.15585131e+00 
 3.43735389e-08  1.15037612e+00 
 3.43755389e-08  1.14457970e+00 
 3.43775389e-08  1.13843690e+00 
 3.43795389e-08  1.13191855e+00 
 3.43815389e-08  1.12499070e+00 
 3.43835389e-08  1.11761373e+00 
 3.43855389e-08  1.10974130e+00 
 3.43875389e-08  1.10131935e+00 
 3.43895389e-08  1.09228515e+00 
 3.43915389e-08  1.08256667e+00 
 3.43935389e-08  1.07208267e+00 
 3.43955389e-08  1.06074410e+00 
 3.43975389e-08  1.04845742e+00 
 3.43995389e-08  1.03513040e+00 
 3.44015389e-08  1.02068036e+00 
 3.44035389e-08  1.00504354e+00 
 3.44055389e-08  9.88183011e-01 
 3.44075389e-08  9.70092352e-01 
 3.44095389e-08  9.50793477e-01 
 3.44115389e-08  9.30329843e-01 
 3.44135389e-08  9.08757929e-01 
 3.44155389e-08  8.86139814e-01 
 3.44175389e-08  8.62538181e-01 
 3.44195389e-08  8.38013697e-01 
 3.44215389e-08  8.12624053e-01 
 3.44235389e-08  7.86462267e-01 
 3.44255389e-08  7.59572754e-01 
 3.44275389e-08  7.31964154e-01 
 3.44295389e-08  7.03668412e-01 
 3.44315389e-08  6.74738899e-01 
 3.44335389e-08  6.45245020e-01 
 3.44355389e-08  6.15233932e-01 
 3.44375389e-08  5.84756273e-01 
 3.44395389e-08  5.53863382e-01 
 3.44415389e-08  5.22611895e-01 
 3.44435389e-08  4.91063163e-01 
 3.44455389e-08  4.59287978e-01 
 3.44475389e-08  4.27368705e-01 
 3.44495389e-08  3.95405808e-01 
 3.44515389e-08  3.63523827e-01 
 3.44535389e-08  3.31881192e-01 
 3.44555389e-08  3.00679709e-01 
 3.44575389e-08  2.70174177e-01 
 3.44595389e-08  2.40675073e-01 
 3.44615389e-08  2.12539446e-01 
 3.44635389e-08  1.86143171e-01 
 3.44655389e-08  1.61837160e-01 
 3.44675389e-08  1.39897452e-01 
 3.44695389e-08  1.20485983e-01 
 3.44715389e-08  1.03633547e-01 
 3.44735389e-08  8.92478184e-02 
 3.44755389e-08  7.71397858e-02 
 3.44775389e-08  6.70588538e-02 
 3.44795389e-08  5.87271527e-02 
 3.44815389e-08  5.18171727e-02 
 3.44835389e-08  4.60983411e-02 
 3.44855389e-08  4.14109253e-02 
 3.44875389e-08  3.75426744e-02 
 3.44895389e-08  3.43337005e-02 
 3.44915389e-08  3.16397466e-02 
 3.44935389e-08  2.93351426e-02 
 3.44955389e-08  2.73423326e-02 
 3.44975389e-08  2.56008651e-02 
 3.44995389e-08  2.40637851e-02 
 3.45015389e-08  2.26947620e-02 
 3.45035389e-08  2.14655915e-02 
 3.45055389e-08  2.03543309e-02 
 3.45075389e-08  1.93437344e-02 
 3.45095389e-08  1.84201398e-02 
 3.45115389e-08  1.75725504e-02 
 3.45135389e-08  1.67920134e-02 
 3.45155389e-08  1.60711100e-02 
 3.45175389e-08  1.54036269e-02 
 3.45195389e-08  1.47842804e-02 
 3.45215389e-08  1.42085444e-02 
 3.45235389e-08  1.36724944e-02 
 3.45255389e-08  1.31727117e-02 
 3.45275389e-08  1.27061860e-02 
 3.45295389e-08  1.22702566e-02 
 3.45315389e-08  1.18625480e-02 
 3.45335389e-08  1.14809309e-02 
 3.45355389e-08  1.11234782e-02 
 3.45375389e-08  1.07884390e-02 
 3.45395389e-08  1.04742082e-02 
 3.45415389e-08  1.01793097e-02 
 3.45435389e-08  9.90237481e-03 
 3.45455389e-08  9.64213216e-03 
 3.45475389e-08  9.39739245e-03 
 3.45495389e-08  9.16704279e-03 
 3.45515389e-08  8.95003624e-03 
 3.45535389e-08  8.74538921e-03 
 3.45555389e-08  8.55217439e-03 
 3.45575389e-08  8.36952019e-03 
 3.45595389e-08  8.19660585e-03 
 3.45615389e-08  8.03266207e-03 
 3.45635389e-08  7.87696738e-03 
 3.45655389e-08  7.72884931e-03 
 3.45675389e-08  7.58768149e-03 
 3.45695389e-08  7.45288521e-03 
 3.45715389e-08  7.32392739e-03 
 3.45735389e-08  7.20032305e-03 
 3.45755389e-08  7.08163524e-03 
 3.45775389e-08  6.96747969e-03 
 3.45795389e-08  6.85752757e-03 
 3.45815389e-08  6.75151312e-03 
 3.45835389e-08  6.64923919e-03 
 3.45855389e-08  6.55058631e-03 
 3.45875389e-08  6.45551707e-03 
 3.45895389e-08  6.36407950e-03 
 3.45915389e-08  6.27639990e-03 
 3.45935389e-08  6.19266733e-03 
 3.45955389e-08  6.11310140e-03 
 3.45975389e-08  6.03790964e-03 
 3.45995389e-08  5.96723700e-03 
 3.46015389e-08  5.90113075e-03 
 3.46035389e-08  5.83954094e-03 
 3.46055389e-08  5.78237428e-03 
 3.46075389e-08  5.72957190e-03 
 3.46095389e-08  5.68115798e-03 
 3.46115389e-08  5.63721520e-03 
 3.46135389e-08  5.59780533e-03 
 3.46155389e-08  5.56287589e-03 
 3.46175389e-08  5.53219790e-03 
 3.46195389e-08  5.50534886e-03 
 3.46215389e-08  5.48174213e-03 
 3.46235389e-08  5.46068183e-03 
 3.46255389e-08  5.44142761e-03 
 3.46275389e-08  5.42324961e-03 
 3.46295389e-08  5.40546959e-03 
 3.46315389e-08  5.38748293e-03 
 3.46335389e-08  5.36876758e-03 
 3.46355389e-08  5.34888032e-03 
 3.46375389e-08  5.32744775e-03 
 3.46395389e-08  5.30415120e-03 
 3.46415389e-08  5.27871120e-03 
 3.46435389e-08  5.25086867e-03 
 3.46455389e-08  5.22036642e-03 
 3.46475389e-08  5.18703961e-03 
 3.46495389e-08  5.15076022e-03 
 3.46515389e-08  5.11089351e-03 
 3.46535389e-08  5.06661549e-03 
 3.46555389e-08  5.01738589e-03 
 3.46575389e-08  4.96262254e-03 
 3.46595389e-08  4.90155637e-03 
 3.46615389e-08  4.83327119e-03 
 3.46635389e-08  4.75682632e-03 
 3.46655389e-08  4.67134823e-03 
 3.46675389e-08  4.57614715e-03 
 3.46695389e-08  4.47079208e-03 
 3.46715389e-08  4.35513684e-03 
 3.46735389e-08  4.22928815e-03 
 3.46755389e-08  4.09353024e-03 
 3.46775389e-08  3.94824187e-03 
 3.46795389e-08  3.79382214e-03 
 3.46815389e-08  3.63064707e-03 
 3.46835389e-08  3.45904842e-03 
 3.46855389e-08  3.27931605e-03 
 3.46875389e-08  3.09170767e-03 
 3.46895389e-08  2.89646474e-03 
 3.46915389e-08  2.69382427e-03 
 3.46935389e-08  2.48402870e-03 
 3.46955389e-08  2.26732914e-03 
 3.46975389e-08  2.04398603e-03 
 3.46995389e-08  1.81426487e-03 
 3.47015389e-08  1.57843105e-03 
 3.47035389e-08  1.33674204e-03 
 3.47055389e-08  1.08944027e-03 
 3.47075389e-08  8.36744899e-04 
 3.47095389e-08  5.78845389e-04 
 3.47115389e-08  3.15894770e-04 
 3.47135389e-08  4.80052049e-05 
 3.47155389e-08 -2.24756142e-04 
 3.47175389e-08 -5.02368413e-04 
 3.47195389e-08 -7.84857090e-04 
 3.47215389e-08 -1.07229029e-03 
 3.47235389e-08 -1.36477243e-03 
 3.47255389e-08 -1.66243199e-03 
 3.47275389e-08 -1.96540388e-03 
 3.47295389e-08 -2.27380293e-03 
 3.47315389e-08 -2.58768918e-03 
 3.47335389e-08 -2.90702267e-03 
 3.47355389e-08 -3.23161169e-03 
 3.47375389e-08 -3.56105785e-03 
 3.47395389e-08 -3.89471044e-03 
 3.47415389e-08 -4.23164249e-03 
 3.47435389e-08 -4.57066677e-03 
 3.47455389e-08 -4.91039983e-03 
 3.47475389e-08 -5.24937345e-03 
 3.47495389e-08 -5.58617087e-03 
 3.47515389e-08 -5.91955806e-03 
 3.47535389e-08 -6.24857704e-03 
 3.47555389e-08 -6.57258703e-03 
 3.47575389e-08 -6.89125411e-03 
 3.47595389e-08 -7.20450752e-03 
 3.47615389e-08 -7.51247995e-03 
 3.47635389e-08 -7.81544946e-03 
 3.47655389e-08 -8.11378925e-03 
 3.47675389e-08 -8.40793034e-03 
 3.47695389e-08 -8.69833399e-03 
 3.47715389e-08 -8.98547388e-03 
 3.47735389e-08 -9.26982341e-03 
 3.47755389e-08 -9.55184853e-03 
 3.47775389e-08 -9.83200258e-03 
 3.47795389e-08 -1.01107244e-02 
 3.47815389e-08 -1.03884372e-02 
 3.47835389e-08 -1.06655493e-02 
 3.47855389e-08 -1.09424553e-02 
 3.47875389e-08 -1.12195366e-02 
 3.47895389e-08 -1.14971610e-02 
 3.47915389e-08 -1.17756799e-02 
 3.47935389e-08 -1.20554214e-02 
 3.47955389e-08 -1.23366791e-02 
 3.47975389e-08 -1.26196940e-02 
 3.47995389e-08 -1.29046285e-02 
 3.48015389e-08 -1.31915310e-02 
 3.48035389e-08 -1.34802910e-02 
 3.48055389e-08 -1.37705834e-02 
 3.48075389e-08 -1.40618068e-02 
 3.48095389e-08 -1.43530208e-02 
 3.48115389e-08 -1.46428923e-02 
 3.48135389e-08 -1.49296618e-02 
 3.48155389e-08 -1.52111386e-02 
 3.48175389e-08 -1.54847311e-02 
 3.48195389e-08 -1.57475076e-02 
 3.48215389e-08 -1.59962795e-02 
 3.48235389e-08 -1.62276933e-02 
 3.48255389e-08 -1.64383149e-02 
 3.48275389e-08 -1.66247001e-02 
 3.48295389e-08 -1.67834396e-02 
 3.48315389e-08 -1.69111831e-02 
 3.48335389e-08 -1.70046403e-02 
 3.48355389e-08 -1.70605669e-02 
 3.48375389e-08 -1.70757366e-02 
 3.48395389e-08 -1.70469080e-02 
 3.48415389e-08 -1.69707851e-02 
 3.48435389e-08 -1.68439787e-02 
 3.48455389e-08 -1.66629651e-02 
 3.48475389e-08 -1.64240480e-02 
 3.48495389e-08 -1.61233188e-02 
 3.48515389e-08 -1.57566192e-02 
 3.48535389e-08 -1.53195029e-02 
 3.48555389e-08 -1.48071968e-02 
 3.48575389e-08 -1.42145609e-02 
 3.48595389e-08 -1.35360464e-02 
 3.48615389e-08 -1.27656499e-02 
 3.48635389e-08 -1.18968643e-02 
 3.48655389e-08 -1.09226246e-02 
 3.48675389e-08 -9.83524733e-03 
 3.48695389e-08 -8.62636179e-03 
 3.48715389e-08 -7.28683341e-03 
 3.48735389e-08 -5.80667415e-03 
 3.48755389e-08 -4.17494030e-03 
 3.48775389e-08 -2.37961238e-03 
 3.48795389e-08 -4.07455326e-04 
 3.48815389e-08  1.75615154e-03 
 3.48835389e-08  4.12746319e-03 
 3.48855389e-08  6.72464473e-03 
 3.48875389e-08  9.56808786e-03 
 3.48895389e-08  1.26808302e-02 
 3.48915389e-08  1.60890745e-02 
 3.48935389e-08  1.98228407e-02 
 3.48955389e-08  2.39167773e-02 
 3.48975389e-08  2.84111688e-02 
 3.48995389e-08  3.33531649e-02 
 3.49015389e-08  3.87982507e-02 
 3.49035389e-08  4.48119243e-02 
 3.49055389e-08  5.14714699e-02 
 3.49075389e-08  5.88675310e-02 
 3.49095389e-08  6.71048976e-02 
 3.49115389e-08  7.63014821e-02 
 3.49135389e-08  8.65840152e-02 
 3.49155389e-08  9.80789746e-02 
 3.49175389e-08  1.10898517e-01 
 3.49195389e-08  1.25124279e-01 
 3.49215389e-08  1.40795400e-01 
 3.49235389e-08  1.57907028e-01 
 3.49255389e-08  1.76419804e-01 
 3.49275389e-08  1.96274323e-01 
 3.49295389e-08  2.17403655e-01 
 3.49315389e-08  2.39740883e-01 
 3.49335389e-08  2.63222354e-01 
 3.49355389e-08  2.87788392e-01 
 3.49375389e-08  3.13382904e-01 
 3.49395389e-08  3.39952571e-01 
 3.49415389e-08  3.67445930e-01 
 3.49435389e-08  3.95812395e-01 
 3.49455389e-08  4.25001213e-01 
 3.49475389e-08  4.54960292e-01 
 3.49495389e-08  4.85634833e-01 
 3.49515389e-08  5.16965689e-01 
 3.49535389e-08  5.48887334e-01 
 3.49555389e-08  5.81325289e-01 
 3.49575389e-08  6.14192837e-01 
 3.49595389e-08  6.47386870e-01 
 3.49615389e-08  6.80782815e-01 
 3.49635389e-08  7.14228908e-01 
 3.49655389e-08  7.47540671e-01 
 3.49675389e-08  7.80497426e-01 
 3.49695389e-08  8.12843664e-01 
 3.49715389e-08  8.44298366e-01 
 3.49735389e-08  8.74573713e-01 
 3.49755389e-08  9.03400731e-01 
 3.49775389e-08  9.30555216e-01 
 3.49795389e-08  9.55876113e-01 
 3.49815389e-08  9.79271914e-01 
 3.49835389e-08  1.00071597e+00 
 3.49855389e-08  1.02023510e+00 
 3.49875389e-08  1.03789623e+00 
 3.49895389e-08  1.05379404e+00 
 3.49915389e-08  1.06804092e+00 
 3.49935389e-08  1.08075915e+00 
 3.49955389e-08  1.09207517e+00 
 3.49975389e-08  1.10211524e+00 
 3.49995389e-08  1.11100239e+00 
 3.50015389e-08  1.11885416e+00 
 3.50035389e-08  1.12578111e+00 
 3.50055389e-08  1.13188598e+00 
 3.50075389e-08  1.13726314e+00 
 3.50095389e-08  1.14199854e+00 
 3.50115389e-08  1.14616983e+00 
 3.50135389e-08  1.14984670e+00 
 3.50155389e-08  1.15309134e+00 
 3.50175389e-08  1.15595891e+00 
 3.50195389e-08  1.15849818e+00 
 3.50215389e-08  1.16075203e+00 
 3.50235389e-08  1.16275809e+00 
 3.50255389e-08  1.16454924e+00 
 3.50275389e-08  1.16615416e+00 
 3.50295389e-08  1.16759778e+00 
 3.50315389e-08  1.16890176e+00 
 3.50335389e-08  1.17008487e+00 
 3.50355389e-08  1.17116334e+00 
 3.50375389e-08  1.17215118e+00 
 3.50395389e-08  1.17306048e+00 
 3.50415389e-08  1.17390162e+00 
 3.50435389e-08  1.17468352e+00 
 3.50455389e-08  1.17541381e+00 
 3.50475389e-08  1.17609903e+00 
 3.50495389e-08  1.17674474e+00 
 3.50515389e-08  1.17735572e+00 
 3.50535389e-08  1.17793601e+00 
 3.50555389e-08  1.17848909e+00 
 3.50575389e-08  1.17901789e+00 
 3.50595389e-08  1.17952494e+00 
 3.50615389e-08  1.18001241e+00 
 3.50635389e-08  1.18048216e+00 
 3.50655389e-08  1.18093426e+00 
 3.50675389e-08  1.18137017e+00 
 3.50695389e-08  1.18179247e+00 
 3.50715389e-08  1.18220240e+00 
 3.50735389e-08  1.18260104e+00 
 3.50755389e-08  1.18298913e+00 
 3.50775389e-08  1.18336740e+00 
 3.50795389e-08  1.18373640e+00 
 3.50815389e-08  1.18409668e+00 
 3.50835389e-08  1.18444864e+00 
 3.50855389e-08  1.18479627e+00 
 3.50875389e-08  1.18513900e+00 
 3.50895389e-08  1.18547315e+00 
 3.50915389e-08  1.18579927e+00 
 3.50935389e-08  1.18611763e+00 
 3.50955389e-08  1.18642844e+00 
 3.50975389e-08  1.18673176e+00 
 3.50995389e-08  1.18702762e+00 
 3.51015389e-08  1.18731593e+00 
 3.51035389e-08  1.18759657e+00 
 3.51055389e-08  1.18786934e+00 
 3.51075389e-08  1.18813399e+00 
 3.51095389e-08  1.18839021e+00 
 3.51115389e-08  1.18863770e+00 
 3.51135389e-08  1.18887610e+00 
 3.51155389e-08  1.18910512e+00 
 3.51175389e-08  1.18932448e+00 
 3.51195389e-08  1.18953404e+00 
 3.51215389e-08  1.18973382e+00 
 3.51235389e-08  1.18992405e+00 
 3.51255389e-08  1.19010527e+00 
 3.51275389e-08  1.19027831e+00 
 3.51295389e-08  1.19044424e+00 
 3.51315389e-08  1.19060433e+00 
 3.51335389e-08  1.19075989e+00 
 3.51355389e-08  1.19091212e+00 
 3.51375389e-08  1.19106206e+00 
 3.51395389e-08  1.19121050e+00 
 3.51415389e-08  1.19135802e+00 
 3.51435389e-08  1.19150498e+00 
 3.51455389e-08  1.19165157e+00 
 3.51475389e-08  1.19179788e+00 
 3.51495389e-08  1.19194391e+00 
 3.51515389e-08  1.19208960e+00 
 3.51535389e-08  1.19223488e+00 
 3.51555389e-08  1.19237964e+00 
 3.51575389e-08  1.19252381e+00 
 3.51595389e-08  1.19266511e+00 
 3.51615389e-08  1.19280391e+00 
 3.51635389e-08  1.19294440e+00 
 3.51655389e-08  1.19308677e+00 
 3.51675389e-08  1.19322934e+00 
 3.51695389e-08  1.19337204e+00 
 3.51715389e-08  1.19351525e+00 
 3.51735389e-08  1.19365957e+00 
 3.51755389e-08  1.19380583e+00 
 3.51775389e-08  1.19395495e+00 
 3.51795389e-08  1.19410797e+00 
 3.51815389e-08  1.19426590e+00 
 3.51835389e-08  1.19442977e+00 
 3.51855389e-08  1.19460051e+00 
 3.51875389e-08  1.19477898e+00 
 3.51895389e-08  1.19496596e+00 
 3.51915389e-08  1.19516215e+00 
 3.51935389e-08  1.19536813e+00 
 3.51955389e-08  1.19558445e+00 
 3.51975389e-08  1.19581155e+00 
 3.51995389e-08  1.19604982e+00 
 3.52015389e-08  1.19629961e+00 
 3.52035389e-08  1.19656120e+00 
 3.52055389e-08  1.19683485e+00 
 3.52075389e-08  1.19712078e+00 
 3.52095389e-08  1.19741922e+00 
 3.52115389e-08  1.19773040e+00 
 3.52135389e-08  1.19805454e+00 
 3.52155389e-08  1.19839192e+00 
 3.52175389e-08  1.19874283e+00 
 3.52195389e-08  1.19910763e+00 
 3.52215389e-08  1.19948674e+00 
 3.52235389e-08  1.19988062e+00 
 3.52255389e-08  1.20028981e+00 
 3.52275389e-08  1.20071492e+00 
 3.52295389e-08  1.20115658e+00 
 3.52315389e-08  1.20161547e+00 
 3.52335389e-08  1.20209229e+00 
 3.52355389e-08  1.20258773e+00 
 3.52375389e-08  1.20310243e+00 
 3.52395389e-08  1.20363697e+00 
 3.52415389e-08  1.20419183e+00 
 3.52435389e-08  1.20476735e+00 
 3.52455389e-08  1.20536363e+00 
 3.52475389e-08  1.20598047e+00 
 3.52495389e-08  1.20661712e+00 
 3.52515389e-08  1.20727211e+00 
 3.52535389e-08  1.20794300e+00 
 3.52555389e-08  1.20862622e+00 
 3.52575389e-08  1.20931724e+00 
 3.52595389e-08  1.21001097e+00 
 3.52615389e-08  1.21070246e+00 
 3.52635389e-08  1.21138746e+00 
 3.52655389e-08  1.21206279e+00 
 3.52675389e-08  1.21272649e+00 
 3.52695389e-08  1.21337758e+00 
 3.52715389e-08  1.21401586e+00 
 3.52735389e-08  1.21464164e+00 
 3.52755389e-08  1.21525548e+00 
 3.52775389e-08  1.21585807e+00 
 3.52795389e-08  1.21645009e+00 
 3.52815389e-08  1.21703218e+00 
 3.52835389e-08  1.21760486e+00 
 3.52855389e-08  1.21816855e+00 
 3.52875389e-08  1.21872358e+00 
 3.52895389e-08  1.21927018e+00 
 3.52915389e-08  1.21980850e+00 
 3.52935389e-08  1.22033864e+00 
 3.52955389e-08  1.22086062e+00 
 3.52975389e-08  1.22137447e+00 
 3.52995389e-08  1.22188015e+00 
 3.53015389e-08  1.22237765e+00 
 3.53035389e-08  1.22286691e+00 
 3.53055389e-08  1.22334789e+00 
 3.53075389e-08  1.22382054e+00 
 3.53095389e-08  1.22428482e+00 
 3.53115389e-08  1.22474067e+00 
 3.53135389e-08  1.22518803e+00 
 3.53155389e-08  1.22562682e+00 
 3.53175389e-08  1.22605693e+00 
 3.53195389e-08  1.22647790e+00 
 3.53215389e-08  1.22688978e+00 
 3.53235389e-08  1.22729285e+00 
 3.53255389e-08  1.22768659e+00 
 3.53275389e-08  1.22807035e+00 
 3.53295389e-08  1.22844331e+00 
 3.53315389e-08  1.22880445e+00 
 3.53335389e-08  1.22915249e+00 
 3.53355389e-08  1.22948586e+00 
 3.53375389e-08  1.22980262e+00 
 3.53395389e-08  1.23009866e+00 
 3.53415389e-08  1.23037112e+00 
 3.53435389e-08  1.23061840e+00 
 3.53455389e-08  1.23083678e+00 
 3.53475389e-08  1.23102213e+00 
 3.53495389e-08  1.23116990e+00 
 3.53515389e-08  1.23127528e+00 
 3.53535389e-08  1.23133326e+00 
 3.53555389e-08  1.23133876e+00 
 3.53575389e-08  1.23128676e+00 
 3.53595389e-08  1.23117244e+00 
 3.53615389e-08  1.23099120e+00 
 3.53635389e-08  1.23073876e+00 
 3.53655389e-08  1.23041114e+00 
 3.53675389e-08  1.23000466e+00 
 3.53695389e-08  1.22951587e+00 
 3.53715389e-08  1.22894150e+00 
 3.53735389e-08  1.22827836e+00 
 3.53755389e-08  1.22752333e+00 
 3.53775389e-08  1.22667323e+00 
 3.53795389e-08  1.22572482e+00 
 3.53815389e-08  1.22467475e+00 
 3.53835389e-08  1.22351950e+00 
 3.53855389e-08  1.22225542e+00 
 3.53875389e-08  1.22087865e+00 
 3.53895389e-08  1.21938515e+00 
 3.53915389e-08  1.21777068e+00 
 3.53935389e-08  1.21603080e+00 
 3.53955389e-08  1.21416084e+00 
 3.53975389e-08  1.21215591e+00 
 3.53995389e-08  1.21001088e+00 
 3.54015389e-08  1.20772035e+00 
 3.54035389e-08  1.20527867e+00 
 3.54055389e-08  1.20267983e+00 
 3.54075389e-08  1.19991751e+00 
 3.54095389e-08  1.19698499e+00 
 3.54115389e-08  1.19387516e+00 
 3.54135389e-08  1.19058038e+00 
 3.54155389e-08  1.18709245e+00 
 3.54175389e-08  1.18340246e+00 
 3.54195389e-08  1.17950069e+00 
 3.54215389e-08  1.17537651e+00 
 3.54235389e-08  1.17101814e+00 
 3.54255389e-08  1.16641250e+00 
 3.54275389e-08  1.16154492e+00 
 3.54295389e-08  1.15639886e+00 
 3.54315389e-08  1.15095551e+00 
 3.54335389e-08  1.14519333e+00 
 3.54355389e-08  1.13908753e+00 
 3.54375389e-08  1.13260940e+00 
 3.54395389e-08  1.12572552e+00 
 3.54415389e-08  1.11839689e+00 
 3.54435389e-08  1.11057792e+00 
 3.54455389e-08  1.10221540e+00 
 3.54475389e-08  1.09324753e+00 
 3.54495389e-08  1.08360324e+00 
 3.54515389e-08  1.07320220e+00 
 3.54535389e-08  1.06195607e+00 
 3.54555389e-08  1.04977153e+00 
 3.54575389e-08  1.03655587e+00 
 3.54595389e-08  1.02222502e+00 
 3.54615389e-08  1.00671282e+00 
 3.54635389e-08  9.89979331e-01 
 3.54655389e-08  9.72014977e-01 
 3.54675389e-08  9.52839008e-01 
 3.54695389e-08  9.32493050e-01 
 3.54715389e-08  9.11032619e-01 
 3.54735389e-08  8.88519489e-01 
 3.54755389e-08  8.65016440e-01 
 3.54775389e-08  8.40584412e-01 
 3.54795389e-08  8.15281416e-01 
 3.54815389e-08  7.89201643e-01 
 3.54835389e-08  7.62389587e-01 
 3.54855389e-08  7.34853077e-01 
 3.54875389e-08  7.06623752e-01 
 3.54895389e-08  6.77755136e-01 
 3.54915389e-08  6.48317219e-01 
 3.54935389e-08  6.18357066e-01 
 3.54955389e-08  5.87925123e-01 
 3.54975389e-08  5.57072418e-01 
 3.54995389e-08  5.25855103e-01 
 3.55015389e-08  4.94333816e-01 
 3.55035389e-08  4.62578315e-01 
 3.55055389e-08  4.30669482e-01 
 3.55075389e-08  3.98705680e-01 
 3.55095389e-08  3.66808532e-01 
 3.55115389e-08  3.35132544e-01 
 3.55135389e-08  3.03874547e-01 
 3.55155389e-08  2.73283596e-01 
 3.55175389e-08  2.43664570e-01 
 3.55195389e-08  2.15370668e-01 
 3.55215389e-08  1.88777627e-01 
 3.55235389e-08  1.64241279e-01 
 3.55255389e-08  1.42047510e-01 
 3.55275389e-08  1.22371268e-01 
 3.55295389e-08  1.05256908e-01 
 3.55315389e-08  9.06238329e-02 
 3.55335389e-08  7.82914484e-02 
 3.55355389e-08  6.80138554e-02 
 3.55375389e-08  5.95145688e-02 
 3.55395389e-08  5.24631531e-02 
 3.55415389e-08  4.66273571e-02 
 3.55435389e-08  4.18465669e-02 
 3.55455389e-08  3.79043543e-02 
 3.55475389e-08  3.46373966e-02 
 3.55495389e-08  3.18979214e-02 
 3.55515389e-08  2.95569830e-02 
 3.55535389e-08  2.75350292e-02 
 3.55555389e-08  2.57699992e-02 
 3.55575389e-08  2.42136805e-02 
 3.55595389e-08  2.28287615e-02 
 3.55615389e-08  2.15862914e-02 
 3.55635389e-08  2.04637559e-02 
 3.55655389e-08  1.94434815e-02 
 3.55675389e-08  1.85114808e-02 
 3.55695389e-08  1.76565148e-02 
 3.55715389e-08  1.68694450e-02 
 3.55735389e-08  1.61427120e-02 
 3.55755389e-08  1.54699919e-02 
 3.55775389e-08  1.48459144e-02 
 3.55795389e-08  1.42658829e-02 
 3.55815389e-08  1.37259164e-02 
 3.55835389e-08  1.32225484e-02 
 3.55855389e-08  1.27527299e-02 
 3.55875389e-08  1.23137673e-02 
 3.55895389e-08  1.19032577e-02 
 3.55915389e-08  1.15190487e-02 
 3.55935389e-08  1.11591936e-02 
 3.55955389e-08  1.08219249e-02 
 3.55975389e-08  1.05056235e-02 
 3.55995389e-08  1.02088009e-02 
 3.56015389e-08  9.93007811e-03 
 3.56035389e-08  9.66817425e-03 
 3.56055389e-08  9.42189207e-03 
 3.56075389e-08  9.19011119e-03 
 3.56095389e-08  8.97177818e-03 
 3.56115389e-08  8.76590316e-03 
 3.56135389e-08  8.57155319e-03 
 3.56155389e-08  8.38785106e-03 
 3.56175389e-08  8.21397090e-03 
 3.56195389e-08  8.04913816e-03 
 3.56215389e-08  7.89262653e-03 
 3.56235389e-08  7.74375850e-03 
 3.56255389e-08  7.60190303e-03 
 3.56275389e-08  7.46647648e-03 
 3.56295389e-08  7.33694109e-03 
 3.56315389e-08  7.21280686e-03 
 3.56335389e-08  7.09363178e-03 
 3.56355389e-08  6.97902598e-03 
 3.56375389e-08  6.86865468e-03 
 3.56395389e-08  6.76224529e-03 
 3.56415389e-08  6.65959327e-03 
 3.56435389e-08  6.56057080e-03 
 3.56455389e-08  6.46513187e-03 
 3.56475389e-08  6.37331577e-03 
 3.56495389e-08  6.28524136e-03 
 3.56515389e-08  6.20109237e-03 
 3.56535389e-08  6.12108714e-03 
 3.56555389e-08  6.04543672e-03 
 3.56575389e-08  5.97429463e-03 
 3.56595389e-08  5.90771898e-03 
 3.56615389e-08  5.84566824e-03 
 3.56635389e-08  5.78804997e-03 
 3.56655389e-08  5.73479855e-03 
 3.56675389e-08  5.68592937e-03 
 3.56695389e-08  5.64152219e-03 
 3.56715389e-08  5.60164536e-03 
 3.56735389e-08  5.56626184e-03 
 3.56755389e-08  5.53516241e-03 
 3.56775389e-08  5.50794386e-03 
 3.56795389e-08  5.48403417e-03 
 3.56815389e-08  5.46274578e-03 
 3.56835389e-08  5.44334010e-03 
 3.56855389e-08  5.42508403e-03 
 3.56875389e-08  5.40729268e-03 
 3.56895389e-08  5.38935324e-03 
 3.56915389e-08  5.37073511e-03 
 3.56935389e-08  5.35098736e-03 
 3.56955389e-08  5.32972994e-03 
 3.56975389e-08  5.30663931e-03 
 3.56995389e-08  5.28143274e-03 
 3.57015389e-08  5.25384995e-03 
 3.57035389e-08  5.22363446e-03 
 3.57055389e-08  5.19062189e-03 
 3.57075389e-08  5.15468815e-03 
 3.57095389e-08  5.11521600e-03 
 3.57115389e-08  5.07139416e-03 
 3.57135389e-08  5.02268687e-03 
 3.57155389e-08  4.96852500e-03 
 3.57175389e-08  4.90815195e-03 
 3.57195389e-08  4.84065774e-03 
 3.57215389e-08  4.76509985e-03 
 3.57235389e-08  4.68059141e-03 
 3.57255389e-08  4.58641978e-03 
 3.57275389e-08  4.48212486e-03 
 3.57295389e-08  4.36753188e-03 
 3.57315389e-08  4.24272448e-03 
 3.57335389e-08  4.10797260e-03 
 3.57355389e-08  3.96364904e-03 
 3.57375389e-08  3.81015341e-03 
 3.57395389e-08  3.64786547e-03 
 3.57415389e-08  3.47712176e-03 
 3.57435389e-08  3.29821611e-03 
 3.57455389e-08  3.11140887e-03 
 3.57475389e-08  2.91694253e-03 
 3.57495389e-08  2.71505410e-03 
 3.57515389e-08  2.50598517e-03 
 3.57535389e-08  2.28998592e-03 
 3.57555389e-08  2.06731592e-03 
 3.57575389e-08  1.83824041e-03 
 3.57595389e-08  1.60302510e-03 
 3.57615389e-08  1.36192866e-03 
 3.57635389e-08  1.11519538e-03 
 3.57655389e-08  8.63047207e-04 
 3.57675389e-08  6.05676933e-04 
 3.57695389e-08  3.43241628e-04 
 3.57715389e-08  7.58578335e-05 
 3.57735389e-08 -1.96402496e-04 
 3.57755389e-08 -4.73513735e-04 
 3.57775389e-08 -7.55496655e-04 
 3.57795389e-08 -1.04241525e-03 
 3.57815389e-08 -1.33437061e-03 
 3.57835389e-08 -1.63148949e-03 
 3.57855389e-08 -1.93390716e-03 
 3.57875389e-08 -2.24174201e-03 
 3.57895389e-08 -2.55506163e-03 
 3.57915389e-08 -2.87383873e-03 
 3.57935389e-08 -3.19789977e-03 
 3.57955389e-08 -3.52687009e-03 
 3.57975389e-08 -3.86012660e-03 
 3.57995389e-08 -4.19677092e-03 
 3.58015389e-08 -4.53564050e-03 
 3.58035389e-08 -4.87536775e-03 
 3.58055389e-08 -5.21448702e-03 
 3.58075389e-08 -5.55156983e-03 
 3.58095389e-08 -5.88535813e-03 
 3.58115389e-08 -6.21486263e-03 
 3.58135389e-08 -6.53940953e-03 
 3.58155389e-08 -6.85863487e-03 
 3.58175389e-08 -7.17244335e-03 
 3.58195389e-08 -7.48094953e-03 
 3.58215389e-08 -7.78441893e-03 
 3.58235389e-08 -8.08321690e-03 
 3.58255389e-08 -8.37776991e-03 
 3.58275389e-08 -8.66853710e-03 
 3.58295389e-08 -8.95599147e-03 
 3.58315389e-08 -9.24060692e-03 
 3.58335389e-08 -9.52285040e-03 
 3.58355389e-08 -9.80317671e-03 
 3.58375389e-08 -1.00820262e-02 
 3.58395389e-08 -1.03598237e-02 
 3.58415389e-08 -1.06369792e-02 
 3.58435389e-08 -1.09138884e-02 
 3.58455389e-08 -1.11909341e-02 
 3.58475389e-08 -1.14684857e-02 
 3.58495389e-08 -1.17468964e-02 
 3.58515389e-08 -1.20264973e-02 
 3.58535389e-08 -1.23075862e-02 
 3.58555389e-08 -1.25860630e-02 
 3.58575389e-08 -1.28694283e-02 
 3.58595389e-08 -1.31591054e-02 
 3.58615389e-08 -1.34489623e-02 
 3.58635389e-08 -1.37400078e-02 
 3.58655389e-08 -1.40314318e-02 
 3.58675389e-08 -1.43229732e-02 
 3.58695389e-08 -1.46130542e-02 
 3.58715389e-08 -1.49003212e-02 
 3.58735389e-08 -1.51823991e-02 
 3.58755389e-08 -1.54569563e-02 
 3.58775389e-08 -1.57209302e-02 
 3.58795389e-08 -1.59712957e-02 
 3.58815389e-08 -1.62046014e-02 
 3.58835389e-08 -1.64175097e-02 
 3.58855389e-08 -1.66065010e-02 
 3.58875389e-08 -1.67682211e-02 
 3.58895389e-08 -1.68992642e-02 
 3.58915389e-08 -1.69963737e-02 
 3.58935389e-08 -1.70562694e-02 
 3.58955389e-08 -1.70757502e-02 
 3.58975389e-08 -1.70515569e-02 
 3.58995389e-08 -1.69804176e-02 
 3.59015389e-08 -1.68589405e-02 
 3.59035389e-08 -1.66836284e-02 
 3.59055389e-08 -1.64507953e-02 
 3.59075389e-08 -1.61565631e-02 
 3.59095389e-08 -1.57967949e-02 
 3.59115389e-08 -1.53670799e-02 
 3.59135389e-08 -1.48626765e-02 
 3.59155389e-08 -1.42784869e-02 
 3.59175389e-08 -1.36090036e-02 
 3.59195389e-08 -1.28482734e-02 
 3.59215389e-08 -1.19898418e-02 
 3.59235389e-08 -1.10267042e-02 
 3.59255389e-08 -9.95124232e-03 
 3.59275389e-08 -8.75515955e-03 
 3.59295389e-08 -7.42940271e-03 
 3.59315389e-08 -5.96407537e-03 
 3.59335389e-08 -4.34833637e-03 
 3.59355389e-08 -2.57028192e-03 
 3.59375389e-08 -6.16808088e-04 
 3.59395389e-08  1.52655503e-03 
 3.59415389e-08  3.87588257e-03 
 3.59435389e-08  6.44913215e-03 
 3.59455389e-08  9.26645087e-03 
 3.59475389e-08  1.23505848e-02 
 3.59495389e-08  1.57273864e-02 
 3.59515389e-08  1.94264525e-02 
 3.59535389e-08  2.34819169e-02 
 3.59555389e-08  2.79334373e-02 
 3.59575389e-08  3.28273999e-02 
 3.59595389e-08  3.82183664e-02 
 3.59615389e-08  4.41707324e-02 
 3.59635389e-08  5.07605020e-02 
 3.59655389e-08  5.80769001e-02 
 3.59675389e-08  6.62232806e-02 
 3.59695389e-08  7.53163461e-02 
 3.59715389e-08  8.54822545e-02 
 3.59735389e-08  9.68480784e-02 
 3.59755389e-08  1.09528182e-01 
 3.59775389e-08  1.23607992e-01 
 3.59795389e-08  1.39131258e-01 
 3.59815389e-08  1.56097330e-01 
 3.59835389e-08  1.74469724e-01 
 3.59855389e-08  1.94190437e-01 
 3.59875389e-08  2.15192872e-01 
 3.59895389e-08  2.37409905e-01 
 3.59915389e-08  2.60777487e-01 
 3.59935389e-08  2.85235546e-01 
 3.59955389e-08  3.10727655e-01 
 3.59975389e-08  3.37200255e-01 
 3.59995389e-08  3.64601737e-01 
 3.60015389e-08  3.92881471e-01 
 3.60035389e-08  4.21988775e-01 
 3.60055389e-08  4.51871748e-01 
 3.60075389e-08  4.82475940e-01 
 3.60095389e-08  5.13742732e-01 
 3.60115389e-08  5.45607355e-01 
 3.60135389e-08  5.77996381e-01 
 3.60155389e-08  6.10824514e-01 
 3.60175389e-08  6.43990535e-01 
 3.60195389e-08  6.77372318e-01 
 3.60215389e-08  7.10821137e-01 
 3.60235389e-08  7.44156064e-01 
 3.60255389e-08  7.77160157e-01 
 3.60275389e-08  8.09581190e-01 
 3.60295389e-08  8.41140041e-01 
 3.60315389e-08  8.71548486e-01 
 3.60335389e-08  9.00534382e-01 
 3.60355389e-08  9.27867939e-01 
 3.60375389e-08  9.53381157e-01 
 3.60395389e-08  9.76975493e-01 
 3.60415389e-08  9.98618131e-01 
 3.60435389e-08  1.01833105e+00 
 3.60455389e-08  1.03617769e+00 
 3.60475389e-08  1.05225040e+00 
 3.60495389e-08  1.06666014e+00 
 3.60515389e-08  1.07952850e+00 
 3.60535389e-08  1.09098169e+00 
 3.60555389e-08  1.10114617e+00 
 3.60575389e-08  1.11014541e+00 
 3.60595389e-08  1.11809757e+00 
 3.60615389e-08  1.12511399e+00 
 3.60635389e-08  1.13129823e+00 
 3.60655389e-08  1.13674552e+00 
 3.60675389e-08  1.14154267e+00 
 3.60695389e-08  1.14576817e+00 
 3.60715389e-08  1.14949249e+00 
 3.60735389e-08  1.15277857e+00 
 3.60755389e-08  1.15568226e+00 
 3.60775389e-08  1.15825294e+00 
 3.60795389e-08  1.16053410e+00 
 3.60815389e-08  1.16256384e+00 
 3.60835389e-08  1.16437553e+00 
 3.60855389e-08  1.16599824e+00 
 3.60875389e-08  1.16745726e+00 
 3.60895389e-08  1.16877457e+00 
 3.60915389e-08  1.16996923e+00 
 3.60935389e-08  1.17105769e+00 
 3.60955389e-08  1.17205419e+00 
 3.60975389e-08  1.17297100e+00 
 3.60995389e-08  1.17381866e+00 
 3.61015389e-08  1.17460623e+00 
 3.61035389e-08  1.17534146e+00 
 3.61055389e-08  1.17603100e+00 
 3.61075389e-08  1.17668052e+00 
 3.61095389e-08  1.17729484e+00 
 3.61115389e-08  1.17787810e+00 
 3.61135389e-08  1.17843380e+00 
 3.61155389e-08  1.17896495e+00 
 3.61175389e-08  1.17947412e+00 
 3.61195389e-08  1.17996350e+00 
 3.61215389e-08  1.18043498e+00 
 3.61235389e-08  1.18088868e+00 
 3.61255389e-08  1.18132606e+00 
 3.61275389e-08  1.18174971e+00 
 3.61295389e-08  1.18216089e+00 
 3.61315389e-08  1.18256067e+00 
 3.61335389e-08  1.18294983e+00 
 3.61355389e-08  1.18332911e+00 
 3.61375389e-08  1.18369906e+00 
 3.61395389e-08  1.18406022e+00 
 3.61415389e-08  1.18441303e+00 
 3.61435389e-08  1.18476145e+00 
 3.61455389e-08  1.18510491e+00 
 3.61475389e-08  1.18543979e+00 
 3.61495389e-08  1.18576664e+00 
 3.61515389e-08  1.18608572e+00 
 3.61535389e-08  1.18639725e+00 
 3.61555389e-08  1.18670129e+00 
 3.61575389e-08  1.18699788e+00 
 3.61595389e-08  1.18728693e+00 
 3.61615389e-08  1.18756835e+00 
 3.61635389e-08  1.18784191e+00 
 3.61655389e-08  1.18810738e+00 
 3.61675389e-08  1.18836447e+00 
 3.61695389e-08  1.18861285e+00 
 3.61715389e-08  1.18885218e+00 
 3.61735389e-08  1.18908216e+00 
 3.61755389e-08  1.18930251e+00 
 3.61775389e-08  1.18951307e+00 
 3.61795389e-08  1.18971383e+00 
 3.61815389e-08  1.18990502e+00 
 3.61835389e-08  1.19008713e+00 
 3.61855389e-08  1.19026095e+00 
 3.61875389e-08  1.19042755e+00 
 3.61895389e-08  1.19058817e+00 
 3.61915389e-08  1.19074414e+00 
 3.61935389e-08  1.19089666e+00 
 3.61955389e-08  1.19104679e+00 
 3.61975389e-08  1.19119536e+00 
 3.61995389e-08  1.19134296e+00 
 3.62015389e-08  1.19148996e+00 
 3.62035389e-08  1.19163659e+00 
 3.62055389e-08  1.19178293e+00 
 3.62075389e-08  1.19192900e+00 
 3.62095389e-08  1.19207473e+00 
 3.62115389e-08  1.19222006e+00 
 3.62135389e-08  1.19236488e+00 
 3.62155389e-08  1.19250912e+00 
 3.62175389e-08  1.19265047e+00 
 3.62195389e-08  1.19278930e+00 
 3.62215389e-08  1.19292988e+00 
 3.62235389e-08  1.19307235e+00 
 3.62255389e-08  1.19321495e+00 
 3.62275389e-08  1.19335763e+00 
 3.62295389e-08  1.19350075e+00 
 3.62315389e-08  1.19364491e+00 
 3.62335389e-08  1.19379091e+00 
 3.62355389e-08  1.19393967e+00 
 3.62375389e-08  1.19409223e+00 
 3.62395389e-08  1.19424961e+00 
 3.62415389e-08  1.19441282e+00 
 3.62435389e-08  1.19458281e+00 
 3.62455389e-08  1.19476045e+00 
 3.62475389e-08  1.19494653e+00 
 3.62495389e-08  1.19514175e+00 
 3.62515389e-08  1.19534671e+00 
 3.62535389e-08  1.19556195e+00 
 3.62555389e-08  1.19578794e+00 
 3.62575389e-08  1.19602506e+00 
 3.62595389e-08  1.19627367e+00 
 3.62615389e-08  1.19653404e+00 
 3.62635389e-08  1.19680646e+00 
 3.62655389e-08  1.19709113e+00 
 3.62675389e-08  1.19738830e+00 
 3.62695389e-08  1.19769817e+00 
 3.62715389e-08  1.19802099e+00 
 3.62735389e-08  1.19835701e+00 
 3.62755389e-08  1.19870653e+00 
 3.62775389e-08  1.19906991e+00 
 3.62795389e-08  1.19944754e+00 
 3.62815389e-08  1.19983990e+00 
 3.62835389e-08  1.20024752e+00 
 3.62855389e-08  1.20067098e+00 
 3.62875389e-08  1.20111093e+00 
 3.62895389e-08  1.20156804e+00 
 3.62915389e-08  1.20204301e+00 
 3.62935389e-08  1.20253653e+00 
 3.62955389e-08  1.20304924e+00 
 3.62975389e-08  1.20358175e+00 
 3.62995389e-08  1.20413453e+00 
 3.63015389e-08  1.20470794e+00 
 3.63035389e-08  1.20530212e+00 
 3.63055389e-08  1.20591689e+00 
 3.63075389e-08  1.20655158e+00 
 3.63095389e-08  1.20720481e+00 
 3.63115389e-08  1.20787423e+00 
 3.63135389e-08  1.20855639e+00 
 3.63155389e-08  1.20924684e+00 
 3.63175389e-08  1.20994054e+00 
 3.63195389e-08  1.21063247e+00 
 3.63215389e-08  1.21131829e+00 
 3.63235389e-08  1.21199471e+00 
 3.63255389e-08  1.21265965e+00 
 3.63275389e-08  1.21331204e+00 
 3.63295389e-08  1.21395162e+00 
 3.63315389e-08  1.21457864e+00 
 3.63335389e-08  1.21519366e+00 
 3.63355389e-08  1.21579736e+00 
 3.63375389e-08  1.21639043e+00 
 3.63395389e-08  1.21697350e+00 
 3.63415389e-08  1.21754711e+00 
 3.63435389e-08  1.21811170e+00 
 3.63455389e-08  1.21866760e+00 
 3.63475389e-08  1.21921505e+00 
 3.63495389e-08  1.21975421e+00 
 3.63515389e-08  1.22028517e+00 
 3.63535389e-08  1.22080798e+00 
 3.63555389e-08  1.22132266e+00 
 3.63575389e-08  1.22182917e+00 
 3.63595389e-08  1.22232750e+00 
 3.63615389e-08  1.22281760e+00 
 3.63635389e-08  1.22329942e+00 
 3.63655389e-08  1.22377292e+00 
 3.63675389e-08  1.22423806e+00 
 3.63695389e-08  1.22469477e+00 
 3.63715389e-08  1.22514299e+00 
 3.63735389e-08  1.22558266e+00 
 3.63755389e-08  1.22601365e+00 
 3.63775389e-08  1.22643552e+00 
 3.63795389e-08  1.22684832e+00 
 3.63815389e-08  1.22725233e+00 
 3.63835389e-08  1.22764708e+00 
 3.63855389e-08  1.22803191e+00 
 3.63875389e-08  1.22840602e+00 
 3.63895389e-08  1.22876842e+00 
 3.63915389e-08  1.22911787e+00 
 3.63935389e-08  1.22945281e+00 
 3.63955389e-08  1.22977136e+00 
 3.63975389e-08  1.23006948e+00 
 3.63995389e-08  1.23034435e+00 
 3.64015389e-08  1.23059438e+00 
 3.64035389e-08  1.23081591e+00 
 3.64055389e-08  1.23100484e+00 
 3.64075389e-08  1.23115666e+00 
 3.64095389e-08  1.23126660e+00 
 3.64115389e-08  1.23132963e+00 
 3.64135389e-08  1.23134071e+00 
 3.64155389e-08  1.23129479e+00 
 3.64175389e-08  1.23118702e+00 
 3.64195389e-08  1.23101278e+00 
 3.64215389e-08  1.23076776e+00 
 3.64235389e-08  1.23044796e+00 
 3.64255389e-08  1.23004966e+00 
 3.64275389e-08  1.22956938e+00 
 3.64295389e-08  1.22900385e+00 
 3.64315389e-08  1.22834988e+00 
 3.64335389e-08  1.22760433e+00 
 3.64355389e-08  1.22676403e+00 
 3.64375389e-08  1.22582576e+00 
 3.64395389e-08  1.22478618e+00 
 3.64415389e-08  1.22364178e+00 
 3.64435389e-08  1.22238893e+00 
 3.64455389e-08  1.22102379e+00 
 3.64475389e-08  1.21954234e+00 
 3.64495389e-08  1.21794036e+00 
 3.64515389e-08  1.21621342e+00 
 3.64535389e-08  1.21435690e+00 
 3.64555389e-08  1.21236591e+00 
 3.64575389e-08  1.21023535e+00 
 3.64595389e-08  1.20795986e+00 
 3.64615389e-08  1.20553380e+00 
 3.64635389e-08  1.20295121e+00 
 3.64655389e-08  1.20020580e+00 
 3.64675389e-08  1.19729089e+00 
 3.64695389e-08  1.19419941e+00 
 3.64715389e-08  1.19092379e+00 
 3.64735389e-08  1.18745587e+00 
 3.64755389e-08  1.18378684e+00 
 3.64775389e-08  1.17990705e+00 
 3.64795389e-08  1.17580598e+00 
 3.64815389e-08  1.17147197e+00 
 3.64835389e-08  1.16689209e+00 
 3.64855389e-08  1.16205185e+00 
 3.64875389e-08  1.15693490e+00 
 3.64895389e-08  1.15152268e+00 
 3.64915389e-08  1.14579397e+00 
 3.64935389e-08  1.13972432e+00 
 3.64955389e-08  1.13328545e+00 
 3.64975389e-08  1.12644447e+00 
 3.64995389e-08  1.11916299e+00 
 3.65015389e-08  1.11139613e+00 
 3.65035389e-08  1.10309150e+00 
 3.65055389e-08  1.09418821e+00 
 3.65075389e-08  1.08461615e+00 
 3.65095389e-08  1.07429591e+00 
 3.65115389e-08  1.06313984e+00 
 3.65135389e-08  1.05105493e+00 
 3.65155389e-08  1.03794809e+00 
 3.65175389e-08  1.02373393e+00 
 3.65195389e-08  1.00834406e+00 
 3.65215389e-08  9.91735597e-01 
 3.65235389e-08  9.73895855e-01 
 3.65255389e-08  9.54841388e-01 
 3.65275389e-08  9.34611925e-01 
 3.65295389e-08  9.13261951e-01 
 3.65315389e-08  8.90852890e-01 
 3.65335389e-08  8.67447585e-01 
 3.65355389e-08  8.43107237e-01 
 3.65375389e-08  8.17890167e-01 
 3.65395389e-08  7.91891749e-01 
 3.65415389e-08  7.65156556e-01 
 3.65435389e-08  7.37691598e-01 
 3.65455389e-08  7.09528213e-01 
 3.65475389e-08  6.80720090e-01 
 3.65495389e-08  6.51337810e-01 
 3.65515389e-08  6.21428355e-01 
 3.65535389e-08  5.91041996e-01 
 3.65555389e-08  5.60229465e-01 
 3.65575389e-08  5.29046458e-01 
 3.65595389e-08  4.97552938e-01 
 3.65615389e-08  4.65817682e-01 
 3.65635389e-08  4.33920162e-01 
 3.65655389e-08  4.01956744e-01 
 3.65675389e-08  3.70046269e-01 
 3.65695389e-08  3.38339486e-01 
 3.65715389e-08  3.07028423e-01 
 3.65735389e-08  2.76356529e-01 
 3.65755389e-08  2.46623089e-01 
 3.65775389e-08  2.18177248e-01 
 3.65795389e-08  1.91394146e-01 
 3.65815389e-08  1.66633932e-01 
 3.65835389e-08  1.44191751e-01 
 3.65855389e-08  1.24255158e-01 
 3.65875389e-08  1.06881933e-01 
 3.65895389e-08  9.20033010e-02 
 3.65915389e-08  7.94473290e-02 
 3.65935389e-08  6.89731116e-02 
 3.65955389e-08  6.03058284e-02 
 3.65975389e-08  5.31122997e-02 
 3.65995389e-08  4.71587694e-02 
 3.66015389e-08  4.22838975e-02 
 3.66035389e-08  3.82671212e-02 
 3.66055389e-08  3.49417009e-02 
 3.66075389e-08  3.21563380e-02 
 3.66095389e-08  2.97787857e-02 
 3.66115389e-08  2.77274828e-02 
 3.66135389e-08  2.59387459e-02 
 3.66155389e-08  2.43630921e-02 
 3.66175389e-08  2.29622177e-02 
 3.66195389e-08  2.17064156e-02 
 3.66215389e-08  2.05725930e-02 
 3.66235389e-08  1.95426419e-02 
 3.66255389e-08  1.86022460e-02 
 3.66275389e-08  1.77399201e-02 
 3.66295389e-08  1.69463380e-02 
 3.66315389e-08  1.62137978e-02 
 3.66335389e-08  1.55358640e-02 
 3.66355389e-08  1.49070792e-02 
 3.66375389e-08  1.43227759e-02 
 3.66395389e-08  1.37789159e-02 
 3.66415389e-08  1.32719850e-02 
 3.66435389e-08  1.27988954e-02 
 3.66455389e-08  1.23569202e-02 
 3.66475389e-08  1.19436295e-02 
 3.66495389e-08  1.15568473e-02 
 3.66515389e-08  1.11946077e-02 
 3.66535389e-08  1.08551263e-02 
 3.66555389e-08  1.05367700e-02 
 3.66575389e-08  1.02380379e-02 
 3.66595389e-08  9.95754073e-03 
 3.66615389e-08  9.69398821e-03 
 3.66635389e-08  9.44617509e-03 
 3.66655389e-08  9.21297357e-03 
 3.66675389e-08  8.99332374e-03 
 3.66695389e-08  8.78622949e-03 
 3.66715389e-08  8.59075229e-03 
 3.66735389e-08  8.40600941e-03 
 3.66755389e-08  8.23116987e-03 
 3.66775389e-08  8.06545399e-03 
 3.66795389e-08  7.90813062e-03 
 3.66815389e-08  7.75851736e-03 
 3.66835389e-08  7.61597849e-03 
 3.66855389e-08  7.47992556e-03 
 3.66875389e-08  7.34981618e-03 
 3.66895389e-08  7.22515542e-03 
 3.66915389e-08  7.10549633e-03 
 3.66935389e-08  6.99044357e-03 
 3.66955389e-08  6.87965654e-03 
 3.66975389e-08  6.77285602e-03 
 3.66995389e-08  6.66983024e-03 
 3.67015389e-08  6.57044326e-03 
 3.67035389e-08  6.47464058e-03 
 3.67055389e-08  6.38245290e-03 
 3.67075389e-08  6.29399151e-03 
 3.67095389e-08  6.20943465e-03 
 3.67115389e-08  6.12899892e-03 
 3.67135389e-08  6.05289835e-03 
 3.67155389e-08  5.98129445e-03 
 3.67175389e-08  5.91425595e-03 
 3.67195389e-08  5.85175014e-03 
 3.67215389e-08  5.79368627e-03 
 3.67235389e-08  5.73999268e-03 
 3.67255389e-08  5.69067596e-03 
 3.67275389e-08  5.64581211e-03 
 3.67295389e-08  5.60547499e-03 
 3.67315389e-08  5.56964201e-03 
 3.67335389e-08  5.53812323e-03 
 3.67355389e-08  5.51053471e-03 
 3.67375389e-08  5.48631940e-03 
 3.67395389e-08  5.46479860e-03 
 3.67415389e-08  5.44523606e-03 
 3.67435389e-08  5.42689596e-03 
 3.67455389e-08  5.40908707e-03 
 3.67475389e-08  5.39118863e-03 
 3.67495389e-08  5.37266161e-03 
 3.67515389e-08  5.35304733e-03 
 3.67535389e-08  5.33195910e-03 
 3.67555389e-08  5.30906837e-03 
 3.67575389e-08  5.28408906e-03 
 3.67595389e-08  5.25675946e-03 
 3.67615389e-08  5.22682362e-03 
 3.67635389e-08  5.19401035e-03 
 3.67655389e-08  5.15815360e-03 
 3.67675389e-08  5.11887549e-03 
 3.67695389e-08  5.07546894e-03 
 3.67715389e-08  5.02731880e-03 
 3.67735389e-08  4.97381036e-03 
 3.67755389e-08  4.91417990e-03 
 3.67775389e-08  4.84752242e-03 
 3.67795389e-08  4.77288532e-03 
 3.67815389e-08  4.68937827e-03 
 3.67835389e-08  4.59626005e-03 
 3.67855389e-08  4.49305004e-03 
 3.67875389e-08  4.37954008e-03 
 3.67895389e-08  4.25579550e-03 
 3.67915389e-08  4.12206831e-03 
 3.67935389e-08  3.97872760e-03 
 3.67955389e-08  3.82617166e-03 
 3.67975389e-08  3.66478503e-03 
 3.67995389e-08  3.49490883e-03 
 3.68015389e-08  3.31684109e-03 
 3.68035389e-08  3.13084540e-03 
 3.68055389e-08  2.93716500e-03 
 3.68075389e-08  2.73603775e-03 
 3.68095389e-08  2.52770371e-03 
 3.68115389e-08  2.31241308e-03 
 3.68135389e-08  2.09042365e-03 
 3.68155389e-08  1.86200130e-03 
 3.68175389e-08  1.62741111e-03 
 3.68195389e-08  1.38691372e-03 
 3.68215389e-08  1.14075446e-03 
 3.68235389e-08  8.89158719e-04 
 3.68255389e-08  6.32321865e-04 
 3.68275389e-08  3.70405599e-04 
 3.68295389e-08  1.03530212e-04 
 3.68315389e-08 -1.68227037e-04 
 3.68335389e-08 -4.44836244e-04 
 3.68355389e-08 -7.26312996e-04 
 3.68375389e-08 -1.01271749e-03 
 3.68395389e-08 -1.30414703e-03 
 3.68415389e-08 -1.60072674e-03 
 3.68435389e-08 -1.90259168e-03 
 3.68455389e-08 -2.20986369e-03 
 3.68475389e-08 -2.52261713e-03 
 3.68495389e-08 -2.84083697e-03 
 3.68515389e-08 -3.16436695e-03 
 3.68535389e-08 -3.49285572e-03 
 3.68555389e-08 -3.82570718e-03 
 3.68575389e-08 -4.16205166e-03 
 3.68595389e-08 -4.50075172e-03 
 3.68615389e-08 -4.84045678e-03 
 3.68635389e-08 -5.17970514e-03 
 3.68655389e-08 -5.51705819e-03 
 3.68675389e-08 -5.85123491e-03 
 3.68695389e-08 -6.18121547e-03 
 3.68715389e-08 -6.50629297e-03 
 3.68735389e-08 -6.82607319e-03 
 3.68755389e-08 -7.14043567e-03 
 3.68775389e-08 -7.44947633e-03 
 3.68795389e-08 -7.75344757e-03 
 3.68815389e-08 -8.05270661e-03 
 3.68835389e-08 -8.34767497e-03 
 3.68855389e-08 -8.63880955e-03 
 3.68875389e-08 -8.92658251e-03 
 3.68895389e-08 -9.21146816e-03 
 3.68915389e-08 -9.49393435e-03 
 3.68935389e-08 -9.77443738e-03 
 3.68955389e-08 -1.00534191e-02 
 3.68975389e-08 -1.03313059e-02 
 3.68995389e-08 -1.06085092e-02 
 3.69015389e-08 -1.08854262e-02 
 3.69035389e-08 -1.11624411e-02 
 3.69055389e-08 -1.14399246e-02 
 3.69075389e-08 -1.17182318e-02 
 3.69095389e-08 -1.19976965e-02 
 3.69115389e-08 -1.22786205e-02 
 3.69135389e-08 -1.25569424e-02 
 3.69155389e-08 -1.28401110e-02 
 3.69175389e-08 -1.31295664e-02 
 3.69195389e-08 -1.34192305e-02 
 3.69215389e-08 -1.37101257e-02 
 3.69235389e-08 -1.40014787e-02 
 3.69255389e-08 -1.42930580e-02 
 3.69275389e-08 -1.45833323e-02 
 3.69295389e-08 -1.48709876e-02 
 3.69315389e-08 -1.51536959e-02 
 3.69335389e-08 -1.54291621e-02 
 3.69355389e-08 -1.56943579e-02 
 3.69375389e-08 -1.59462797e-02 
 3.69395389e-08 -1.61814909e-02 
 3.69415389e-08 -1.63966586e-02 
 3.69435389e-08 -1.65882630e-02 
 3.69455389e-08 -1.67529442e-02 
 3.69475389e-08 -1.68872908e-02 
 3.69495389e-08 -1.69880398e-02 
 3.69515389e-08 -1.70519074e-02 
 3.69535389e-08 -1.70756915e-02 
 3.69555389e-08 -1.70561360e-02 
 3.69575389e-08 -1.69899759e-02 
 3.69595389e-08 -1.68738305e-02 
 3.69615389e-08 -1.67042178e-02 
 3.69635389e-08 -1.64774710e-02 
 3.69655389e-08 -1.61897349e-02 
 3.69675389e-08 -1.58369000e-02 
 3.69695389e-08 -1.54145862e-02 
 3.69715389e-08 -1.49180870e-02 
 3.69735389e-08 -1.43423437e-02 
 3.69755389e-08 -1.36818924e-02 
 3.69775389e-08 -1.29308283e-02 
 3.69795389e-08 -1.20827505e-02 
 3.69815389e-08 -1.11307139e-02 
 3.69835389e-08 -1.00671659e-02 
 3.69855389e-08 -8.88388330e-03 
 3.69875389e-08 -7.57189421e-03 
 3.69895389e-08 -6.12139347e-03 
 3.69915389e-08 -4.52164199e-03 
 3.69935389e-08 -2.76085129e-03 
 3.69955389e-08 -8.26047710e-04 
 3.69975389e-08  1.29708897e-03 
 3.69995389e-08  3.62445579e-03 
 3.70015389e-08  6.17380411e-03 
 3.70035389e-08  8.96503909e-03 
 3.70055389e-08  1.20206179e-02 
 3.70075389e-08  1.53660470e-02 
 3.70095389e-08  1.90305046e-02 
 3.70115389e-08  2.30476164e-02 
 3.70135389e-08  2.74564208e-02 
 3.70155389e-08  3.23025499e-02 
 3.70175389e-08  3.76396518e-02 
 3.70195389e-08  4.35310304e-02 
 3.70215389e-08  5.00514162e-02 
 3.70235389e-08  5.72886158e-02 
 3.70255389e-08  6.53445280e-02 
 3.70275389e-08  7.43345973e-02 
 3.70295389e-08  8.43843147e-02 
 3.70315389e-08  9.56212079e-02 
 3.70335389e-08  1.08161690e-01 
 3.70355389e-08  1.22094867e-01 
 3.70375389e-08  1.37469104e-01 
 3.70395389e-08  1.54152940e-01 
 3.70415389e-08  1.72234206e-01 
 3.70435389e-08  1.91806909e-01 
 3.70455389e-08  2.12671928e-01 
 3.70475389e-08  2.34757509e-01 
 3.70495389e-08  2.58002422e-01 
 3.70515389e-08  2.82343373e-01 
 3.70535389e-08  3.07725629e-01 
 3.70555389e-08  3.34093602e-01 
 3.70575389e-08  3.61396839e-01 
 3.70595389e-08  3.89583541e-01 
 3.70615389e-08  4.18603938e-01 
 3.70635389e-08  4.48405625e-01 
 3.70655389e-08  4.78935059e-01 
 3.70675389e-08  5.10133734e-01 
 3.70695389e-08  5.41938037e-01 
 3.70715389e-08  5.74275377e-01 
 3.70735389e-08  6.07062203e-01 
 3.70755389e-08  6.40199149e-01 
 3.70775389e-08  6.73566855e-01 
 3.70795389e-08  7.07019783e-01 
 3.70815389e-08  7.40380953e-01 
 3.70835389e-08  7.73437495e-01 
 3.70855389e-08  8.05940933e-01 
 3.70875389e-08  8.37614411e-01 
 3.70895389e-08  8.68169552e-01 
 3.70915389e-08  8.97330990e-01 
 3.70935389e-08  9.24862964e-01 
 3.70955389e-08  9.50589865e-01 
 3.70975389e-08  9.74405303e-01 
 3.70995389e-08  9.96269514e-01 
 3.71015389e-08  1.01619896e+00 
 3.71035389e-08  1.03425308e+00 
 3.71055389e-08  1.05052156e+00 
 3.71075389e-08  1.06511371e+00 
 3.71095389e-08  1.07815027e+00 
 3.71115389e-08  1.08975721e+00 
 3.71135389e-08  1.10006116e+00 
 3.71155389e-08  1.10918608e+00 
 3.71175389e-08  1.11725082e+00 
 3.71195389e-08  1.12436758e+00 
 3.71215389e-08  1.13064083e+00 
 3.71235389e-08  1.13616678e+00 
 3.71255389e-08  1.14103317e+00 
 3.71275389e-08  1.14531945e+00 
 3.71295389e-08  1.14909697e+00 
 3.71315389e-08  1.15242950e+00 
 3.71335389e-08  1.15537367e+00 
 3.71355389e-08  1.15797956e+00 
 3.71375389e-08  1.16029130e+00 
 3.71395389e-08  1.16234758e+00 
 3.71415389e-08  1.16418226e+00 
 3.71435389e-08  1.16582488e+00 
 3.71455389e-08  1.16730114e+00 
 3.71475389e-08  1.16863338e+00 
 3.71495389e-08  1.16984094e+00 
 3.71515389e-08  1.17094058e+00 
 3.71535389e-08  1.17194677e+00 
 3.71555389e-08  1.17287197e+00 
 3.71575389e-08  1.17372691e+00 
 3.71595389e-08  1.17452082e+00 
 3.71615389e-08  1.17526158e+00 
 3.71635389e-08  1.17595595e+00 
 3.71655389e-08  1.17660970e+00 
 3.71675389e-08  1.17722776e+00 
 3.71695389e-08  1.17781432e+00 
 3.71715389e-08  1.17837296e+00 
 3.71735389e-08  1.17890673e+00 
 3.71755389e-08  1.17941826e+00 
 3.71775389e-08  1.17990976e+00 
 3.71795389e-08  1.18038317e+00 
 3.71815389e-08  1.18083864e+00 
 3.71835389e-08  1.18127766e+00 
 3.71855389e-08  1.18170281e+00 
 3.71875389e-08  1.18211537e+00 
 3.71895389e-08  1.18251644e+00 
 3.71915389e-08  1.18290679e+00 
 3.71935389e-08  1.18328718e+00 
 3.71955389e-08  1.18365818e+00 
 3.71975389e-08  1.18402033e+00 
 3.71995389e-08  1.18437408e+00 
 3.72015389e-08  1.18471982e+00 
 3.72035389e-08  1.18506164e+00 
 3.72055389e-08  1.18539886e+00 
 3.72075389e-08  1.18572751e+00 
 3.72095389e-08  1.18604819e+00 
 3.72115389e-08  1.18636111e+00 
 3.72135389e-08  1.18666645e+00 
 3.72155389e-08  1.18696423e+00 
 3.72175389e-08  1.18725445e+00 
 3.72195389e-08  1.18753696e+00 
 3.72215389e-08  1.18781162e+00 
 3.72235389e-08  1.18807816e+00 
 3.72255389e-08  1.18833633e+00 
 3.72275389e-08  1.18858580e+00 
 3.72295389e-08  1.18882625e+00 
 3.72315389e-08  1.18905734e+00 
 3.72335389e-08  1.18927883e+00 
 3.72355389e-08  1.18949052e+00 
 3.72375389e-08  1.18969239e+00 
 3.72395389e-08  1.18988464e+00 
 3.72415389e-08  1.19006774e+00 
 3.72435389e-08  1.19024244e+00 
 3.72455389e-08  1.19040979e+00 
 3.72475389e-08  1.19057103e+00 
 3.72495389e-08  1.19072745e+00 
 3.72515389e-08  1.19088030e+00 
 3.72535389e-08  1.19103066e+00 
 3.72555389e-08  1.19117938e+00 
 3.72575389e-08  1.19132706e+00 
 3.72595389e-08  1.19147412e+00 
 3.72615389e-08  1.19162078e+00 
 3.72635389e-08  1.19176716e+00 
 3.72655389e-08  1.19191325e+00 
 3.72675389e-08  1.19205903e+00 
 3.72695389e-08  1.19220440e+00 
 3.72715389e-08  1.19234928e+00 
 3.72735389e-08  1.19249358e+00 
 3.72755389e-08  1.19263497e+00 
 3.72775389e-08  1.19277384e+00 
 3.72795389e-08  1.19291451e+00 
 3.72815389e-08  1.19305708e+00 
 3.72835389e-08  1.19319971e+00 
 3.72855389e-08  1.19334236e+00 
 3.72875389e-08  1.19348539e+00 
 3.72895389e-08  1.19362936e+00 
 3.72915389e-08  1.19377509e+00 
 3.72935389e-08  1.19392348e+00 
 3.72955389e-08  1.19407555e+00 
 3.72975389e-08  1.19423232e+00 
 3.72995389e-08  1.19439483e+00 
 3.73015389e-08  1.19456402e+00 
 3.73035389e-08  1.19474077e+00 
 3.73055389e-08  1.19492588e+00 
 3.73075389e-08  1.19512006e+00 
 3.73095389e-08  1.19532391e+00 
 3.73115389e-08  1.19553800e+00 
 3.73135389e-08  1.19576279e+00 
 3.73155389e-08  1.19599867e+00 
 3.73175389e-08  1.19624600e+00 
 3.73195389e-08  1.19650507e+00 
 3.73215389e-08  1.19677615e+00 
 3.73235389e-08  1.19705948e+00 
 3.73255389e-08  1.19735526e+00 
 3.73275389e-08  1.19766374e+00 
 3.73295389e-08  1.19798512e+00 
 3.73315389e-08  1.19831968e+00 
 3.73335389e-08  1.19866771e+00 
 3.73355389e-08  1.19902956e+00 
 3.73375389e-08  1.19940561e+00 
 3.73395389e-08  1.19979633e+00 
 3.73415389e-08  1.20020224e+00 
 3.73435389e-08  1.20062394e+00 
 3.73455389e-08  1.20106205e+00 
 3.73475389e-08  1.20151725e+00 
 3.73495389e-08  1.20199024e+00 
 3.73515389e-08  1.20248169e+00 
 3.73535389e-08  1.20299228e+00 
 3.73555389e-08  1.20352259e+00 
 3.73575389e-08  1.20407313e+00 
 3.73595389e-08  1.20464427e+00 
 3.73615389e-08  1.20523617e+00 
 3.73635389e-08  1.20584871e+00 
 3.73655389e-08  1.20648127e+00 
 3.73675389e-08  1.20713257e+00 
 3.73695389e-08  1.20780036e+00 
 3.73715389e-08  1.20848132e+00 
 3.73735389e-08  1.20917110e+00 
 3.73755389e-08  1.20986469e+00 
 3.73775389e-08  1.21055704e+00 
 3.73795389e-08  1.21124370e+00 
 3.73815389e-08  1.21192128e+00 
 3.73835389e-08  1.21258754e+00 
 3.73855389e-08  1.21324133e+00 
 3.73875389e-08  1.21388230e+00 
 3.73895389e-08  1.21451067e+00 
 3.73915389e-08  1.21512697e+00 
 3.73935389e-08  1.21573187e+00 
 3.73955389e-08  1.21632607e+00 
 3.73975389e-08  1.21691020e+00 
 3.73995389e-08  1.21748483e+00 
 3.74015389e-08  1.21805038e+00 
 3.74035389e-08  1.21860722e+00 
 3.74055389e-08  1.21915558e+00 
 3.74075389e-08  1.21969564e+00 
 3.74095389e-08  1.22022750e+00 
 3.74115389e-08  1.22075120e+00 
 3.74135389e-08  1.22126676e+00 
 3.74155389e-08  1.22177417e+00 
 3.74175389e-08  1.22227340e+00 
 3.74195389e-08  1.22276439e+00 
 3.74215389e-08  1.22324712e+00 
 3.74235389e-08  1.22372154e+00 
 3.74255389e-08  1.22418758e+00 
 3.74275389e-08  1.22464522e+00 
 3.74295389e-08  1.22509437e+00 
 3.74315389e-08  1.22553498e+00 
 3.74335389e-08  1.22596692e+00 
 3.74355389e-08  1.22638975e+00 
 3.74375389e-08  1.22680353e+00 
 3.74395389e-08  1.22720856e+00 
 3.74415389e-08  1.22760438e+00 
 3.74435389e-08  1.22799035e+00 
 3.74455389e-08  1.22836570e+00 
 3.74475389e-08  1.22872944e+00 
 3.74495389e-08  1.22908038e+00 
 3.74515389e-08  1.22941699e+00 
 3.74535389e-08  1.22973744e+00 
 3.74555389e-08  1.23003777e+00 
 3.74575389e-08  1.23031520e+00 
 3.74595389e-08  1.23056816e+00 
 3.74615389e-08  1.23079304e+00 
 3.74635389e-08  1.23098577e+00 
 3.74655389e-08  1.23114191e+00 
 3.74675389e-08  1.23125670e+00 
 3.74695389e-08  1.23132513e+00 
 3.74715389e-08  1.23134216e+00 
 3.74735389e-08  1.23130274e+00 
 3.74755389e-08  1.23120198e+00 
 3.74775389e-08  1.23103525e+00 
 3.74795389e-08  1.23079820e+00 
 3.74815389e-08  1.23048678e+00 
 3.74835389e-08  1.23009726e+00 
 3.74855389e-08  1.22962614e+00 
 3.74875389e-08  1.22907011e+00 
 3.74895389e-08  1.22842599e+00 
 3.74915389e-08  1.22769063e+00 
 3.74935389e-08  1.22686088e+00 
 3.74955389e-08  1.22593351e+00 
 3.74975389e-08  1.22490520e+00 
 3.74995389e-08  1.22377247e+00 
 3.75015389e-08  1.22253169e+00 
 3.75035389e-08  1.22117905e+00 
 3.75055389e-08  1.21971055e+00 
 3.75075389e-08  1.21812200e+00 
 3.75095389e-08  1.21640899e+00 
 3.75115389e-08  1.21456690e+00 
 3.75135389e-08  1.21259090e+00 
 3.75155389e-08  1.21047590e+00 
 3.75175389e-08  1.20821657e+00 
 3.75195389e-08  1.20580731e+00 
 3.75215389e-08  1.20324218e+00 
 3.75235389e-08  1.20051494e+00 
 3.75255389e-08  1.19761895e+00 
 3.75275389e-08  1.19454719e+00 
 3.75295389e-08  1.19129214e+00 
 3.75315389e-08  1.18784573e+00 
 3.75335389e-08  1.18419920e+00 
 3.75355389e-08  1.18034302e+00 
 3.75375389e-08  1.17626676e+00 
 3.75395389e-08  1.17195890e+00 
 3.75415389e-08  1.16740666e+00 
 3.75435389e-08  1.16259573e+00 
 3.75455389e-08  1.15750998e+00 
 3.75475389e-08  1.15213112e+00 
 3.75495389e-08  1.14643824e+00 
 3.75515389e-08  1.14040728e+00 
 3.75535389e-08  1.13401041e+00 
 3.75555389e-08  1.12721529e+00 
 3.75575389e-08  1.11998417e+00 
 3.75595389e-08  1.11227295e+00 
 3.75615389e-08  1.10403010e+00 
 3.75635389e-08  1.09519571e+00 
 3.75655389e-08  1.08570069e+00 
 3.75675389e-08  1.07546664e+00 
 3.75695389e-08  1.06440670e+00 
 3.75715389e-08  1.05242824e+00 
 3.75735389e-08  1.03943783e+00 
 3.75755389e-08  1.02534881e+00 
 3.75775389e-08  1.01009048e+00 
 3.75795389e-08  9.93616813e-01 
 3.75815389e-08  9.75911768e-01 
 3.75835389e-08  9.56988909e-01 
 3.75855389e-08  9.36885822e-01 
 3.75875389e-08  9.15655788e-01 
 3.75895389e-08  8.93359785e-01 
 3.75915389e-08  8.70060691e-01 
 3.75935389e-08  8.45819973e-01 
 3.75955389e-08  8.20696291e-01 
 3.75975389e-08  7.94786319e-01 
 3.75995389e-08  7.68134718e-01 
 3.76015389e-08  7.40747588e-01 
 3.76035389e-08  7.12655951e-01 
 3.76055389e-08  6.83913682e-01 
 3.76075389e-08  6.54592018e-01 
 3.76095389e-08  6.24737862e-01 
 3.76115389e-08  5.94401308e-01 
 3.76135389e-08  5.63632784e-01 
 3.76155389e-08  5.32487515e-01 
 3.76175389e-08  5.01024763e-01 
 3.76195389e-08  4.69312287e-01 
 3.76215389e-08  4.37428095e-01 
 3.76235389e-08  4.05466472e-01 
 3.76255389e-08  3.73543355e-01 
 3.76275389e-08  3.41805559e-01 
 3.76295389e-08  3.10440043e-01 
 3.76315389e-08  2.79684266e-01 
 3.76335389e-08  2.49831407e-01 
 3.76355389e-08  2.21225964e-01 
 3.76375389e-08  1.94241949e-01 
 3.76395389e-08  1.69243570e-01 
 3.76415389e-08  1.46535458e-01 
 3.76435389e-08  1.26318516e-01 
 3.76455389e-08  1.08665056e-01 
 3.76475389e-08  9.35193433e-02 
 3.76495389e-08  8.07192014e-02 
 3.76515389e-08  7.00295295e-02 
 3.76535389e-08  6.11776480e-02 
 3.76555389e-08  5.38835851e-02 
 3.76575389e-08  4.78422391e-02 
 3.76595389e-08  4.28373697e-02 
 3.76615389e-08  3.87180820e-02 
 3.76635389e-08  3.53138621e-02 
 3.76655389e-08  3.24674657e-02 
 3.76675389e-08  3.00422008e-02 
 3.76695389e-08  2.79531585e-02 
 3.76715389e-08  2.61345602e-02 
 3.76735389e-08  2.45348638e-02 
 3.76755389e-08  2.31145344e-02 
 3.76775389e-08  2.18426589e-02 
 3.76795389e-08  2.06954573e-02 
 3.76815389e-08  1.96541353e-02 
 3.76835389e-08  1.87040049e-02 
 3.76855389e-08  1.78331939e-02 
 3.76875389e-08  1.70321760e-02 
 3.76895389e-08  1.62930274e-02 
 3.76915389e-08  1.56092003e-02 
 3.76935389e-08  1.49751039e-02 
 3.76955389e-08  1.43860025e-02 
 3.76975389e-08  1.38377734e-02 
 3.76995389e-08  1.33268576e-02 
 3.77015389e-08  1.28501111e-02 
 3.77035389e-08  1.24047762e-02 
 3.77055389e-08  1.19883848e-02 
 3.77075389e-08  1.15987387e-02 
 3.77095389e-08  1.12338458e-02 
 3.77115389e-08  1.08919053e-02 
 3.77135389e-08  1.05712657e-02 
 3.77155389e-08  1.02704140e-02 
 3.77175389e-08  9.98794730e-03 
 3.77195389e-08  9.72256598e-03 
 3.77215389e-08  9.47305479e-03 
 3.77235389e-08  9.23827819e-03 
 3.77255389e-08  9.01716844e-03 
 3.77275389e-08  8.80872278e-03 
 3.77295389e-08  8.61199618e-03 
 3.77315389e-08  8.42609987e-03 
 3.77335389e-08  8.25019711e-03 
 3.77355389e-08  8.08350251e-03 
 3.77375389e-08  7.92527961e-03 
 3.77395389e-08  7.77484050e-03 
 3.77415389e-08  7.63154439e-03 
 3.77435389e-08  7.49479743e-03 
 3.77455389e-08  7.36405224e-03 
 3.77475389e-08  7.23880838e-03 
 3.77495389e-08  7.11861366e-03 
 3.77515389e-08  7.00306661e-03 
 3.77535389e-08  6.89182055e-03 
 3.77555389e-08  6.78458889e-03 
 3.77575389e-08  6.68115227e-03 
 3.77595389e-08  6.58136577e-03 
 3.77615389e-08  6.48516590e-03 
 3.77635389e-08  6.39257372e-03 
 3.77655389e-08  6.30369234e-03 
 3.77675389e-08  6.21869340e-03 
 3.77695389e-08  6.13779129e-03 
 3.77715389e-08  6.06120233e-03 
 3.77735389e-08  5.98909633e-03 
 3.77755389e-08  5.92155306e-03 
 3.77775389e-08  5.85855002e-03 
 3.77795389e-08  5.79999899e-03 
 3.77815389e-08  5.74582277e-03 
 3.77835389e-08  5.69601813e-03 
 3.77855389e-08  5.65065646e-03 
 3.77875389e-08  5.60981625e-03 
 3.77895389e-08  5.57349005e-03 
 3.77915389e-08  5.54150821e-03 
 3.77935389e-08  5.51350818e-03 
 3.77955389e-08  5.48894954e-03 
 3.77975389e-08  5.46716418e-03 
 3.77995389e-08  5.44741882e-03 
 3.78015389e-08  5.42897544e-03 
 3.78035389e-08  5.41113601e-03 
 3.78055389e-08  5.39327156e-03 
 3.78075389e-08  5.37483365e-03 
 3.78095389e-08  5.35535537e-03 
 3.78115389e-08  5.33444243e-03 
 3.78135389e-08  5.31176091e-03 
 3.78155389e-08  5.28702061e-03 
 3.78175389e-08  5.25995832e-03 
 3.78195389e-08  5.23031814e-03 
 3.78215389e-08  5.19783187e-03 
 3.78235389e-08  5.16233322e-03 
 3.78255389e-08  5.12346014e-03 
 3.78275389e-08  5.08052055e-03 
 3.78295389e-08  5.03290508e-03 
 3.78315389e-08  4.98001317e-03 
 3.78335389e-08  4.92109456e-03 
 3.78355389e-08  4.85525245e-03 
 3.78375389e-08  4.78153424e-03 
 3.78395389e-08  4.69903794e-03 
 3.78415389e-08  4.60699989e-03 
 3.78435389e-08  4.50490934e-03 
 3.78455389e-08  4.39252723e-03 
 3.78475389e-08  4.26989260e-03 
 3.78495389e-08  4.13724041e-03 
 3.78515389e-08  3.99493151e-03 
 3.78535389e-08  3.84336374e-03 
 3.78555389e-08  3.68292491e-03 
 3.78575389e-08  3.51396137e-03 
 3.78595389e-08  3.33677539e-03 
 3.78615389e-08  3.15163393e-03 
 3.78635389e-08  2.95878140e-03 
 3.78655389e-08  2.75845608e-03 
 3.78675389e-08  2.55089704e-03 
 3.78695389e-08  2.33635368e-03 
 3.78715389e-08  2.11508260e-03 
 3.78735389e-08  1.88734949e-03 
 3.78755389e-08  1.65341935e-03 
 3.78775389e-08  1.41355415e-03 
 3.78795389e-08  1.16800080e-03 
 3.78815389e-08  9.16987677e-04 
 3.78835389e-08  6.60713339e-04 
 3.78855389e-08  3.99343849e-04 
 3.78875389e-08  1.33003850e-04 
 3.78895389e-08 -1.38224167e-04 
 3.78915389e-08 -4.14305442e-04 
 3.78935389e-08 -6.95250302e-04 
 3.78955389e-08 -9.81114629e-04 
 3.78975389e-08 -1.27199174e-03 
 3.78995389e-08 -1.56800472e-03 
 3.79015389e-08 -1.86928826e-03 
 3.79035389e-08 -2.17596736e-03 
 3.79055389e-08 -2.48812318e-03 
 3.79075389e-08 -2.80575305e-03 
 3.79095389e-08 -3.12871851e-03 
 3.79115389e-08 -3.45669233e-03 
 3.79135389e-08 -3.78910680e-03 
 3.79155389e-08 -4.12512283e-03 
 3.79175389e-08 -4.46363026e-03 
 3.79195389e-08 -4.80329785e-03 
 3.79215389e-08 -5.14266962e-03 
 3.79235389e-08 -5.48029788e-03 
 3.79255389e-08 -5.81487836e-03 
 3.79275389e-08 -6.14535939e-03 
 3.79295389e-08 -6.47099886e-03 
 3.79315389e-08 -6.79136997e-03 
 3.79335389e-08 -7.10632479e-03 
 3.79355389e-08 -7.41593875e-03 
 3.79375389e-08 -7.72044968e-03 
 3.79395389e-08 -8.02020573e-03 
 3.79415389e-08 -8.31562278e-03 
 3.79435389e-08 -8.60715517e-03 
 3.79455389e-08 -8.89527396e-03 
 3.79475389e-08 -9.18045389e-03 
 3.79495389e-08 -9.46316364e-03 
 3.79515389e-08 -9.74386113e-03 
 3.79535389e-08 -1.00229896e-02 
 3.79555389e-08 -1.03009775e-02 
 3.79575389e-08 -1.05782375e-02 
 3.79595389e-08 -1.08551686e-02 
 3.79615389e-08 -1.11321561e-02 
 3.79635389e-08 -1.14095725e-02 
 3.79655389e-08 -1.16877746e-02 
 3.79675389e-08 -1.19670991e-02 
 3.79695389e-08 -1.22478519e-02 
 3.79715389e-08 -1.25260112e-02 
 3.79735389e-08 -1.28089722e-02 
 3.79755389e-08 -1.30981926e-02 
 3.79775389e-08 -1.33876497e-02 
 3.79795389e-08 -1.36783800e-02 
 3.79815389e-08 -1.39696482e-02 
 3.79835389e-08 -1.42612540e-02 
 3.79855389e-08 -1.45517146e-02 
 3.79875389e-08 -1.48397586e-02 
 3.79895389e-08 -1.51231078e-02 
 3.79915389e-08 -1.53995067e-02 
 3.79935389e-08 -1.56659645e-02 
 3.79955389e-08 -1.59195012e-02 
 3.79975389e-08 -1.61566974e-02 
 3.79995389e-08 -1.63742256e-02 
 3.80015389e-08 -1.65685664e-02 
 3.80035389e-08 -1.67363547e-02 
 3.80055389e-08 -1.68741727e-02 
 3.80075389e-08 -1.69787506e-02 
 3.80095389e-08 -1.70468005e-02 
 3.80115389e-08 -1.70751190e-02 
 3.80135389e-08 -1.70604527e-02 
 3.80155389e-08 -1.69995434e-02 
 3.80175389e-08 -1.68890219e-02 
 3.80195389e-08 -1.67254218e-02 
 3.80215389e-08 -1.65050961e-02 
 3.80235389e-08 -1.62242141e-02 
 3.80255389e-08 -1.58786941e-02 
 3.80275389e-08 -1.54641888e-02 
 3.80295389e-08 -1.49760282e-02 
 3.80315389e-08 -1.44091949e-02 
 3.80335389e-08 -1.37582706e-02 
 3.80355389e-08 -1.30174016e-02 
 3.80375389e-08 -1.21802430e-02 
 3.80395389e-08 -1.12399124e-02 
 3.80415389e-08 -1.01889263e-02 
 3.80435389e-08 -9.01913845e-03 
 3.80455389e-08 -7.72166238e-03 
 3.80475389e-08 -6.28678881e-03 
 3.80495389e-08 -4.70388563e-03 
 3.80515389e-08 -2.96128541e-03 
 3.80535389e-08 -1.04615092e-03 
 3.80555389e-08  1.05568154e-03 
 3.80575389e-08  3.35992322e-03 
 3.80595389e-08  5.88410962e-03 
 3.80615389e-08  8.64789364e-03 
 3.80635389e-08  1.16734311e-02 
 3.80655389e-08  1.49858681e-02 
 3.80675389e-08  1.86139471e-02 
 3.80695389e-08  2.25907654e-02 
 3.80715389e-08  2.69547165e-02 
 3.80735389e-08  3.17506484e-02 
 3.80755389e-08  3.70312575e-02 
 3.80775389e-08  4.28587086e-02 
 3.80795389e-08  4.93063990e-02 
 3.80815389e-08  5.64606407e-02 
 3.80835389e-08  6.44217822e-02 
 3.80855389e-08  7.33038926e-02 
 3.80875389e-08  8.32316628e-02 
 3.80895389e-08  9.43329500e-02 
 3.80915389e-08  1.06726150e-01 
 3.80935389e-08  1.20504117e-01 
 3.80955389e-08  1.35720070e-01 
 3.80975389e-08  1.52243904e-01 
 3.80995389e-08  1.70169834e-01 
 3.81015389e-08  1.89597510e-01 
 3.81035389e-08  2.10324990e-01 
 3.81055389e-08  2.32280250e-01 
 3.81075389e-08  2.55401755e-01 
 3.81095389e-08  2.79625694e-01 
 3.81115389e-08  3.04897018e-01 
 3.81135389e-08  3.31159808e-01 
 3.81155389e-08  3.58363468e-01 
 3.81175389e-08  3.86456100e-01 
 3.81195389e-08  4.15388002e-01 
 3.81215389e-08  4.45106928e-01 
 3.81235389e-08  4.75559683e-01 
 3.81255389e-08  5.06688269e-01 
 3.81275389e-08  5.38429837e-01 
 3.81295389e-08  5.70712841e-01 
 3.81315389e-08  6.03455164e-01 
 3.81335389e-08  6.36559346e-01 
 3.81355389e-08  6.69908515e-01 
 3.81375389e-08  7.03360252e-01 
 3.81395389e-08  7.36741289e-01 
 3.81415389e-08  7.69842764e-01 
 3.81435389e-08  8.02419904e-01 
 3.81455389e-08  8.34198307e-01 
 3.81475389e-08  8.64889767e-01 
 3.81495389e-08  8.94216162e-01 
 3.81515389e-08  9.21936230e-01 
 3.81535389e-08  9.47867109e-01 
 3.81555389e-08  9.71894776e-01 
 3.81575389e-08  9.93972590e-01 
 3.81595389e-08  1.01411149e+00 
 3.81615389e-08  1.03236688e+00 
 3.81635389e-08  1.04882566e+00 
 3.81655389e-08  1.06359548e+00 
 3.81675389e-08  1.07679614e+00 
 3.81695389e-08  1.08855330e+00 
 3.81715389e-08  1.09899369e+00 
 3.81735389e-08  1.10824168e+00 
 3.81755389e-08  1.11641681e+00 
 3.81775389e-08  1.12363204e+00 
 3.81795389e-08  1.12999273e+00 
 3.81815389e-08  1.13559599e+00 
 3.81835389e-08  1.14053052e+00 
 3.81855389e-08  1.14487663e+00 
 3.81875389e-08  1.14870657e+00 
 3.81895389e-08  1.15208489e+00 
 3.81915389e-08  1.15506898e+00 
 3.81935389e-08  1.15770963e+00 
 3.81955389e-08  1.16005156e+00 
 3.81975389e-08  1.16213405e+00 
 3.81995389e-08  1.16399145e+00 
 3.82015389e-08  1.16565376e+00 
 3.82035389e-08  1.16714708e+00 
 3.82055389e-08  1.16849407e+00 
 3.82075389e-08  1.16971441e+00 
 3.82095389e-08  1.17082511e+00 
 3.82115389e-08  1.17184087e+00 
 3.82135389e-08  1.17277438e+00 
 3.82155389e-08  1.17363653e+00 
 3.82175389e-08  1.17443671e+00 
 3.82195389e-08  1.17518293e+00 
 3.82215389e-08  1.17588208e+00 
 3.82235389e-08  1.17654002e+00 
 3.82255389e-08  1.17716177e+00 
 3.82275389e-08  1.17775159e+00 
 3.82295389e-08  1.17831312e+00 
 3.82315389e-08  1.17884948e+00 
 3.82335389e-08  1.17936333e+00 
 3.82355389e-08  1.17985692e+00 
 3.82375389e-08  1.18033222e+00 
 3.82395389e-08  1.18078944e+00 
 3.82415389e-08  1.18123007e+00 
 3.82435389e-08  1.18165669e+00 
 3.82455389e-08  1.18207061e+00 
 3.82475389e-08  1.18247293e+00 
 3.82495389e-08  1.18286445e+00 
 3.82515389e-08  1.18324593e+00 
 3.82535389e-08  1.18361795e+00 
 3.82555389e-08  1.18398107e+00 
 3.82575389e-08  1.18433573e+00 
 3.82595389e-08  1.18468234e+00 
 3.82615389e-08  1.18502498e+00 
 3.82635389e-08  1.18536297e+00 
 3.82655389e-08  1.18569240e+00 
 3.82675389e-08  1.18601384e+00 
 3.82695389e-08  1.18632752e+00 
 3.82715389e-08  1.18663364e+00 
 3.82735389e-08  1.18693220e+00 
 3.82755389e-08  1.18722321e+00 
 3.82775389e-08  1.18750654e+00 
 3.82795389e-08  1.18778204e+00 
 3.82815389e-08  1.18804946e+00 
 3.82835389e-08  1.18830855e+00 
 3.82855389e-08  1.18855897e+00 
 3.82875389e-08  1.18880041e+00 
 3.82895389e-08  1.18903253e+00 
 3.82915389e-08  1.18925507e+00 
 3.82935389e-08  1.18946782e+00 
 3.82955389e-08  1.18967076e+00 
 3.82975389e-08  1.18986405e+00 
 3.82995389e-08  1.19004811e+00 
 3.83015389e-08  1.19022368e+00 
 3.83035389e-08  1.19039178e+00 
 3.83055389e-08  1.19055361e+00 
 3.83075389e-08  1.19071050e+00 
 3.83095389e-08  1.19086369e+00 
 3.83115389e-08  1.19101428e+00 
 3.83135389e-08  1.19116314e+00 
 3.83155389e-08  1.19131091e+00 
 3.83175389e-08  1.19145803e+00 
 3.83195389e-08  1.19160473e+00 
 3.83215389e-08  1.19175113e+00 
 3.83235389e-08  1.19189726e+00 
 3.83255389e-08  1.19204308e+00 
 3.83275389e-08  1.19218850e+00 
 3.83295389e-08  1.19233345e+00 
 3.83315389e-08  1.19247781e+00 
 3.83335389e-08  1.19262153e+00 
 3.83355389e-08  1.19276257e+00 
 3.83375389e-08  1.19290280e+00 
 3.83395389e-08  1.19304480e+00 
 3.83415389e-08  1.19318676e+00 
 3.83435389e-08  1.19332876e+00 
 3.83455389e-08  1.19347114e+00 
 3.83475389e-08  1.19361447e+00 
 3.83495389e-08  1.19375954e+00 
 3.83515389e-08  1.19390725e+00 
 3.83535389e-08  1.19405858e+00 
 3.83555389e-08  1.19421457e+00 
 3.83575389e-08  1.19437623e+00 
 3.83595389e-08  1.19454452e+00 
 3.83615389e-08  1.19472032e+00 
 3.83635389e-08  1.19490441e+00 
 3.83655389e-08  1.19509753e+00 
 3.83675389e-08  1.19530029e+00 
 3.83695389e-08  1.19551324e+00 
 3.83715389e-08  1.19573684e+00 
 3.83735389e-08  1.19597152e+00 
 3.83755389e-08  1.19621761e+00 
 3.83775389e-08  1.19647543e+00 
 3.83795389e-08  1.19674523e+00 
 3.83815389e-08  1.19702725e+00 
 3.83835389e-08  1.19732171e+00 
 3.83855389e-08  1.19762884e+00 
 3.83875389e-08  1.19794885e+00 
 3.83895389e-08  1.19828201e+00 
 3.83915389e-08  1.19862860e+00 
 3.83935389e-08  1.19898897e+00 
 3.83955389e-08  1.19936350e+00 
 3.83975389e-08  1.19975264e+00 
 3.83995389e-08  1.20015692e+00 
 3.84015389e-08  1.20057691e+00 
 3.84035389e-08  1.20101325e+00 
 3.84055389e-08  1.20146660e+00 
 3.84075389e-08  1.20193765e+00 
 3.84095389e-08  1.20242710e+00 
 3.84115389e-08  1.20293560e+00 
 3.84135389e-08  1.20346377e+00 
 3.84155389e-08  1.20401212e+00 
 3.84175389e-08  1.20458104e+00 
 3.84195389e-08  1.20517072e+00 
 3.84215389e-08  1.20578106e+00 
 3.84235389e-08  1.20641151e+00 
 3.84255389e-08  1.20706088e+00 
 3.84275389e-08  1.20772703e+00 
 3.84295389e-08  1.20840678e+00 
 3.84315389e-08  1.20909585e+00 
 3.84335389e-08  1.20978928e+00 
 3.84355389e-08  1.21048200e+00 
 3.84375389e-08  1.21116948e+00 
 3.84395389e-08  1.21184817e+00 
 3.84415389e-08  1.21251574e+00 
 3.84435389e-08  1.21317091e+00 
 3.84455389e-08  1.21381328e+00 
 3.84475389e-08  1.21444300e+00 
 3.84495389e-08  1.21506058e+00 
 3.84515389e-08  1.21566669e+00 
 3.84535389e-08  1.21626203e+00 
 3.84555389e-08  1.21684723e+00 
 3.84575389e-08  1.21742287e+00 
 3.84595389e-08  1.21798939e+00 
 3.84615389e-08  1.21854716e+00 
 3.84635389e-08  1.21909644e+00 
 3.84655389e-08  1.21963740e+00 
 3.84675389e-08  1.22017014e+00 
 3.84695389e-08  1.22069473e+00 
 3.84715389e-08  1.22121118e+00 
 3.84735389e-08  1.22171948e+00 
 3.84755389e-08  1.22221959e+00 
 3.84775389e-08  1.22271149e+00 
 3.84795389e-08  1.22319512e+00 
 3.84815389e-08  1.22367044e+00 
 3.84835389e-08  1.22413740e+00 
 3.84855389e-08  1.22459595e+00 
 3.84875389e-08  1.22504603e+00 
 3.84895389e-08  1.22548757e+00 
 3.84915389e-08  1.22592046e+00 
 3.84935389e-08  1.22634424e+00 
 3.84955389e-08  1.22675898e+00 
 3.84975389e-08  1.22716503e+00 
 3.84995389e-08  1.22756191e+00 
 3.85015389e-08  1.22794900e+00 
 3.85035389e-08  1.22832556e+00 
 3.85055389e-08  1.22869062e+00 
 3.85075389e-08  1.22904302e+00 
 3.85095389e-08  1.22938128e+00 
 3.85115389e-08  1.22970358e+00 
 3.85135389e-08  1.23000607e+00 
 3.85155389e-08  1.23028600e+00 
 3.85175389e-08  1.23054182e+00 
 3.85195389e-08  1.23076996e+00 
 3.85215389e-08  1.23096642e+00 
 3.85235389e-08  1.23112678e+00 
 3.85255389e-08  1.23124631e+00 
 3.85275389e-08  1.23132003e+00 
 3.85295389e-08  1.23134290e+00 
 3.85315389e-08  1.23130985e+00 
 3.85335389e-08  1.23121599e+00 
 3.85355389e-08  1.23105665e+00 
 3.85375389e-08  1.23082743e+00 
 3.85395389e-08  1.23052428e+00 
 3.85415389e-08  1.23014342e+00 
 3.85435389e-08  1.22968132e+00 
 3.85455389e-08  1.22913467e+00 
 3.85475389e-08  1.22850026e+00 
 3.85495389e-08  1.22777496e+00 
 3.85515389e-08  1.22695561e+00 
 3.85535389e-08  1.22603900e+00 
 3.85555389e-08  1.22502182e+00 
 3.85575389e-08  1.22390060e+00 
 3.85595389e-08  1.22267173e+00 
 3.85615389e-08  1.22133143e+00 
 3.85635389e-08  1.21987572e+00 
 3.85655389e-08  1.21830041e+00 
 3.85675389e-08  1.21660113e+00 
 3.85695389e-08  1.21477329e+00 
 3.85715389e-08  1.21281207e+00 
 3.85735389e-08  1.21071242e+00 
 3.85755389e-08  1.20846903e+00 
 3.85775389e-08  1.20607633e+00 
 3.85795389e-08  1.20352842e+00 
 3.85815389e-08  1.20081910e+00 
 3.85835389e-08  1.19794177e+00 
 3.85855389e-08  1.19488945e+00 
 3.85875389e-08  1.19165469e+00 
 3.85895389e-08  1.18822947e+00 
 3.85915389e-08  1.18460512e+00 
 3.85935389e-08  1.18077220e+00 
 3.85955389e-08  1.17672037e+00 
 3.85975389e-08  1.17243826e+00 
 3.85995389e-08  1.16791322e+00 
 3.86015389e-08  1.16313113e+00 
 3.86035389e-08  1.15807607e+00 
 3.86055389e-08  1.15273001e+00 
 3.86075389e-08  1.14707233e+00 
 3.86095389e-08  1.14107936e+00 
 3.86115389e-08  1.13472371e+00 
 3.86135389e-08  1.12797356e+00 
 3.86155389e-08  1.12079180e+00 
 3.86175389e-08  1.11313507e+00 
 3.86195389e-08  1.10495270e+00 
 3.86215389e-08  1.09618573e+00 
 3.86235389e-08  1.08676609e+00 
 3.86255389e-08  1.07661636e+00 
 3.86275389e-08  1.06565053e+00 
 3.86295389e-08  1.05377638e+00 
 3.86315389e-08  1.04090027e+00 
 3.86335389e-08  1.02693435e+00 
 3.86355389e-08  1.01180574e+00 
 3.86375389e-08  9.95465392e-01 
 3.86395389e-08  9.77893920e-01 
 3.86415389e-08  9.59101865e-01 
 3.86435389e-08  9.39124586e-01 
 3.86455389e-08  9.18014072e-01 
 3.86475389e-08  8.95830794e-01 
 3.86495389e-08  8.72637626e-01 
 3.86515389e-08  8.48496280e-01 
 3.86535389e-08  8.23465752e-01 
 3.86555389e-08  7.97644033e-01 
 3.86575389e-08  7.71075868e-01 
 3.86595389e-08  7.43766437e-01 
 3.86615389e-08  7.15746447e-01 
 3.86635389e-08  6.87069970e-01 
 3.86655389e-08  6.57808916e-01 
 3.86675389e-08  6.28010115e-01 
 3.86695389e-08  5.97723500e-01 
 3.86715389e-08  5.66999210e-01 
 3.86735389e-08  5.35892027e-01 
 3.86755389e-08  5.04460548e-01 
 3.86775389e-08  4.72771561e-01 
 3.86795389e-08  4.40901679e-01 
 3.86815389e-08  4.08943206e-01 
 3.86835389e-08  3.77009300e-01 
 3.86855389e-08  3.45242999e-01 
 3.86875389e-08  3.13826362e-01 
 3.86895389e-08  2.82990987e-01 
 3.86915389e-08  2.53023960e-01 
 3.86935389e-08  2.24264920e-01 
 3.86955389e-08  1.97086281e-01 
 3.86975389e-08  1.71855669e-01 
 3.86995389e-08  1.48886568e-01 
 3.87015389e-08  1.28392805e-01 
 3.87035389e-08  1.10461091e-01 
 3.87055389e-08  9.50488802e-02 
 3.87075389e-08  8.20040644e-02 
 3.87095389e-08  7.10977204e-02 
 3.87115389e-08  6.20596511e-02 
 3.87135389e-08  5.46094601e-02 
 3.87155389e-08  4.84381834e-02 
 3.87175389e-08  4.33269912e-02 
 3.87195389e-08  3.91232890e-02 
 3.87215389e-08  3.56528932e-02 
 3.87235389e-08  3.27545860e-02 
 3.87255389e-08  3.02879531e-02 
 3.87275389e-08  2.81658044e-02 
 3.87295389e-08  2.63205317e-02 
 3.87315389e-08  2.46991380e-02 
 3.87335389e-08  2.32609630e-02 
 3.87355389e-08  2.19742233e-02 
 3.87375389e-08  2.08144803e-02 
 3.87395389e-08  1.97624386e-02 
 3.87415389e-08  1.88030353e-02 
 3.87435389e-08  1.79241143e-02 
 3.87455389e-08  1.71159365e-02 
 3.87475389e-08  1.63704141e-02 
 3.87495389e-08  1.56808740e-02 
 3.87515389e-08  1.50416257e-02 
 3.87535389e-08  1.44478547e-02 
 3.87555389e-08  1.38953735e-02 
 3.87575389e-08  1.33805704e-02 
 3.87595389e-08  1.29002574e-02 
 3.87615389e-08  1.24516402e-02 
 3.87635389e-08  1.20322201e-02 
 3.87655389e-08  1.16397732e-02 
 3.87675389e-08  1.12722855e-02 
 3.87695389e-08  1.09279381e-02 
 3.87715389e-08  1.06050635e-02 
 3.87735389e-08  1.03021352e-02 
 3.87755389e-08  1.00177388e-02 
 3.87775389e-08  9.75056452e-03 
 3.87795389e-08  9.49938809e-03 
 3.87815389e-08  9.26306604e-03 
 3.87835389e-08  9.04052337e-03 
 3.87855389e-08  8.83075071e-03 
 3.87875389e-08  8.63279681e-03 
 3.87895389e-08  8.44576706e-03 
 3.87915389e-08  8.26881909e-03 
 3.87935389e-08  8.10116210e-03 
 3.87955389e-08  7.94205433e-03 
 3.87975389e-08  7.79080267e-03 
 3.87995389e-08  7.64676123e-03 
 3.88015389e-08  7.50933112e-03 
 3.88035389e-08  7.37795991e-03 
 3.88055389e-08  7.25214200e-03 
 3.88075389e-08  7.13141989e-03 
 3.88095389e-08  7.01538642e-03 
 3.88115389e-08  6.90368874e-03 
 3.88135389e-08  6.79603342e-03 
 3.88155389e-08  6.69219346e-03 
 3.88175389e-08  6.59201547e-03 
 3.88195389e-08  6.49542691e-03 
 3.88215389e-08  6.40243961e-03 
 3.88235389e-08  6.31314823e-03 
 3.88255389e-08  6.22771797e-03 
 3.88275389e-08  6.14636033e-03 
 3.88295389e-08  6.06929367e-03 
 3.88315389e-08  5.99669529e-03 
 3.88335389e-08  5.92865608e-03 
 3.88355389e-08  5.86516385e-03 
 3.88375389e-08  5.80613419e-03 
 3.88395389e-08  5.75148488e-03 
 3.88415389e-08  5.70120324e-03 
 3.88435389e-08  5.65535489e-03 
 3.88455389e-08  5.61402197e-03 
 3.88475389e-08  5.57721069e-03 
 3.88495389e-08  5.54477139e-03 
 3.88515389e-08  5.51636253e-03 
 3.88535389e-08  5.49146100e-03 
 3.88555389e-08  5.46940962e-03 
 3.88575389e-08  5.44947909e-03 
 3.88595389e-08  5.43092943e-03 
 3.88615389e-08  5.41305655e-03 
 3.88635389e-08  5.39522317e-03 
 3.88655389e-08  5.37687185e-03 
 3.88675389e-08  5.35752718e-03 
 3.88695389e-08  5.33678746e-03 
 3.88715389e-08  5.31431304e-03 
 3.88735389e-08  5.28980971e-03 
 3.88755389e-08  5.26301229e-03 
 3.88775389e-08  5.23366495e-03 
 3.88795389e-08  5.20150199e-03 
 3.88815389e-08  5.16635715e-03 
 3.88835389e-08  5.12788313e-03 
 3.88855389e-08  5.08540232e-03 
 3.88875389e-08  5.03831121e-03 
 3.88895389e-08  4.98602352e-03 
 3.88915389e-08  4.92780232e-03 
 3.88935389e-08  4.86275993e-03 
 3.88955389e-08  4.78994454e-03 
 3.88975389e-08  4.70844413e-03 
 3.88995389e-08  4.61747363e-03 
 3.89015389e-08  4.51649315e-03 
 3.89035389e-08  4.40523251e-03 
 3.89055389e-08  4.28370414e-03 
 3.89075389e-08  4.15212482e-03 
 3.89095389e-08  4.01084655e-03 
 3.89115389e-08  3.86026580e-03 
 3.89135389e-08  3.70077358e-03 
 3.89155389e-08  3.53272116e-03 
 3.89175389e-08  3.35641538e-03 
 3.89195389e-08  3.17212647e-03 
 3.89215389e-08  2.98010042e-03 
 3.89235389e-08  2.78057582e-03 
 3.89255389e-08  2.57379105e-03 
 3.89275389e-08  2.35999454e-03 
 3.89295389e-08  2.13944188e-03 
 3.89315389e-08  1.91239828e-03 
 3.89335389e-08  1.67912885e-03 
 3.89355389e-08  1.43989652e-03 
 3.89375389e-08  1.19494995e-03 
 3.89395389e-08  9.44520162e-04 
 3.89415389e-08  6.88809020e-04 
 3.89435389e-08  4.27986651e-04 
 3.89455389e-08  1.62182186e-04 
 3.89475389e-08 -1.08516927e-04 
 3.89495389e-08 -3.84070897e-04 
 3.89515389e-08 -6.64485010e-04 
 3.89535389e-08 -9.49810592e-04 
 3.89555389e-08 -1.24013710e-03 
 3.89575389e-08 -1.53558523e-03 
 3.89595389e-08 -1.83628921e-03 
 3.89615389e-08 -2.14237666e-03 
 3.89635389e-08 -2.45393519e-03 
 3.89655389e-08 -2.77097372e-03 
 3.89675389e-08 -3.09337103e-03 
 3.89695389e-08 -3.42082314e-03 
 3.89715389e-08 -3.75279037e-03 
 3.89735389e-08 -4.08846392e-03 
 3.89755389e-08 -4.42676154e-03 
 3.89775389e-08 -4.76637219e-03 
 3.89795389e-08 -5.10584738e-03 
 3.89815389e-08 -5.44373178e-03 
 3.89835389e-08 -5.77869948e-03 
 3.89855389e-08 -6.10966762e-03 
 3.89875389e-08 -6.43585925e-03 
 3.89895389e-08 -6.75681453e-03 
 3.89915389e-08 -7.07235767e-03 
 3.89935389e-08 -7.38254286e-03 
 3.89955389e-08 -7.68759296e-03 
 3.89975389e-08 -7.98784642e-03 
 3.89995389e-08 -8.28371336e-03 
 3.90015389e-08 -8.57564516e-03 
 3.90035389e-08 -8.86411176e-03 
 3.90055389e-08 -9.14958809e-03 
 3.90075389e-08 -9.43254374e-03 
 3.90095389e-08 -9.71343803e-03 
 3.90115389e-08 -9.99271587e-03 
 3.90135389e-08 -1.02708073e-02 
 3.90155389e-08 -1.05481267e-02 
 3.90175389e-08 -1.08250745e-02 
 3.90195389e-08 -1.11020374e-02 
 3.90215389e-08 -1.13793895e-02 
 3.90235389e-08 -1.16574893e-02 
 3.90255389e-08 -1.19366762e-02 
 3.90275389e-08 -1.22172600e-02 
 3.90295389e-08 -1.24952573e-02 
 3.90315389e-08 -1.27780109e-02 
 3.90335389e-08 -1.30669959e-02 
 3.90355389e-08 -1.33562430e-02 
 3.90375389e-08 -1.36468021e-02 
 3.90395389e-08 -1.39379754e-02 
 3.90415389e-08 -1.42295925e-02 
 3.90435389e-08 -1.45202190e-02 
 3.90455389e-08 -1.48086251e-02 
 3.90475389e-08 -1.50925831e-02 
 3.90495389e-08 -1.53698771e-02 
 3.90515389e-08 -1.56375548e-02 
 3.90535389e-08 -1.58926606e-02 
 3.90555389e-08 -1.61317936e-02 
 3.90575389e-08 -1.63516323e-02 
 3.90595389e-08 -1.65486587e-02 
 3.90615389e-08 -1.67195022e-02 
 3.90635389e-08 -1.68607392e-02 
 3.90655389e-08 -1.69690929e-02 
 3.90675389e-08 -1.70412710e-02 
 3.90695389e-08 -1.70740683e-02 
 3.90715389e-08 -1.70642337e-02 
 3.90735389e-08 -1.70085156e-02 
 3.90755389e-08 -1.69035553e-02 
 3.90775389e-08 -1.67459016e-02 
 3.90795389e-08 -1.65319270e-02 
 3.90815389e-08 -1.62578244e-02 
 3.90835389e-08 -1.59195396e-02 
 3.90855389e-08 -1.55127575e-02 
 3.90875389e-08 -1.50328440e-02 
 3.90895389e-08 -1.44748221e-02 
 3.90915389e-08 -1.38333188e-02 
 3.90935389e-08 -1.31025304e-02 
 3.90955389e-08 -1.22761675e-02 
 3.90975389e-08 -1.13474091e-02 
 3.90995389e-08 -1.03088399e-02 
 3.91015389e-08 -9.15238942e-03 
 3.91035389e-08 -7.86925542e-03 
 3.91055389e-08 -6.44982276e-03 
 3.91075389e-08 -4.88356476e-03 
 3.91095389e-08 -3.15893280e-03 
 3.91115389e-08 -1.26322392e-03 
 3.91135389e-08  8.17572431e-04 
 3.91155389e-08  3.09898559e-03 
 3.91175389e-08  5.59833960e-03 
 3.91195389e-08  8.33504041e-03 
 3.91215389e-08  1.13309496e-02 
 3.91235389e-08  1.46108614e-02 
 3.91255389e-08  1.82030930e-02 
 3.91275389e-08  2.21402262e-02 
 3.91295389e-08  2.64600265e-02 
 3.91315389e-08  3.12065767e-02 
 3.91335389e-08  3.64316448e-02 
 3.91355389e-08  4.21962815e-02 
 3.91375389e-08  4.85725767e-02 
 3.91395389e-08  5.56453677e-02 
 3.91415389e-08  6.35134562e-02 
 3.91435389e-08  7.22895058e-02 
 3.91455389e-08  8.20973233e-02 
 3.91475389e-08  9.30649430e-02 
 3.91495389e-08  1.05312540e-01 
 3.91515389e-08  1.18936528e-01 
 3.91535389e-08  1.33994894e-01 
 3.91555389e-08  1.50359030e-01 
 3.91575389e-08  1.68129619e-01 
 3.91595389e-08  1.87412040e-01 
 3.91615389e-08  2.08001707e-01 
 3.91635389e-08  2.29826377e-01 
 3.91655389e-08  2.52824226e-01 
 3.91675389e-08  2.76930926e-01 
 3.91695389e-08  3.02091103e-01 
 3.91715389e-08  3.28248499e-01 
 3.91735389e-08  3.55352366e-01 
 3.91755389e-08  3.83350691e-01 
 3.91775389e-08  4.12193829e-01 
 3.91795389e-08  4.41829676e-01 
 3.91815389e-08  4.72205366e-01 
 3.91835389e-08  5.03263385e-01 
 3.91855389e-08  5.34941618e-01 
 3.91875389e-08  5.67169521e-01 
 3.91895389e-08  5.99866363e-01 
 3.91915389e-08  6.32936522e-01 
 3.91935389e-08  6.66265539e-01 
 3.91955389e-08  6.99714035e-01 
 3.91975389e-08  7.33112381e-01 
 3.91995389e-08  7.66255699e-01 
 3.92015389e-08  7.98902981e-01 
 3.92035389e-08  8.30782452e-01 
 3.92055389e-08  8.61606369e-01 
 3.92075389e-08  8.91094196e-01 
 3.92095389e-08  9.18999447e-01 
 3.92115389e-08  9.45132164e-01 
 3.92135389e-08  9.69370697e-01 
 3.92155389e-08  9.91661435e-01 
 3.92175389e-08  1.01200966e+00 
 3.92195389e-08  1.03046657e+00 
 3.92215389e-08  1.04711622e+00 
 3.92235389e-08  1.06206445e+00 
 3.92255389e-08  1.07543008e+00 
 3.92275389e-08  1.08733838e+00 
 3.92295389e-08  1.09791616e+00 
 3.92315389e-08  1.10728819e+00 
 3.92335389e-08  1.11557461e+00 
 3.92355389e-08  1.12288919e+00 
 3.92375389e-08  1.12933813e+00 
 3.92395389e-08  1.13501947e+00 
 3.92415389e-08  1.14002282e+00 
 3.92435389e-08  1.14442940e+00 
 3.92455389e-08  1.14831231e+00 
 3.92475389e-08  1.15173693e+00 
 3.92495389e-08  1.15476140e+00 
 3.92515389e-08  1.15743719e+00 
 3.92535389e-08  1.15980967e+00 
 3.92555389e-08  1.16191868e+00 
 3.92575389e-08  1.16379907e+00 
 3.92595389e-08  1.16548131e+00 
 3.92615389e-08  1.16699187e+00 
 3.92635389e-08  1.16835381e+00 
 3.92655389e-08  1.16958707e+00 
 3.92675389e-08  1.17070897e+00 
 3.92695389e-08  1.17173442e+00 
 3.92715389e-08  1.17267633e+00 
 3.92735389e-08  1.17354578e+00 
 3.92755389e-08  1.17435229e+00 
 3.92775389e-08  1.17510404e+00 
 3.92795389e-08  1.17580802e+00 
 3.92815389e-08  1.17647019e+00 
 3.92835389e-08  1.17709566e+00 
 3.92855389e-08  1.17768877e+00 
 3.92875389e-08  1.17825323e+00 
 3.92895389e-08  1.17879219e+00 
 3.92915389e-08  1.17930837e+00 
 3.92935389e-08  1.17980407e+00 
 3.92955389e-08  1.18028128e+00 
 3.92975389e-08  1.18074025e+00 
 3.92995389e-08  1.18118251e+00 
 3.93015389e-08  1.18161061e+00 
 3.93035389e-08  1.18202589e+00 
 3.93055389e-08  1.18242946e+00 
 3.93075389e-08  1.18282216e+00 
 3.93095389e-08  1.18320473e+00 
 3.93115389e-08  1.18357777e+00 
 3.93135389e-08  1.18394186e+00 
 3.93155389e-08  1.18429744e+00 
 3.93175389e-08  1.18464493e+00 
 3.93195389e-08  1.18498838e+00 
 3.93215389e-08  1.18532714e+00 
 3.93235389e-08  1.18565734e+00 
 3.93255389e-08  1.18597955e+00 
 3.93275389e-08  1.18629399e+00 
 3.93295389e-08  1.18660087e+00 
 3.93315389e-08  1.18690020e+00 
 3.93335389e-08  1.18719201e+00 
 3.93355389e-08  1.18747615e+00 
 3.93375389e-08  1.18775249e+00 
 3.93395389e-08  1.18802078e+00 
 3.93415389e-08  1.18828077e+00 
 3.93435389e-08  1.18853214e+00 
 3.93455389e-08  1.18877456e+00 
 3.93475389e-08  1.18900770e+00 
 3.93495389e-08  1.18923129e+00 
 3.93515389e-08  1.18944511e+00 
 3.93535389e-08  1.18964911e+00 
 3.93555389e-08  1.18984342e+00 
 3.93575389e-08  1.19002846e+00 
 3.93595389e-08  1.19020491e+00 
 3.93615389e-08  1.19037376e+00 
 3.93635389e-08  1.19053621e+00 
 3.93655389e-08  1.19069358e+00 
 3.93675389e-08  1.19084711e+00 
 3.93695389e-08  1.19099794e+00 
 3.93715389e-08  1.19114695e+00 
 3.93735389e-08  1.19129482e+00 
 3.93755389e-08  1.19144200e+00 
 3.93775389e-08  1.19158874e+00 
 3.93795389e-08  1.19173517e+00 
 3.93815389e-08  1.19188133e+00 
 3.93835389e-08  1.19202719e+00 
 3.93855389e-08  1.19217266e+00 
 3.93875389e-08  1.19231766e+00 
 3.93895389e-08  1.19246210e+00 
 3.93915389e-08  1.19260589e+00 
 3.93935389e-08  1.19274698e+00 
 3.93955389e-08  1.19288728e+00 
 3.93975389e-08  1.19302937e+00 
 3.93995389e-08  1.19317138e+00 
 3.94015389e-08  1.19331337e+00 
 3.94035389e-08  1.19345567e+00 
 3.94055389e-08  1.19359886e+00 
 3.94075389e-08  1.19374368e+00 
 3.94095389e-08  1.19389104e+00 
 3.94115389e-08  1.19404192e+00 
 3.94135389e-08  1.19419735e+00 
 3.94155389e-08  1.19435834e+00 
 3.94175389e-08  1.19452586e+00 
 3.94195389e-08  1.19470079e+00 
 3.94215389e-08  1.19488395e+00 
 3.94235389e-08  1.19507605e+00 
 3.94255389e-08  1.19527773e+00 
 3.94275389e-08  1.19548955e+00 
 3.94295389e-08  1.19571197e+00 
 3.94315389e-08  1.19594543e+00 
 3.94335389e-08  1.19619026e+00 
 3.94355389e-08  1.19644679e+00 
 3.94375389e-08  1.19671527e+00 
 3.94395389e-08  1.19699596e+00 
 3.94415389e-08  1.19728906e+00 
 3.94435389e-08  1.19759479e+00 
 3.94455389e-08  1.19791340e+00 
 3.94475389e-08  1.19824512e+00 
 3.94495389e-08  1.19859023e+00 
 3.94515389e-08  1.19894909e+00 
 3.94535389e-08  1.19932205e+00 
 3.94555389e-08  1.19970959e+00 
 3.94575389e-08  1.20011219e+00 
 3.94595389e-08  1.20053045e+00 
 3.94615389e-08  1.20096497e+00 
 3.94635389e-08  1.20141644e+00 
 3.94655389e-08  1.20188553e+00 
 3.94675389e-08  1.20237295e+00 
 3.94695389e-08  1.20287935e+00 
 3.94715389e-08  1.20340536e+00 
 3.94735389e-08  1.20395149e+00 
 3.94755389e-08  1.20451816e+00 
 3.94775389e-08  1.20510558e+00 
 3.94795389e-08  1.20571369e+00 
 3.94815389e-08  1.20634200e+00 
 3.94835389e-08  1.20698940e+00 
 3.94855389e-08  1.20765386e+00 
 3.94875389e-08  1.20833232e+00 
 3.94895389e-08  1.20902061e+00 
 3.94915389e-08  1.20971382e+00 
 3.94935389e-08  1.21040685e+00 
 3.94955389e-08  1.21109509e+00 
 3.94975389e-08  1.21177487e+00 
 3.94995389e-08  1.21244373e+00 
 3.95015389e-08  1.21310029e+00 
 3.95035389e-08  1.21374404e+00 
 3.95055389e-08  1.21437512e+00 
 3.95075389e-08  1.21499399e+00 
 3.95095389e-08  1.21560132e+00 
 3.95115389e-08  1.21619779e+00 
 3.95135389e-08  1.21678406e+00 
 3.95155389e-08  1.21736072e+00 
 3.95175389e-08  1.21792821e+00 
 3.95195389e-08  1.21848692e+00 
 3.95215389e-08  1.21903711e+00 
 3.95235389e-08  1.21957897e+00 
 3.95255389e-08  1.22011260e+00 
 3.95275389e-08  1.22063808e+00 
 3.95295389e-08  1.22115541e+00 
 3.95315389e-08  1.22166460e+00 
 3.95335389e-08  1.22216561e+00 
 3.95355389e-08  1.22265840e+00 
 3.95375389e-08  1.22314293e+00 
 3.95395389e-08  1.22361916e+00 
 3.95415389e-08  1.22408703e+00 
 3.95435389e-08  1.22454649e+00 
 3.95455389e-08  1.22499750e+00 
 3.95475389e-08  1.22543997e+00 
 3.95495389e-08  1.22587381e+00 
 3.95515389e-08  1.22629888e+00 
 3.95535389e-08  1.22671476e+00 
 3.95555389e-08  1.22712145e+00 
 3.95575389e-08  1.22751908e+00 
 3.95595389e-08  1.22790707e+00 
 3.95615389e-08  1.22828467e+00 
 3.95635389e-08  1.22865095e+00 
 3.95655389e-08  1.22900473e+00 
 3.95675389e-08  1.22934457e+00 
 3.95695389e-08  1.22966870e+00 
 3.95715389e-08  1.22997332e+00 
 3.95735389e-08  1.23025574e+00 
 3.95755389e-08  1.23051441e+00 
 3.95775389e-08  1.23074581e+00 
 3.95795389e-08  1.23094598e+00 
 3.95815389e-08  1.23111055e+00 
 3.95835389e-08  1.23123482e+00 
 3.95855389e-08  1.23131384e+00 
 3.95875389e-08  1.23134254e+00 
 3.95895389e-08  1.23131588e+00 
 3.95915389e-08  1.23122894e+00 
 3.95935389e-08  1.23107700e+00 
 3.95955389e-08  1.23085566e+00 
 3.95975389e-08  1.23056080e+00 
 3.95995389e-08  1.23018863e+00 
 3.96015389e-08  1.22973560e+00 
 3.96035389e-08  1.22919838e+00 
 3.96055389e-08  1.22857374e+00 
 3.96075389e-08  1.22785855e+00 
 3.96095389e-08  1.22704966e+00 
 3.96115389e-08  1.22614387e+00 
 3.96135389e-08  1.22513786e+00 
 3.96155389e-08  1.22402821e+00 
 3.96175389e-08  1.22281131e+00 
 3.96195389e-08  1.22148341e+00 
 3.96215389e-08  1.22004053e+00 
 3.96235389e-08  1.21847852e+00 
 3.96255389e-08  1.21679304e+00 
 3.96275389e-08  1.21497951e+00 
 3.96295389e-08  1.21303313e+00 
 3.96315389e-08  1.21094889e+00 
 3.96335389e-08  1.20872150e+00 
 3.96355389e-08  1.20634542e+00 
 3.96375389e-08  1.20381480e+00 
 3.96395389e-08  1.20112347e+00 
 3.96415389e-08  1.19826486e+00 
 3.96435389e-08  1.19523205e+00 
 3.96455389e-08  1.19201764e+00 
 3.96475389e-08  1.18861368e+00 
 3.96495389e-08  1.18501157e+00 
 3.96515389e-08  1.18120196e+00 
 3.96535389e-08  1.17717463e+00 
 3.96555389e-08  1.17291831e+00 
 3.96575389e-08  1.16842052e+00 
 3.96595389e-08  1.16366731e+00 
 3.96615389e-08  1.15864296e+00 
 3.96635389e-08  1.15332970e+00 
 3.96655389e-08  1.14770722e+00 
 3.96675389e-08  1.14175221e+00 
 3.96695389e-08  1.13543772e+00 
 3.96715389e-08  1.12873245e+00 
 3.96735389e-08  1.12159992e+00 
 3.96755389e-08  1.11399750e+00 
 3.96775389e-08  1.10587538e+00 
 3.96795389e-08  1.09717553e+00 
 3.96815389e-08  1.08783093e+00 
 3.96835389e-08  1.07776515e+00 
 3.96855389e-08  1.06689305e+00 
 3.96875389e-08  1.05512290e+00 
 3.96895389e-08  1.04236090e+00 
 3.96915389e-08  1.02851816e+00 
 3.96935389e-08  1.01351968e+00 
 3.96955389e-08  9.97313452e-01 
 3.96975389e-08  9.79876718e-01 
 3.96995389e-08  9.61216910e-01 
 3.97015389e-08  9.41367040e-01 
 3.97035389e-08  9.20377700e-01 
 3.97055389e-08  8.98308775e-01 
 3.97075389e-08  8.75223092e-01 
 3.97095389e-08  8.51182596e-01 
 3.97115389e-08  8.26246611e-01 
 3.97135389e-08  8.00514491e-01 
 3.97155389e-08  7.74031065e-01 
 3.97175389e-08  7.46800557e-01 
 3.97195389e-08  7.18853361e-01 
 3.97215389e-08  6.90243762e-01 
 3.97235389e-08  6.61044364e-01 
 3.97255389e-08  6.31301937e-01 
 3.97275389e-08  6.01066258e-01 
 3.97295389e-08  5.70387196e-01 
 3.97315389e-08  5.39319102e-01 
 3.97335389e-08  5.07919931e-01 
 3.97355389e-08  4.76255533e-01 
 3.97375389e-08  4.44401170e-01 
 3.97395389e-08  4.12447219e-01 
 3.97415389e-08  3.80504140e-01 
 3.97435389e-08  3.48711281e-01 
 3.97455389e-08  3.17245886e-01 
 3.97475389e-08  2.86333733e-01 
 3.97495389e-08  2.56255730e-01 
 3.97515389e-08  2.27346391e-01 
 3.97535389e-08  1.99976063e-01 
 3.97555389e-08  1.74515210e-01 
 3.97575389e-08  1.51285678e-01 
 3.97595389e-08  1.30513980e-01 
 3.97615389e-08  1.12301321e-01 
 3.97635389e-08  9.66186882e-02 
 3.97655389e-08  8.33245231e-02 
 3.97675389e-08  7.21965606e-02 
 3.97695389e-08  6.29674808e-02 
 3.97715389e-08  5.53567315e-02 
 3.97735389e-08  4.90515595e-02 
 3.97755389e-08  4.38306315e-02 
 3.97775389e-08  3.95397394e-02 
 3.97795389e-08  3.60009757e-02 
 3.97815389e-08  3.30490438e-02 
 3.97835389e-08  3.05396887e-02 
 3.97855389e-08  2.83833701e-02 
 3.97875389e-08  2.65105904e-02 
 3.97895389e-08  2.48668474e-02 
 3.97915389e-08  2.34103144e-02 
 3.97935389e-08  2.21083051e-02 
 3.97955389e-08  2.09356970e-02 
 3.97975389e-08  1.98726740e-02 
 3.97995389e-08  1.89037836e-02 
 3.98015389e-08  1.80165746e-02 
 3.98035389e-08  1.72010866e-02 
 3.98055389e-08  1.64490623e-02 
 3.98075389e-08  1.57536982e-02 
 3.98095389e-08  1.51092014e-02 
 3.98115389e-08  1.45106754e-02 
 3.98135389e-08  1.39538665e-02 
 3.98155389e-08  1.34351085e-02 
 3.98175389e-08  1.29511683e-02 
 3.98195389e-08  1.24992140e-02 
 3.98215389e-08  1.20767155e-02 
 3.98235389e-08  1.16814225e-02 
 3.98255389e-08  1.13112986e-02 
 3.98275389e-08  1.09645059e-02 
 3.98295389e-08  1.06393609e-02 
 3.98315389e-08  1.03343233e-02 
 3.98335389e-08  1.00479668e-02 
 3.98355389e-08  9.77897122e-03 
 3.98375389e-08  9.52610317e-03 
 3.98395389e-08  9.28821099e-03 
 3.98415389e-08  9.06421239e-03 
 3.98435389e-08  8.85309121e-03 
 3.98455389e-08  8.65388996e-03 
 3.98475389e-08  8.46570804e-03 
 3.98495389e-08  8.28769744e-03 
 3.98515389e-08  8.11906183e-03 
 3.98535389e-08  7.95905414e-03 
 3.98555389e-08  7.80697600e-03 
 3.98575389e-08  7.66217641e-03 
 3.98595389e-08  7.52405133e-03 
 3.98615389e-08  7.39204328e-03 
 3.98635389e-08  7.26564147e-03 
 3.98655389e-08  7.14438309e-03 
 3.98675389e-08  7.02785527e-03 
 3.98695389e-08  6.91569905e-03 
 3.98715389e-08  6.80761414e-03 
 3.98735389e-08  6.70336596e-03 
 3.98755389e-08  6.60279266e-03 
 3.98775389e-08  6.50581264e-03 
 3.98795389e-08  6.41242841e-03 
 3.98815389e-08  6.32272601e-03 
 3.98835389e-08  6.23686380e-03 
 3.98855389e-08  6.15504993e-03 
 3.98875389e-08  6.07750422e-03 
 3.98895389e-08  6.00441095e-03 
 3.98915389e-08  5.93587196e-03 
 3.98935389e-08  5.87188584e-03 
 3.98955389e-08  5.81237291e-03 
 3.98975389e-08  5.75724682e-03 
 3.98995389e-08  5.70648544e-03 
 3.99015389e-08  5.66014783e-03 
 3.99035389e-08  5.61831863e-03 
 3.99055389e-08  5.58101687e-03 
 3.99075389e-08  5.54811256e-03 
 3.99095389e-08  5.51928548e-03 
 3.99115389e-08  5.49403050e-03 
 3.99135389e-08  5.47170226e-03 
 3.99155389e-08  5.45157615e-03 
 3.99175389e-08  5.43291084e-03 
 3.99195389e-08  5.41499643e-03 
 3.99215389e-08  5.39718750e-03 
 3.99235389e-08  5.37891753e-03 
 3.99255389e-08  5.35970244e-03 
 3.99275389e-08  5.33913294e-03 
 3.99295389e-08  5.31686340e-03 
 3.99315389e-08  5.29259537e-03 
 3.99335389e-08  5.26606146e-03 
 3.99355389e-08  5.23700572e-03 
 3.99375389e-08  5.20516462e-03 
 3.99395389e-08  5.17037204e-03 
 3.99415389e-08  5.13229475e-03 
 3.99435389e-08  5.09026899e-03 
 3.99455389e-08  5.04369757e-03 
 3.99475389e-08  4.99200854e-03 
 3.99495389e-08  4.93447853e-03 
 3.99515389e-08  4.87022973e-03 
 3.99535389e-08  4.79831218e-03 
 3.99555389e-08  4.71780503e-03 
 3.99575389e-08  4.62790276e-03 
 3.99595389e-08  4.52803675e-03 
 3.99615389e-08  4.41790534e-03 
 3.99635389e-08  4.29749348e-03 
 3.99655389e-08  4.16699857e-03 
 3.99675389e-08  4.02676272e-03 
 3.99695389e-08  3.87718037e-03 
 3.99715389e-08  3.71864537e-03 
 3.99735389e-08  3.55151389e-03 
 3.99755389e-08  3.37609747e-03 
 3.99775389e-08  3.19266978e-03 
 3.99795389e-08  3.00147862e-03 
 3.99815389e-08  2.80276298e-03 
 3.99835389e-08  2.59676064e-03 
 3.99855389e-08  2.38371904e-03 
 3.99875389e-08  2.16389278e-03 
 3.99895389e-08  1.93754648e-03 
 3.99915389e-08  1.70494530e-03 
 3.99935389e-08  1.46635304e-03 
 3.99955389e-08  1.22202003e-03 
 3.99975389e-08  9.72179854e-04 
 3.99987694e-08  8.15784804e-04 
 4.00000000e-08  6.57430587e-04 
