
Magic 8.3 revision 681 - Compiled on Tue Aug 25 11:50:23 AM CEST 2026.
Starting magic under Tcl interpreter
Using the terminal as the console.
WARNING: RLIMIT_NOFILE is above 1024 and Tcl_Version<9 this may cause runtime issues [rlim_cur=1048576]
Using NULL graphics device.
Processing system .magicrc file
Switching to WIRING tool.
Switching to NETLIST tool.
Switching to PICK tool.
Switching to BOX tool.
Sourcing design .magicrc for technology ihp-sg13g2 ...
2 Magic internal units = 1 Lambda
Input style sg13g2(): scaleFactor=2, multiplier=2
The following types are not handled by extraction and will be treated as non-electrical types:
    pblock sealcont difffill nemitter hvnemitter hvisodiffres sealvia1 sealvia2 sealvia3 sealvia4 sealvia5 sealvia6 pillar solder seal glass thruvia inductor 
Scaled tech values by 2 / 1 to match internal grid scaling
Loading ihp-sg13g2 Device Generator Menu ...
Loading "route_pll.tcl" from command line.
Cell pll_analog read from current working directory
Root cell box:
           width x height  (   llx,  lly  ), (   urx,  ury  )  area (units^2)

microns:  165.000 x 115.000  (-15.000, -60.000), ( 150.000,  55.000)  18975.000 
lambda:   16500.00 x 11500.00  (-1500.00, -6000.00), ( 15000.00,  5500.00)  189750000.00
internal:  33000 x 23000   ( -3000, -12000), ( 30000,  11000)  759000000 
Root cell box:
           width x height  (   llx,  lly  ), (   urx,  ury  )  area (units^2)

microns:   0.500 x 0.500   (-1.750,  6.750), (-1.250,  7.250)  0.250     
lambda:    50.00 x 50.00   (-175.00,  675.00), (-125.00,  725.00)  2500.00   
internal:    100 x 100     (  -350,  1350 ), (  -250,  1450 )  10000     
Moving label "clk_ref_gate" from space to metal1 in cell pll_analog.
Root cell box:
           width x height  (   llx,  lly  ), (   urx,  ury  )  area (units^2)

microns:   0.500 x 0.500   (-1.750,  1.750), (-1.250,  2.250)  0.250     
lambda:    50.00 x 50.00   (-175.00,  175.00), (-125.00,  225.00)  2500.00   
internal:    100 x 100     (  -350,  350  ), (  -250,  450  )  10000     
Moving label "vco_out_div" from space to metal1 in cell pll_analog.
Root cell box:
           width x height  (   llx,  lly  ), (   urx,  ury  )  area (units^2)

microns:   0.500 x 0.500   ( 20.250,  12.250), ( 20.750,  12.750)  0.250     
lambda:    50.00 x 50.00   ( 2025.00,  1225.00), ( 2075.00,  1275.00)  2500.00   
internal:    100 x 100     (  4050,  2450 ), (  4150,  2550 )  10000     
Moving label "VPWR" from space to metal1 in cell pll_analog.
Root cell box:
           width x height  (   llx,  lly  ), (   urx,  ury  )  area (units^2)

microns:   0.500 x 0.500   ( 20.250, -19.250), ( 20.750, -18.750)  0.250     
lambda:    50.00 x 50.00   ( 2025.00, -1925.00), ( 2075.00, -1875.00)  2500.00   
internal:    100 x 100     (  4050, -3850 ), (  4150, -3750 )  10000     
Moving label "VGND" from space to metal1 in cell pll_analog.
Root cell box:
           width x height  (   llx,  lly  ), (   urx,  ury  )  area (units^2)

microns:   0.500 x 0.500   ( 74.250, -10.950), ( 74.750, -10.450)  0.250     
lambda:    50.00 x 50.00   ( 7425.00, -1095.00), ( 7475.00, -1045.00)  2500.00   
internal:    100 x 100     ( 14850, -2190 ), ( 14950, -2090 )  10000     
Moving label "out" from space to metal1 in cell pll_analog.
Root cell box:
           width x height  (   llx,  lly  ), (   urx,  ury  )  area (units^2)

microns:   0.500 x 0.500   ( 36.250,  22.750), ( 36.750,  23.250)  0.250     
lambda:    50.00 x 50.00   ( 3625.00,  2275.00), ( 3675.00,  2325.00)  2500.00   
internal:    100 x 100     (  7250,  4550 ), (  7350,  4650 )  10000     
Moving label "vctrl" from space to metal1 in cell pll_analog.
Root cell box:
           width x height  (   llx,  lly  ), (   urx,  ury  )  area (units^2)

microns:   0.240 x 0.240   (-1.620,  6.880), (-1.380,  7.120)  0.058     
lambda:    24.00 x 24.00   (-162.00,  688.00), (-138.00,  712.00)  576.00    
internal:     48 x 48      (  -324,  1376 ), (  -276,  1424 )  2304      
Root cell box:
           width x height  (   llx,  lly  ), (   urx,  ury  )  area (units^2)

microns:   0.400 x 0.400   (-1.700,  6.800), (-1.300,  7.200)  0.160     
lambda:    40.00 x 40.00   (-170.00,  680.00), (-130.00,  720.00)  1600.00   
internal:     80 x 80      (  -340,  1360 ), (  -260,  1440 )  6400      
Root cell box:
           width x height  (   llx,  lly  ), (   urx,  ury  )  area (units^2)

microns:   0.200 x 0.200   (-1.600,  6.900), (-1.400,  7.100)  0.040     
lambda:    20.00 x 20.00   (-160.00,  690.00), (-140.00,  710.00)  400.00    
internal:     40 x 40      (  -320,  1380 ), (  -280,  1420 )  1600      
Root cell box:
           width x height  (   llx,  lly  ), (   urx,  ury  )  area (units^2)

microns:   0.400 x 0.400   (-1.700,  6.800), (-1.300,  7.200)  0.160     
lambda:    40.00 x 40.00   (-170.00,  680.00), (-130.00,  720.00)  1600.00   
internal:     80 x 80      (  -340,  1360 ), (  -260,  1440 )  6400      
Root cell box:
           width x height  (   llx,  lly  ), (   urx,  ury  )  area (units^2)

microns:   0.400 x 0.400   (-1.700,  6.800), (-1.300,  7.200)  0.160     
lambda:    40.00 x 40.00   (-170.00,  680.00), (-130.00,  720.00)  1600.00   
internal:     80 x 80      (  -340,  1360 ), (  -260,  1440 )  6400      
Root cell box:
           width x height  (   llx,  lly  ), (   urx,  ury  )  area (units^2)

microns:   0.200 x 0.200   (-1.600,  6.900), (-1.400,  7.100)  0.040     
lambda:    20.00 x 20.00   (-160.00,  690.00), (-140.00,  710.00)  400.00    
internal:     40 x 40      (  -320,  1380 ), (  -280,  1420 )  1600      
Root cell box:
           width x height  (   llx,  lly  ), (   urx,  ury  )  area (units^2)

microns:   0.400 x 0.400   (-1.700,  6.800), (-1.300,  7.200)  0.160     
lambda:    40.00 x 40.00   (-170.00,  680.00), (-130.00,  720.00)  1600.00   
internal:     80 x 80      (  -340,  1360 ), (  -260,  1440 )  6400      
Root cell box:
           width x height  (   llx,  lly  ), (   urx,  ury  )  area (units^2)

microns:   0.400 x 0.400   (-1.700,  6.800), (-1.300,  7.200)  0.160     
lambda:    40.00 x 40.00   (-170.00,  680.00), (-130.00,  720.00)  1600.00   
internal:     80 x 80      (  -340,  1360 ), (  -260,  1440 )  6400      
Root cell box:
           width x height  (   llx,  lly  ), (   urx,  ury  )  area (units^2)

microns:   0.200 x 0.200   (-1.600,  6.900), (-1.400,  7.100)  0.040     
lambda:    20.00 x 20.00   (-160.00,  690.00), (-140.00,  710.00)  400.00    
internal:     40 x 40      (  -320,  1380 ), (  -280,  1420 )  1600      
Root cell box:
           width x height  (   llx,  lly  ), (   urx,  ury  )  area (units^2)

microns:   0.400 x 0.400   (-1.700,  6.800), (-1.300,  7.200)  0.160     
lambda:    40.00 x 40.00   (-170.00,  680.00), (-130.00,  720.00)  1600.00   
internal:     80 x 80      (  -340,  1360 ), (  -260,  1440 )  6400      
Root cell box:
           width x height  (   llx,  lly  ), (   urx,  ury  )  area (units^2)

microns:   0.400 x 0.400   (-1.700,  6.800), (-1.300,  7.200)  0.160     
lambda:    40.00 x 40.00   (-170.00,  680.00), (-130.00,  720.00)  1600.00   
internal:     80 x 80      (  -340,  1360 ), (  -260,  1440 )  6400      
Root cell box:
           width x height  (   llx,  lly  ), (   urx,  ury  )  area (units^2)

microns:   0.200 x 0.200   (-1.600,  6.900), (-1.400,  7.100)  0.040     
lambda:    20.00 x 20.00   (-160.00,  690.00), (-140.00,  710.00)  400.00    
internal:     40 x 40      (  -320,  1380 ), (  -280,  1420 )  1600      
Root cell box:
           width x height  (   llx,  lly  ), (   urx,  ury  )  area (units^2)

microns:   0.400 x 0.400   (-1.700,  6.800), (-1.300,  7.200)  0.160     
lambda:    40.00 x 40.00   (-170.00,  680.00), (-130.00,  720.00)  1600.00   
internal:     80 x 80      (  -340,  1360 ), (  -260,  1440 )  6400      
Root cell box:
           width x height  (   llx,  lly  ), (   urx,  ury  )  area (units^2)

microns:   0.200 x 7.200   (-1.600,  6.900), (-1.400,  14.100)  1.440     
lambda:    20.00 x 720.00  (-160.00,  690.00), (-140.00,  1410.00)  14400.00  
internal:     40 x 1440    (  -320,  1380 ), (  -280,  2820 )  57600     
Root cell box:
           width x height  (   llx,  lly  ), (   urx,  ury  )  area (units^2)

microns:   0.400 x 0.400   (-1.700,  13.800), (-1.300,  14.200)  0.160     
lambda:    40.00 x 40.00   (-170.00,  1380.00), (-130.00,  1420.00)  1600.00   
internal:     80 x 80      (  -340,  2760 ), (  -260,  2840 )  6400      
Root cell box:
           width x height  (   llx,  lly  ), (   urx,  ury  )  area (units^2)

microns:   0.200 x 0.200   (-1.600,  13.900), (-1.400,  14.100)  0.040     
lambda:    20.00 x 20.00   (-160.00,  1390.00), (-140.00,  1410.00)  400.00    
internal:     40 x 40      (  -320,  2780 ), (  -280,  2820 )  1600      
Root cell box:
           width x height  (   llx,  lly  ), (   urx,  ury  )  area (units^2)

microns:   0.400 x 0.400   (-1.700,  13.800), (-1.300,  14.200)  0.160     
lambda:    40.00 x 40.00   (-170.00,  1380.00), (-130.00,  1420.00)  1600.00   
internal:     80 x 80      (  -340,  2760 ), (  -260,  2840 )  6400      
Root cell box:
           width x height  (   llx,  lly  ), (   urx,  ury  )  area (units^2)

microns:   0.240 x 0.240   ( 6.880,  8.040), ( 7.120,  8.280)  0.058     
lambda:    24.00 x 24.00   ( 688.00,  804.00), ( 712.00,  828.00)  576.00    
internal:     48 x 48      (  1376,  1608 ), (  1424,  1656 )  2304      
Root cell box:
           width x height  (   llx,  lly  ), (   urx,  ury  )  area (units^2)

microns:   0.400 x 0.400   ( 6.800,  7.960), ( 7.200,  8.360)  0.160     
lambda:    40.00 x 40.00   ( 680.00,  796.00), ( 720.00,  836.00)  1600.00   
internal:     80 x 80      (  1360,  1592 ), (  1440,  1672 )  6400      
Root cell box:
           width x height  (   llx,  lly  ), (   urx,  ury  )  area (units^2)

microns:   0.200 x 0.200   ( 6.900,  8.060), ( 7.100,  8.260)  0.040     
lambda:    20.00 x 20.00   ( 690.00,  806.00), ( 710.00,  826.00)  400.00    
internal:     40 x 40      (  1380,  1612 ), (  1420,  1652 )  1600      
Root cell box:
           width x height  (   llx,  lly  ), (   urx,  ury  )  area (units^2)

microns:   0.400 x 0.400   ( 6.800,  7.960), ( 7.200,  8.360)  0.160     
lambda:    40.00 x 40.00   ( 680.00,  796.00), ( 720.00,  836.00)  1600.00   
internal:     80 x 80      (  1360,  1592 ), (  1440,  1672 )  6400      
Root cell box:
           width x height  (   llx,  lly  ), (   urx,  ury  )  area (units^2)

microns:   0.400 x 0.400   ( 6.800,  7.960), ( 7.200,  8.360)  0.160     
lambda:    40.00 x 40.00   ( 680.00,  796.00), ( 720.00,  836.00)  1600.00   
internal:     80 x 80      (  1360,  1592 ), (  1440,  1672 )  6400      
Root cell box:
           width x height  (   llx,  lly  ), (   urx,  ury  )  area (units^2)

microns:   0.200 x 0.200   ( 6.900,  8.060), ( 7.100,  8.260)  0.040     
lambda:    20.00 x 20.00   ( 690.00,  806.00), ( 710.00,  826.00)  400.00    
internal:     40 x 40      (  1380,  1612 ), (  1420,  1652 )  1600      
Root cell box:
           width x height  (   llx,  lly  ), (   urx,  ury  )  area (units^2)

microns:   0.400 x 0.400   ( 6.800,  7.960), ( 7.200,  8.360)  0.160     
lambda:    40.00 x 40.00   ( 680.00,  796.00), ( 720.00,  836.00)  1600.00   
internal:     80 x 80      (  1360,  1592 ), (  1440,  1672 )  6400      
Root cell box:
           width x height  (   llx,  lly  ), (   urx,  ury  )  area (units^2)

microns:   0.400 x 0.400   ( 6.800,  7.960), ( 7.200,  8.360)  0.160     
lambda:    40.00 x 40.00   ( 680.00,  796.00), ( 720.00,  836.00)  1600.00   
internal:     80 x 80      (  1360,  1592 ), (  1440,  1672 )  6400      
Root cell box:
           width x height  (   llx,  lly  ), (   urx,  ury  )  area (units^2)

microns:   0.200 x 0.200   ( 6.900,  8.060), ( 7.100,  8.260)  0.040     
lambda:    20.00 x 20.00   ( 690.00,  806.00), ( 710.00,  826.00)  400.00    
internal:     40 x 40      (  1380,  1612 ), (  1420,  1652 )  1600      
Root cell box:
           width x height  (   llx,  lly  ), (   urx,  ury  )  area (units^2)

microns:   0.400 x 0.400   ( 6.800,  7.960), ( 7.200,  8.360)  0.160     
lambda:    40.00 x 40.00   ( 680.00,  796.00), ( 720.00,  836.00)  1600.00   
internal:     80 x 80      (  1360,  1592 ), (  1440,  1672 )  6400      
Root cell box:
           width x height  (   llx,  lly  ), (   urx,  ury  )  area (units^2)

microns:   0.400 x 0.400   ( 6.800,  7.960), ( 7.200,  8.360)  0.160     
lambda:    40.00 x 40.00   ( 680.00,  796.00), ( 720.00,  836.00)  1600.00   
internal:     80 x 80      (  1360,  1592 ), (  1440,  1672 )  6400      
Root cell box:
           width x height  (   llx,  lly  ), (   urx,  ury  )  area (units^2)

microns:   0.200 x 0.200   ( 6.900,  8.060), ( 7.100,  8.260)  0.040     
lambda:    20.00 x 20.00   ( 690.00,  806.00), ( 710.00,  826.00)  400.00    
internal:     40 x 40      (  1380,  1612 ), (  1420,  1652 )  1600      
Root cell box:
           width x height  (   llx,  lly  ), (   urx,  ury  )  area (units^2)

microns:   0.400 x 0.400   ( 6.800,  7.960), ( 7.200,  8.360)  0.160     
lambda:    40.00 x 40.00   ( 680.00,  796.00), ( 720.00,  836.00)  1600.00   
internal:     80 x 80      (  1360,  1592 ), (  1440,  1672 )  6400      
Root cell box:
           width x height  (   llx,  lly  ), (   urx,  ury  )  area (units^2)

microns:   0.200 x 6.040   ( 6.900,  8.060), ( 7.100,  14.100)  1.208     
lambda:    20.00 x 604.00  ( 690.00,  806.00), ( 710.00,  1410.00)  12080.00  
internal:     40 x 1208    (  1380,  1612 ), (  1420,  2820 )  48320     
Root cell box:
           width x height  (   llx,  lly  ), (   urx,  ury  )  area (units^2)

microns:   0.400 x 0.400   ( 6.800,  13.800), ( 7.200,  14.200)  0.160     
lambda:    40.00 x 40.00   ( 680.00,  1380.00), ( 720.00,  1420.00)  1600.00   
internal:     80 x 80      (  1360,  2760 ), (  1440,  2840 )  6400      
Root cell box:
           width x height  (   llx,  lly  ), (   urx,  ury  )  area (units^2)

microns:   0.200 x 0.200   ( 6.900,  13.900), ( 7.100,  14.100)  0.040     
lambda:    20.00 x 20.00   ( 690.00,  1390.00), ( 710.00,  1410.00)  400.00    
internal:     40 x 40      (  1380,  2780 ), (  1420,  2820 )  1600      
Root cell box:
           width x height  (   llx,  lly  ), (   urx,  ury  )  area (units^2)

microns:   0.400 x 0.400   ( 6.800,  13.800), ( 7.200,  14.200)  0.160     
lambda:    40.00 x 40.00   ( 680.00,  1380.00), ( 720.00,  1420.00)  1600.00   
internal:     80 x 80      (  1360,  2760 ), (  1440,  2840 )  6400      
Root cell box:
           width x height  (   llx,  lly  ), (   urx,  ury  )  area (units^2)

microns:   8.700 x 0.200   (-1.600,  13.900), ( 7.100,  14.100)  1.740     
lambda:   870.00 x 20.00   (-160.00,  1390.00), ( 710.00,  1410.00)  17400.00  
internal:   1740 x 40      (  -320,  2780 ), (  1420,  2820 )  69600     
Root cell box:
           width x height  (   llx,  lly  ), (   urx,  ury  )  area (units^2)

microns:   0.245 x 0.235   ( 2.605,  8.100), ( 2.850,  8.335)  0.058     
lambda:    24.50 x 23.50   ( 260.50,  810.00), ( 285.00,  833.50)  575.75    
internal:     49 x 47      (   521,  1620 ), (   570,  1667 )  2303      
Root cell box:
           width x height  (   llx,  lly  ), (   urx,  ury  )  area (units^2)

microns:   0.405 x 0.395   ( 2.525,  8.020), ( 2.930,  8.415)  0.160     
lambda:    40.50 x 39.50   ( 252.50,  802.00), ( 293.00,  841.50)  1599.75   
internal:     81 x 79      (   505,  1604 ), (   586,  1683 )  6399      
Root cell box:
           width x height  (   llx,  lly  ), (   urx,  ury  )  area (units^2)

microns:   0.205 x 0.200   ( 2.625,  8.115), ( 2.830,  8.315)  0.041     
lambda:    20.50 x 20.00   ( 262.50,  811.50), ( 283.00,  831.50)  410.00    
internal:     41 x 40      (   525,  1623 ), (   566,  1663 )  1640      
Root cell box:
           width x height  (   llx,  lly  ), (   urx,  ury  )  area (units^2)

microns:   0.405 x 0.395   ( 2.525,  8.020), ( 2.930,  8.415)  0.160     
lambda:    40.50 x 39.50   ( 252.50,  802.00), ( 293.00,  841.50)  1599.75   
internal:     81 x 79      (   505,  1604 ), (   586,  1683 )  6399      
Root cell box:
           width x height  (   llx,  lly  ), (   urx,  ury  )  area (units^2)

microns:   0.405 x 0.395   ( 2.525,  8.020), ( 2.930,  8.415)  0.160     
lambda:    40.50 x 39.50   ( 252.50,  802.00), ( 293.00,  841.50)  1599.75   
internal:     81 x 79      (   505,  1604 ), (   586,  1683 )  6399      
Root cell box:
           width x height  (   llx,  lly  ), (   urx,  ury  )  area (units^2)

microns:   0.205 x 0.200   ( 2.625,  8.115), ( 2.830,  8.315)  0.041     
lambda:    20.50 x 20.00   ( 262.50,  811.50), ( 283.00,  831.50)  410.00    
internal:     41 x 40      (   525,  1623 ), (   566,  1663 )  1640      
Root cell box:
           width x height  (   llx,  lly  ), (   urx,  ury  )  area (units^2)

microns:   0.405 x 0.395   ( 2.525,  8.020), ( 2.930,  8.415)  0.160     
lambda:    40.50 x 39.50   ( 252.50,  802.00), ( 293.00,  841.50)  1599.75   
internal:     81 x 79      (   505,  1604 ), (   586,  1683 )  6399      
Root cell box:
           width x height  (   llx,  lly  ), (   urx,  ury  )  area (units^2)

microns:   0.405 x 0.395   ( 2.525,  8.020), ( 2.930,  8.415)  0.160     
lambda:    40.50 x 39.50   ( 252.50,  802.00), ( 293.00,  841.50)  1599.75   
internal:     81 x 79      (   505,  1604 ), (   586,  1683 )  6399      
Root cell box:
           width x height  (   llx,  lly  ), (   urx,  ury  )  area (units^2)

microns:   0.205 x 0.200   ( 2.625,  8.115), ( 2.830,  8.315)  0.041     
lambda:    20.50 x 20.00   ( 262.50,  811.50), ( 283.00,  831.50)  410.00    
internal:     41 x 40      (   525,  1623 ), (   566,  1663 )  1640      
Root cell box:
           width x height  (   llx,  lly  ), (   urx,  ury  )  area (units^2)

microns:   0.405 x 0.395   ( 2.525,  8.020), ( 2.930,  8.415)  0.160     
lambda:    40.50 x 39.50   ( 252.50,  802.00), ( 293.00,  841.50)  1599.75   
internal:     81 x 79      (   505,  1604 ), (   586,  1683 )  6399      
Root cell box:
           width x height  (   llx,  lly  ), (   urx,  ury  )  area (units^2)

microns:   0.405 x 0.395   ( 2.525,  8.020), ( 2.930,  8.415)  0.160     
lambda:    40.50 x 39.50   ( 252.50,  802.00), ( 293.00,  841.50)  1599.75   
internal:     81 x 79      (   505,  1604 ), (   586,  1683 )  6399      
Root cell box:
           width x height  (   llx,  lly  ), (   urx,  ury  )  area (units^2)

microns:   0.205 x 0.200   ( 2.625,  8.115), ( 2.830,  8.315)  0.041     
lambda:    20.50 x 20.00   ( 262.50,  811.50), ( 283.00,  831.50)  410.00    
internal:     41 x 40      (   525,  1623 ), (   566,  1663 )  1640      
Root cell box:
           width x height  (   llx,  lly  ), (   urx,  ury  )  area (units^2)

microns:   0.405 x 0.395   ( 2.525,  8.020), ( 2.930,  8.415)  0.160     
lambda:    40.50 x 39.50   ( 252.50,  802.00), ( 293.00,  841.50)  1599.75   
internal:     81 x 79      (   505,  1604 ), (   586,  1683 )  6399      
Root cell box:
           width x height  (   llx,  lly  ), (   urx,  ury  )  area (units^2)

microns:   0.205 x 6.985   ( 2.625,  8.115), ( 2.830,  15.100)  1.432     
lambda:    20.50 x 698.50  ( 262.50,  811.50), ( 283.00,  1510.00)  14319.25  
internal:     41 x 1397    (   525,  1623 ), (   566,  3020 )  57277     
Root cell box:
           width x height  (   llx,  lly  ), (   urx,  ury  )  area (units^2)

microns:   0.405 x 0.400   ( 2.525,  14.800), ( 2.930,  15.200)  0.162     
lambda:    40.50 x 40.00   ( 252.50,  1480.00), ( 293.00,  1520.00)  1620.00   
internal:     81 x 80      (   505,  2960 ), (   586,  3040 )  6480      
Root cell box:
           width x height  (   llx,  lly  ), (   urx,  ury  )  area (units^2)

microns:   0.205 x 0.200   ( 2.625,  14.900), ( 2.830,  15.100)  0.041     
lambda:    20.50 x 20.00   ( 262.50,  1490.00), ( 283.00,  1510.00)  410.00    
internal:     41 x 40      (   525,  2980 ), (   566,  3020 )  1640      
Root cell box:
           width x height  (   llx,  lly  ), (   urx,  ury  )  area (units^2)

microns:   0.405 x 0.400   ( 2.525,  14.800), ( 2.930,  15.200)  0.162     
lambda:    40.50 x 40.00   ( 252.50,  1480.00), ( 293.00,  1520.00)  1620.00   
internal:     81 x 80      (   505,  2960 ), (   586,  3040 )  6480      
Root cell box:
           width x height  (   llx,  lly  ), (   urx,  ury  )  area (units^2)

microns:   0.245 x 0.245   ( 2.565,  1.895), ( 2.810,  2.140)  0.060     
lambda:    24.50 x 24.50   ( 256.50,  189.50), ( 281.00,  214.00)  600.25    
internal:     49 x 49      (   513,  379  ), (   562,  428  )  2401      
Root cell box:
           width x height  (   llx,  lly  ), (   urx,  ury  )  area (units^2)

microns:   0.405 x 0.405   ( 2.485,  1.815), ( 2.890,  2.220)  0.164     
lambda:    40.50 x 40.50   ( 248.50,  181.50), ( 289.00,  222.00)  1640.25   
internal:     81 x 81      (   497,  363  ), (   578,  444  )  6561      
Root cell box:
           width x height  (   llx,  lly  ), (   urx,  ury  )  area (units^2)

microns:   0.205 x 0.205   ( 2.585,  1.915), ( 2.790,  2.120)  0.042     
lambda:    20.50 x 20.50   ( 258.50,  191.50), ( 279.00,  212.00)  420.25    
internal:     41 x 41      (   517,  383  ), (   558,  424  )  1681      
Root cell box:
           width x height  (   llx,  lly  ), (   urx,  ury  )  area (units^2)

microns:   0.405 x 0.405   ( 2.485,  1.815), ( 2.890,  2.220)  0.164     
lambda:    40.50 x 40.50   ( 248.50,  181.50), ( 289.00,  222.00)  1640.25   
internal:     81 x 81      (   497,  363  ), (   578,  444  )  6561      
Root cell box:
           width x height  (   llx,  lly  ), (   urx,  ury  )  area (units^2)

microns:   0.405 x 0.405   ( 2.485,  1.815), ( 2.890,  2.220)  0.164     
lambda:    40.50 x 40.50   ( 248.50,  181.50), ( 289.00,  222.00)  1640.25   
internal:     81 x 81      (   497,  363  ), (   578,  444  )  6561      
Root cell box:
           width x height  (   llx,  lly  ), (   urx,  ury  )  area (units^2)

microns:   0.205 x 0.205   ( 2.585,  1.915), ( 2.790,  2.120)  0.042     
lambda:    20.50 x 20.50   ( 258.50,  191.50), ( 279.00,  212.00)  420.25    
internal:     41 x 41      (   517,  383  ), (   558,  424  )  1681      
Root cell box:
           width x height  (   llx,  lly  ), (   urx,  ury  )  area (units^2)

microns:   0.405 x 0.405   ( 2.485,  1.815), ( 2.890,  2.220)  0.164     
lambda:    40.50 x 40.50   ( 248.50,  181.50), ( 289.00,  222.00)  1640.25   
internal:     81 x 81      (   497,  363  ), (   578,  444  )  6561      
Root cell box:
           width x height  (   llx,  lly  ), (   urx,  ury  )  area (units^2)

microns:   0.405 x 0.405   ( 2.485,  1.815), ( 2.890,  2.220)  0.164     
lambda:    40.50 x 40.50   ( 248.50,  181.50), ( 289.00,  222.00)  1640.25   
internal:     81 x 81      (   497,  363  ), (   578,  444  )  6561      
Root cell box:
           width x height  (   llx,  lly  ), (   urx,  ury  )  area (units^2)

microns:   0.205 x 0.205   ( 2.585,  1.915), ( 2.790,  2.120)  0.042     
lambda:    20.50 x 20.50   ( 258.50,  191.50), ( 279.00,  212.00)  420.25    
internal:     41 x 41      (   517,  383  ), (   558,  424  )  1681      
Root cell box:
           width x height  (   llx,  lly  ), (   urx,  ury  )  area (units^2)

microns:   0.405 x 0.405   ( 2.485,  1.815), ( 2.890,  2.220)  0.164     
lambda:    40.50 x 40.50   ( 248.50,  181.50), ( 289.00,  222.00)  1640.25   
internal:     81 x 81      (   497,  363  ), (   578,  444  )  6561      
Root cell box:
           width x height  (   llx,  lly  ), (   urx,  ury  )  area (units^2)

microns:   0.855 x 0.205   ( 2.585,  1.915), ( 3.440,  2.120)  0.175     
lambda:    85.50 x 20.50   ( 258.50,  191.50), ( 344.00,  212.00)  1752.75   
internal:    171 x 41      (   517,  383  ), (   688,  424  )  7011      
Root cell box:
           width x height  (   llx,  lly  ), (   urx,  ury  )  area (units^2)

microns:   0.405 x 0.405   ( 3.135,  1.815), ( 3.540,  2.220)  0.164     
lambda:    40.50 x 40.50   ( 313.50,  181.50), ( 354.00,  222.00)  1640.25   
internal:     81 x 81      (   627,  363  ), (   708,  444  )  6561      
Root cell box:
           width x height  (   llx,  lly  ), (   urx,  ury  )  area (units^2)

microns:   0.205 x 0.205   ( 3.235,  1.915), ( 3.440,  2.120)  0.042     
lambda:    20.50 x 20.50   ( 323.50,  191.50), ( 344.00,  212.00)  420.25    
internal:     41 x 41      (   647,  383  ), (   688,  424  )  1681      
Root cell box:
           width x height  (   llx,  lly  ), (   urx,  ury  )  area (units^2)

microns:   0.405 x 0.405   ( 3.135,  1.815), ( 3.540,  2.220)  0.164     
lambda:    40.50 x 40.50   ( 313.50,  181.50), ( 354.00,  222.00)  1640.25   
internal:     81 x 81      (   627,  363  ), (   708,  444  )  6561      
Root cell box:
           width x height  (   llx,  lly  ), (   urx,  ury  )  area (units^2)

microns:   0.205 x 13.185  ( 3.235,  1.915), ( 3.440,  15.100)  2.703     
lambda:    20.50 x 1318.50  ( 323.50,  191.50), ( 344.00,  1510.00)  27029.25  
internal:     41 x 2637    (   647,  383  ), (   688,  3020 )  108117    
Root cell box:
           width x height  (   llx,  lly  ), (   urx,  ury  )  area (units^2)

microns:   0.405 x 0.400   ( 3.135,  14.800), ( 3.540,  15.200)  0.162     
lambda:    40.50 x 40.00   ( 313.50,  1480.00), ( 354.00,  1520.00)  1620.00   
internal:     81 x 80      (   627,  2960 ), (   708,  3040 )  6480      
Root cell box:
           width x height  (   llx,  lly  ), (   urx,  ury  )  area (units^2)

microns:   0.205 x 0.200   ( 3.235,  14.900), ( 3.440,  15.100)  0.041     
lambda:    20.50 x 20.00   ( 323.50,  1490.00), ( 344.00,  1510.00)  410.00    
internal:     41 x 40      (   647,  2980 ), (   688,  3020 )  1640      
Root cell box:
           width x height  (   llx,  lly  ), (   urx,  ury  )  area (units^2)

microns:   0.405 x 0.400   ( 3.135,  14.800), ( 3.540,  15.200)  0.162     
lambda:    40.50 x 40.00   ( 313.50,  1480.00), ( 354.00,  1520.00)  1620.00   
internal:     81 x 80      (   627,  2960 ), (   708,  3040 )  6480      
Root cell box:
           width x height  (   llx,  lly  ), (   urx,  ury  )  area (units^2)

microns:   0.240 x 0.240   ( 15.555,  3.830), ( 15.795,  4.070)  0.058     
lambda:    24.00 x 24.00   ( 1555.50,  383.00), ( 1579.50,  407.00)  576.00    
internal:     48 x 48      (  3111,  766  ), (  3159,  814  )  2304      
Root cell box:
           width x height  (   llx,  lly  ), (   urx,  ury  )  area (units^2)

microns:   0.400 x 0.400   ( 15.475,  3.750), ( 15.875,  4.150)  0.160     
lambda:    40.00 x 40.00   ( 1547.50,  375.00), ( 1587.50,  415.00)  1600.00   
internal:     80 x 80      (  3095,  750  ), (  3175,  830  )  6400      
Root cell box:
           width x height  (   llx,  lly  ), (   urx,  ury  )  area (units^2)

microns:   0.200 x 0.200   ( 15.575,  3.850), ( 15.775,  4.050)  0.040     
lambda:    20.00 x 20.00   ( 1557.50,  385.00), ( 1577.50,  405.00)  400.00    
internal:     40 x 40      (  3115,  770  ), (  3155,  810  )  1600      
Root cell box:
           width x height  (   llx,  lly  ), (   urx,  ury  )  area (units^2)

microns:   0.400 x 0.400   ( 15.475,  3.750), ( 15.875,  4.150)  0.160     
lambda:    40.00 x 40.00   ( 1547.50,  375.00), ( 1587.50,  415.00)  1600.00   
internal:     80 x 80      (  3095,  750  ), (  3175,  830  )  6400      
Root cell box:
           width x height  (   llx,  lly  ), (   urx,  ury  )  area (units^2)

microns:   0.400 x 0.400   ( 15.475,  3.750), ( 15.875,  4.150)  0.160     
lambda:    40.00 x 40.00   ( 1547.50,  375.00), ( 1587.50,  415.00)  1600.00   
internal:     80 x 80      (  3095,  750  ), (  3175,  830  )  6400      
Root cell box:
           width x height  (   llx,  lly  ), (   urx,  ury  )  area (units^2)

microns:   0.200 x 0.200   ( 15.575,  3.850), ( 15.775,  4.050)  0.040     
lambda:    20.00 x 20.00   ( 1557.50,  385.00), ( 1577.50,  405.00)  400.00    
internal:     40 x 40      (  3115,  770  ), (  3155,  810  )  1600      
Root cell box:
           width x height  (   llx,  lly  ), (   urx,  ury  )  area (units^2)

microns:   0.400 x 0.400   ( 15.475,  3.750), ( 15.875,  4.150)  0.160     
lambda:    40.00 x 40.00   ( 1547.50,  375.00), ( 1587.50,  415.00)  1600.00   
internal:     80 x 80      (  3095,  750  ), (  3175,  830  )  6400      
Root cell box:
           width x height  (   llx,  lly  ), (   urx,  ury  )  area (units^2)

microns:   0.400 x 0.400   ( 15.475,  3.750), ( 15.875,  4.150)  0.160     
lambda:    40.00 x 40.00   ( 1547.50,  375.00), ( 1587.50,  415.00)  1600.00   
internal:     80 x 80      (  3095,  750  ), (  3175,  830  )  6400      
Root cell box:
           width x height  (   llx,  lly  ), (   urx,  ury  )  area (units^2)

microns:   0.200 x 0.200   ( 15.575,  3.850), ( 15.775,  4.050)  0.040     
lambda:    20.00 x 20.00   ( 1557.50,  385.00), ( 1577.50,  405.00)  400.00    
internal:     40 x 40      (  3115,  770  ), (  3155,  810  )  1600      
Root cell box:
           width x height  (   llx,  lly  ), (   urx,  ury  )  area (units^2)

microns:   0.400 x 0.400   ( 15.475,  3.750), ( 15.875,  4.150)  0.160     
lambda:    40.00 x 40.00   ( 1547.50,  375.00), ( 1587.50,  415.00)  1600.00   
internal:     80 x 80      (  3095,  750  ), (  3175,  830  )  6400      
Root cell box:
           width x height  (   llx,  lly  ), (   urx,  ury  )  area (units^2)

microns:   0.400 x 0.400   ( 15.475,  3.750), ( 15.875,  4.150)  0.160     
lambda:    40.00 x 40.00   ( 1547.50,  375.00), ( 1587.50,  415.00)  1600.00   
internal:     80 x 80      (  3095,  750  ), (  3175,  830  )  6400      
Root cell box:
           width x height  (   llx,  lly  ), (   urx,  ury  )  area (units^2)

microns:   0.200 x 0.200   ( 15.575,  3.850), ( 15.775,  4.050)  0.040     
lambda:    20.00 x 20.00   ( 1557.50,  385.00), ( 1577.50,  405.00)  400.00    
internal:     40 x 40      (  3115,  770  ), (  3155,  810  )  1600      
Root cell box:
           width x height  (   llx,  lly  ), (   urx,  ury  )  area (units^2)

microns:   0.400 x 0.400   ( 15.475,  3.750), ( 15.875,  4.150)  0.160     
lambda:    40.00 x 40.00   ( 1547.50,  375.00), ( 1587.50,  415.00)  1600.00   
internal:     80 x 80      (  3095,  750  ), (  3175,  830  )  6400      
Root cell box:
           width x height  (   llx,  lly  ), (   urx,  ury  )  area (units^2)

microns:   0.200 x 11.250  ( 15.575,  3.850), ( 15.775,  15.100)  2.250     
lambda:    20.00 x 1125.00  ( 1557.50,  385.00), ( 1577.50,  1510.00)  22500.00  
internal:     40 x 2250    (  3115,  770  ), (  3155,  3020 )  90000     
Root cell box:
           width x height  (   llx,  lly  ), (   urx,  ury  )  area (units^2)

microns:   0.400 x 0.400   ( 15.475,  14.800), ( 15.875,  15.200)  0.160     
lambda:    40.00 x 40.00   ( 1547.50,  1480.00), ( 1587.50,  1520.00)  1600.00   
internal:     80 x 80      (  3095,  2960 ), (  3175,  3040 )  6400      
Root cell box:
           width x height  (   llx,  lly  ), (   urx,  ury  )  area (units^2)

microns:   0.200 x 0.200   ( 15.575,  14.900), ( 15.775,  15.100)  0.040     
lambda:    20.00 x 20.00   ( 1557.50,  1490.00), ( 1577.50,  1510.00)  400.00    
internal:     40 x 40      (  3115,  2980 ), (  3155,  3020 )  1600      
Root cell box:
           width x height  (   llx,  lly  ), (   urx,  ury  )  area (units^2)

microns:   0.400 x 0.400   ( 15.475,  14.800), ( 15.875,  15.200)  0.160     
lambda:    40.00 x 40.00   ( 1547.50,  1480.00), ( 1587.50,  1520.00)  1600.00   
internal:     80 x 80      (  3095,  2960 ), (  3175,  3040 )  6400      
Root cell box:
           width x height  (   llx,  lly  ), (   urx,  ury  )  area (units^2)

microns:  13.150 x 0.200   ( 2.625,  14.900), ( 15.775,  15.100)  2.630     
lambda:   1315.00 x 20.00   ( 262.50,  1490.00), ( 1577.50,  1510.00)  26300.00  
internal:   2630 x 40      (   525,  2980 ), (  3155,  3020 )  105200    
Root cell box:
           width x height  (   llx,  lly  ), (   urx,  ury  )  area (units^2)

microns:   0.240 x 0.240   ( 57.690, -4.310), ( 57.930, -4.070)  0.058     
lambda:    24.00 x 24.00   ( 5769.00, -431.00), ( 5793.00, -407.00)  576.00    
internal:     48 x 48      ( 11538, -862  ), ( 11586, -814  )  2304      
Root cell box:
           width x height  (   llx,  lly  ), (   urx,  ury  )  area (units^2)

microns:   0.400 x 0.400   ( 57.610, -4.390), ( 58.010, -3.990)  0.160     
lambda:    40.00 x 40.00   ( 5761.00, -439.00), ( 5801.00, -399.00)  1600.00   
internal:     80 x 80      ( 11522, -878  ), ( 11602, -798  )  6400      
Root cell box:
           width x height  (   llx,  lly  ), (   urx,  ury  )  area (units^2)

microns:   0.200 x 0.200   ( 57.710, -4.290), ( 57.910, -4.090)  0.040     
lambda:    20.00 x 20.00   ( 5771.00, -429.00), ( 5791.00, -409.00)  400.00    
internal:     40 x 40      ( 11542, -858  ), ( 11582, -818  )  1600      
Root cell box:
           width x height  (   llx,  lly  ), (   urx,  ury  )  area (units^2)

microns:   0.400 x 0.400   ( 57.610, -4.390), ( 58.010, -3.990)  0.160     
lambda:    40.00 x 40.00   ( 5761.00, -439.00), ( 5801.00, -399.00)  1600.00   
internal:     80 x 80      ( 11522, -878  ), ( 11602, -798  )  6400      
Root cell box:
           width x height  (   llx,  lly  ), (   urx,  ury  )  area (units^2)

microns:   0.400 x 0.400   ( 57.610, -4.390), ( 58.010, -3.990)  0.160     
lambda:    40.00 x 40.00   ( 5761.00, -439.00), ( 5801.00, -399.00)  1600.00   
internal:     80 x 80      ( 11522, -878  ), ( 11602, -798  )  6400      
Root cell box:
           width x height  (   llx,  lly  ), (   urx,  ury  )  area (units^2)

microns:   0.200 x 0.200   ( 57.710, -4.290), ( 57.910, -4.090)  0.040     
lambda:    20.00 x 20.00   ( 5771.00, -429.00), ( 5791.00, -409.00)  400.00    
internal:     40 x 40      ( 11542, -858  ), ( 11582, -818  )  1600      
Root cell box:
           width x height  (   llx,  lly  ), (   urx,  ury  )  area (units^2)

microns:   0.400 x 0.400   ( 57.610, -4.390), ( 58.010, -3.990)  0.160     
lambda:    40.00 x 40.00   ( 5761.00, -439.00), ( 5801.00, -399.00)  1600.00   
internal:     80 x 80      ( 11522, -878  ), ( 11602, -798  )  6400      
Root cell box:
           width x height  (   llx,  lly  ), (   urx,  ury  )  area (units^2)

microns:   0.400 x 0.400   ( 57.610, -4.390), ( 58.010, -3.990)  0.160     
lambda:    40.00 x 40.00   ( 5761.00, -439.00), ( 5801.00, -399.00)  1600.00   
internal:     80 x 80      ( 11522, -878  ), ( 11602, -798  )  6400      
Root cell box:
           width x height  (   llx,  lly  ), (   urx,  ury  )  area (units^2)

microns:   0.200 x 0.200   ( 57.710, -4.290), ( 57.910, -4.090)  0.040     
lambda:    20.00 x 20.00   ( 5771.00, -429.00), ( 5791.00, -409.00)  400.00    
internal:     40 x 40      ( 11542, -858  ), ( 11582, -818  )  1600      
Root cell box:
           width x height  (   llx,  lly  ), (   urx,  ury  )  area (units^2)

microns:   0.400 x 0.400   ( 57.610, -4.390), ( 58.010, -3.990)  0.160     
lambda:    40.00 x 40.00   ( 5761.00, -439.00), ( 5801.00, -399.00)  1600.00   
internal:     80 x 80      ( 11522, -878  ), ( 11602, -798  )  6400      
Root cell box:
           width x height  (   llx,  lly  ), (   urx,  ury  )  area (units^2)

microns:   0.400 x 0.400   ( 57.610, -4.390), ( 58.010, -3.990)  0.160     
lambda:    40.00 x 40.00   ( 5761.00, -439.00), ( 5801.00, -399.00)  1600.00   
internal:     80 x 80      ( 11522, -878  ), ( 11602, -798  )  6400      
Root cell box:
           width x height  (   llx,  lly  ), (   urx,  ury  )  area (units^2)

microns:   0.200 x 0.200   ( 57.710, -4.290), ( 57.910, -4.090)  0.040     
lambda:    20.00 x 20.00   ( 5771.00, -429.00), ( 5791.00, -409.00)  400.00    
internal:     40 x 40      ( 11542, -858  ), ( 11582, -818  )  1600      
Root cell box:
           width x height  (   llx,  lly  ), (   urx,  ury  )  area (units^2)

microns:   0.400 x 0.400   ( 57.610, -4.390), ( 58.010, -3.990)  0.160     
lambda:    40.00 x 40.00   ( 5761.00, -439.00), ( 5801.00, -399.00)  1600.00   
internal:     80 x 80      ( 11522, -878  ), ( 11602, -798  )  6400      
Root cell box:
           width x height  (   llx,  lly  ), (   urx,  ury  )  area (units^2)

microns:   0.200 x 20.390  ( 57.710, -4.290), ( 57.910,  16.100)  4.078     
lambda:    20.00 x 2039.00  ( 5771.00, -429.00), ( 5791.00,  1610.00)  40780.00  
internal:     40 x 4078    ( 11542, -858  ), ( 11582,  3220 )  163120    
Root cell box:
           width x height  (   llx,  lly  ), (   urx,  ury  )  area (units^2)

microns:   0.400 x 0.400   ( 57.610,  15.800), ( 58.010,  16.200)  0.160     
lambda:    40.00 x 40.00   ( 5761.00,  1580.00), ( 5801.00,  1620.00)  1600.00   
internal:     80 x 80      ( 11522,  3160 ), ( 11602,  3240 )  6400      
Root cell box:
           width x height  (   llx,  lly  ), (   urx,  ury  )  area (units^2)

microns:   0.200 x 0.200   ( 57.710,  15.900), ( 57.910,  16.100)  0.040     
lambda:    20.00 x 20.00   ( 5771.00,  1590.00), ( 5791.00,  1610.00)  400.00    
internal:     40 x 40      ( 11542,  3180 ), ( 11582,  3220 )  1600      
Root cell box:
           width x height  (   llx,  lly  ), (   urx,  ury  )  area (units^2)

microns:   0.400 x 0.400   ( 57.610,  15.800), ( 58.010,  16.200)  0.160     
lambda:    40.00 x 40.00   ( 5761.00,  1580.00), ( 5801.00,  1620.00)  1600.00   
internal:     80 x 80      ( 11522,  3160 ), ( 11602,  3240 )  6400      
Root cell box:
           width x height  (   llx,  lly  ), (   urx,  ury  )  area (units^2)

microns:   1.000 x 1.000   ( 35.110, -6.860), ( 36.110, -5.860)  1.000     
lambda:   100.00 x 100.00  ( 3511.00, -686.00), ( 3611.00, -586.00)  10000.00  
internal:    200 x 200     (  7022, -1372 ), (  7222, -1172 )  40000     
Root cell box:
           width x height  (   llx,  lly  ), (   urx,  ury  )  area (units^2)

microns:   0.400 x 0.400   ( 35.410, -6.560), ( 35.810, -6.160)  0.160     
lambda:    40.00 x 40.00   ( 3541.00, -656.00), ( 3581.00, -616.00)  1600.00   
internal:     80 x 80      (  7082, -1312 ), (  7162, -1232 )  6400      
Root cell box:
           width x height  (   llx,  lly  ), (   urx,  ury  )  area (units^2)

microns:   0.200 x 0.200   ( 35.510, -6.460), ( 35.710, -6.260)  0.040     
lambda:    20.00 x 20.00   ( 3551.00, -646.00), ( 3571.00, -626.00)  400.00    
internal:     40 x 40      (  7102, -1292 ), (  7142, -1252 )  1600      
Root cell box:
           width x height  (   llx,  lly  ), (   urx,  ury  )  area (units^2)

microns:   0.400 x 0.400   ( 35.410, -6.560), ( 35.810, -6.160)  0.160     
lambda:    40.00 x 40.00   ( 3541.00, -656.00), ( 3581.00, -616.00)  1600.00   
internal:     80 x 80      (  7082, -1312 ), (  7162, -1232 )  6400      
Root cell box:
           width x height  (   llx,  lly  ), (   urx,  ury  )  area (units^2)

microns:   0.400 x 0.400   ( 35.410, -6.560), ( 35.810, -6.160)  0.160     
lambda:    40.00 x 40.00   ( 3541.00, -656.00), ( 3581.00, -616.00)  1600.00   
internal:     80 x 80      (  7082, -1312 ), (  7162, -1232 )  6400      
Root cell box:
           width x height  (   llx,  lly  ), (   urx,  ury  )  area (units^2)

microns:   0.200 x 0.200   ( 35.510, -6.460), ( 35.710, -6.260)  0.040     
lambda:    20.00 x 20.00   ( 3551.00, -646.00), ( 3571.00, -626.00)  400.00    
internal:     40 x 40      (  7102, -1292 ), (  7142, -1252 )  1600      
Root cell box:
           width x height  (   llx,  lly  ), (   urx,  ury  )  area (units^2)

microns:   0.400 x 0.400   ( 35.410, -6.560), ( 35.810, -6.160)  0.160     
lambda:    40.00 x 40.00   ( 3541.00, -656.00), ( 3581.00, -616.00)  1600.00   
internal:     80 x 80      (  7082, -1312 ), (  7162, -1232 )  6400      
Root cell box:
           width x height  (   llx,  lly  ), (   urx,  ury  )  area (units^2)

microns:   0.400 x 0.400   ( 35.410, -6.560), ( 35.810, -6.160)  0.160     
lambda:    40.00 x 40.00   ( 3541.00, -656.00), ( 3581.00, -616.00)  1600.00   
internal:     80 x 80      (  7082, -1312 ), (  7162, -1232 )  6400      
Root cell box:
           width x height  (   llx,  lly  ), (   urx,  ury  )  area (units^2)

microns:   0.200 x 0.200   ( 35.510, -6.460), ( 35.710, -6.260)  0.040     
lambda:    20.00 x 20.00   ( 3551.00, -646.00), ( 3571.00, -626.00)  400.00    
internal:     40 x 40      (  7102, -1292 ), (  7142, -1252 )  1600      
Root cell box:
           width x height  (   llx,  lly  ), (   urx,  ury  )  area (units^2)

microns:   0.400 x 0.400   ( 35.410, -6.560), ( 35.810, -6.160)  0.160     
lambda:    40.00 x 40.00   ( 3541.00, -656.00), ( 3581.00, -616.00)  1600.00   
internal:     80 x 80      (  7082, -1312 ), (  7162, -1232 )  6400      
Root cell box:
           width x height  (   llx,  lly  ), (   urx,  ury  )  area (units^2)

microns:   0.400 x 0.400   ( 35.410, -6.560), ( 35.810, -6.160)  0.160     
lambda:    40.00 x 40.00   ( 3541.00, -656.00), ( 3581.00, -616.00)  1600.00   
internal:     80 x 80      (  7082, -1312 ), (  7162, -1232 )  6400      
Root cell box:
           width x height  (   llx,  lly  ), (   urx,  ury  )  area (units^2)

microns:   0.200 x 0.200   ( 35.510, -6.460), ( 35.710, -6.260)  0.040     
lambda:    20.00 x 20.00   ( 3551.00, -646.00), ( 3571.00, -626.00)  400.00    
internal:     40 x 40      (  7102, -1292 ), (  7142, -1252 )  1600      
Root cell box:
           width x height  (   llx,  lly  ), (   urx,  ury  )  area (units^2)

microns:   0.400 x 0.400   ( 35.410, -6.560), ( 35.810, -6.160)  0.160     
lambda:    40.00 x 40.00   ( 3541.00, -656.00), ( 3581.00, -616.00)  1600.00   
internal:     80 x 80      (  7082, -1312 ), (  7162, -1232 )  6400      
Root cell box:
           width x height  (   llx,  lly  ), (   urx,  ury  )  area (units^2)

microns:   0.200 x 22.560  ( 35.510, -6.460), ( 35.710,  16.100)  4.512     
lambda:    20.00 x 2256.00  ( 3551.00, -646.00), ( 3571.00,  1610.00)  45120.00  
internal:     40 x 4512    (  7102, -1292 ), (  7142,  3220 )  180480    
Root cell box:
           width x height  (   llx,  lly  ), (   urx,  ury  )  area (units^2)

microns:   0.400 x 0.400   ( 35.410,  15.800), ( 35.810,  16.200)  0.160     
lambda:    40.00 x 40.00   ( 3541.00,  1580.00), ( 3581.00,  1620.00)  1600.00   
internal:     80 x 80      (  7082,  3160 ), (  7162,  3240 )  6400      
Root cell box:
           width x height  (   llx,  lly  ), (   urx,  ury  )  area (units^2)

microns:   0.200 x 0.200   ( 35.510,  15.900), ( 35.710,  16.100)  0.040     
lambda:    20.00 x 20.00   ( 3551.00,  1590.00), ( 3571.00,  1610.00)  400.00    
internal:     40 x 40      (  7102,  3180 ), (  7142,  3220 )  1600      
Root cell box:
           width x height  (   llx,  lly  ), (   urx,  ury  )  area (units^2)

microns:   0.400 x 0.400   ( 35.410,  15.800), ( 35.810,  16.200)  0.160     
lambda:    40.00 x 40.00   ( 3541.00,  1580.00), ( 3581.00,  1620.00)  1600.00   
internal:     80 x 80      (  7082,  3160 ), (  7162,  3240 )  6400      
Root cell box:
           width x height  (   llx,  lly  ), (   urx,  ury  )  area (units^2)

microns:  22.400 x 0.200   ( 35.510,  15.900), ( 57.910,  16.100)  4.480     
lambda:   2240.00 x 20.00   ( 3551.00,  1590.00), ( 5791.00,  1610.00)  44800.00  
internal:   4480 x 40      (  7102,  3180 ), ( 11582,  3220 )  179200    
Root cell box:
           width x height  (   llx,  lly  ), (   urx,  ury  )  area (units^2)

microns:   0.240 x 0.240   ( 20.190,  4.515), ( 20.430,  4.755)  0.058     
lambda:    24.00 x 24.00   ( 2019.00,  451.50), ( 2043.00,  475.50)  576.00    
internal:     48 x 48      (  4038,  903  ), (  4086,  951  )  2304      
Root cell box:
           width x height  (   llx,  lly  ), (   urx,  ury  )  area (units^2)

microns:   0.400 x 0.395   ( 20.110,  4.435), ( 20.510,  4.830)  0.158     
lambda:    40.00 x 39.50   ( 2011.00,  443.50), ( 2051.00,  483.00)  1580.00   
internal:     80 x 79      (  4022,  887  ), (  4102,  966  )  6320      
Root cell box:
           width x height  (   llx,  lly  ), (   urx,  ury  )  area (units^2)

microns:   0.200 x 0.195   ( 20.210,  4.535), ( 20.410,  4.730)  0.039     
lambda:    20.00 x 19.50   ( 2021.00,  453.50), ( 2041.00,  473.00)  390.00    
internal:     40 x 39      (  4042,  907  ), (  4082,  946  )  1560      
Root cell box:
           width x height  (   llx,  lly  ), (   urx,  ury  )  area (units^2)

microns:   0.400 x 0.395   ( 20.110,  4.435), ( 20.510,  4.830)  0.158     
lambda:    40.00 x 39.50   ( 2011.00,  443.50), ( 2051.00,  483.00)  1580.00   
internal:     80 x 79      (  4022,  887  ), (  4102,  966  )  6320      
Root cell box:
           width x height  (   llx,  lly  ), (   urx,  ury  )  area (units^2)

microns:   0.400 x 0.395   ( 20.110,  4.435), ( 20.510,  4.830)  0.158     
lambda:    40.00 x 39.50   ( 2011.00,  443.50), ( 2051.00,  483.00)  1580.00   
internal:     80 x 79      (  4022,  887  ), (  4102,  966  )  6320      
Root cell box:
           width x height  (   llx,  lly  ), (   urx,  ury  )  area (units^2)

microns:   0.200 x 0.195   ( 20.210,  4.535), ( 20.410,  4.730)  0.039     
lambda:    20.00 x 19.50   ( 2021.00,  453.50), ( 2041.00,  473.00)  390.00    
internal:     40 x 39      (  4042,  907  ), (  4082,  946  )  1560      
Root cell box:
           width x height  (   llx,  lly  ), (   urx,  ury  )  area (units^2)

microns:   0.400 x 0.395   ( 20.110,  4.435), ( 20.510,  4.830)  0.158     
lambda:    40.00 x 39.50   ( 2011.00,  443.50), ( 2051.00,  483.00)  1580.00   
internal:     80 x 79      (  4022,  887  ), (  4102,  966  )  6320      
Root cell box:
           width x height  (   llx,  lly  ), (   urx,  ury  )  area (units^2)

microns:   0.400 x 0.395   ( 20.110,  4.435), ( 20.510,  4.830)  0.158     
lambda:    40.00 x 39.50   ( 2011.00,  443.50), ( 2051.00,  483.00)  1580.00   
internal:     80 x 79      (  4022,  887  ), (  4102,  966  )  6320      
Root cell box:
           width x height  (   llx,  lly  ), (   urx,  ury  )  area (units^2)

microns:   0.200 x 0.195   ( 20.210,  4.535), ( 20.410,  4.730)  0.039     
lambda:    20.00 x 19.50   ( 2021.00,  453.50), ( 2041.00,  473.00)  390.00    
internal:     40 x 39      (  4042,  907  ), (  4082,  946  )  1560      
Root cell box:
           width x height  (   llx,  lly  ), (   urx,  ury  )  area (units^2)

microns:   0.400 x 0.395   ( 20.110,  4.435), ( 20.510,  4.830)  0.158     
lambda:    40.00 x 39.50   ( 2011.00,  443.50), ( 2051.00,  483.00)  1580.00   
internal:     80 x 79      (  4022,  887  ), (  4102,  966  )  6320      
Root cell box:
           width x height  (   llx,  lly  ), (   urx,  ury  )  area (units^2)

microns:   0.400 x 0.395   ( 20.110,  4.435), ( 20.510,  4.830)  0.158     
lambda:    40.00 x 39.50   ( 2011.00,  443.50), ( 2051.00,  483.00)  1580.00   
internal:     80 x 79      (  4022,  887  ), (  4102,  966  )  6320      
Root cell box:
           width x height  (   llx,  lly  ), (   urx,  ury  )  area (units^2)

microns:   0.200 x 0.195   ( 20.210,  4.535), ( 20.410,  4.730)  0.039     
lambda:    20.00 x 19.50   ( 2021.00,  453.50), ( 2041.00,  473.00)  390.00    
internal:     40 x 39      (  4042,  907  ), (  4082,  946  )  1560      
Root cell box:
           width x height  (   llx,  lly  ), (   urx,  ury  )  area (units^2)

microns:   0.400 x 0.395   ( 20.110,  4.435), ( 20.510,  4.830)  0.158     
lambda:    40.00 x 39.50   ( 2011.00,  443.50), ( 2051.00,  483.00)  1580.00   
internal:     80 x 79      (  4022,  887  ), (  4102,  966  )  6320      
Root cell box:
           width x height  (   llx,  lly  ), (   urx,  ury  )  area (units^2)

microns:   0.200 x 12.565  ( 20.210,  4.535), ( 20.410,  17.100)  2.513     
lambda:    20.00 x 1256.50  ( 2021.00,  453.50), ( 2041.00,  1710.00)  25130.00  
internal:     40 x 2513    (  4042,  907  ), (  4082,  3420 )  100520    
Root cell box:
           width x height  (   llx,  lly  ), (   urx,  ury  )  area (units^2)

microns:   0.400 x 0.400   ( 20.110,  16.800), ( 20.510,  17.200)  0.160     
lambda:    40.00 x 40.00   ( 2011.00,  1680.00), ( 2051.00,  1720.00)  1600.00   
internal:     80 x 80      (  4022,  3360 ), (  4102,  3440 )  6400      
Root cell box:
           width x height  (   llx,  lly  ), (   urx,  ury  )  area (units^2)

microns:   0.200 x 0.200   ( 20.210,  16.900), ( 20.410,  17.100)  0.040     
lambda:    20.00 x 20.00   ( 2021.00,  1690.00), ( 2041.00,  1710.00)  400.00    
internal:     40 x 40      (  4042,  3380 ), (  4082,  3420 )  1600      
Root cell box:
           width x height  (   llx,  lly  ), (   urx,  ury  )  area (units^2)

microns:   0.400 x 0.400   ( 20.110,  16.800), ( 20.510,  17.200)  0.160     
lambda:    40.00 x 40.00   ( 2011.00,  1680.00), ( 2051.00,  1720.00)  1600.00   
internal:     80 x 80      (  4022,  3360 ), (  4102,  3440 )  6400      
Root cell box:
           width x height  (   llx,  lly  ), (   urx,  ury  )  area (units^2)

microns:   0.240 x 0.240   ( 22.495,  6.310), ( 22.735,  6.550)  0.058     
lambda:    24.00 x 24.00   ( 2249.50,  631.00), ( 2273.50,  655.00)  576.00    
internal:     48 x 48      (  4499,  1262 ), (  4547,  1310 )  2304      
Root cell box:
           width x height  (   llx,  lly  ), (   urx,  ury  )  area (units^2)

microns:   0.400 x 0.400   ( 22.415,  6.230), ( 22.815,  6.630)  0.160     
lambda:    40.00 x 40.00   ( 2241.50,  623.00), ( 2281.50,  663.00)  1600.00   
internal:     80 x 80      (  4483,  1246 ), (  4563,  1326 )  6400      
Root cell box:
           width x height  (   llx,  lly  ), (   urx,  ury  )  area (units^2)

microns:   0.200 x 0.200   ( 22.515,  6.330), ( 22.715,  6.530)  0.040     
lambda:    20.00 x 20.00   ( 2251.50,  633.00), ( 2271.50,  653.00)  400.00    
internal:     40 x 40      (  4503,  1266 ), (  4543,  1306 )  1600      
Root cell box:
           width x height  (   llx,  lly  ), (   urx,  ury  )  area (units^2)

microns:   0.400 x 0.400   ( 22.415,  6.230), ( 22.815,  6.630)  0.160     
lambda:    40.00 x 40.00   ( 2241.50,  623.00), ( 2281.50,  663.00)  1600.00   
internal:     80 x 80      (  4483,  1246 ), (  4563,  1326 )  6400      
Root cell box:
           width x height  (   llx,  lly  ), (   urx,  ury  )  area (units^2)

microns:   0.400 x 0.400   ( 22.415,  6.230), ( 22.815,  6.630)  0.160     
lambda:    40.00 x 40.00   ( 2241.50,  623.00), ( 2281.50,  663.00)  1600.00   
internal:     80 x 80      (  4483,  1246 ), (  4563,  1326 )  6400      
Root cell box:
           width x height  (   llx,  lly  ), (   urx,  ury  )  area (units^2)

microns:   0.200 x 0.200   ( 22.515,  6.330), ( 22.715,  6.530)  0.040     
lambda:    20.00 x 20.00   ( 2251.50,  633.00), ( 2271.50,  653.00)  400.00    
internal:     40 x 40      (  4503,  1266 ), (  4543,  1306 )  1600      
Root cell box:
           width x height  (   llx,  lly  ), (   urx,  ury  )  area (units^2)

microns:   0.400 x 0.400   ( 22.415,  6.230), ( 22.815,  6.630)  0.160     
lambda:    40.00 x 40.00   ( 2241.50,  623.00), ( 2281.50,  663.00)  1600.00   
internal:     80 x 80      (  4483,  1246 ), (  4563,  1326 )  6400      
Root cell box:
           width x height  (   llx,  lly  ), (   urx,  ury  )  area (units^2)

microns:   0.400 x 0.400   ( 22.415,  6.230), ( 22.815,  6.630)  0.160     
lambda:    40.00 x 40.00   ( 2241.50,  623.00), ( 2281.50,  663.00)  1600.00   
internal:     80 x 80      (  4483,  1246 ), (  4563,  1326 )  6400      
Root cell box:
           width x height  (   llx,  lly  ), (   urx,  ury  )  area (units^2)

microns:   0.200 x 0.200   ( 22.515,  6.330), ( 22.715,  6.530)  0.040     
lambda:    20.00 x 20.00   ( 2251.50,  633.00), ( 2271.50,  653.00)  400.00    
internal:     40 x 40      (  4503,  1266 ), (  4543,  1306 )  1600      
Root cell box:
           width x height  (   llx,  lly  ), (   urx,  ury  )  area (units^2)

microns:   0.400 x 0.400   ( 22.415,  6.230), ( 22.815,  6.630)  0.160     
lambda:    40.00 x 40.00   ( 2241.50,  623.00), ( 2281.50,  663.00)  1600.00   
internal:     80 x 80      (  4483,  1246 ), (  4563,  1326 )  6400      
Root cell box:
           width x height  (   llx,  lly  ), (   urx,  ury  )  area (units^2)

microns:   0.400 x 0.400   ( 22.415,  6.230), ( 22.815,  6.630)  0.160     
lambda:    40.00 x 40.00   ( 2241.50,  623.00), ( 2281.50,  663.00)  1600.00   
internal:     80 x 80      (  4483,  1246 ), (  4563,  1326 )  6400      
Root cell box:
           width x height  (   llx,  lly  ), (   urx,  ury  )  area (units^2)

microns:   0.200 x 0.200   ( 22.515,  6.330), ( 22.715,  6.530)  0.040     
lambda:    20.00 x 20.00   ( 2251.50,  633.00), ( 2271.50,  653.00)  400.00    
internal:     40 x 40      (  4503,  1266 ), (  4543,  1306 )  1600      
Root cell box:
           width x height  (   llx,  lly  ), (   urx,  ury  )  area (units^2)

microns:   0.400 x 0.400   ( 22.415,  6.230), ( 22.815,  6.630)  0.160     
lambda:    40.00 x 40.00   ( 2241.50,  623.00), ( 2281.50,  663.00)  1600.00   
internal:     80 x 80      (  4483,  1246 ), (  4563,  1326 )  6400      
Root cell box:
           width x height  (   llx,  lly  ), (   urx,  ury  )  area (units^2)

microns:   0.200 x 10.770  ( 22.515,  6.330), ( 22.715,  17.100)  2.154     
lambda:    20.00 x 1077.00  ( 2251.50,  633.00), ( 2271.50,  1710.00)  21540.00  
internal:     40 x 2154    (  4503,  1266 ), (  4543,  3420 )  86160     
Root cell box:
           width x height  (   llx,  lly  ), (   urx,  ury  )  area (units^2)

microns:   0.400 x 0.400   ( 22.415,  16.800), ( 22.815,  17.200)  0.160     
lambda:    40.00 x 40.00   ( 2241.50,  1680.00), ( 2281.50,  1720.00)  1600.00   
internal:     80 x 80      (  4483,  3360 ), (  4563,  3440 )  6400      
Root cell box:
           width x height  (   llx,  lly  ), (   urx,  ury  )  area (units^2)

microns:   0.200 x 0.200   ( 22.515,  16.900), ( 22.715,  17.100)  0.040     
lambda:    20.00 x 20.00   ( 2251.50,  1690.00), ( 2271.50,  1710.00)  400.00    
internal:     40 x 40      (  4503,  3380 ), (  4543,  3420 )  1600      
Root cell box:
           width x height  (   llx,  lly  ), (   urx,  ury  )  area (units^2)

microns:   0.400 x 0.400   ( 22.415,  16.800), ( 22.815,  17.200)  0.160     
lambda:    40.00 x 40.00   ( 2241.50,  1680.00), ( 2281.50,  1720.00)  1600.00   
internal:     80 x 80      (  4483,  3360 ), (  4563,  3440 )  6400      
Root cell box:
           width x height  (   llx,  lly  ), (   urx,  ury  )  area (units^2)

microns:   2.505 x 0.200   ( 20.210,  16.900), ( 22.715,  17.100)  0.501     
lambda:   250.50 x 20.00   ( 2021.00,  1690.00), ( 2271.50,  1710.00)  5010.00   
internal:    501 x 40      (  4042,  3380 ), (  4543,  3420 )  20040     
Root cell box:
           width x height  (   llx,  lly  ), (   urx,  ury  )  area (units^2)

microns:   0.240 x 0.240   ( 22.530,  3.830), ( 22.770,  4.070)  0.058     
lambda:    24.00 x 24.00   ( 2253.00,  383.00), ( 2277.00,  407.00)  576.00    
internal:     48 x 48      (  4506,  766  ), (  4554,  814  )  2304      
Root cell box:
           width x height  (   llx,  lly  ), (   urx,  ury  )  area (units^2)

microns:   0.400 x 0.400   ( 22.450,  3.750), ( 22.850,  4.150)  0.160     
lambda:    40.00 x 40.00   ( 2245.00,  375.00), ( 2285.00,  415.00)  1600.00   
internal:     80 x 80      (  4490,  750  ), (  4570,  830  )  6400      
Root cell box:
           width x height  (   llx,  lly  ), (   urx,  ury  )  area (units^2)

microns:   0.200 x 0.200   ( 22.550,  3.850), ( 22.750,  4.050)  0.040     
lambda:    20.00 x 20.00   ( 2255.00,  385.00), ( 2275.00,  405.00)  400.00    
internal:     40 x 40      (  4510,  770  ), (  4550,  810  )  1600      
Root cell box:
           width x height  (   llx,  lly  ), (   urx,  ury  )  area (units^2)

microns:   0.400 x 0.400   ( 22.450,  3.750), ( 22.850,  4.150)  0.160     
lambda:    40.00 x 40.00   ( 2245.00,  375.00), ( 2285.00,  415.00)  1600.00   
internal:     80 x 80      (  4490,  750  ), (  4570,  830  )  6400      
Root cell box:
           width x height  (   llx,  lly  ), (   urx,  ury  )  area (units^2)

microns:   0.400 x 0.400   ( 22.450,  3.750), ( 22.850,  4.150)  0.160     
lambda:    40.00 x 40.00   ( 2245.00,  375.00), ( 2285.00,  415.00)  1600.00   
internal:     80 x 80      (  4490,  750  ), (  4570,  830  )  6400      
Root cell box:
           width x height  (   llx,  lly  ), (   urx,  ury  )  area (units^2)

microns:   0.200 x 0.200   ( 22.550,  3.850), ( 22.750,  4.050)  0.040     
lambda:    20.00 x 20.00   ( 2255.00,  385.00), ( 2275.00,  405.00)  400.00    
internal:     40 x 40      (  4510,  770  ), (  4550,  810  )  1600      
Root cell box:
           width x height  (   llx,  lly  ), (   urx,  ury  )  area (units^2)

microns:   0.400 x 0.400   ( 22.450,  3.750), ( 22.850,  4.150)  0.160     
lambda:    40.00 x 40.00   ( 2245.00,  375.00), ( 2285.00,  415.00)  1600.00   
internal:     80 x 80      (  4490,  750  ), (  4570,  830  )  6400      
Root cell box:
           width x height  (   llx,  lly  ), (   urx,  ury  )  area (units^2)

microns:   0.400 x 0.400   ( 22.450,  3.750), ( 22.850,  4.150)  0.160     
lambda:    40.00 x 40.00   ( 2245.00,  375.00), ( 2285.00,  415.00)  1600.00   
internal:     80 x 80      (  4490,  750  ), (  4570,  830  )  6400      
Root cell box:
           width x height  (   llx,  lly  ), (   urx,  ury  )  area (units^2)

microns:   0.200 x 0.200   ( 22.550,  3.850), ( 22.750,  4.050)  0.040     
lambda:    20.00 x 20.00   ( 2255.00,  385.00), ( 2275.00,  405.00)  400.00    
internal:     40 x 40      (  4510,  770  ), (  4550,  810  )  1600      
Root cell box:
           width x height  (   llx,  lly  ), (   urx,  ury  )  area (units^2)

microns:   0.400 x 0.400   ( 22.450,  3.750), ( 22.850,  4.150)  0.160     
lambda:    40.00 x 40.00   ( 2245.00,  375.00), ( 2285.00,  415.00)  1600.00   
internal:     80 x 80      (  4490,  750  ), (  4570,  830  )  6400      
Root cell box:
           width x height  (   llx,  lly  ), (   urx,  ury  )  area (units^2)

microns:   0.850 x 0.200   ( 22.550,  3.850), ( 23.400,  4.050)  0.170     
lambda:    85.00 x 20.00   ( 2255.00,  385.00), ( 2340.00,  405.00)  1700.00   
internal:    170 x 40      (  4510,  770  ), (  4680,  810  )  6800      
Root cell box:
           width x height  (   llx,  lly  ), (   urx,  ury  )  area (units^2)

microns:   0.400 x 0.400   ( 23.100,  3.750), ( 23.500,  4.150)  0.160     
lambda:    40.00 x 40.00   ( 2310.00,  375.00), ( 2350.00,  415.00)  1600.00   
internal:     80 x 80      (  4620,  750  ), (  4700,  830  )  6400      
Root cell box:
           width x height  (   llx,  lly  ), (   urx,  ury  )  area (units^2)

microns:   0.200 x 0.200   ( 23.200,  3.850), ( 23.400,  4.050)  0.040     
lambda:    20.00 x 20.00   ( 2320.00,  385.00), ( 2340.00,  405.00)  400.00    
internal:     40 x 40      (  4640,  770  ), (  4680,  810  )  1600      
Root cell box:
           width x height  (   llx,  lly  ), (   urx,  ury  )  area (units^2)

microns:   0.400 x 0.400   ( 23.100,  3.750), ( 23.500,  4.150)  0.160     
lambda:    40.00 x 40.00   ( 2310.00,  375.00), ( 2350.00,  415.00)  1600.00   
internal:     80 x 80      (  4620,  750  ), (  4700,  830  )  6400      
Root cell box:
           width x height  (   llx,  lly  ), (   urx,  ury  )  area (units^2)

microns:   0.200 x 14.250  ( 23.200,  3.850), ( 23.400,  18.100)  2.850     
lambda:    20.00 x 1425.00  ( 2320.00,  385.00), ( 2340.00,  1810.00)  28500.00  
internal:     40 x 2850    (  4640,  770  ), (  4680,  3620 )  114000    
Root cell box:
           width x height  (   llx,  lly  ), (   urx,  ury  )  area (units^2)

microns:   0.400 x 0.400   ( 23.100,  17.800), ( 23.500,  18.200)  0.160     
lambda:    40.00 x 40.00   ( 2310.00,  1780.00), ( 2350.00,  1820.00)  1600.00   
internal:     80 x 80      (  4620,  3560 ), (  4700,  3640 )  6400      
Root cell box:
           width x height  (   llx,  lly  ), (   urx,  ury  )  area (units^2)

microns:   0.200 x 0.200   ( 23.200,  17.900), ( 23.400,  18.100)  0.040     
lambda:    20.00 x 20.00   ( 2320.00,  1790.00), ( 2340.00,  1810.00)  400.00    
internal:     40 x 40      (  4640,  3580 ), (  4680,  3620 )  1600      
Root cell box:
           width x height  (   llx,  lly  ), (   urx,  ury  )  area (units^2)

microns:   0.400 x 0.400   ( 23.100,  17.800), ( 23.500,  18.200)  0.160     
lambda:    40.00 x 40.00   ( 2310.00,  1780.00), ( 2350.00,  1820.00)  1600.00   
internal:     80 x 80      (  4620,  3560 ), (  4700,  3640 )  6400      
Root cell box:
           width x height  (   llx,  lly  ), (   urx,  ury  )  area (units^2)

microns:   0.240 x 0.240   ( 21.810,  1.370), ( 22.050,  1.610)  0.058     
lambda:    24.00 x 24.00   ( 2181.00,  137.00), ( 2205.00,  161.00)  576.00    
internal:     48 x 48      (  4362,  274  ), (  4410,  322  )  2304      
Root cell box:
           width x height  (   llx,  lly  ), (   urx,  ury  )  area (units^2)

microns:   0.400 x 0.400   ( 21.730,  1.290), ( 22.130,  1.690)  0.160     
lambda:    40.00 x 40.00   ( 2173.00,  129.00), ( 2213.00,  169.00)  1600.00   
internal:     80 x 80      (  4346,  258  ), (  4426,  338  )  6400      
Root cell box:
           width x height  (   llx,  lly  ), (   urx,  ury  )  area (units^2)

microns:   0.200 x 0.200   ( 21.830,  1.390), ( 22.030,  1.590)  0.040     
lambda:    20.00 x 20.00   ( 2183.00,  139.00), ( 2203.00,  159.00)  400.00    
internal:     40 x 40      (  4366,  278  ), (  4406,  318  )  1600      
Root cell box:
           width x height  (   llx,  lly  ), (   urx,  ury  )  area (units^2)

microns:   0.400 x 0.400   ( 21.730,  1.290), ( 22.130,  1.690)  0.160     
lambda:    40.00 x 40.00   ( 2173.00,  129.00), ( 2213.00,  169.00)  1600.00   
internal:     80 x 80      (  4346,  258  ), (  4426,  338  )  6400      
Root cell box:
           width x height  (   llx,  lly  ), (   urx,  ury  )  area (units^2)

microns:   0.400 x 0.400   ( 21.730,  1.290), ( 22.130,  1.690)  0.160     
lambda:    40.00 x 40.00   ( 2173.00,  129.00), ( 2213.00,  169.00)  1600.00   
internal:     80 x 80      (  4346,  258  ), (  4426,  338  )  6400      
Root cell box:
           width x height  (   llx,  lly  ), (   urx,  ury  )  area (units^2)

microns:   0.200 x 0.200   ( 21.830,  1.390), ( 22.030,  1.590)  0.040     
lambda:    20.00 x 20.00   ( 2183.00,  139.00), ( 2203.00,  159.00)  400.00    
internal:     40 x 40      (  4366,  278  ), (  4406,  318  )  1600      
Root cell box:
           width x height  (   llx,  lly  ), (   urx,  ury  )  area (units^2)

microns:   0.400 x 0.400   ( 21.730,  1.290), ( 22.130,  1.690)  0.160     
lambda:    40.00 x 40.00   ( 2173.00,  129.00), ( 2213.00,  169.00)  1600.00   
internal:     80 x 80      (  4346,  258  ), (  4426,  338  )  6400      
Root cell box:
           width x height  (   llx,  lly  ), (   urx,  ury  )  area (units^2)

microns:   0.400 x 0.400   ( 21.730,  1.290), ( 22.130,  1.690)  0.160     
lambda:    40.00 x 40.00   ( 2173.00,  129.00), ( 2213.00,  169.00)  1600.00   
internal:     80 x 80      (  4346,  258  ), (  4426,  338  )  6400      
Root cell box:
           width x height  (   llx,  lly  ), (   urx,  ury  )  area (units^2)

microns:   0.200 x 0.200   ( 21.830,  1.390), ( 22.030,  1.590)  0.040     
lambda:    20.00 x 20.00   ( 2183.00,  139.00), ( 2203.00,  159.00)  400.00    
internal:     40 x 40      (  4366,  278  ), (  4406,  318  )  1600      
Root cell box:
           width x height  (   llx,  lly  ), (   urx,  ury  )  area (units^2)

microns:   0.400 x 0.400   ( 21.730,  1.290), ( 22.130,  1.690)  0.160     
lambda:    40.00 x 40.00   ( 2173.00,  129.00), ( 2213.00,  169.00)  1600.00   
internal:     80 x 80      (  4346,  258  ), (  4426,  338  )  6400      
Root cell box:
           width x height  (   llx,  lly  ), (   urx,  ury  )  area (units^2)

microns:   0.400 x 0.400   ( 21.730,  1.290), ( 22.130,  1.690)  0.160     
lambda:    40.00 x 40.00   ( 2173.00,  129.00), ( 2213.00,  169.00)  1600.00   
internal:     80 x 80      (  4346,  258  ), (  4426,  338  )  6400      
Root cell box:
           width x height  (   llx,  lly  ), (   urx,  ury  )  area (units^2)

microns:   0.200 x 0.200   ( 21.830,  1.390), ( 22.030,  1.590)  0.040     
lambda:    20.00 x 20.00   ( 2183.00,  139.00), ( 2203.00,  159.00)  400.00    
internal:     40 x 40      (  4366,  278  ), (  4406,  318  )  1600      
Root cell box:
           width x height  (   llx,  lly  ), (   urx,  ury  )  area (units^2)

microns:   0.400 x 0.400   ( 21.730,  1.290), ( 22.130,  1.690)  0.160     
lambda:    40.00 x 40.00   ( 2173.00,  129.00), ( 2213.00,  169.00)  1600.00   
internal:     80 x 80      (  4346,  258  ), (  4426,  338  )  6400      
Root cell box:
           width x height  (   llx,  lly  ), (   urx,  ury  )  area (units^2)

microns:   0.200 x 16.710  ( 21.830,  1.390), ( 22.030,  18.100)  3.342     
lambda:    20.00 x 1671.00  ( 2183.00,  139.00), ( 2203.00,  1810.00)  33420.00  
internal:     40 x 3342    (  4366,  278  ), (  4406,  3620 )  133680    
Root cell box:
           width x height  (   llx,  lly  ), (   urx,  ury  )  area (units^2)

microns:   0.400 x 0.400   ( 21.730,  17.800), ( 22.130,  18.200)  0.160     
lambda:    40.00 x 40.00   ( 2173.00,  1780.00), ( 2213.00,  1820.00)  1600.00   
internal:     80 x 80      (  4346,  3560 ), (  4426,  3640 )  6400      
Root cell box:
           width x height  (   llx,  lly  ), (   urx,  ury  )  area (units^2)

microns:   0.200 x 0.200   ( 21.830,  17.900), ( 22.030,  18.100)  0.040     
lambda:    20.00 x 20.00   ( 2183.00,  1790.00), ( 2203.00,  1810.00)  400.00    
internal:     40 x 40      (  4366,  3580 ), (  4406,  3620 )  1600      
Root cell box:
           width x height  (   llx,  lly  ), (   urx,  ury  )  area (units^2)

microns:   0.400 x 0.400   ( 21.730,  17.800), ( 22.130,  18.200)  0.160     
lambda:    40.00 x 40.00   ( 2173.00,  1780.00), ( 2213.00,  1820.00)  1600.00   
internal:     80 x 80      (  4346,  3560 ), (  4426,  3640 )  6400      
Root cell box:
           width x height  (   llx,  lly  ), (   urx,  ury  )  area (units^2)

microns:   1.570 x 0.200   ( 21.830,  17.900), ( 23.400,  18.100)  0.314     
lambda:   157.00 x 20.00   ( 2183.00,  1790.00), ( 2340.00,  1810.00)  3140.00   
internal:    314 x 40      (  4366,  3580 ), (  4680,  3620 )  12560     
Root cell box:
           width x height  (   llx,  lly  ), (   urx,  ury  )  area (units^2)

microns:   0.240 x 0.240   ( 21.930,  8.380), ( 22.170,  8.620)  0.058     
lambda:    24.00 x 24.00   ( 2193.00,  838.00), ( 2217.00,  862.00)  576.00    
internal:     48 x 48      (  4386,  1676 ), (  4434,  1724 )  2304      
Root cell box:
           width x height  (   llx,  lly  ), (   urx,  ury  )  area (units^2)

microns:   0.400 x 0.400   ( 21.850,  8.300), ( 22.250,  8.700)  0.160     
lambda:    40.00 x 40.00   ( 2185.00,  830.00), ( 2225.00,  870.00)  1600.00   
internal:     80 x 80      (  4370,  1660 ), (  4450,  1740 )  6400      
Root cell box:
           width x height  (   llx,  lly  ), (   urx,  ury  )  area (units^2)

microns:   0.200 x 0.200   ( 21.950,  8.400), ( 22.150,  8.600)  0.040     
lambda:    20.00 x 20.00   ( 2195.00,  840.00), ( 2215.00,  860.00)  400.00    
internal:     40 x 40      (  4390,  1680 ), (  4430,  1720 )  1600      
Root cell box:
           width x height  (   llx,  lly  ), (   urx,  ury  )  area (units^2)

microns:   0.400 x 0.400   ( 21.850,  8.300), ( 22.250,  8.700)  0.160     
lambda:    40.00 x 40.00   ( 2185.00,  830.00), ( 2225.00,  870.00)  1600.00   
internal:     80 x 80      (  4370,  1660 ), (  4450,  1740 )  6400      
Root cell box:
           width x height  (   llx,  lly  ), (   urx,  ury  )  area (units^2)

microns:   0.400 x 0.400   ( 21.850,  8.300), ( 22.250,  8.700)  0.160     
lambda:    40.00 x 40.00   ( 2185.00,  830.00), ( 2225.00,  870.00)  1600.00   
internal:     80 x 80      (  4370,  1660 ), (  4450,  1740 )  6400      
Root cell box:
           width x height  (   llx,  lly  ), (   urx,  ury  )  area (units^2)

microns:   0.200 x 0.200   ( 21.950,  8.400), ( 22.150,  8.600)  0.040     
lambda:    20.00 x 20.00   ( 2195.00,  840.00), ( 2215.00,  860.00)  400.00    
internal:     40 x 40      (  4390,  1680 ), (  4430,  1720 )  1600      
Root cell box:
           width x height  (   llx,  lly  ), (   urx,  ury  )  area (units^2)

microns:   0.400 x 0.400   ( 21.850,  8.300), ( 22.250,  8.700)  0.160     
lambda:    40.00 x 40.00   ( 2185.00,  830.00), ( 2225.00,  870.00)  1600.00   
internal:     80 x 80      (  4370,  1660 ), (  4450,  1740 )  6400      
Root cell box:
           width x height  (   llx,  lly  ), (   urx,  ury  )  area (units^2)

microns:   0.400 x 0.400   ( 21.850,  8.300), ( 22.250,  8.700)  0.160     
lambda:    40.00 x 40.00   ( 2185.00,  830.00), ( 2225.00,  870.00)  1600.00   
internal:     80 x 80      (  4370,  1660 ), (  4450,  1740 )  6400      
Root cell box:
           width x height  (   llx,  lly  ), (   urx,  ury  )  area (units^2)

microns:   0.200 x 0.200   ( 21.950,  8.400), ( 22.150,  8.600)  0.040     
lambda:    20.00 x 20.00   ( 2195.00,  840.00), ( 2215.00,  860.00)  400.00    
internal:     40 x 40      (  4390,  1680 ), (  4430,  1720 )  1600      
Root cell box:
           width x height  (   llx,  lly  ), (   urx,  ury  )  area (units^2)

microns:   0.400 x 0.400   ( 21.850,  8.300), ( 22.250,  8.700)  0.160     
lambda:    40.00 x 40.00   ( 2185.00,  830.00), ( 2225.00,  870.00)  1600.00   
internal:     80 x 80      (  4370,  1660 ), (  4450,  1740 )  6400      
Root cell box:
           width x height  (   llx,  lly  ), (   urx,  ury  )  area (units^2)

microns:   0.850 x 0.200   ( 21.300,  8.400), ( 22.150,  8.600)  0.170     
lambda:    85.00 x 20.00   ( 2130.00,  840.00), ( 2215.00,  860.00)  1700.00   
internal:    170 x 40      (  4260,  1680 ), (  4430,  1720 )  6800      
Root cell box:
           width x height  (   llx,  lly  ), (   urx,  ury  )  area (units^2)

microns:   0.400 x 0.400   ( 21.200,  8.300), ( 21.600,  8.700)  0.160     
lambda:    40.00 x 40.00   ( 2120.00,  830.00), ( 2160.00,  870.00)  1600.00   
internal:     80 x 80      (  4240,  1660 ), (  4320,  1740 )  6400      
Root cell box:
           width x height  (   llx,  lly  ), (   urx,  ury  )  area (units^2)

microns:   0.200 x 0.200   ( 21.300,  8.400), ( 21.500,  8.600)  0.040     
lambda:    20.00 x 20.00   ( 2130.00,  840.00), ( 2150.00,  860.00)  400.00    
internal:     40 x 40      (  4260,  1680 ), (  4300,  1720 )  1600      
Root cell box:
           width x height  (   llx,  lly  ), (   urx,  ury  )  area (units^2)

microns:   0.400 x 0.400   ( 21.200,  8.300), ( 21.600,  8.700)  0.160     
lambda:    40.00 x 40.00   ( 2120.00,  830.00), ( 2160.00,  870.00)  1600.00   
internal:     80 x 80      (  4240,  1660 ), (  4320,  1740 )  6400      
Root cell box:
           width x height  (   llx,  lly  ), (   urx,  ury  )  area (units^2)

microns:   0.200 x 10.700  ( 21.300,  8.400), ( 21.500,  19.100)  2.140     
lambda:    20.00 x 1070.00  ( 2130.00,  840.00), ( 2150.00,  1910.00)  21400.00  
internal:     40 x 2140    (  4260,  1680 ), (  4300,  3820 )  85600     
Root cell box:
           width x height  (   llx,  lly  ), (   urx,  ury  )  area (units^2)

microns:   0.400 x 0.400   ( 21.200,  18.800), ( 21.600,  19.200)  0.160     
lambda:    40.00 x 40.00   ( 2120.00,  1880.00), ( 2160.00,  1920.00)  1600.00   
internal:     80 x 80      (  4240,  3760 ), (  4320,  3840 )  6400      
Root cell box:
           width x height  (   llx,  lly  ), (   urx,  ury  )  area (units^2)

microns:   0.200 x 0.200   ( 21.300,  18.900), ( 21.500,  19.100)  0.040     
lambda:    20.00 x 20.00   ( 2130.00,  1890.00), ( 2150.00,  1910.00)  400.00    
internal:     40 x 40      (  4260,  3780 ), (  4300,  3820 )  1600      
Root cell box:
           width x height  (   llx,  lly  ), (   urx,  ury  )  area (units^2)

microns:   0.400 x 0.400   ( 21.200,  18.800), ( 21.600,  19.200)  0.160     
lambda:    40.00 x 40.00   ( 2120.00,  1880.00), ( 2160.00,  1920.00)  1600.00   
internal:     80 x 80      (  4240,  3760 ), (  4320,  3840 )  6400      
Root cell box:
           width x height  (   llx,  lly  ), (   urx,  ury  )  area (units^2)

microns:   0.240 x 0.240   ( 22.750,  5.840), ( 22.990,  6.080)  0.058     
lambda:    24.00 x 24.00   ( 2275.00,  584.00), ( 2299.00,  608.00)  576.00    
internal:     48 x 48      (  4550,  1168 ), (  4598,  1216 )  2304      
Root cell box:
           width x height  (   llx,  lly  ), (   urx,  ury  )  area (units^2)

microns:   0.400 x 0.400   ( 22.670,  5.760), ( 23.070,  6.160)  0.160     
lambda:    40.00 x 40.00   ( 2267.00,  576.00), ( 2307.00,  616.00)  1600.00   
internal:     80 x 80      (  4534,  1152 ), (  4614,  1232 )  6400      
Root cell box:
           width x height  (   llx,  lly  ), (   urx,  ury  )  area (units^2)

microns:   0.200 x 0.200   ( 22.770,  5.860), ( 22.970,  6.060)  0.040     
lambda:    20.00 x 20.00   ( 2277.00,  586.00), ( 2297.00,  606.00)  400.00    
internal:     40 x 40      (  4554,  1172 ), (  4594,  1212 )  1600      
Root cell box:
           width x height  (   llx,  lly  ), (   urx,  ury  )  area (units^2)

microns:   0.400 x 0.400   ( 22.670,  5.760), ( 23.070,  6.160)  0.160     
lambda:    40.00 x 40.00   ( 2267.00,  576.00), ( 2307.00,  616.00)  1600.00   
internal:     80 x 80      (  4534,  1152 ), (  4614,  1232 )  6400      
Root cell box:
           width x height  (   llx,  lly  ), (   urx,  ury  )  area (units^2)

microns:   0.400 x 0.400   ( 22.670,  5.760), ( 23.070,  6.160)  0.160     
lambda:    40.00 x 40.00   ( 2267.00,  576.00), ( 2307.00,  616.00)  1600.00   
internal:     80 x 80      (  4534,  1152 ), (  4614,  1232 )  6400      
Root cell box:
           width x height  (   llx,  lly  ), (   urx,  ury  )  area (units^2)

microns:   0.200 x 0.200   ( 22.770,  5.860), ( 22.970,  6.060)  0.040     
lambda:    20.00 x 20.00   ( 2277.00,  586.00), ( 2297.00,  606.00)  400.00    
internal:     40 x 40      (  4554,  1172 ), (  4594,  1212 )  1600      
Root cell box:
           width x height  (   llx,  lly  ), (   urx,  ury  )  area (units^2)

microns:   0.400 x 0.400   ( 22.670,  5.760), ( 23.070,  6.160)  0.160     
lambda:    40.00 x 40.00   ( 2267.00,  576.00), ( 2307.00,  616.00)  1600.00   
internal:     80 x 80      (  4534,  1152 ), (  4614,  1232 )  6400      
Root cell box:
           width x height  (   llx,  lly  ), (   urx,  ury  )  area (units^2)

microns:   0.400 x 0.400   ( 22.670,  5.760), ( 23.070,  6.160)  0.160     
lambda:    40.00 x 40.00   ( 2267.00,  576.00), ( 2307.00,  616.00)  1600.00   
internal:     80 x 80      (  4534,  1152 ), (  4614,  1232 )  6400      
Root cell box:
           width x height  (   llx,  lly  ), (   urx,  ury  )  area (units^2)

microns:   0.200 x 0.200   ( 22.770,  5.860), ( 22.970,  6.060)  0.040     
lambda:    20.00 x 20.00   ( 2277.00,  586.00), ( 2297.00,  606.00)  400.00    
internal:     40 x 40      (  4554,  1172 ), (  4594,  1212 )  1600      
Root cell box:
           width x height  (   llx,  lly  ), (   urx,  ury  )  area (units^2)

microns:   0.400 x 0.400   ( 22.670,  5.760), ( 23.070,  6.160)  0.160     
lambda:    40.00 x 40.00   ( 2267.00,  576.00), ( 2307.00,  616.00)  1600.00   
internal:     80 x 80      (  4534,  1152 ), (  4614,  1232 )  6400      
Root cell box:
           width x height  (   llx,  lly  ), (   urx,  ury  )  area (units^2)

microns:   0.400 x 0.400   ( 22.670,  5.760), ( 23.070,  6.160)  0.160     
lambda:    40.00 x 40.00   ( 2267.00,  576.00), ( 2307.00,  616.00)  1600.00   
internal:     80 x 80      (  4534,  1152 ), (  4614,  1232 )  6400      
Root cell box:
           width x height  (   llx,  lly  ), (   urx,  ury  )  area (units^2)

microns:   0.200 x 0.200   ( 22.770,  5.860), ( 22.970,  6.060)  0.040     
lambda:    20.00 x 20.00   ( 2277.00,  586.00), ( 2297.00,  606.00)  400.00    
internal:     40 x 40      (  4554,  1172 ), (  4594,  1212 )  1600      
Root cell box:
           width x height  (   llx,  lly  ), (   urx,  ury  )  area (units^2)

microns:   0.400 x 0.400   ( 22.670,  5.760), ( 23.070,  6.160)  0.160     
lambda:    40.00 x 40.00   ( 2267.00,  576.00), ( 2307.00,  616.00)  1600.00   
internal:     80 x 80      (  4534,  1152 ), (  4614,  1232 )  6400      
Root cell box:
           width x height  (   llx,  lly  ), (   urx,  ury  )  area (units^2)

microns:  28.150 x 0.200   (-5.180,  5.860), ( 22.970,  6.060)  5.630     
lambda:   2815.00 x 20.00   (-518.00,  586.00), ( 2297.00,  606.00)  56300.00  
internal:   5630 x 40      ( -1036,  1172 ), (  4594,  1212 )  225200    
Root cell box:
           width x height  (   llx,  lly  ), (   urx,  ury  )  area (units^2)

microns:   0.400 x 0.400   (-5.280,  5.760), (-4.880,  6.160)  0.160     
lambda:    40.00 x 40.00   (-528.00,  576.00), (-488.00,  616.00)  1600.00   
internal:     80 x 80      ( -1056,  1152 ), (  -976,  1232 )  6400      
Root cell box:
           width x height  (   llx,  lly  ), (   urx,  ury  )  area (units^2)

microns:   0.200 x 0.200   (-5.180,  5.860), (-4.980,  6.060)  0.040     
lambda:    20.00 x 20.00   (-518.00,  586.00), (-498.00,  606.00)  400.00    
internal:     40 x 40      ( -1036,  1172 ), (  -996,  1212 )  1600      
Root cell box:
           width x height  (   llx,  lly  ), (   urx,  ury  )  area (units^2)

microns:   0.400 x 0.400   (-5.280,  5.760), (-4.880,  6.160)  0.160     
lambda:    40.00 x 40.00   (-528.00,  576.00), (-488.00,  616.00)  1600.00   
internal:     80 x 80      ( -1056,  1152 ), (  -976,  1232 )  6400      
Root cell box:
           width x height  (   llx,  lly  ), (   urx,  ury  )  area (units^2)

microns:   0.400 x 0.400   (-5.280,  5.760), (-4.880,  6.160)  0.160     
lambda:    40.00 x 40.00   (-528.00,  576.00), (-488.00,  616.00)  1600.00   
internal:     80 x 80      ( -1056,  1152 ), (  -976,  1232 )  6400      
Root cell box:
           width x height  (   llx,  lly  ), (   urx,  ury  )  area (units^2)

microns:   0.200 x 0.200   (-5.180,  5.860), (-4.980,  6.060)  0.040     
lambda:    20.00 x 20.00   (-518.00,  586.00), (-498.00,  606.00)  400.00    
internal:     40 x 40      ( -1036,  1172 ), (  -996,  1212 )  1600      
Root cell box:
           width x height  (   llx,  lly  ), (   urx,  ury  )  area (units^2)

microns:   0.400 x 0.400   (-5.280,  5.760), (-4.880,  6.160)  0.160     
lambda:    40.00 x 40.00   (-528.00,  576.00), (-488.00,  616.00)  1600.00   
internal:     80 x 80      ( -1056,  1152 ), (  -976,  1232 )  6400      
Root cell box:
           width x height  (   llx,  lly  ), (   urx,  ury  )  area (units^2)

microns:   0.200 x 13.240  (-5.180,  5.860), (-4.980,  19.100)  2.648     
lambda:    20.00 x 1324.00  (-518.00,  586.00), (-498.00,  1910.00)  26480.00  
internal:     40 x 2648    ( -1036,  1172 ), (  -996,  3820 )  105920    
Root cell box:
           width x height  (   llx,  lly  ), (   urx,  ury  )  area (units^2)

microns:   0.400 x 0.400   (-5.280,  18.800), (-4.880,  19.200)  0.160     
lambda:    40.00 x 40.00   (-528.00,  1880.00), (-488.00,  1920.00)  1600.00   
internal:     80 x 80      ( -1056,  3760 ), (  -976,  3840 )  6400      
Root cell box:
           width x height  (   llx,  lly  ), (   urx,  ury  )  area (units^2)

microns:   0.200 x 0.200   (-5.180,  18.900), (-4.980,  19.100)  0.040     
lambda:    20.00 x 20.00   (-518.00,  1890.00), (-498.00,  1910.00)  400.00    
internal:     40 x 40      ( -1036,  3780 ), (  -996,  3820 )  1600      
Root cell box:
           width x height  (   llx,  lly  ), (   urx,  ury  )  area (units^2)

microns:   0.400 x 0.400   (-5.280,  18.800), (-4.880,  19.200)  0.160     
lambda:    40.00 x 40.00   (-528.00,  1880.00), (-488.00,  1920.00)  1600.00   
internal:     80 x 80      ( -1056,  3760 ), (  -976,  3840 )  6400      
Root cell box:
           width x height  (   llx,  lly  ), (   urx,  ury  )  area (units^2)

microns:  26.680 x 0.200   (-5.180,  18.900), ( 21.500,  19.100)  5.336     
lambda:   2668.00 x 20.00   (-518.00,  1890.00), ( 2150.00,  1910.00)  53360.00  
internal:   5336 x 40      ( -1036,  3780 ), (  4300,  3820 )  213440    
Root cell box:
           width x height  (   llx,  lly  ), (   urx,  ury  )  area (units^2)

microns:   0.235 x 0.240   ( 12.625,  2.785), ( 12.860,  3.025)  0.056     
lambda:    23.50 x 24.00   ( 1262.50,  278.50), ( 1286.00,  302.50)  564.00    
internal:     47 x 48      (  2525,  557  ), (  2572,  605  )  2256      
Root cell box:
           width x height  (   llx,  lly  ), (   urx,  ury  )  area (units^2)

microns:   0.395 x 0.400   ( 12.545,  2.705), ( 12.940,  3.105)  0.158     
lambda:    39.50 x 40.00   ( 1254.50,  270.50), ( 1294.00,  310.50)  1580.00   
internal:     79 x 80      (  2509,  541  ), (  2588,  621  )  6320      
Root cell box:
           width x height  (   llx,  lly  ), (   urx,  ury  )  area (units^2)

microns:   0.195 x 0.200   ( 12.645,  2.805), ( 12.840,  3.005)  0.039     
lambda:    19.50 x 20.00   ( 1264.50,  280.50), ( 1284.00,  300.50)  390.00    
internal:     39 x 40      (  2529,  561  ), (  2568,  601  )  1560      
Root cell box:
           width x height  (   llx,  lly  ), (   urx,  ury  )  area (units^2)

microns:   0.395 x 0.400   ( 12.545,  2.705), ( 12.940,  3.105)  0.158     
lambda:    39.50 x 40.00   ( 1254.50,  270.50), ( 1294.00,  310.50)  1580.00   
internal:     79 x 80      (  2509,  541  ), (  2588,  621  )  6320      
Root cell box:
           width x height  (   llx,  lly  ), (   urx,  ury  )  area (units^2)

microns:   0.395 x 0.400   ( 12.545,  2.705), ( 12.940,  3.105)  0.158     
lambda:    39.50 x 40.00   ( 1254.50,  270.50), ( 1294.00,  310.50)  1580.00   
internal:     79 x 80      (  2509,  541  ), (  2588,  621  )  6320      
Root cell box:
           width x height  (   llx,  lly  ), (   urx,  ury  )  area (units^2)

microns:   0.195 x 0.200   ( 12.645,  2.805), ( 12.840,  3.005)  0.039     
lambda:    19.50 x 20.00   ( 1264.50,  280.50), ( 1284.00,  300.50)  390.00    
internal:     39 x 40      (  2529,  561  ), (  2568,  601  )  1560      
Root cell box:
           width x height  (   llx,  lly  ), (   urx,  ury  )  area (units^2)

microns:   0.395 x 0.400   ( 12.545,  2.705), ( 12.940,  3.105)  0.158     
lambda:    39.50 x 40.00   ( 1254.50,  270.50), ( 1294.00,  310.50)  1580.00   
internal:     79 x 80      (  2509,  541  ), (  2588,  621  )  6320      
Root cell box:
           width x height  (   llx,  lly  ), (   urx,  ury  )  area (units^2)

microns:   0.395 x 0.400   ( 12.545,  2.705), ( 12.940,  3.105)  0.158     
lambda:    39.50 x 40.00   ( 1254.50,  270.50), ( 1294.00,  310.50)  1580.00   
internal:     79 x 80      (  2509,  541  ), (  2588,  621  )  6320      
Root cell box:
           width x height  (   llx,  lly  ), (   urx,  ury  )  area (units^2)

microns:   0.195 x 0.200   ( 12.645,  2.805), ( 12.840,  3.005)  0.039     
lambda:    19.50 x 20.00   ( 1264.50,  280.50), ( 1284.00,  300.50)  390.00    
internal:     39 x 40      (  2529,  561  ), (  2568,  601  )  1560      
Root cell box:
           width x height  (   llx,  lly  ), (   urx,  ury  )  area (units^2)

microns:   0.395 x 0.400   ( 12.545,  2.705), ( 12.940,  3.105)  0.158     
lambda:    39.50 x 40.00   ( 1254.50,  270.50), ( 1294.00,  310.50)  1580.00   
internal:     79 x 80      (  2509,  541  ), (  2588,  621  )  6320      
Root cell box:
           width x height  (   llx,  lly  ), (   urx,  ury  )  area (units^2)

microns:   0.395 x 0.400   ( 12.545,  2.705), ( 12.940,  3.105)  0.158     
lambda:    39.50 x 40.00   ( 1254.50,  270.50), ( 1294.00,  310.50)  1580.00   
internal:     79 x 80      (  2509,  541  ), (  2588,  621  )  6320      
Root cell box:
           width x height  (   llx,  lly  ), (   urx,  ury  )  area (units^2)

microns:   0.195 x 0.200   ( 12.645,  2.805), ( 12.840,  3.005)  0.039     
lambda:    19.50 x 20.00   ( 1264.50,  280.50), ( 1284.00,  300.50)  390.00    
internal:     39 x 40      (  2529,  561  ), (  2568,  601  )  1560      
Root cell box:
           width x height  (   llx,  lly  ), (   urx,  ury  )  area (units^2)

microns:   0.395 x 0.400   ( 12.545,  2.705), ( 12.940,  3.105)  0.158     
lambda:    39.50 x 40.00   ( 1254.50,  270.50), ( 1294.00,  310.50)  1580.00   
internal:     79 x 80      (  2509,  541  ), (  2588,  621  )  6320      
Root cell box:
           width x height  (   llx,  lly  ), (   urx,  ury  )  area (units^2)

microns:   0.195 x 17.295  ( 12.645,  2.805), ( 12.840,  20.100)  3.373     
lambda:    19.50 x 1729.50  ( 1264.50,  280.50), ( 1284.00,  2010.00)  33725.25  
internal:     39 x 3459    (  2529,  561  ), (  2568,  4020 )  134901    
Root cell box:
           width x height  (   llx,  lly  ), (   urx,  ury  )  area (units^2)

microns:   0.395 x 0.400   ( 12.545,  19.800), ( 12.940,  20.200)  0.158     
lambda:    39.50 x 40.00   ( 1254.50,  1980.00), ( 1294.00,  2020.00)  1580.00   
internal:     79 x 80      (  2509,  3960 ), (  2588,  4040 )  6320      
Root cell box:
           width x height  (   llx,  lly  ), (   urx,  ury  )  area (units^2)

microns:   0.195 x 0.200   ( 12.645,  19.900), ( 12.840,  20.100)  0.039     
lambda:    19.50 x 20.00   ( 1264.50,  1990.00), ( 1284.00,  2010.00)  390.00    
internal:     39 x 40      (  2529,  3980 ), (  2568,  4020 )  1560      
Root cell box:
           width x height  (   llx,  lly  ), (   urx,  ury  )  area (units^2)

microns:   0.395 x 0.400   ( 12.545,  19.800), ( 12.940,  20.200)  0.158     
lambda:    39.50 x 40.00   ( 1254.50,  1980.00), ( 1294.00,  2020.00)  1580.00   
internal:     79 x 80      (  2509,  3960 ), (  2588,  4040 )  6320      
Root cell box:
           width x height  (   llx,  lly  ), (   urx,  ury  )  area (units^2)

microns:   0.245 x 0.240   ( 17.135,  5.800), ( 17.380,  6.040)  0.059     
lambda:    24.50 x 24.00   ( 1713.50,  580.00), ( 1738.00,  604.00)  588.00    
internal:     49 x 48      (  3427,  1160 ), (  3476,  1208 )  2352      
Root cell box:
           width x height  (   llx,  lly  ), (   urx,  ury  )  area (units^2)

microns:   0.405 x 0.395   ( 17.055,  5.720), ( 17.460,  6.115)  0.160     
lambda:    40.50 x 39.50   ( 1705.50,  572.00), ( 1746.00,  611.50)  1599.75   
internal:     81 x 79      (  3411,  1144 ), (  3492,  1223 )  6399      
Root cell box:
           width x height  (   llx,  lly  ), (   urx,  ury  )  area (units^2)

microns:   0.205 x 0.200   ( 17.155,  5.820), ( 17.360,  6.020)  0.041     
lambda:    20.50 x 20.00   ( 1715.50,  582.00), ( 1736.00,  602.00)  410.00    
internal:     41 x 40      (  3431,  1164 ), (  3472,  1204 )  1640      
Root cell box:
           width x height  (   llx,  lly  ), (   urx,  ury  )  area (units^2)

microns:   0.405 x 0.395   ( 17.055,  5.720), ( 17.460,  6.115)  0.160     
lambda:    40.50 x 39.50   ( 1705.50,  572.00), ( 1746.00,  611.50)  1599.75   
internal:     81 x 79      (  3411,  1144 ), (  3492,  1223 )  6399      
Root cell box:
           width x height  (   llx,  lly  ), (   urx,  ury  )  area (units^2)

microns:   0.405 x 0.395   ( 17.055,  5.720), ( 17.460,  6.115)  0.160     
lambda:    40.50 x 39.50   ( 1705.50,  572.00), ( 1746.00,  611.50)  1599.75   
internal:     81 x 79      (  3411,  1144 ), (  3492,  1223 )  6399      
Root cell box:
           width x height  (   llx,  lly  ), (   urx,  ury  )  area (units^2)

microns:   0.205 x 0.200   ( 17.155,  5.820), ( 17.360,  6.020)  0.041     
lambda:    20.50 x 20.00   ( 1715.50,  582.00), ( 1736.00,  602.00)  410.00    
internal:     41 x 40      (  3431,  1164 ), (  3472,  1204 )  1640      
Root cell box:
           width x height  (   llx,  lly  ), (   urx,  ury  )  area (units^2)

microns:   0.405 x 0.395   ( 17.055,  5.720), ( 17.460,  6.115)  0.160     
lambda:    40.50 x 39.50   ( 1705.50,  572.00), ( 1746.00,  611.50)  1599.75   
internal:     81 x 79      (  3411,  1144 ), (  3492,  1223 )  6399      
Root cell box:
           width x height  (   llx,  lly  ), (   urx,  ury  )  area (units^2)

microns:   0.405 x 0.395   ( 17.055,  5.720), ( 17.460,  6.115)  0.160     
lambda:    40.50 x 39.50   ( 1705.50,  572.00), ( 1746.00,  611.50)  1599.75   
internal:     81 x 79      (  3411,  1144 ), (  3492,  1223 )  6399      
Root cell box:
           width x height  (   llx,  lly  ), (   urx,  ury  )  area (units^2)

microns:   0.205 x 0.200   ( 17.155,  5.820), ( 17.360,  6.020)  0.041     
lambda:    20.50 x 20.00   ( 1715.50,  582.00), ( 1736.00,  602.00)  410.00    
internal:     41 x 40      (  3431,  1164 ), (  3472,  1204 )  1640      
Root cell box:
           width x height  (   llx,  lly  ), (   urx,  ury  )  area (units^2)

microns:   0.405 x 0.395   ( 17.055,  5.720), ( 17.460,  6.115)  0.160     
lambda:    40.50 x 39.50   ( 1705.50,  572.00), ( 1746.00,  611.50)  1599.75   
internal:     81 x 79      (  3411,  1144 ), (  3492,  1223 )  6399      
Root cell box:
           width x height  (   llx,  lly  ), (   urx,  ury  )  area (units^2)

microns:   0.405 x 0.395   ( 17.055,  5.720), ( 17.460,  6.115)  0.160     
lambda:    40.50 x 39.50   ( 1705.50,  572.00), ( 1746.00,  611.50)  1599.75   
internal:     81 x 79      (  3411,  1144 ), (  3492,  1223 )  6399      
Root cell box:
           width x height  (   llx,  lly  ), (   urx,  ury  )  area (units^2)

microns:   0.205 x 0.200   ( 17.155,  5.820), ( 17.360,  6.020)  0.041     
lambda:    20.50 x 20.00   ( 1715.50,  582.00), ( 1736.00,  602.00)  410.00    
internal:     41 x 40      (  3431,  1164 ), (  3472,  1204 )  1640      
Root cell box:
           width x height  (   llx,  lly  ), (   urx,  ury  )  area (units^2)

microns:   0.405 x 0.395   ( 17.055,  5.720), ( 17.460,  6.115)  0.160     
lambda:    40.50 x 39.50   ( 1705.50,  572.00), ( 1746.00,  611.50)  1599.75   
internal:     81 x 79      (  3411,  1144 ), (  3492,  1223 )  6399      
Root cell box:
           width x height  (   llx,  lly  ), (   urx,  ury  )  area (units^2)

microns:   0.205 x 14.280  ( 17.155,  5.820), ( 17.360,  20.100)  2.927     
lambda:    20.50 x 1428.00  ( 1715.50,  582.00), ( 1736.00,  2010.00)  29274.00  
internal:     41 x 2856    (  3431,  1164 ), (  3472,  4020 )  117096    
Root cell box:
           width x height  (   llx,  lly  ), (   urx,  ury  )  area (units^2)

microns:   0.405 x 0.400   ( 17.055,  19.800), ( 17.460,  20.200)  0.162     
lambda:    40.50 x 40.00   ( 1705.50,  1980.00), ( 1746.00,  2020.00)  1620.00   
internal:     81 x 80      (  3411,  3960 ), (  3492,  4040 )  6480      
Root cell box:
           width x height  (   llx,  lly  ), (   urx,  ury  )  area (units^2)

microns:   0.205 x 0.200   ( 17.155,  19.900), ( 17.360,  20.100)  0.041     
lambda:    20.50 x 20.00   ( 1715.50,  1990.00), ( 1736.00,  2010.00)  410.00    
internal:     41 x 40      (  3431,  3980 ), (  3472,  4020 )  1640      
Root cell box:
           width x height  (   llx,  lly  ), (   urx,  ury  )  area (units^2)

microns:   0.405 x 0.400   ( 17.055,  19.800), ( 17.460,  20.200)  0.162     
lambda:    40.50 x 40.00   ( 1705.50,  1980.00), ( 1746.00,  2020.00)  1620.00   
internal:     81 x 80      (  3411,  3960 ), (  3492,  4040 )  6480      
Root cell box:
           width x height  (   llx,  lly  ), (   urx,  ury  )  area (units^2)

microns:   0.240 x 0.240   ( 22.275,  4.300), ( 22.515,  4.540)  0.058     
lambda:    24.00 x 24.00   ( 2227.50,  430.00), ( 2251.50,  454.00)  576.00    
internal:     48 x 48      (  4455,  860  ), (  4503,  908  )  2304      
Root cell box:
           width x height  (   llx,  lly  ), (   urx,  ury  )  area (units^2)

microns:   0.400 x 0.400   ( 22.195,  4.220), ( 22.595,  4.620)  0.160     
lambda:    40.00 x 40.00   ( 2219.50,  422.00), ( 2259.50,  462.00)  1600.00   
internal:     80 x 80      (  4439,  844  ), (  4519,  924  )  6400      
Root cell box:
           width x height  (   llx,  lly  ), (   urx,  ury  )  area (units^2)

microns:   0.200 x 0.200   ( 22.295,  4.320), ( 22.495,  4.520)  0.040     
lambda:    20.00 x 20.00   ( 2229.50,  432.00), ( 2249.50,  452.00)  400.00    
internal:     40 x 40      (  4459,  864  ), (  4499,  904  )  1600      
Root cell box:
           width x height  (   llx,  lly  ), (   urx,  ury  )  area (units^2)

microns:   0.400 x 0.400   ( 22.195,  4.220), ( 22.595,  4.620)  0.160     
lambda:    40.00 x 40.00   ( 2219.50,  422.00), ( 2259.50,  462.00)  1600.00   
internal:     80 x 80      (  4439,  844  ), (  4519,  924  )  6400      
Root cell box:
           width x height  (   llx,  lly  ), (   urx,  ury  )  area (units^2)

microns:   0.400 x 0.400   ( 22.195,  4.220), ( 22.595,  4.620)  0.160     
lambda:    40.00 x 40.00   ( 2219.50,  422.00), ( 2259.50,  462.00)  1600.00   
internal:     80 x 80      (  4439,  844  ), (  4519,  924  )  6400      
Root cell box:
           width x height  (   llx,  lly  ), (   urx,  ury  )  area (units^2)

microns:   0.200 x 0.200   ( 22.295,  4.320), ( 22.495,  4.520)  0.040     
lambda:    20.00 x 20.00   ( 2229.50,  432.00), ( 2249.50,  452.00)  400.00    
internal:     40 x 40      (  4459,  864  ), (  4499,  904  )  1600      
Root cell box:
           width x height  (   llx,  lly  ), (   urx,  ury  )  area (units^2)

microns:   0.400 x 0.400   ( 22.195,  4.220), ( 22.595,  4.620)  0.160     
lambda:    40.00 x 40.00   ( 2219.50,  422.00), ( 2259.50,  462.00)  1600.00   
internal:     80 x 80      (  4439,  844  ), (  4519,  924  )  6400      
Root cell box:
           width x height  (   llx,  lly  ), (   urx,  ury  )  area (units^2)

microns:   0.400 x 0.400   ( 22.195,  4.220), ( 22.595,  4.620)  0.160     
lambda:    40.00 x 40.00   ( 2219.50,  422.00), ( 2259.50,  462.00)  1600.00   
internal:     80 x 80      (  4439,  844  ), (  4519,  924  )  6400      
Root cell box:
           width x height  (   llx,  lly  ), (   urx,  ury  )  area (units^2)

microns:   0.200 x 0.200   ( 22.295,  4.320), ( 22.495,  4.520)  0.040     
lambda:    20.00 x 20.00   ( 2229.50,  432.00), ( 2249.50,  452.00)  400.00    
internal:     40 x 40      (  4459,  864  ), (  4499,  904  )  1600      
Root cell box:
           width x height  (   llx,  lly  ), (   urx,  ury  )  area (units^2)

microns:   0.400 x 0.400   ( 22.195,  4.220), ( 22.595,  4.620)  0.160     
lambda:    40.00 x 40.00   ( 2219.50,  422.00), ( 2259.50,  462.00)  1600.00   
internal:     80 x 80      (  4439,  844  ), (  4519,  924  )  6400      
Root cell box:
           width x height  (   llx,  lly  ), (   urx,  ury  )  area (units^2)

microns:   0.400 x 0.400   ( 22.195,  4.220), ( 22.595,  4.620)  0.160     
lambda:    40.00 x 40.00   ( 2219.50,  422.00), ( 2259.50,  462.00)  1600.00   
internal:     80 x 80      (  4439,  844  ), (  4519,  924  )  6400      
Root cell box:
           width x height  (   llx,  lly  ), (   urx,  ury  )  area (units^2)

microns:   0.200 x 0.200   ( 22.295,  4.320), ( 22.495,  4.520)  0.040     
lambda:    20.00 x 20.00   ( 2229.50,  432.00), ( 2249.50,  452.00)  400.00    
internal:     40 x 40      (  4459,  864  ), (  4499,  904  )  1600      
Root cell box:
           width x height  (   llx,  lly  ), (   urx,  ury  )  area (units^2)

microns:   0.400 x 0.400   ( 22.195,  4.220), ( 22.595,  4.620)  0.160     
lambda:    40.00 x 40.00   ( 2219.50,  422.00), ( 2259.50,  462.00)  1600.00   
internal:     80 x 80      (  4439,  844  ), (  4519,  924  )  6400      
Root cell box:
           width x height  (   llx,  lly  ), (   urx,  ury  )  area (units^2)

microns:  28.800 x 0.200   (-6.305,  4.320), ( 22.495,  4.520)  5.760     
lambda:   2880.00 x 20.00   (-630.50,  432.00), ( 2249.50,  452.00)  57600.00  
internal:   5760 x 40      ( -1261,  864  ), (  4499,  904  )  230400    
Root cell box:
           width x height  (   llx,  lly  ), (   urx,  ury  )  area (units^2)

microns:   0.400 x 0.400   (-6.405,  4.220), (-6.005,  4.620)  0.160     
lambda:    40.00 x 40.00   (-640.50,  422.00), (-600.50,  462.00)  1600.00   
internal:     80 x 80      ( -1281,  844  ), ( -1201,  924  )  6400      
Root cell box:
           width x height  (   llx,  lly  ), (   urx,  ury  )  area (units^2)

microns:   0.200 x 0.200   (-6.305,  4.320), (-6.105,  4.520)  0.040     
lambda:    20.00 x 20.00   (-630.50,  432.00), (-610.50,  452.00)  400.00    
internal:     40 x 40      ( -1261,  864  ), ( -1221,  904  )  1600      
Root cell box:
           width x height  (   llx,  lly  ), (   urx,  ury  )  area (units^2)

microns:   0.400 x 0.400   (-6.405,  4.220), (-6.005,  4.620)  0.160     
lambda:    40.00 x 40.00   (-640.50,  422.00), (-600.50,  462.00)  1600.00   
internal:     80 x 80      ( -1281,  844  ), ( -1201,  924  )  6400      
Root cell box:
           width x height  (   llx,  lly  ), (   urx,  ury  )  area (units^2)

microns:   0.400 x 0.400   (-6.405,  4.220), (-6.005,  4.620)  0.160     
lambda:    40.00 x 40.00   (-640.50,  422.00), (-600.50,  462.00)  1600.00   
internal:     80 x 80      ( -1281,  844  ), ( -1201,  924  )  6400      
Root cell box:
           width x height  (   llx,  lly  ), (   urx,  ury  )  area (units^2)

microns:   0.200 x 0.200   (-6.305,  4.320), (-6.105,  4.520)  0.040     
lambda:    20.00 x 20.00   (-630.50,  432.00), (-610.50,  452.00)  400.00    
internal:     40 x 40      ( -1261,  864  ), ( -1221,  904  )  1600      
Root cell box:
           width x height  (   llx,  lly  ), (   urx,  ury  )  area (units^2)

microns:   0.400 x 0.400   (-6.405,  4.220), (-6.005,  4.620)  0.160     
lambda:    40.00 x 40.00   (-640.50,  422.00), (-600.50,  462.00)  1600.00   
internal:     80 x 80      ( -1281,  844  ), ( -1201,  924  )  6400      
Root cell box:
           width x height  (   llx,  lly  ), (   urx,  ury  )  area (units^2)

microns:   0.200 x 15.780  (-6.305,  4.320), (-6.105,  20.100)  3.156     
lambda:    20.00 x 1578.00  (-630.50,  432.00), (-610.50,  2010.00)  31560.00  
internal:     40 x 3156    ( -1261,  864  ), ( -1221,  4020 )  126240    
Root cell box:
           width x height  (   llx,  lly  ), (   urx,  ury  )  area (units^2)

microns:   0.400 x 0.400   (-6.405,  19.800), (-6.005,  20.200)  0.160     
lambda:    40.00 x 40.00   (-640.50,  1980.00), (-600.50,  2020.00)  1600.00   
internal:     80 x 80      ( -1281,  3960 ), ( -1201,  4040 )  6400      
Root cell box:
           width x height  (   llx,  lly  ), (   urx,  ury  )  area (units^2)

microns:   0.200 x 0.200   (-6.305,  19.900), (-6.105,  20.100)  0.040     
lambda:    20.00 x 20.00   (-630.50,  1990.00), (-610.50,  2010.00)  400.00    
internal:     40 x 40      ( -1261,  3980 ), ( -1221,  4020 )  1600      
Root cell box:
           width x height  (   llx,  lly  ), (   urx,  ury  )  area (units^2)

microns:   0.400 x 0.400   (-6.405,  19.800), (-6.005,  20.200)  0.160     
lambda:    40.00 x 40.00   (-640.50,  1980.00), (-600.50,  2020.00)  1600.00   
internal:     80 x 80      ( -1281,  3960 ), ( -1201,  4040 )  6400      
Root cell box:
           width x height  (   llx,  lly  ), (   urx,  ury  )  area (units^2)

microns:  23.665 x 0.200   (-6.305,  19.900), ( 17.360,  20.100)  4.733     
lambda:   2366.50 x 20.00   (-630.50,  1990.00), ( 1736.00,  2010.00)  47330.00  
internal:   4733 x 40      ( -1261,  3980 ), (  3472,  4020 )  189320    
Root cell box:
           width x height  (   llx,  lly  ), (   urx,  ury  )  area (units^2)

microns:   0.235 x 0.240   ( 12.665,  8.985), ( 12.900,  9.225)  0.056     
lambda:    23.50 x 24.00   ( 1266.50,  898.50), ( 1290.00,  922.50)  564.00    
internal:     47 x 48      (  2533,  1797 ), (  2580,  1845 )  2256      
Root cell box:
           width x height  (   llx,  lly  ), (   urx,  ury  )  area (units^2)

microns:   0.395 x 0.400   ( 12.585,  8.905), ( 12.980,  9.305)  0.158     
lambda:    39.50 x 40.00   ( 1258.50,  890.50), ( 1298.00,  930.50)  1580.00   
internal:     79 x 80      (  2517,  1781 ), (  2596,  1861 )  6320      
Root cell box:
           width x height  (   llx,  lly  ), (   urx,  ury  )  area (units^2)

microns:   0.200 x 0.200   ( 12.685,  9.005), ( 12.885,  9.205)  0.040     
lambda:    20.00 x 20.00   ( 1268.50,  900.50), ( 1288.50,  920.50)  400.00    
internal:     40 x 40      (  2537,  1801 ), (  2577,  1841 )  1600      
Root cell box:
           width x height  (   llx,  lly  ), (   urx,  ury  )  area (units^2)

microns:   0.395 x 0.400   ( 12.585,  8.905), ( 12.980,  9.305)  0.158     
lambda:    39.50 x 40.00   ( 1258.50,  890.50), ( 1298.00,  930.50)  1580.00   
internal:     79 x 80      (  2517,  1781 ), (  2596,  1861 )  6320      
Root cell box:
           width x height  (   llx,  lly  ), (   urx,  ury  )  area (units^2)

microns:   0.395 x 0.400   ( 12.585,  8.905), ( 12.980,  9.305)  0.158     
lambda:    39.50 x 40.00   ( 1258.50,  890.50), ( 1298.00,  930.50)  1580.00   
internal:     79 x 80      (  2517,  1781 ), (  2596,  1861 )  6320      
Root cell box:
           width x height  (   llx,  lly  ), (   urx,  ury  )  area (units^2)

microns:   0.200 x 0.200   ( 12.685,  9.005), ( 12.885,  9.205)  0.040     
lambda:    20.00 x 20.00   ( 1268.50,  900.50), ( 1288.50,  920.50)  400.00    
internal:     40 x 40      (  2537,  1801 ), (  2577,  1841 )  1600      
Root cell box:
           width x height  (   llx,  lly  ), (   urx,  ury  )  area (units^2)

microns:   0.395 x 0.400   ( 12.585,  8.905), ( 12.980,  9.305)  0.158     
lambda:    39.50 x 40.00   ( 1258.50,  890.50), ( 1298.00,  930.50)  1580.00   
internal:     79 x 80      (  2517,  1781 ), (  2596,  1861 )  6320      
Root cell box:
           width x height  (   llx,  lly  ), (   urx,  ury  )  area (units^2)

microns:   0.395 x 0.400   ( 12.585,  8.905), ( 12.980,  9.305)  0.158     
lambda:    39.50 x 40.00   ( 1258.50,  890.50), ( 1298.00,  930.50)  1580.00   
internal:     79 x 80      (  2517,  1781 ), (  2596,  1861 )  6320      
Root cell box:
           width x height  (   llx,  lly  ), (   urx,  ury  )  area (units^2)

microns:   0.200 x 0.200   ( 12.685,  9.005), ( 12.885,  9.205)  0.040     
lambda:    20.00 x 20.00   ( 1268.50,  900.50), ( 1288.50,  920.50)  400.00    
internal:     40 x 40      (  2537,  1801 ), (  2577,  1841 )  1600      
Root cell box:
           width x height  (   llx,  lly  ), (   urx,  ury  )  area (units^2)

microns:   0.395 x 0.400   ( 12.585,  8.905), ( 12.980,  9.305)  0.158     
lambda:    39.50 x 40.00   ( 1258.50,  890.50), ( 1298.00,  930.50)  1580.00   
internal:     79 x 80      (  2517,  1781 ), (  2596,  1861 )  6320      
Root cell box:
           width x height  (   llx,  lly  ), (   urx,  ury  )  area (units^2)

microns:   0.850 x 0.200   ( 12.685,  9.005), ( 13.535,  9.205)  0.170     
lambda:    85.00 x 20.00   ( 1268.50,  900.50), ( 1353.50,  920.50)  1700.00   
internal:    170 x 40      (  2537,  1801 ), (  2707,  1841 )  6800      
Root cell box:
           width x height  (   llx,  lly  ), (   urx,  ury  )  area (units^2)

microns:   0.400 x 0.400   ( 13.235,  8.905), ( 13.635,  9.305)  0.160     
lambda:    40.00 x 40.00   ( 1323.50,  890.50), ( 1363.50,  930.50)  1600.00   
internal:     80 x 80      (  2647,  1781 ), (  2727,  1861 )  6400      
Root cell box:
           width x height  (   llx,  lly  ), (   urx,  ury  )  area (units^2)

microns:   0.200 x 0.200   ( 13.335,  9.005), ( 13.535,  9.205)  0.040     
lambda:    20.00 x 20.00   ( 1333.50,  900.50), ( 1353.50,  920.50)  400.00    
internal:     40 x 40      (  2667,  1801 ), (  2707,  1841 )  1600      
Root cell box:
           width x height  (   llx,  lly  ), (   urx,  ury  )  area (units^2)

microns:   0.400 x 0.400   ( 13.235,  8.905), ( 13.635,  9.305)  0.160     
lambda:    40.00 x 40.00   ( 1323.50,  890.50), ( 1363.50,  930.50)  1600.00   
internal:     80 x 80      (  2647,  1781 ), (  2727,  1861 )  6400      
Root cell box:
           width x height  (   llx,  lly  ), (   urx,  ury  )  area (units^2)

microns:   0.200 x 12.095  ( 13.335,  9.005), ( 13.535,  21.100)  2.419     
lambda:    20.00 x 1209.50  ( 1333.50,  900.50), ( 1353.50,  2110.00)  24190.00  
internal:     40 x 2419    (  2667,  1801 ), (  2707,  4220 )  96760     
Root cell box:
           width x height  (   llx,  lly  ), (   urx,  ury  )  area (units^2)

microns:   0.400 x 0.400   ( 13.235,  20.800), ( 13.635,  21.200)  0.160     
lambda:    40.00 x 40.00   ( 1323.50,  2080.00), ( 1363.50,  2120.00)  1600.00   
internal:     80 x 80      (  2647,  4160 ), (  2727,  4240 )  6400      
Root cell box:
           width x height  (   llx,  lly  ), (   urx,  ury  )  area (units^2)

microns:   0.200 x 0.200   ( 13.335,  20.900), ( 13.535,  21.100)  0.040     
lambda:    20.00 x 20.00   ( 1333.50,  2090.00), ( 1353.50,  2110.00)  400.00    
internal:     40 x 40      (  2667,  4180 ), (  2707,  4220 )  1600      
Root cell box:
           width x height  (   llx,  lly  ), (   urx,  ury  )  area (units^2)

microns:   0.400 x 0.400   ( 13.235,  20.800), ( 13.635,  21.200)  0.160     
lambda:    40.00 x 40.00   ( 1323.50,  2080.00), ( 1363.50,  2120.00)  1600.00   
internal:     80 x 80      (  2647,  4160 ), (  2727,  4240 )  6400      
Root cell box:
           width x height  (   llx,  lly  ), (   urx,  ury  )  area (units^2)

microns:   0.240 x 0.240   ( 16.605,  4.825), ( 16.845,  5.065)  0.058     
lambda:    24.00 x 24.00   ( 1660.50,  482.50), ( 1684.50,  506.50)  576.00    
internal:     48 x 48      (  3321,  965  ), (  3369,  1013 )  2304      
Root cell box:
           width x height  (   llx,  lly  ), (   urx,  ury  )  area (units^2)

microns:   0.400 x 0.395   ( 16.525,  4.750), ( 16.925,  5.145)  0.158     
lambda:    40.00 x 39.50   ( 1652.50,  475.00), ( 1692.50,  514.50)  1580.00   
internal:     80 x 79      (  3305,  950  ), (  3385,  1029 )  6320      
Root cell box:
           width x height  (   llx,  lly  ), (   urx,  ury  )  area (units^2)

microns:   0.200 x 0.195   ( 16.625,  4.850), ( 16.825,  5.045)  0.039     
lambda:    20.00 x 19.50   ( 1662.50,  485.00), ( 1682.50,  504.50)  390.00    
internal:     40 x 39      (  3325,  970  ), (  3365,  1009 )  1560      
Root cell box:
           width x height  (   llx,  lly  ), (   urx,  ury  )  area (units^2)

microns:   0.400 x 0.395   ( 16.525,  4.750), ( 16.925,  5.145)  0.158     
lambda:    40.00 x 39.50   ( 1652.50,  475.00), ( 1692.50,  514.50)  1580.00   
internal:     80 x 79      (  3305,  950  ), (  3385,  1029 )  6320      
Root cell box:
           width x height  (   llx,  lly  ), (   urx,  ury  )  area (units^2)

microns:   0.400 x 0.395   ( 16.525,  4.750), ( 16.925,  5.145)  0.158     
lambda:    40.00 x 39.50   ( 1652.50,  475.00), ( 1692.50,  514.50)  1580.00   
internal:     80 x 79      (  3305,  950  ), (  3385,  1029 )  6320      
Root cell box:
           width x height  (   llx,  lly  ), (   urx,  ury  )  area (units^2)

microns:   0.200 x 0.195   ( 16.625,  4.850), ( 16.825,  5.045)  0.039     
lambda:    20.00 x 19.50   ( 1662.50,  485.00), ( 1682.50,  504.50)  390.00    
internal:     40 x 39      (  3325,  970  ), (  3365,  1009 )  1560      
Root cell box:
           width x height  (   llx,  lly  ), (   urx,  ury  )  area (units^2)

microns:   0.400 x 0.395   ( 16.525,  4.750), ( 16.925,  5.145)  0.158     
lambda:    40.00 x 39.50   ( 1652.50,  475.00), ( 1692.50,  514.50)  1580.00   
internal:     80 x 79      (  3305,  950  ), (  3385,  1029 )  6320      
Root cell box:
           width x height  (   llx,  lly  ), (   urx,  ury  )  area (units^2)

microns:   0.400 x 0.395   ( 16.525,  4.750), ( 16.925,  5.145)  0.158     
lambda:    40.00 x 39.50   ( 1652.50,  475.00), ( 1692.50,  514.50)  1580.00   
internal:     80 x 79      (  3305,  950  ), (  3385,  1029 )  6320      
Root cell box:
           width x height  (   llx,  lly  ), (   urx,  ury  )  area (units^2)

microns:   0.200 x 0.195   ( 16.625,  4.850), ( 16.825,  5.045)  0.039     
lambda:    20.00 x 19.50   ( 1662.50,  485.00), ( 1682.50,  504.50)  390.00    
internal:     40 x 39      (  3325,  970  ), (  3365,  1009 )  1560      
Root cell box:
           width x height  (   llx,  lly  ), (   urx,  ury  )  area (units^2)

microns:   0.400 x 0.395   ( 16.525,  4.750), ( 16.925,  5.145)  0.158     
lambda:    40.00 x 39.50   ( 1652.50,  475.00), ( 1692.50,  514.50)  1580.00   
internal:     80 x 79      (  3305,  950  ), (  3385,  1029 )  6320      
Root cell box:
           width x height  (   llx,  lly  ), (   urx,  ury  )  area (units^2)

microns:   0.400 x 0.395   ( 16.525,  4.750), ( 16.925,  5.145)  0.158     
lambda:    40.00 x 39.50   ( 1652.50,  475.00), ( 1692.50,  514.50)  1580.00   
internal:     80 x 79      (  3305,  950  ), (  3385,  1029 )  6320      
Root cell box:
           width x height  (   llx,  lly  ), (   urx,  ury  )  area (units^2)

microns:   0.200 x 0.195   ( 16.625,  4.850), ( 16.825,  5.045)  0.039     
lambda:    20.00 x 19.50   ( 1662.50,  485.00), ( 1682.50,  504.50)  390.00    
internal:     40 x 39      (  3325,  970  ), (  3365,  1009 )  1560      
Root cell box:
           width x height  (   llx,  lly  ), (   urx,  ury  )  area (units^2)

microns:   0.400 x 0.395   ( 16.525,  4.750), ( 16.925,  5.145)  0.158     
lambda:    40.00 x 39.50   ( 1652.50,  475.00), ( 1692.50,  514.50)  1580.00   
internal:     80 x 79      (  3305,  950  ), (  3385,  1029 )  6320      
Root cell box:
           width x height  (   llx,  lly  ), (   urx,  ury  )  area (units^2)

microns:   0.200 x 16.250  ( 16.625,  4.850), ( 16.825,  21.100)  3.250     
lambda:    20.00 x 1625.00  ( 1662.50,  485.00), ( 1682.50,  2110.00)  32500.00  
internal:     40 x 3250    (  3325,  970  ), (  3365,  4220 )  130000    
Root cell box:
           width x height  (   llx,  lly  ), (   urx,  ury  )  area (units^2)

microns:   0.400 x 0.400   ( 16.525,  20.800), ( 16.925,  21.200)  0.160     
lambda:    40.00 x 40.00   ( 1652.50,  2080.00), ( 1692.50,  2120.00)  1600.00   
internal:     80 x 80      (  3305,  4160 ), (  3385,  4240 )  6400      
Root cell box:
           width x height  (   llx,  lly  ), (   urx,  ury  )  area (units^2)

microns:   0.200 x 0.200   ( 16.625,  20.900), ( 16.825,  21.100)  0.040     
lambda:    20.00 x 20.00   ( 1662.50,  2090.00), ( 1682.50,  2110.00)  400.00    
internal:     40 x 40      (  3325,  4180 ), (  3365,  4220 )  1600      
Root cell box:
           width x height  (   llx,  lly  ), (   urx,  ury  )  area (units^2)

microns:   0.400 x 0.400   ( 16.525,  20.800), ( 16.925,  21.200)  0.160     
lambda:    40.00 x 40.00   ( 1652.50,  2080.00), ( 1692.50,  2120.00)  1600.00   
internal:     80 x 80      (  3305,  4160 ), (  3385,  4240 )  6400      
Root cell box:
           width x height  (   llx,  lly  ), (   urx,  ury  )  area (units^2)

microns:   3.490 x 0.200   ( 13.335,  20.900), ( 16.825,  21.100)  0.698     
lambda:   349.00 x 20.00   ( 1333.50,  2090.00), ( 1682.50,  2110.00)  6980.00   
internal:    698 x 40      (  2667,  4180 ), (  3365,  4220 )  27920     
Root cell box:
           width x height  (   llx,  lly  ), (   urx,  ury  )  area (units^2)

microns:   0.240 x 0.240   ( 22.500,  1.840), ( 22.740,  2.080)  0.058     
lambda:    24.00 x 24.00   ( 2250.00,  184.00), ( 2274.00,  208.00)  576.00    
internal:     48 x 48      (  4500,  368  ), (  4548,  416  )  2304      
Root cell box:
           width x height  (   llx,  lly  ), (   urx,  ury  )  area (units^2)

microns:   0.400 x 0.400   ( 22.420,  1.760), ( 22.820,  2.160)  0.160     
lambda:    40.00 x 40.00   ( 2242.00,  176.00), ( 2282.00,  216.00)  1600.00   
internal:     80 x 80      (  4484,  352  ), (  4564,  432  )  6400      
Root cell box:
           width x height  (   llx,  lly  ), (   urx,  ury  )  area (units^2)

microns:   0.200 x 0.200   ( 22.520,  1.860), ( 22.720,  2.060)  0.040     
lambda:    20.00 x 20.00   ( 2252.00,  186.00), ( 2272.00,  206.00)  400.00    
internal:     40 x 40      (  4504,  372  ), (  4544,  412  )  1600      
Root cell box:
           width x height  (   llx,  lly  ), (   urx,  ury  )  area (units^2)

microns:   0.400 x 0.400   ( 22.420,  1.760), ( 22.820,  2.160)  0.160     
lambda:    40.00 x 40.00   ( 2242.00,  176.00), ( 2282.00,  216.00)  1600.00   
internal:     80 x 80      (  4484,  352  ), (  4564,  432  )  6400      
Root cell box:
           width x height  (   llx,  lly  ), (   urx,  ury  )  area (units^2)

microns:   0.400 x 0.400   ( 22.420,  1.760), ( 22.820,  2.160)  0.160     
lambda:    40.00 x 40.00   ( 2242.00,  176.00), ( 2282.00,  216.00)  1600.00   
internal:     80 x 80      (  4484,  352  ), (  4564,  432  )  6400      
Root cell box:
           width x height  (   llx,  lly  ), (   urx,  ury  )  area (units^2)

microns:   0.200 x 0.200   ( 22.520,  1.860), ( 22.720,  2.060)  0.040     
lambda:    20.00 x 20.00   ( 2252.00,  186.00), ( 2272.00,  206.00)  400.00    
internal:     40 x 40      (  4504,  372  ), (  4544,  412  )  1600      
Root cell box:
           width x height  (   llx,  lly  ), (   urx,  ury  )  area (units^2)

microns:   0.400 x 0.400   ( 22.420,  1.760), ( 22.820,  2.160)  0.160     
lambda:    40.00 x 40.00   ( 2242.00,  176.00), ( 2282.00,  216.00)  1600.00   
internal:     80 x 80      (  4484,  352  ), (  4564,  432  )  6400      
Root cell box:
           width x height  (   llx,  lly  ), (   urx,  ury  )  area (units^2)

microns:   0.400 x 0.400   ( 22.420,  1.760), ( 22.820,  2.160)  0.160     
lambda:    40.00 x 40.00   ( 2242.00,  176.00), ( 2282.00,  216.00)  1600.00   
internal:     80 x 80      (  4484,  352  ), (  4564,  432  )  6400      
Root cell box:
           width x height  (   llx,  lly  ), (   urx,  ury  )  area (units^2)

microns:   0.200 x 0.200   ( 22.520,  1.860), ( 22.720,  2.060)  0.040     
lambda:    20.00 x 20.00   ( 2252.00,  186.00), ( 2272.00,  206.00)  400.00    
internal:     40 x 40      (  4504,  372  ), (  4544,  412  )  1600      
Root cell box:
           width x height  (   llx,  lly  ), (   urx,  ury  )  area (units^2)

microns:   0.400 x 0.400   ( 22.420,  1.760), ( 22.820,  2.160)  0.160     
lambda:    40.00 x 40.00   ( 2242.00,  176.00), ( 2282.00,  216.00)  1600.00   
internal:     80 x 80      (  4484,  352  ), (  4564,  432  )  6400      
Root cell box:
           width x height  (   llx,  lly  ), (   urx,  ury  )  area (units^2)

microns:   1.500 x 0.200   ( 22.520,  1.860), ( 24.020,  2.060)  0.300     
lambda:   150.00 x 20.00   ( 2252.00,  186.00), ( 2402.00,  206.00)  3000.00   
internal:    300 x 40      (  4504,  372  ), (  4804,  412  )  12000     
Root cell box:
           width x height  (   llx,  lly  ), (   urx,  ury  )  area (units^2)

microns:   0.400 x 0.400   ( 23.720,  1.760), ( 24.120,  2.160)  0.160     
lambda:    40.00 x 40.00   ( 2372.00,  176.00), ( 2412.00,  216.00)  1600.00   
internal:     80 x 80      (  4744,  352  ), (  4824,  432  )  6400      
Root cell box:
           width x height  (   llx,  lly  ), (   urx,  ury  )  area (units^2)

microns:   0.200 x 0.200   ( 23.820,  1.860), ( 24.020,  2.060)  0.040     
lambda:    20.00 x 20.00   ( 2382.00,  186.00), ( 2402.00,  206.00)  400.00    
internal:     40 x 40      (  4764,  372  ), (  4804,  412  )  1600      
Root cell box:
           width x height  (   llx,  lly  ), (   urx,  ury  )  area (units^2)

microns:   0.400 x 0.400   ( 23.720,  1.760), ( 24.120,  2.160)  0.160     
lambda:    40.00 x 40.00   ( 2372.00,  176.00), ( 2412.00,  216.00)  1600.00   
internal:     80 x 80      (  4744,  352  ), (  4824,  432  )  6400      
Root cell box:
           width x height  (   llx,  lly  ), (   urx,  ury  )  area (units^2)

microns:   0.200 x 20.240  ( 23.820,  1.860), ( 24.020,  22.100)  4.048     
lambda:    20.00 x 2024.00  ( 2382.00,  186.00), ( 2402.00,  2210.00)  40480.00  
internal:     40 x 4048    (  4764,  372  ), (  4804,  4420 )  161920    
Root cell box:
           width x height  (   llx,  lly  ), (   urx,  ury  )  area (units^2)

microns:   0.400 x 0.400   ( 23.720,  21.800), ( 24.120,  22.200)  0.160     
lambda:    40.00 x 40.00   ( 2372.00,  2180.00), ( 2412.00,  2220.00)  1600.00   
internal:     80 x 80      (  4744,  4360 ), (  4824,  4440 )  6400      
Root cell box:
           width x height  (   llx,  lly  ), (   urx,  ury  )  area (units^2)

microns:   0.200 x 0.200   ( 23.820,  21.900), ( 24.020,  22.100)  0.040     
lambda:    20.00 x 20.00   ( 2382.00,  2190.00), ( 2402.00,  2210.00)  400.00    
internal:     40 x 40      (  4764,  4380 ), (  4804,  4420 )  1600      
Root cell box:
           width x height  (   llx,  lly  ), (   urx,  ury  )  area (units^2)

microns:   0.400 x 0.400   ( 23.720,  21.800), ( 24.120,  22.200)  0.160     
lambda:    40.00 x 40.00   ( 2372.00,  2180.00), ( 2412.00,  2220.00)  1600.00   
internal:     80 x 80      (  4744,  4360 ), (  4824,  4440 )  6400      
Root cell box:
           width x height  (   llx,  lly  ), (   urx,  ury  )  area (units^2)

microns:   0.240 x 0.240   ( 22.500, -3.000), ( 22.740, -2.760)  0.058     
lambda:    24.00 x 24.00   ( 2250.00, -300.00), ( 2274.00, -276.00)  576.00    
internal:     48 x 48      (  4500, -600  ), (  4548, -552  )  2304      
Root cell box:
           width x height  (   llx,  lly  ), (   urx,  ury  )  area (units^2)

microns:   0.400 x 0.400   ( 22.420, -3.080), ( 22.820, -2.680)  0.160     
lambda:    40.00 x 40.00   ( 2242.00, -308.00), ( 2282.00, -268.00)  1600.00   
internal:     80 x 80      (  4484, -616  ), (  4564, -536  )  6400      
Root cell box:
           width x height  (   llx,  lly  ), (   urx,  ury  )  area (units^2)

microns:   0.200 x 0.200   ( 22.520, -2.980), ( 22.720, -2.780)  0.040     
lambda:    20.00 x 20.00   ( 2252.00, -298.00), ( 2272.00, -278.00)  400.00    
internal:     40 x 40      (  4504, -596  ), (  4544, -556  )  1600      
Root cell box:
           width x height  (   llx,  lly  ), (   urx,  ury  )  area (units^2)

microns:   0.400 x 0.400   ( 22.420, -3.080), ( 22.820, -2.680)  0.160     
lambda:    40.00 x 40.00   ( 2242.00, -308.00), ( 2282.00, -268.00)  1600.00   
internal:     80 x 80      (  4484, -616  ), (  4564, -536  )  6400      
Root cell box:
           width x height  (   llx,  lly  ), (   urx,  ury  )  area (units^2)

microns:   0.400 x 0.400   ( 22.420, -3.080), ( 22.820, -2.680)  0.160     
lambda:    40.00 x 40.00   ( 2242.00, -308.00), ( 2282.00, -268.00)  1600.00   
internal:     80 x 80      (  4484, -616  ), (  4564, -536  )  6400      
Root cell box:
           width x height  (   llx,  lly  ), (   urx,  ury  )  area (units^2)

microns:   0.200 x 0.200   ( 22.520, -2.980), ( 22.720, -2.780)  0.040     
lambda:    20.00 x 20.00   ( 2252.00, -298.00), ( 2272.00, -278.00)  400.00    
internal:     40 x 40      (  4504, -596  ), (  4544, -556  )  1600      
Root cell box:
           width x height  (   llx,  lly  ), (   urx,  ury  )  area (units^2)

microns:   0.400 x 0.400   ( 22.420, -3.080), ( 22.820, -2.680)  0.160     
lambda:    40.00 x 40.00   ( 2242.00, -308.00), ( 2282.00, -268.00)  1600.00   
internal:     80 x 80      (  4484, -616  ), (  4564, -536  )  6400      
Root cell box:
           width x height  (   llx,  lly  ), (   urx,  ury  )  area (units^2)

microns:   0.400 x 0.400   ( 22.420, -3.080), ( 22.820, -2.680)  0.160     
lambda:    40.00 x 40.00   ( 2242.00, -308.00), ( 2282.00, -268.00)  1600.00   
internal:     80 x 80      (  4484, -616  ), (  4564, -536  )  6400      
Root cell box:
           width x height  (   llx,  lly  ), (   urx,  ury  )  area (units^2)

microns:   0.200 x 0.200   ( 22.520, -2.980), ( 22.720, -2.780)  0.040     
lambda:    20.00 x 20.00   ( 2252.00, -298.00), ( 2272.00, -278.00)  400.00    
internal:     40 x 40      (  4504, -596  ), (  4544, -556  )  1600      
Root cell box:
           width x height  (   llx,  lly  ), (   urx,  ury  )  area (units^2)

microns:   0.400 x 0.400   ( 22.420, -3.080), ( 22.820, -2.680)  0.160     
lambda:    40.00 x 40.00   ( 2242.00, -308.00), ( 2282.00, -268.00)  1600.00   
internal:     80 x 80      (  4484, -616  ), (  4564, -536  )  6400      
Root cell box:
           width x height  (   llx,  lly  ), (   urx,  ury  )  area (units^2)

microns:   2.150 x 0.200   ( 22.520, -2.980), ( 24.670, -2.780)  0.430     
lambda:   215.00 x 20.00   ( 2252.00, -298.00), ( 2467.00, -278.00)  4300.00   
internal:    430 x 40      (  4504, -596  ), (  4934, -556  )  17200     
Root cell box:
           width x height  (   llx,  lly  ), (   urx,  ury  )  area (units^2)

microns:   0.400 x 0.400   ( 24.370, -3.080), ( 24.770, -2.680)  0.160     
lambda:    40.00 x 40.00   ( 2437.00, -308.00), ( 2477.00, -268.00)  1600.00   
internal:     80 x 80      (  4874, -616  ), (  4954, -536  )  6400      
Root cell box:
           width x height  (   llx,  lly  ), (   urx,  ury  )  area (units^2)

microns:   0.200 x 0.200   ( 24.470, -2.980), ( 24.670, -2.780)  0.040     
lambda:    20.00 x 20.00   ( 2447.00, -298.00), ( 2467.00, -278.00)  400.00    
internal:     40 x 40      (  4894, -596  ), (  4934, -556  )  1600      
Root cell box:
           width x height  (   llx,  lly  ), (   urx,  ury  )  area (units^2)

microns:   0.400 x 0.400   ( 24.370, -3.080), ( 24.770, -2.680)  0.160     
lambda:    40.00 x 40.00   ( 2437.00, -308.00), ( 2477.00, -268.00)  1600.00   
internal:     80 x 80      (  4874, -616  ), (  4954, -536  )  6400      
Root cell box:
           width x height  (   llx,  lly  ), (   urx,  ury  )  area (units^2)

microns:   0.200 x 25.080  ( 24.470, -2.980), ( 24.670,  22.100)  5.016     
lambda:    20.00 x 2508.00  ( 2447.00, -298.00), ( 2467.00,  2210.00)  50160.00  
internal:     40 x 5016    (  4894, -596  ), (  4934,  4420 )  200640    
Root cell box:
           width x height  (   llx,  lly  ), (   urx,  ury  )  area (units^2)

microns:   0.400 x 0.400   ( 24.370,  21.800), ( 24.770,  22.200)  0.160     
lambda:    40.00 x 40.00   ( 2437.00,  2180.00), ( 2477.00,  2220.00)  1600.00   
internal:     80 x 80      (  4874,  4360 ), (  4954,  4440 )  6400      
Root cell box:
           width x height  (   llx,  lly  ), (   urx,  ury  )  area (units^2)

microns:   0.200 x 0.200   ( 24.470,  21.900), ( 24.670,  22.100)  0.040     
lambda:    20.00 x 20.00   ( 2447.00,  2190.00), ( 2467.00,  2210.00)  400.00    
internal:     40 x 40      (  4894,  4380 ), (  4934,  4420 )  1600      
Root cell box:
           width x height  (   llx,  lly  ), (   urx,  ury  )  area (units^2)

microns:   0.400 x 0.400   ( 24.370,  21.800), ( 24.770,  22.200)  0.160     
lambda:    40.00 x 40.00   ( 2437.00,  2180.00), ( 2477.00,  2220.00)  1600.00   
internal:     80 x 80      (  4874,  4360 ), (  4954,  4440 )  6400      
Root cell box:
           width x height  (   llx,  lly  ), (   urx,  ury  )  area (units^2)

microns:   0.240 x 0.240   ( 21.830, -1.280), ( 22.070, -1.040)  0.058     
lambda:    24.00 x 24.00   ( 2183.00, -128.00), ( 2207.00, -104.00)  576.00    
internal:     48 x 48      (  4366, -256  ), (  4414, -208  )  2304      
Root cell box:
           width x height  (   llx,  lly  ), (   urx,  ury  )  area (units^2)

microns:   0.400 x 0.400   ( 21.750, -1.360), ( 22.150, -0.960)  0.160     
lambda:    40.00 x 40.00   ( 2175.00, -136.00), ( 2215.00, -96.00)  1600.00   
internal:     80 x 80      (  4350, -272  ), (  4430, -192  )  6400      
Root cell box:
           width x height  (   llx,  lly  ), (   urx,  ury  )  area (units^2)

microns:   0.200 x 0.200   ( 21.850, -1.260), ( 22.050, -1.060)  0.040     
lambda:    20.00 x 20.00   ( 2185.00, -126.00), ( 2205.00, -106.00)  400.00    
internal:     40 x 40      (  4370, -252  ), (  4410, -212  )  1600      
Root cell box:
           width x height  (   llx,  lly  ), (   urx,  ury  )  area (units^2)

microns:   0.400 x 0.400   ( 21.750, -1.360), ( 22.150, -0.960)  0.160     
lambda:    40.00 x 40.00   ( 2175.00, -136.00), ( 2215.00, -96.00)  1600.00   
internal:     80 x 80      (  4350, -272  ), (  4430, -192  )  6400      
Root cell box:
           width x height  (   llx,  lly  ), (   urx,  ury  )  area (units^2)

microns:   0.400 x 0.400   ( 21.750, -1.360), ( 22.150, -0.960)  0.160     
lambda:    40.00 x 40.00   ( 2175.00, -136.00), ( 2215.00, -96.00)  1600.00   
internal:     80 x 80      (  4350, -272  ), (  4430, -192  )  6400      
Root cell box:
           width x height  (   llx,  lly  ), (   urx,  ury  )  area (units^2)

microns:   0.200 x 0.200   ( 21.850, -1.260), ( 22.050, -1.060)  0.040     
lambda:    20.00 x 20.00   ( 2185.00, -126.00), ( 2205.00, -106.00)  400.00    
internal:     40 x 40      (  4370, -252  ), (  4410, -212  )  1600      
Root cell box:
           width x height  (   llx,  lly  ), (   urx,  ury  )  area (units^2)

microns:   0.400 x 0.400   ( 21.750, -1.360), ( 22.150, -0.960)  0.160     
lambda:    40.00 x 40.00   ( 2175.00, -136.00), ( 2215.00, -96.00)  1600.00   
internal:     80 x 80      (  4350, -272  ), (  4430, -192  )  6400      
Root cell box:
           width x height  (   llx,  lly  ), (   urx,  ury  )  area (units^2)

microns:   0.400 x 0.400   ( 21.750, -1.360), ( 22.150, -0.960)  0.160     
lambda:    40.00 x 40.00   ( 2175.00, -136.00), ( 2215.00, -96.00)  1600.00   
internal:     80 x 80      (  4350, -272  ), (  4430, -192  )  6400      
Root cell box:
           width x height  (   llx,  lly  ), (   urx,  ury  )  area (units^2)

microns:   0.200 x 0.200   ( 21.850, -1.260), ( 22.050, -1.060)  0.040     
lambda:    20.00 x 20.00   ( 2185.00, -126.00), ( 2205.00, -106.00)  400.00    
internal:     40 x 40      (  4370, -252  ), (  4410, -212  )  1600      
Root cell box:
           width x height  (   llx,  lly  ), (   urx,  ury  )  area (units^2)

microns:   0.400 x 0.400   ( 21.750, -1.360), ( 22.150, -0.960)  0.160     
lambda:    40.00 x 40.00   ( 2175.00, -136.00), ( 2215.00, -96.00)  1600.00   
internal:     80 x 80      (  4350, -272  ), (  4430, -192  )  6400      
Root cell box:
           width x height  (   llx,  lly  ), (   urx,  ury  )  area (units^2)

microns:   2.800 x 0.200   ( 19.250, -1.260), ( 22.050, -1.060)  0.560     
lambda:   280.00 x 20.00   ( 1925.00, -126.00), ( 2205.00, -106.00)  5600.00   
internal:    560 x 40      (  3850, -252  ), (  4410, -212  )  22400     
Root cell box:
           width x height  (   llx,  lly  ), (   urx,  ury  )  area (units^2)

microns:   0.400 x 0.400   ( 19.150, -1.360), ( 19.550, -0.960)  0.160     
lambda:    40.00 x 40.00   ( 1915.00, -136.00), ( 1955.00, -96.00)  1600.00   
internal:     80 x 80      (  3830, -272  ), (  3910, -192  )  6400      
Root cell box:
           width x height  (   llx,  lly  ), (   urx,  ury  )  area (units^2)

microns:   0.200 x 0.200   ( 19.250, -1.260), ( 19.450, -1.060)  0.040     
lambda:    20.00 x 20.00   ( 1925.00, -126.00), ( 1945.00, -106.00)  400.00    
internal:     40 x 40      (  3850, -252  ), (  3890, -212  )  1600      
Root cell box:
           width x height  (   llx,  lly  ), (   urx,  ury  )  area (units^2)

microns:   0.400 x 0.400   ( 19.150, -1.360), ( 19.550, -0.960)  0.160     
lambda:    40.00 x 40.00   ( 1915.00, -136.00), ( 1955.00, -96.00)  1600.00   
internal:     80 x 80      (  3830, -272  ), (  3910, -192  )  6400      
Root cell box:
           width x height  (   llx,  lly  ), (   urx,  ury  )  area (units^2)

microns:   0.200 x 23.360  ( 19.250, -1.260), ( 19.450,  22.100)  4.672     
lambda:    20.00 x 2336.00  ( 1925.00, -126.00), ( 1945.00,  2210.00)  46720.00  
internal:     40 x 4672    (  3850, -252  ), (  3890,  4420 )  186880    
Root cell box:
           width x height  (   llx,  lly  ), (   urx,  ury  )  area (units^2)

microns:   0.400 x 0.400   ( 19.150,  21.800), ( 19.550,  22.200)  0.160     
lambda:    40.00 x 40.00   ( 1915.00,  2180.00), ( 1955.00,  2220.00)  1600.00   
internal:     80 x 80      (  3830,  4360 ), (  3910,  4440 )  6400      
Root cell box:
           width x height  (   llx,  lly  ), (   urx,  ury  )  area (units^2)

microns:   0.200 x 0.200   ( 19.250,  21.900), ( 19.450,  22.100)  0.040     
lambda:    20.00 x 20.00   ( 1925.00,  2190.00), ( 1945.00,  2210.00)  400.00    
internal:     40 x 40      (  3850,  4380 ), (  3890,  4420 )  1600      
Root cell box:
           width x height  (   llx,  lly  ), (   urx,  ury  )  area (units^2)

microns:   0.400 x 0.400   ( 19.150,  21.800), ( 19.550,  22.200)  0.160     
lambda:    40.00 x 40.00   ( 1915.00,  2180.00), ( 1955.00,  2220.00)  1600.00   
internal:     80 x 80      (  3830,  4360 ), (  3910,  4440 )  6400      
Root cell box:
           width x height  (   llx,  lly  ), (   urx,  ury  )  area (units^2)

microns:   0.240 x 0.240   ( 22.520, -0.810), ( 22.760, -0.570)  0.058     
lambda:    24.00 x 24.00   ( 2252.00, -81.00), ( 2276.00, -57.00)  576.00    
internal:     48 x 48      (  4504, -162  ), (  4552, -114  )  2304      
Root cell box:
           width x height  (   llx,  lly  ), (   urx,  ury  )  area (units^2)

microns:   0.400 x 0.400   ( 22.440, -0.890), ( 22.840, -0.490)  0.160     
lambda:    40.00 x 40.00   ( 2244.00, -89.00), ( 2284.00, -49.00)  1600.00   
internal:     80 x 80      (  4488, -178  ), (  4568, -98   )  6400      
Root cell box:
           width x height  (   llx,  lly  ), (   urx,  ury  )  area (units^2)

microns:   0.200 x 0.200   ( 22.540, -0.790), ( 22.740, -0.590)  0.040     
lambda:    20.00 x 20.00   ( 2254.00, -79.00), ( 2274.00, -59.00)  400.00    
internal:     40 x 40      (  4508, -158  ), (  4548, -118  )  1600      
Root cell box:
           width x height  (   llx,  lly  ), (   urx,  ury  )  area (units^2)

microns:   0.400 x 0.400   ( 22.440, -0.890), ( 22.840, -0.490)  0.160     
lambda:    40.00 x 40.00   ( 2244.00, -89.00), ( 2284.00, -49.00)  1600.00   
internal:     80 x 80      (  4488, -178  ), (  4568, -98   )  6400      
Root cell box:
           width x height  (   llx,  lly  ), (   urx,  ury  )  area (units^2)

microns:   0.400 x 0.400   ( 22.440, -0.890), ( 22.840, -0.490)  0.160     
lambda:    40.00 x 40.00   ( 2244.00, -89.00), ( 2284.00, -49.00)  1600.00   
internal:     80 x 80      (  4488, -178  ), (  4568, -98   )  6400      
Root cell box:
           width x height  (   llx,  lly  ), (   urx,  ury  )  area (units^2)

microns:   0.200 x 0.200   ( 22.540, -0.790), ( 22.740, -0.590)  0.040     
lambda:    20.00 x 20.00   ( 2254.00, -79.00), ( 2274.00, -59.00)  400.00    
internal:     40 x 40      (  4508, -158  ), (  4548, -118  )  1600      
Root cell box:
           width x height  (   llx,  lly  ), (   urx,  ury  )  area (units^2)

microns:   0.400 x 0.400   ( 22.440, -0.890), ( 22.840, -0.490)  0.160     
lambda:    40.00 x 40.00   ( 2244.00, -89.00), ( 2284.00, -49.00)  1600.00   
internal:     80 x 80      (  4488, -178  ), (  4568, -98   )  6400      
Root cell box:
           width x height  (   llx,  lly  ), (   urx,  ury  )  area (units^2)

microns:   0.400 x 0.400   ( 22.440, -0.890), ( 22.840, -0.490)  0.160     
lambda:    40.00 x 40.00   ( 2244.00, -89.00), ( 2284.00, -49.00)  1600.00   
internal:     80 x 80      (  4488, -178  ), (  4568, -98   )  6400      
Root cell box:
           width x height  (   llx,  lly  ), (   urx,  ury  )  area (units^2)

microns:   0.200 x 0.200   ( 22.540, -0.790), ( 22.740, -0.590)  0.040     
lambda:    20.00 x 20.00   ( 2254.00, -79.00), ( 2274.00, -59.00)  400.00    
internal:     40 x 40      (  4508, -158  ), (  4548, -118  )  1600      
Root cell box:
           width x height  (   llx,  lly  ), (   urx,  ury  )  area (units^2)

microns:   0.400 x 0.400   ( 22.440, -0.890), ( 22.840, -0.490)  0.160     
lambda:    40.00 x 40.00   ( 2244.00, -89.00), ( 2284.00, -49.00)  1600.00   
internal:     80 x 80      (  4488, -178  ), (  4568, -98   )  6400      
Root cell box:
           width x height  (   llx,  lly  ), (   urx,  ury  )  area (units^2)

microns:   2.800 x 0.200   ( 22.540, -0.790), ( 25.340, -0.590)  0.560     
lambda:   280.00 x 20.00   ( 2254.00, -79.00), ( 2534.00, -59.00)  5600.00   
internal:    560 x 40      (  4508, -158  ), (  5068, -118  )  22400     
Root cell box:
           width x height  (   llx,  lly  ), (   urx,  ury  )  area (units^2)

microns:   0.400 x 0.400   ( 25.040, -0.890), ( 25.440, -0.490)  0.160     
lambda:    40.00 x 40.00   ( 2504.00, -89.00), ( 2544.00, -49.00)  1600.00   
internal:     80 x 80      (  5008, -178  ), (  5088, -98   )  6400      
Root cell box:
           width x height  (   llx,  lly  ), (   urx,  ury  )  area (units^2)

microns:   0.200 x 0.200   ( 25.140, -0.790), ( 25.340, -0.590)  0.040     
lambda:    20.00 x 20.00   ( 2514.00, -79.00), ( 2534.00, -59.00)  400.00    
internal:     40 x 40      (  5028, -158  ), (  5068, -118  )  1600      
Root cell box:
           width x height  (   llx,  lly  ), (   urx,  ury  )  area (units^2)

microns:   0.400 x 0.400   ( 25.040, -0.890), ( 25.440, -0.490)  0.160     
lambda:    40.00 x 40.00   ( 2504.00, -89.00), ( 2544.00, -49.00)  1600.00   
internal:     80 x 80      (  5008, -178  ), (  5088, -98   )  6400      
Root cell box:
           width x height  (   llx,  lly  ), (   urx,  ury  )  area (units^2)

microns:   0.200 x 22.890  ( 25.140, -0.790), ( 25.340,  22.100)  4.578     
lambda:    20.00 x 2289.00  ( 2514.00, -79.00), ( 2534.00,  2210.00)  45780.00  
internal:     40 x 4578    (  5028, -158  ), (  5068,  4420 )  183120    
Root cell box:
           width x height  (   llx,  lly  ), (   urx,  ury  )  area (units^2)

microns:   0.400 x 0.400   ( 25.040,  21.800), ( 25.440,  22.200)  0.160     
lambda:    40.00 x 40.00   ( 2504.00,  2180.00), ( 2544.00,  2220.00)  1600.00   
internal:     80 x 80      (  5008,  4360 ), (  5088,  4440 )  6400      
Root cell box:
           width x height  (   llx,  lly  ), (   urx,  ury  )  area (units^2)

microns:   0.200 x 0.200   ( 25.140,  21.900), ( 25.340,  22.100)  0.040     
lambda:    20.00 x 20.00   ( 2514.00,  2190.00), ( 2534.00,  2210.00)  400.00    
internal:     40 x 40      (  5028,  4380 ), (  5068,  4420 )  1600      
Root cell box:
           width x height  (   llx,  lly  ), (   urx,  ury  )  area (units^2)

microns:   0.400 x 0.400   ( 25.040,  21.800), ( 25.440,  22.200)  0.160     
lambda:    40.00 x 40.00   ( 2504.00,  2180.00), ( 2544.00,  2220.00)  1600.00   
internal:     80 x 80      (  5008,  4360 ), (  5088,  4440 )  6400      
Root cell box:
           width x height  (   llx,  lly  ), (   urx,  ury  )  area (units^2)

microns:   0.240 x 0.240   ( 19.810, -15.350), ( 20.050, -15.110)  0.058     
lambda:    24.00 x 24.00   ( 1981.00, -1535.00), ( 2005.00, -1511.00)  576.00    
internal:     48 x 48      (  3962, -3070 ), (  4010, -3022 )  2304      
Root cell box:
           width x height  (   llx,  lly  ), (   urx,  ury  )  area (units^2)

microns:   0.400 x 0.400   ( 19.730, -15.430), ( 20.130, -15.030)  0.160     
lambda:    40.00 x 40.00   ( 1973.00, -1543.00), ( 2013.00, -1503.00)  1600.00   
internal:     80 x 80      (  3946, -3086 ), (  4026, -3006 )  6400      
Root cell box:
           width x height  (   llx,  lly  ), (   urx,  ury  )  area (units^2)

microns:   0.200 x 0.200   ( 19.830, -15.330), ( 20.030, -15.130)  0.040     
lambda:    20.00 x 20.00   ( 1983.00, -1533.00), ( 2003.00, -1513.00)  400.00    
internal:     40 x 40      (  3966, -3066 ), (  4006, -3026 )  1600      
Root cell box:
           width x height  (   llx,  lly  ), (   urx,  ury  )  area (units^2)

microns:   0.400 x 0.400   ( 19.730, -15.430), ( 20.130, -15.030)  0.160     
lambda:    40.00 x 40.00   ( 1973.00, -1543.00), ( 2013.00, -1503.00)  1600.00   
internal:     80 x 80      (  3946, -3086 ), (  4026, -3006 )  6400      
Root cell box:
           width x height  (   llx,  lly  ), (   urx,  ury  )  area (units^2)

microns:   0.400 x 0.400   ( 19.730, -15.430), ( 20.130, -15.030)  0.160     
lambda:    40.00 x 40.00   ( 1973.00, -1543.00), ( 2013.00, -1503.00)  1600.00   
internal:     80 x 80      (  3946, -3086 ), (  4026, -3006 )  6400      
Root cell box:
           width x height  (   llx,  lly  ), (   urx,  ury  )  area (units^2)

microns:   0.200 x 0.200   ( 19.830, -15.330), ( 20.030, -15.130)  0.040     
lambda:    20.00 x 20.00   ( 1983.00, -1533.00), ( 2003.00, -1513.00)  400.00    
internal:     40 x 40      (  3966, -3066 ), (  4006, -3026 )  1600      
Root cell box:
           width x height  (   llx,  lly  ), (   urx,  ury  )  area (units^2)

microns:   0.400 x 0.400   ( 19.730, -15.430), ( 20.130, -15.030)  0.160     
lambda:    40.00 x 40.00   ( 1973.00, -1543.00), ( 2013.00, -1503.00)  1600.00   
internal:     80 x 80      (  3946, -3086 ), (  4026, -3006 )  6400      
Root cell box:
           width x height  (   llx,  lly  ), (   urx,  ury  )  area (units^2)

microns:   0.400 x 0.400   ( 19.730, -15.430), ( 20.130, -15.030)  0.160     
lambda:    40.00 x 40.00   ( 1973.00, -1543.00), ( 2013.00, -1503.00)  1600.00   
internal:     80 x 80      (  3946, -3086 ), (  4026, -3006 )  6400      
Root cell box:
           width x height  (   llx,  lly  ), (   urx,  ury  )  area (units^2)

microns:   0.200 x 0.200   ( 19.830, -15.330), ( 20.030, -15.130)  0.040     
lambda:    20.00 x 20.00   ( 1983.00, -1533.00), ( 2003.00, -1513.00)  400.00    
internal:     40 x 40      (  3966, -3066 ), (  4006, -3026 )  1600      
Root cell box:
           width x height  (   llx,  lly  ), (   urx,  ury  )  area (units^2)

microns:   0.400 x 0.400   ( 19.730, -15.430), ( 20.130, -15.030)  0.160     
lambda:    40.00 x 40.00   ( 1973.00, -1543.00), ( 2013.00, -1503.00)  1600.00   
internal:     80 x 80      (  3946, -3086 ), (  4026, -3006 )  6400      
Root cell box:
           width x height  (   llx,  lly  ), (   urx,  ury  )  area (units^2)

microns:   1.500 x 0.200   ( 18.530, -15.330), ( 20.030, -15.130)  0.300     
lambda:   150.00 x 20.00   ( 1853.00, -1533.00), ( 2003.00, -1513.00)  3000.00   
internal:    300 x 40      (  3706, -3066 ), (  4006, -3026 )  12000     
Root cell box:
           width x height  (   llx,  lly  ), (   urx,  ury  )  area (units^2)

microns:   0.400 x 0.400   ( 18.430, -15.430), ( 18.830, -15.030)  0.160     
lambda:    40.00 x 40.00   ( 1843.00, -1543.00), ( 1883.00, -1503.00)  1600.00   
internal:     80 x 80      (  3686, -3086 ), (  3766, -3006 )  6400      
Root cell box:
           width x height  (   llx,  lly  ), (   urx,  ury  )  area (units^2)

microns:   0.200 x 0.200   ( 18.530, -15.330), ( 18.730, -15.130)  0.040     
lambda:    20.00 x 20.00   ( 1853.00, -1533.00), ( 1873.00, -1513.00)  400.00    
internal:     40 x 40      (  3706, -3066 ), (  3746, -3026 )  1600      
Root cell box:
           width x height  (   llx,  lly  ), (   urx,  ury  )  area (units^2)

microns:   0.400 x 0.400   ( 18.430, -15.430), ( 18.830, -15.030)  0.160     
lambda:    40.00 x 40.00   ( 1843.00, -1543.00), ( 1883.00, -1503.00)  1600.00   
internal:     80 x 80      (  3686, -3086 ), (  3766, -3006 )  6400      
Root cell box:
           width x height  (   llx,  lly  ), (   urx,  ury  )  area (units^2)

microns:   0.200 x 37.430  ( 18.530, -15.330), ( 18.730,  22.100)  7.486     
lambda:    20.00 x 3743.00  ( 1853.00, -1533.00), ( 1873.00,  2210.00)  74860.00  
internal:     40 x 7486    (  3706, -3066 ), (  3746,  4420 )  299440    
Root cell box:
           width x height  (   llx,  lly  ), (   urx,  ury  )  area (units^2)

microns:   0.400 x 0.400   ( 18.430,  21.800), ( 18.830,  22.200)  0.160     
lambda:    40.00 x 40.00   ( 1843.00,  2180.00), ( 1883.00,  2220.00)  1600.00   
internal:     80 x 80      (  3686,  4360 ), (  3766,  4440 )  6400      
Root cell box:
           width x height  (   llx,  lly  ), (   urx,  ury  )  area (units^2)

microns:   0.200 x 0.200   ( 18.530,  21.900), ( 18.730,  22.100)  0.040     
lambda:    20.00 x 20.00   ( 1853.00,  2190.00), ( 1873.00,  2210.00)  400.00    
internal:     40 x 40      (  3706,  4380 ), (  3746,  4420 )  1600      
Root cell box:
           width x height  (   llx,  lly  ), (   urx,  ury  )  area (units^2)

microns:   0.400 x 0.400   ( 18.430,  21.800), ( 18.830,  22.200)  0.160     
lambda:    40.00 x 40.00   ( 1843.00,  2180.00), ( 1883.00,  2220.00)  1600.00   
internal:     80 x 80      (  3686,  4360 ), (  3766,  4440 )  6400      
Root cell box:
           width x height  (   llx,  lly  ), (   urx,  ury  )  area (units^2)

microns:   6.810 x 0.200   ( 18.530,  21.900), ( 25.340,  22.100)  1.362     
lambda:   681.00 x 20.00   ( 1853.00,  2190.00), ( 2534.00,  2210.00)  13620.00  
internal:   1362 x 40      (  3706,  4380 ), (  5068,  4420 )  54480     
Root cell box:
           width x height  (   llx,  lly  ), (   urx,  ury  )  area (units^2)

microns:   0.240 x 0.240   ( 22.620,  9.100), ( 22.860,  9.340)  0.058     
lambda:    24.00 x 24.00   ( 2262.00,  910.00), ( 2286.00,  934.00)  576.00    
internal:     48 x 48      (  4524,  1820 ), (  4572,  1868 )  2304      
Root cell box:
           width x height  (   llx,  lly  ), (   urx,  ury  )  area (units^2)

microns:   0.400 x 0.400   ( 22.540,  9.020), ( 22.940,  9.420)  0.160     
lambda:    40.00 x 40.00   ( 2254.00,  902.00), ( 2294.00,  942.00)  1600.00   
internal:     80 x 80      (  4508,  1804 ), (  4588,  1884 )  6400      
Root cell box:
           width x height  (   llx,  lly  ), (   urx,  ury  )  area (units^2)

microns:   0.200 x 0.200   ( 22.640,  9.120), ( 22.840,  9.320)  0.040     
lambda:    20.00 x 20.00   ( 2264.00,  912.00), ( 2284.00,  932.00)  400.00    
internal:     40 x 40      (  4528,  1824 ), (  4568,  1864 )  1600      
Root cell box:
           width x height  (   llx,  lly  ), (   urx,  ury  )  area (units^2)

microns:   0.400 x 0.400   ( 22.540,  9.020), ( 22.940,  9.420)  0.160     
lambda:    40.00 x 40.00   ( 2254.00,  902.00), ( 2294.00,  942.00)  1600.00   
internal:     80 x 80      (  4508,  1804 ), (  4588,  1884 )  6400      
Root cell box:
           width x height  (   llx,  lly  ), (   urx,  ury  )  area (units^2)

microns:   0.400 x 0.400   ( 22.540,  9.020), ( 22.940,  9.420)  0.160     
lambda:    40.00 x 40.00   ( 2254.00,  902.00), ( 2294.00,  942.00)  1600.00   
internal:     80 x 80      (  4508,  1804 ), (  4588,  1884 )  6400      
Root cell box:
           width x height  (   llx,  lly  ), (   urx,  ury  )  area (units^2)

microns:   0.200 x 0.200   ( 22.640,  9.120), ( 22.840,  9.320)  0.040     
lambda:    20.00 x 20.00   ( 2264.00,  912.00), ( 2284.00,  932.00)  400.00    
internal:     40 x 40      (  4528,  1824 ), (  4568,  1864 )  1600      
Root cell box:
           width x height  (   llx,  lly  ), (   urx,  ury  )  area (units^2)

microns:   0.400 x 0.400   ( 22.540,  9.020), ( 22.940,  9.420)  0.160     
lambda:    40.00 x 40.00   ( 2254.00,  902.00), ( 2294.00,  942.00)  1600.00   
internal:     80 x 80      (  4508,  1804 ), (  4588,  1884 )  6400      
Root cell box:
           width x height  (   llx,  lly  ), (   urx,  ury  )  area (units^2)

microns:   0.400 x 0.400   ( 22.540,  9.020), ( 22.940,  9.420)  0.160     
lambda:    40.00 x 40.00   ( 2254.00,  902.00), ( 2294.00,  942.00)  1600.00   
internal:     80 x 80      (  4508,  1804 ), (  4588,  1884 )  6400      
Root cell box:
           width x height  (   llx,  lly  ), (   urx,  ury  )  area (units^2)

microns:   0.200 x 0.200   ( 22.640,  9.120), ( 22.840,  9.320)  0.040     
lambda:    20.00 x 20.00   ( 2264.00,  912.00), ( 2284.00,  932.00)  400.00    
internal:     40 x 40      (  4528,  1824 ), (  4568,  1864 )  1600      
Root cell box:
           width x height  (   llx,  lly  ), (   urx,  ury  )  area (units^2)

microns:   0.400 x 0.400   ( 22.540,  9.020), ( 22.940,  9.420)  0.160     
lambda:    40.00 x 40.00   ( 2254.00,  902.00), ( 2294.00,  942.00)  1600.00   
internal:     80 x 80      (  4508,  1804 ), (  4588,  1884 )  6400      
Root cell box:
           width x height  (   llx,  lly  ), (   urx,  ury  )  area (units^2)

microns:   3.450 x 0.200   ( 22.640,  9.120), ( 26.090,  9.320)  0.690     
lambda:   345.00 x 20.00   ( 2264.00,  912.00), ( 2609.00,  932.00)  6900.00   
internal:    690 x 40      (  4528,  1824 ), (  5218,  1864 )  27600     
Root cell box:
           width x height  (   llx,  lly  ), (   urx,  ury  )  area (units^2)

microns:   0.400 x 0.400   ( 25.790,  9.020), ( 26.190,  9.420)  0.160     
lambda:    40.00 x 40.00   ( 2579.00,  902.00), ( 2619.00,  942.00)  1600.00   
internal:     80 x 80      (  5158,  1804 ), (  5238,  1884 )  6400      
Root cell box:
           width x height  (   llx,  lly  ), (   urx,  ury  )  area (units^2)

microns:   0.200 x 0.200   ( 25.890,  9.120), ( 26.090,  9.320)  0.040     
lambda:    20.00 x 20.00   ( 2589.00,  912.00), ( 2609.00,  932.00)  400.00    
internal:     40 x 40      (  5178,  1824 ), (  5218,  1864 )  1600      
Root cell box:
           width x height  (   llx,  lly  ), (   urx,  ury  )  area (units^2)

microns:   0.400 x 0.400   ( 25.790,  9.020), ( 26.190,  9.420)  0.160     
lambda:    40.00 x 40.00   ( 2579.00,  902.00), ( 2619.00,  942.00)  1600.00   
internal:     80 x 80      (  5158,  1804 ), (  5238,  1884 )  6400      
Root cell box:
           width x height  (   llx,  lly  ), (   urx,  ury  )  area (units^2)

microns:   0.200 x 13.980  ( 25.890,  9.120), ( 26.090,  23.100)  2.796     
lambda:    20.00 x 1398.00  ( 2589.00,  912.00), ( 2609.00,  2310.00)  27960.00  
internal:     40 x 2796    (  5178,  1824 ), (  5218,  4620 )  111840    
Root cell box:
           width x height  (   llx,  lly  ), (   urx,  ury  )  area (units^2)

microns:   0.400 x 0.400   ( 25.790,  22.800), ( 26.190,  23.200)  0.160     
lambda:    40.00 x 40.00   ( 2579.00,  2280.00), ( 2619.00,  2320.00)  1600.00   
internal:     80 x 80      (  5158,  4560 ), (  5238,  4640 )  6400      
Root cell box:
           width x height  (   llx,  lly  ), (   urx,  ury  )  area (units^2)

microns:   0.200 x 0.200   ( 25.890,  22.900), ( 26.090,  23.100)  0.040     
lambda:    20.00 x 20.00   ( 2589.00,  2290.00), ( 2609.00,  2310.00)  400.00    
internal:     40 x 40      (  5178,  4580 ), (  5218,  4620 )  1600      
Root cell box:
           width x height  (   llx,  lly  ), (   urx,  ury  )  area (units^2)

microns:   0.400 x 0.400   ( 25.790,  22.800), ( 26.190,  23.200)  0.160     
lambda:    40.00 x 40.00   ( 2579.00,  2280.00), ( 2619.00,  2320.00)  1600.00   
internal:     80 x 80      (  5158,  4560 ), (  5238,  4640 )  6400      
Root cell box:
           width x height  (   llx,  lly  ), (   urx,  ury  )  area (units^2)

microns:   0.240 x 0.240   ( 21.810, -3.470), ( 22.050, -3.230)  0.058     
lambda:    24.00 x 24.00   ( 2181.00, -347.00), ( 2205.00, -323.00)  576.00    
internal:     48 x 48      (  4362, -694  ), (  4410, -646  )  2304      
Root cell box:
           width x height  (   llx,  lly  ), (   urx,  ury  )  area (units^2)

microns:   0.400 x 0.400   ( 21.730, -3.550), ( 22.130, -3.150)  0.160     
lambda:    40.00 x 40.00   ( 2173.00, -355.00), ( 2213.00, -315.00)  1600.00   
internal:     80 x 80      (  4346, -710  ), (  4426, -630  )  6400      
Root cell box:
           width x height  (   llx,  lly  ), (   urx,  ury  )  area (units^2)

microns:   0.200 x 0.200   ( 21.830, -3.450), ( 22.030, -3.250)  0.040     
lambda:    20.00 x 20.00   ( 2183.00, -345.00), ( 2203.00, -325.00)  400.00    
internal:     40 x 40      (  4366, -690  ), (  4406, -650  )  1600      
Root cell box:
           width x height  (   llx,  lly  ), (   urx,  ury  )  area (units^2)

microns:   0.400 x 0.400   ( 21.730, -3.550), ( 22.130, -3.150)  0.160     
lambda:    40.00 x 40.00   ( 2173.00, -355.00), ( 2213.00, -315.00)  1600.00   
internal:     80 x 80      (  4346, -710  ), (  4426, -630  )  6400      
Root cell box:
           width x height  (   llx,  lly  ), (   urx,  ury  )  area (units^2)

microns:   0.400 x 0.400   ( 21.730, -3.550), ( 22.130, -3.150)  0.160     
lambda:    40.00 x 40.00   ( 2173.00, -355.00), ( 2213.00, -315.00)  1600.00   
internal:     80 x 80      (  4346, -710  ), (  4426, -630  )  6400      
Root cell box:
           width x height  (   llx,  lly  ), (   urx,  ury  )  area (units^2)

microns:   0.200 x 0.200   ( 21.830, -3.450), ( 22.030, -3.250)  0.040     
lambda:    20.00 x 20.00   ( 2183.00, -345.00), ( 2203.00, -325.00)  400.00    
internal:     40 x 40      (  4366, -690  ), (  4406, -650  )  1600      
Root cell box:
           width x height  (   llx,  lly  ), (   urx,  ury  )  area (units^2)

microns:   0.400 x 0.400   ( 21.730, -3.550), ( 22.130, -3.150)  0.160     
lambda:    40.00 x 40.00   ( 2173.00, -355.00), ( 2213.00, -315.00)  1600.00   
internal:     80 x 80      (  4346, -710  ), (  4426, -630  )  6400      
Root cell box:
           width x height  (   llx,  lly  ), (   urx,  ury  )  area (units^2)

microns:   0.400 x 0.400   ( 21.730, -3.550), ( 22.130, -3.150)  0.160     
lambda:    40.00 x 40.00   ( 2173.00, -355.00), ( 2213.00, -315.00)  1600.00   
internal:     80 x 80      (  4346, -710  ), (  4426, -630  )  6400      
Root cell box:
           width x height  (   llx,  lly  ), (   urx,  ury  )  area (units^2)

microns:   0.200 x 0.200   ( 21.830, -3.450), ( 22.030, -3.250)  0.040     
lambda:    20.00 x 20.00   ( 2183.00, -345.00), ( 2203.00, -325.00)  400.00    
internal:     40 x 40      (  4366, -690  ), (  4406, -650  )  1600      
Root cell box:
           width x height  (   llx,  lly  ), (   urx,  ury  )  area (units^2)

microns:   0.400 x 0.400   ( 21.730, -3.550), ( 22.130, -3.150)  0.160     
lambda:    40.00 x 40.00   ( 2173.00, -355.00), ( 2213.00, -315.00)  1600.00   
internal:     80 x 80      (  4346, -710  ), (  4426, -630  )  6400      
Root cell box:
           width x height  (   llx,  lly  ), (   urx,  ury  )  area (units^2)

microns:   4.100 x 0.200   ( 17.930, -3.450), ( 22.030, -3.250)  0.820     
lambda:   410.00 x 20.00   ( 1793.00, -345.00), ( 2203.00, -325.00)  8200.00   
internal:    820 x 40      (  3586, -690  ), (  4406, -650  )  32800     
Root cell box:
           width x height  (   llx,  lly  ), (   urx,  ury  )  area (units^2)

microns:   0.400 x 0.400   ( 17.830, -3.550), ( 18.230, -3.150)  0.160     
lambda:    40.00 x 40.00   ( 1783.00, -355.00), ( 1823.00, -315.00)  1600.00   
internal:     80 x 80      (  3566, -710  ), (  3646, -630  )  6400      
Root cell box:
           width x height  (   llx,  lly  ), (   urx,  ury  )  area (units^2)

microns:   0.200 x 0.200   ( 17.930, -3.450), ( 18.130, -3.250)  0.040     
lambda:    20.00 x 20.00   ( 1793.00, -345.00), ( 1813.00, -325.00)  400.00    
internal:     40 x 40      (  3586, -690  ), (  3626, -650  )  1600      
Root cell box:
           width x height  (   llx,  lly  ), (   urx,  ury  )  area (units^2)

microns:   0.400 x 0.400   ( 17.830, -3.550), ( 18.230, -3.150)  0.160     
lambda:    40.00 x 40.00   ( 1783.00, -355.00), ( 1823.00, -315.00)  1600.00   
internal:     80 x 80      (  3566, -710  ), (  3646, -630  )  6400      
Root cell box:
           width x height  (   llx,  lly  ), (   urx,  ury  )  area (units^2)

microns:   0.200 x 26.550  ( 17.930, -3.450), ( 18.130,  23.100)  5.310     
lambda:    20.00 x 2655.00  ( 1793.00, -345.00), ( 1813.00,  2310.00)  53100.00  
internal:     40 x 5310    (  3586, -690  ), (  3626,  4620 )  212400    
Root cell box:
           width x height  (   llx,  lly  ), (   urx,  ury  )  area (units^2)

microns:   0.400 x 0.400   ( 17.830,  22.800), ( 18.230,  23.200)  0.160     
lambda:    40.00 x 40.00   ( 1783.00,  2280.00), ( 1823.00,  2320.00)  1600.00   
internal:     80 x 80      (  3566,  4560 ), (  3646,  4640 )  6400      
Root cell box:
           width x height  (   llx,  lly  ), (   urx,  ury  )  area (units^2)

microns:   0.200 x 0.200   ( 17.930,  22.900), ( 18.130,  23.100)  0.040     
lambda:    20.00 x 20.00   ( 1793.00,  2290.00), ( 1813.00,  2310.00)  400.00    
internal:     40 x 40      (  3586,  4580 ), (  3626,  4620 )  1600      
Root cell box:
           width x height  (   llx,  lly  ), (   urx,  ury  )  area (units^2)

microns:   0.400 x 0.400   ( 17.830,  22.800), ( 18.230,  23.200)  0.160     
lambda:    40.00 x 40.00   ( 1783.00,  2280.00), ( 1823.00,  2320.00)  1600.00   
internal:     80 x 80      (  3566,  4560 ), (  3646,  4640 )  6400      
Root cell box:
           width x height  (   llx,  lly  ), (   urx,  ury  )  area (units^2)

microns:   0.240 x 0.240   ( 23.520, -6.250), ( 23.760, -6.010)  0.058     
lambda:    24.00 x 24.00   ( 2352.00, -625.00), ( 2376.00, -601.00)  576.00    
internal:     48 x 48      (  4704, -1250 ), (  4752, -1202 )  2304      
Root cell box:
           width x height  (   llx,  lly  ), (   urx,  ury  )  area (units^2)

microns:   0.400 x 0.400   ( 23.440, -6.330), ( 23.840, -5.930)  0.160     
lambda:    40.00 x 40.00   ( 2344.00, -633.00), ( 2384.00, -593.00)  1600.00   
internal:     80 x 80      (  4688, -1266 ), (  4768, -1186 )  6400      
Root cell box:
           width x height  (   llx,  lly  ), (   urx,  ury  )  area (units^2)

microns:   0.200 x 0.200   ( 23.540, -6.230), ( 23.740, -6.030)  0.040     
lambda:    20.00 x 20.00   ( 2354.00, -623.00), ( 2374.00, -603.00)  400.00    
internal:     40 x 40      (  4708, -1246 ), (  4748, -1206 )  1600      
Root cell box:
           width x height  (   llx,  lly  ), (   urx,  ury  )  area (units^2)

microns:   0.400 x 0.400   ( 23.440, -6.330), ( 23.840, -5.930)  0.160     
lambda:    40.00 x 40.00   ( 2344.00, -633.00), ( 2384.00, -593.00)  1600.00   
internal:     80 x 80      (  4688, -1266 ), (  4768, -1186 )  6400      
Root cell box:
           width x height  (   llx,  lly  ), (   urx,  ury  )  area (units^2)

microns:   0.400 x 0.400   ( 23.440, -6.330), ( 23.840, -5.930)  0.160     
lambda:    40.00 x 40.00   ( 2344.00, -633.00), ( 2384.00, -593.00)  1600.00   
internal:     80 x 80      (  4688, -1266 ), (  4768, -1186 )  6400      
Root cell box:
           width x height  (   llx,  lly  ), (   urx,  ury  )  area (units^2)

microns:   0.200 x 0.200   ( 23.540, -6.230), ( 23.740, -6.030)  0.040     
lambda:    20.00 x 20.00   ( 2354.00, -623.00), ( 2374.00, -603.00)  400.00    
internal:     40 x 40      (  4708, -1246 ), (  4748, -1206 )  1600      
Root cell box:
           width x height  (   llx,  lly  ), (   urx,  ury  )  area (units^2)

microns:   0.400 x 0.400   ( 23.440, -6.330), ( 23.840, -5.930)  0.160     
lambda:    40.00 x 40.00   ( 2344.00, -633.00), ( 2384.00, -593.00)  1600.00   
internal:     80 x 80      (  4688, -1266 ), (  4768, -1186 )  6400      
Root cell box:
           width x height  (   llx,  lly  ), (   urx,  ury  )  area (units^2)

microns:   0.400 x 0.400   ( 23.440, -6.330), ( 23.840, -5.930)  0.160     
lambda:    40.00 x 40.00   ( 2344.00, -633.00), ( 2384.00, -593.00)  1600.00   
internal:     80 x 80      (  4688, -1266 ), (  4768, -1186 )  6400      
Root cell box:
           width x height  (   llx,  lly  ), (   urx,  ury  )  area (units^2)

microns:   0.200 x 0.200   ( 23.540, -6.230), ( 23.740, -6.030)  0.040     
lambda:    20.00 x 20.00   ( 2354.00, -623.00), ( 2374.00, -603.00)  400.00    
internal:     40 x 40      (  4708, -1246 ), (  4748, -1206 )  1600      
Root cell box:
           width x height  (   llx,  lly  ), (   urx,  ury  )  area (units^2)

microns:   0.400 x 0.400   ( 23.440, -6.330), ( 23.840, -5.930)  0.160     
lambda:    40.00 x 40.00   ( 2344.00, -633.00), ( 2384.00, -593.00)  1600.00   
internal:     80 x 80      (  4688, -1266 ), (  4768, -1186 )  6400      
Root cell box:
           width x height  (   llx,  lly  ), (   urx,  ury  )  area (units^2)

microns:   3.450 x 0.200   ( 23.540, -6.230), ( 26.990, -6.030)  0.690     
lambda:   345.00 x 20.00   ( 2354.00, -623.00), ( 2699.00, -603.00)  6900.00   
internal:    690 x 40      (  4708, -1246 ), (  5398, -1206 )  27600     
Root cell box:
           width x height  (   llx,  lly  ), (   urx,  ury  )  area (units^2)

microns:   0.400 x 0.400   ( 26.690, -6.330), ( 27.090, -5.930)  0.160     
lambda:    40.00 x 40.00   ( 2669.00, -633.00), ( 2709.00, -593.00)  1600.00   
internal:     80 x 80      (  5338, -1266 ), (  5418, -1186 )  6400      
Root cell box:
           width x height  (   llx,  lly  ), (   urx,  ury  )  area (units^2)

microns:   0.200 x 0.200   ( 26.790, -6.230), ( 26.990, -6.030)  0.040     
lambda:    20.00 x 20.00   ( 2679.00, -623.00), ( 2699.00, -603.00)  400.00    
internal:     40 x 40      (  5358, -1246 ), (  5398, -1206 )  1600      
Root cell box:
           width x height  (   llx,  lly  ), (   urx,  ury  )  area (units^2)

microns:   0.400 x 0.400   ( 26.690, -6.330), ( 27.090, -5.930)  0.160     
lambda:    40.00 x 40.00   ( 2669.00, -633.00), ( 2709.00, -593.00)  1600.00   
internal:     80 x 80      (  5338, -1266 ), (  5418, -1186 )  6400      
Root cell box:
           width x height  (   llx,  lly  ), (   urx,  ury  )  area (units^2)

microns:   0.200 x 29.330  ( 26.790, -6.230), ( 26.990,  23.100)  5.866     
lambda:    20.00 x 2933.00  ( 2679.00, -623.00), ( 2699.00,  2310.00)  58660.00  
internal:     40 x 5866    (  5358, -1246 ), (  5398,  4620 )  234640    
Root cell box:
           width x height  (   llx,  lly  ), (   urx,  ury  )  area (units^2)

microns:   0.400 x 0.400   ( 26.690,  22.800), ( 27.090,  23.200)  0.160     
lambda:    40.00 x 40.00   ( 2669.00,  2280.00), ( 2709.00,  2320.00)  1600.00   
internal:     80 x 80      (  5338,  4560 ), (  5418,  4640 )  6400      
Root cell box:
           width x height  (   llx,  lly  ), (   urx,  ury  )  area (units^2)

microns:   0.200 x 0.200   ( 26.790,  22.900), ( 26.990,  23.100)  0.040     
lambda:    20.00 x 20.00   ( 2679.00,  2290.00), ( 2699.00,  2310.00)  400.00    
internal:     40 x 40      (  5358,  4580 ), (  5398,  4620 )  1600      
Root cell box:
           width x height  (   llx,  lly  ), (   urx,  ury  )  area (units^2)

microns:   0.400 x 0.400   ( 26.690,  22.800), ( 27.090,  23.200)  0.160     
lambda:    40.00 x 40.00   ( 2669.00,  2280.00), ( 2709.00,  2320.00)  1600.00   
internal:     80 x 80      (  5338,  4560 ), (  5418,  4640 )  6400      
Root cell box:
           width x height  (   llx,  lly  ), (   urx,  ury  )  area (units^2)

microns:   0.240 x 0.240   ( 22.830, -6.970), ( 23.070, -6.730)  0.058     
lambda:    24.00 x 24.00   ( 2283.00, -697.00), ( 2307.00, -673.00)  576.00    
internal:     48 x 48      (  4566, -1394 ), (  4614, -1346 )  2304      
Root cell box:
           width x height  (   llx,  lly  ), (   urx,  ury  )  area (units^2)

microns:   0.400 x 0.400   ( 22.750, -7.050), ( 23.150, -6.650)  0.160     
lambda:    40.00 x 40.00   ( 2275.00, -705.00), ( 2315.00, -665.00)  1600.00   
internal:     80 x 80      (  4550, -1410 ), (  4630, -1330 )  6400      
Root cell box:
           width x height  (   llx,  lly  ), (   urx,  ury  )  area (units^2)

microns:   0.200 x 0.200   ( 22.850, -6.950), ( 23.050, -6.750)  0.040     
lambda:    20.00 x 20.00   ( 2285.00, -695.00), ( 2305.00, -675.00)  400.00    
internal:     40 x 40      (  4570, -1390 ), (  4610, -1350 )  1600      
Root cell box:
           width x height  (   llx,  lly  ), (   urx,  ury  )  area (units^2)

microns:   0.400 x 0.400   ( 22.750, -7.050), ( 23.150, -6.650)  0.160     
lambda:    40.00 x 40.00   ( 2275.00, -705.00), ( 2315.00, -665.00)  1600.00   
internal:     80 x 80      (  4550, -1410 ), (  4630, -1330 )  6400      
Root cell box:
           width x height  (   llx,  lly  ), (   urx,  ury  )  area (units^2)

microns:   0.400 x 0.400   ( 22.750, -7.050), ( 23.150, -6.650)  0.160     
lambda:    40.00 x 40.00   ( 2275.00, -705.00), ( 2315.00, -665.00)  1600.00   
internal:     80 x 80      (  4550, -1410 ), (  4630, -1330 )  6400      
Root cell box:
           width x height  (   llx,  lly  ), (   urx,  ury  )  area (units^2)

microns:   0.200 x 0.200   ( 22.850, -6.950), ( 23.050, -6.750)  0.040     
lambda:    20.00 x 20.00   ( 2285.00, -695.00), ( 2305.00, -675.00)  400.00    
internal:     40 x 40      (  4570, -1390 ), (  4610, -1350 )  1600      
Root cell box:
           width x height  (   llx,  lly  ), (   urx,  ury  )  area (units^2)

microns:   0.400 x 0.400   ( 22.750, -7.050), ( 23.150, -6.650)  0.160     
lambda:    40.00 x 40.00   ( 2275.00, -705.00), ( 2315.00, -665.00)  1600.00   
internal:     80 x 80      (  4550, -1410 ), (  4630, -1330 )  6400      
Root cell box:
           width x height  (   llx,  lly  ), (   urx,  ury  )  area (units^2)

microns:   0.400 x 0.400   ( 22.750, -7.050), ( 23.150, -6.650)  0.160     
lambda:    40.00 x 40.00   ( 2275.00, -705.00), ( 2315.00, -665.00)  1600.00   
internal:     80 x 80      (  4550, -1410 ), (  4630, -1330 )  6400      
Root cell box:
           width x height  (   llx,  lly  ), (   urx,  ury  )  area (units^2)

microns:   0.200 x 0.200   ( 22.850, -6.950), ( 23.050, -6.750)  0.040     
lambda:    20.00 x 20.00   ( 2285.00, -695.00), ( 2305.00, -675.00)  400.00    
internal:     40 x 40      (  4570, -1390 ), (  4610, -1350 )  1600      
Root cell box:
           width x height  (   llx,  lly  ), (   urx,  ury  )  area (units^2)

microns:   0.400 x 0.400   ( 22.750, -7.050), ( 23.150, -6.650)  0.160     
lambda:    40.00 x 40.00   ( 2275.00, -705.00), ( 2315.00, -665.00)  1600.00   
internal:     80 x 80      (  4550, -1410 ), (  4630, -1330 )  6400      
Root cell box:
           width x height  (   llx,  lly  ), (   urx,  ury  )  area (units^2)

microns:   4.750 x 0.200   ( 22.850, -6.950), ( 27.600, -6.750)  0.950     
lambda:   475.00 x 20.00   ( 2285.00, -695.00), ( 2760.00, -675.00)  9500.00   
internal:    950 x 40      (  4570, -1390 ), (  5520, -1350 )  38000     
Root cell box:
           width x height  (   llx,  lly  ), (   urx,  ury  )  area (units^2)

microns:   0.400 x 0.400   ( 27.300, -7.050), ( 27.700, -6.650)  0.160     
lambda:    40.00 x 40.00   ( 2730.00, -705.00), ( 2770.00, -665.00)  1600.00   
internal:     80 x 80      (  5460, -1410 ), (  5540, -1330 )  6400      
Root cell box:
           width x height  (   llx,  lly  ), (   urx,  ury  )  area (units^2)

microns:   0.200 x 0.200   ( 27.400, -6.950), ( 27.600, -6.750)  0.040     
lambda:    20.00 x 20.00   ( 2740.00, -695.00), ( 2760.00, -675.00)  400.00    
internal:     40 x 40      (  5480, -1390 ), (  5520, -1350 )  1600      
Root cell box:
           width x height  (   llx,  lly  ), (   urx,  ury  )  area (units^2)

microns:   0.400 x 0.400   ( 27.300, -7.050), ( 27.700, -6.650)  0.160     
lambda:    40.00 x 40.00   ( 2730.00, -705.00), ( 2770.00, -665.00)  1600.00   
internal:     80 x 80      (  5460, -1410 ), (  5540, -1330 )  6400      
Root cell box:
           width x height  (   llx,  lly  ), (   urx,  ury  )  area (units^2)

microns:   0.200 x 30.050  ( 27.400, -6.950), ( 27.600,  23.100)  6.010     
lambda:    20.00 x 3005.00  ( 2740.00, -695.00), ( 2760.00,  2310.00)  60100.00  
internal:     40 x 6010    (  5480, -1390 ), (  5520,  4620 )  240400    
Root cell box:
           width x height  (   llx,  lly  ), (   urx,  ury  )  area (units^2)

microns:   0.400 x 0.400   ( 27.300,  22.800), ( 27.700,  23.200)  0.160     
lambda:    40.00 x 40.00   ( 2730.00,  2280.00), ( 2770.00,  2320.00)  1600.00   
internal:     80 x 80      (  5460,  4560 ), (  5540,  4640 )  6400      
Root cell box:
           width x height  (   llx,  lly  ), (   urx,  ury  )  area (units^2)

microns:   0.200 x 0.200   ( 27.400,  22.900), ( 27.600,  23.100)  0.040     
lambda:    20.00 x 20.00   ( 2740.00,  2290.00), ( 2760.00,  2310.00)  400.00    
internal:     40 x 40      (  5480,  4580 ), (  5520,  4620 )  1600      
Root cell box:
           width x height  (   llx,  lly  ), (   urx,  ury  )  area (units^2)

microns:   0.400 x 0.400   ( 27.300,  22.800), ( 27.700,  23.200)  0.160     
lambda:    40.00 x 40.00   ( 2730.00,  2280.00), ( 2770.00,  2320.00)  1600.00   
internal:     80 x 80      (  5460,  4560 ), (  5540,  4640 )  6400      
Root cell box:
           width x height  (   llx,  lly  ), (   urx,  ury  )  area (units^2)

microns:   9.670 x 0.200   ( 17.930,  22.900), ( 27.600,  23.100)  1.934     
lambda:   967.00 x 20.00   ( 1793.00,  2290.00), ( 2760.00,  2310.00)  19340.00  
internal:   1934 x 40      (  3586,  4580 ), (  5520,  4620 )  77360     
Root cell box:
           width x height  (   llx,  lly  ), (   urx,  ury  )  area (units^2)

microns:   0.240 x 0.240   (-1.620,  1.880), (-1.380,  2.120)  0.058     
lambda:    24.00 x 24.00   (-162.00,  188.00), (-138.00,  212.00)  576.00    
internal:     48 x 48      (  -324,  376  ), (  -276,  424  )  2304      
Root cell box:
           width x height  (   llx,  lly  ), (   urx,  ury  )  area (units^2)

microns:   0.400 x 0.400   (-1.700,  1.800), (-1.300,  2.200)  0.160     
lambda:    40.00 x 40.00   (-170.00,  180.00), (-130.00,  220.00)  1600.00   
internal:     80 x 80      (  -340,  360  ), (  -260,  440  )  6400      
Root cell box:
           width x height  (   llx,  lly  ), (   urx,  ury  )  area (units^2)

microns:   0.200 x 0.200   (-1.600,  1.900), (-1.400,  2.100)  0.040     
lambda:    20.00 x 20.00   (-160.00,  190.00), (-140.00,  210.00)  400.00    
internal:     40 x 40      (  -320,  380  ), (  -280,  420  )  1600      
Root cell box:
           width x height  (   llx,  lly  ), (   urx,  ury  )  area (units^2)

microns:   0.400 x 0.400   (-1.700,  1.800), (-1.300,  2.200)  0.160     
lambda:    40.00 x 40.00   (-170.00,  180.00), (-130.00,  220.00)  1600.00   
internal:     80 x 80      (  -340,  360  ), (  -260,  440  )  6400      
Root cell box:
           width x height  (   llx,  lly  ), (   urx,  ury  )  area (units^2)

microns:   0.400 x 0.400   (-1.700,  1.800), (-1.300,  2.200)  0.160     
lambda:    40.00 x 40.00   (-170.00,  180.00), (-130.00,  220.00)  1600.00   
internal:     80 x 80      (  -340,  360  ), (  -260,  440  )  6400      
Root cell box:
           width x height  (   llx,  lly  ), (   urx,  ury  )  area (units^2)

microns:   0.200 x 0.200   (-1.600,  1.900), (-1.400,  2.100)  0.040     
lambda:    20.00 x 20.00   (-160.00,  190.00), (-140.00,  210.00)  400.00    
internal:     40 x 40      (  -320,  380  ), (  -280,  420  )  1600      
Root cell box:
           width x height  (   llx,  lly  ), (   urx,  ury  )  area (units^2)

microns:   0.400 x 0.400   (-1.700,  1.800), (-1.300,  2.200)  0.160     
lambda:    40.00 x 40.00   (-170.00,  180.00), (-130.00,  220.00)  1600.00   
internal:     80 x 80      (  -340,  360  ), (  -260,  440  )  6400      
Root cell box:
           width x height  (   llx,  lly  ), (   urx,  ury  )  area (units^2)

microns:   0.400 x 0.400   (-1.700,  1.800), (-1.300,  2.200)  0.160     
lambda:    40.00 x 40.00   (-170.00,  180.00), (-130.00,  220.00)  1600.00   
internal:     80 x 80      (  -340,  360  ), (  -260,  440  )  6400      
Root cell box:
           width x height  (   llx,  lly  ), (   urx,  ury  )  area (units^2)

microns:   0.200 x 0.200   (-1.600,  1.900), (-1.400,  2.100)  0.040     
lambda:    20.00 x 20.00   (-160.00,  190.00), (-140.00,  210.00)  400.00    
internal:     40 x 40      (  -320,  380  ), (  -280,  420  )  1600      
Root cell box:
           width x height  (   llx,  lly  ), (   urx,  ury  )  area (units^2)

microns:   0.400 x 0.400   (-1.700,  1.800), (-1.300,  2.200)  0.160     
lambda:    40.00 x 40.00   (-170.00,  180.00), (-130.00,  220.00)  1600.00   
internal:     80 x 80      (  -340,  360  ), (  -260,  440  )  6400      
Root cell box:
           width x height  (   llx,  lly  ), (   urx,  ury  )  area (units^2)

microns:   0.850 x 0.200   (-1.600,  1.900), (-0.750,  2.100)  0.170     
lambda:    85.00 x 20.00   (-160.00,  190.00), (-75.00,  210.00)  1700.00   
internal:    170 x 40      (  -320,  380  ), (  -150,  420  )  6800      
Root cell box:
           width x height  (   llx,  lly  ), (   urx,  ury  )  area (units^2)

microns:   0.400 x 0.400   (-1.050,  1.800), (-0.650,  2.200)  0.160     
lambda:    40.00 x 40.00   (-105.00,  180.00), (-65.00,  220.00)  1600.00   
internal:     80 x 80      (  -210,  360  ), (  -130,  440  )  6400      
Root cell box:
           width x height  (   llx,  lly  ), (   urx,  ury  )  area (units^2)

microns:   0.200 x 0.200   (-0.950,  1.900), (-0.750,  2.100)  0.040     
lambda:    20.00 x 20.00   (-95.00,  190.00), (-75.00,  210.00)  400.00    
internal:     40 x 40      (  -190,  380  ), (  -150,  420  )  1600      
Root cell box:
           width x height  (   llx,  lly  ), (   urx,  ury  )  area (units^2)

microns:   0.400 x 0.400   (-1.050,  1.800), (-0.650,  2.200)  0.160     
lambda:    40.00 x 40.00   (-105.00,  180.00), (-65.00,  220.00)  1600.00   
internal:     80 x 80      (  -210,  360  ), (  -130,  440  )  6400      
Root cell box:
           width x height  (   llx,  lly  ), (   urx,  ury  )  area (units^2)

microns:   0.200 x 22.200  (-0.950,  1.900), (-0.750,  24.100)  4.440     
lambda:    20.00 x 2220.00  (-95.00,  190.00), (-75.00,  2410.00)  44400.00  
internal:     40 x 4440    (  -190,  380  ), (  -150,  4820 )  177600    
Root cell box:
           width x height  (   llx,  lly  ), (   urx,  ury  )  area (units^2)

microns:   0.400 x 0.400   (-1.050,  23.800), (-0.650,  24.200)  0.160     
lambda:    40.00 x 40.00   (-105.00,  2380.00), (-65.00,  2420.00)  1600.00   
internal:     80 x 80      (  -210,  4760 ), (  -130,  4840 )  6400      
Root cell box:
           width x height  (   llx,  lly  ), (   urx,  ury  )  area (units^2)

microns:   0.200 x 0.200   (-0.950,  23.900), (-0.750,  24.100)  0.040     
lambda:    20.00 x 20.00   (-95.00,  2390.00), (-75.00,  2410.00)  400.00    
internal:     40 x 40      (  -190,  4780 ), (  -150,  4820 )  1600      
Root cell box:
           width x height  (   llx,  lly  ), (   urx,  ury  )  area (units^2)

microns:   0.400 x 0.400   (-1.050,  23.800), (-0.650,  24.200)  0.160     
lambda:    40.00 x 40.00   (-105.00,  2380.00), (-65.00,  2420.00)  1600.00   
internal:     80 x 80      (  -210,  4760 ), (  -130,  4840 )  6400      
Root cell box:
           width x height  (   llx,  lly  ), (   urx,  ury  )  area (units^2)

microns:   0.240 x 0.240   ( 6.840,  1.840), ( 7.080,  2.080)  0.058     
lambda:    24.00 x 24.00   ( 684.00,  184.00), ( 708.00,  208.00)  576.00    
internal:     48 x 48      (  1368,  368  ), (  1416,  416  )  2304      
Root cell box:
           width x height  (   llx,  lly  ), (   urx,  ury  )  area (units^2)

microns:   0.400 x 0.400   ( 6.760,  1.760), ( 7.160,  2.160)  0.160     
lambda:    40.00 x 40.00   ( 676.00,  176.00), ( 716.00,  216.00)  1600.00   
internal:     80 x 80      (  1352,  352  ), (  1432,  432  )  6400      
Root cell box:
           width x height  (   llx,  lly  ), (   urx,  ury  )  area (units^2)

microns:   0.200 x 0.200   ( 6.860,  1.860), ( 7.060,  2.060)  0.040     
lambda:    20.00 x 20.00   ( 686.00,  186.00), ( 706.00,  206.00)  400.00    
internal:     40 x 40      (  1372,  372  ), (  1412,  412  )  1600      
Root cell box:
           width x height  (   llx,  lly  ), (   urx,  ury  )  area (units^2)

microns:   0.400 x 0.400   ( 6.760,  1.760), ( 7.160,  2.160)  0.160     
lambda:    40.00 x 40.00   ( 676.00,  176.00), ( 716.00,  216.00)  1600.00   
internal:     80 x 80      (  1352,  352  ), (  1432,  432  )  6400      
Root cell box:
           width x height  (   llx,  lly  ), (   urx,  ury  )  area (units^2)

microns:   0.400 x 0.400   ( 6.760,  1.760), ( 7.160,  2.160)  0.160     
lambda:    40.00 x 40.00   ( 676.00,  176.00), ( 716.00,  216.00)  1600.00   
internal:     80 x 80      (  1352,  352  ), (  1432,  432  )  6400      
Root cell box:
           width x height  (   llx,  lly  ), (   urx,  ury  )  area (units^2)

microns:   0.200 x 0.200   ( 6.860,  1.860), ( 7.060,  2.060)  0.040     
lambda:    20.00 x 20.00   ( 686.00,  186.00), ( 706.00,  206.00)  400.00    
internal:     40 x 40      (  1372,  372  ), (  1412,  412  )  1600      
Root cell box:
           width x height  (   llx,  lly  ), (   urx,  ury  )  area (units^2)

microns:   0.400 x 0.400   ( 6.760,  1.760), ( 7.160,  2.160)  0.160     
lambda:    40.00 x 40.00   ( 676.00,  176.00), ( 716.00,  216.00)  1600.00   
internal:     80 x 80      (  1352,  352  ), (  1432,  432  )  6400      
Root cell box:
           width x height  (   llx,  lly  ), (   urx,  ury  )  area (units^2)

microns:   0.400 x 0.400   ( 6.760,  1.760), ( 7.160,  2.160)  0.160     
lambda:    40.00 x 40.00   ( 676.00,  176.00), ( 716.00,  216.00)  1600.00   
internal:     80 x 80      (  1352,  352  ), (  1432,  432  )  6400      
Root cell box:
           width x height  (   llx,  lly  ), (   urx,  ury  )  area (units^2)

microns:   0.200 x 0.200   ( 6.860,  1.860), ( 7.060,  2.060)  0.040     
lambda:    20.00 x 20.00   ( 686.00,  186.00), ( 706.00,  206.00)  400.00    
internal:     40 x 40      (  1372,  372  ), (  1412,  412  )  1600      
Root cell box:
           width x height  (   llx,  lly  ), (   urx,  ury  )  area (units^2)

microns:   0.400 x 0.400   ( 6.760,  1.760), ( 7.160,  2.160)  0.160     
lambda:    40.00 x 40.00   ( 676.00,  176.00), ( 716.00,  216.00)  1600.00   
internal:     80 x 80      (  1352,  352  ), (  1432,  432  )  6400      
Root cell box:
           width x height  (   llx,  lly  ), (   urx,  ury  )  area (units^2)

microns:   0.850 x 0.200   ( 6.860,  1.860), ( 7.710,  2.060)  0.170     
lambda:    85.00 x 20.00   ( 686.00,  186.00), ( 771.00,  206.00)  1700.00   
internal:    170 x 40      (  1372,  372  ), (  1542,  412  )  6800      
Root cell box:
           width x height  (   llx,  lly  ), (   urx,  ury  )  area (units^2)

microns:   0.400 x 0.400   ( 7.410,  1.760), ( 7.810,  2.160)  0.160     
lambda:    40.00 x 40.00   ( 741.00,  176.00), ( 781.00,  216.00)  1600.00   
internal:     80 x 80      (  1482,  352  ), (  1562,  432  )  6400      
Root cell box:
           width x height  (   llx,  lly  ), (   urx,  ury  )  area (units^2)

microns:   0.200 x 0.200   ( 7.510,  1.860), ( 7.710,  2.060)  0.040     
lambda:    20.00 x 20.00   ( 751.00,  186.00), ( 771.00,  206.00)  400.00    
internal:     40 x 40      (  1502,  372  ), (  1542,  412  )  1600      
Root cell box:
           width x height  (   llx,  lly  ), (   urx,  ury  )  area (units^2)

microns:   0.400 x 0.400   ( 7.410,  1.760), ( 7.810,  2.160)  0.160     
lambda:    40.00 x 40.00   ( 741.00,  176.00), ( 781.00,  216.00)  1600.00   
internal:     80 x 80      (  1482,  352  ), (  1562,  432  )  6400      
Root cell box:
           width x height  (   llx,  lly  ), (   urx,  ury  )  area (units^2)

microns:   0.200 x 22.240  ( 7.510,  1.860), ( 7.710,  24.100)  4.448     
lambda:    20.00 x 2224.00  ( 751.00,  186.00), ( 771.00,  2410.00)  44480.00  
internal:     40 x 4448    (  1502,  372  ), (  1542,  4820 )  177920    
Root cell box:
           width x height  (   llx,  lly  ), (   urx,  ury  )  area (units^2)

microns:   0.400 x 0.400   ( 7.410,  23.800), ( 7.810,  24.200)  0.160     
lambda:    40.00 x 40.00   ( 741.00,  2380.00), ( 781.00,  2420.00)  1600.00   
internal:     80 x 80      (  1482,  4760 ), (  1562,  4840 )  6400      
Root cell box:
           width x height  (   llx,  lly  ), (   urx,  ury  )  area (units^2)

microns:   0.200 x 0.200   ( 7.510,  23.900), ( 7.710,  24.100)  0.040     
lambda:    20.00 x 20.00   ( 751.00,  2390.00), ( 771.00,  2410.00)  400.00    
internal:     40 x 40      (  1502,  4780 ), (  1542,  4820 )  1600      
Root cell box:
           width x height  (   llx,  lly  ), (   urx,  ury  )  area (units^2)

microns:   0.400 x 0.400   ( 7.410,  23.800), ( 7.810,  24.200)  0.160     
lambda:    40.00 x 40.00   ( 741.00,  2380.00), ( 781.00,  2420.00)  1600.00   
internal:     80 x 80      (  1482,  4760 ), (  1562,  4840 )  6400      
Root cell box:
           width x height  (   llx,  lly  ), (   urx,  ury  )  area (units^2)

microns:   8.660 x 0.200   (-0.950,  23.900), ( 7.710,  24.100)  1.732     
lambda:   866.00 x 20.00   (-95.00,  2390.00), ( 771.00,  2410.00)  17320.00  
internal:   1732 x 40      (  -190,  4780 ), (  1542,  4820 )  69280     
Root cell box:
           width x height  (   llx,  lly  ), (   urx,  ury  )  area (units^2)

microns:   0.240 x 0.240   ( 36.380,  22.880), ( 36.620,  23.120)  0.058     
lambda:    24.00 x 24.00   ( 3638.00,  2288.00), ( 3662.00,  2312.00)  576.00    
internal:     48 x 48      (  7276,  4576 ), (  7324,  4624 )  2304      
Root cell box:
           width x height  (   llx,  lly  ), (   urx,  ury  )  area (units^2)

microns:   0.400 x 0.400   ( 36.300,  22.800), ( 36.700,  23.200)  0.160     
lambda:    40.00 x 40.00   ( 3630.00,  2280.00), ( 3670.00,  2320.00)  1600.00   
internal:     80 x 80      (  7260,  4560 ), (  7340,  4640 )  6400      
Root cell box:
           width x height  (   llx,  lly  ), (   urx,  ury  )  area (units^2)

microns:   0.200 x 0.200   ( 36.400,  22.900), ( 36.600,  23.100)  0.040     
lambda:    20.00 x 20.00   ( 3640.00,  2290.00), ( 3660.00,  2310.00)  400.00    
internal:     40 x 40      (  7280,  4580 ), (  7320,  4620 )  1600      
Root cell box:
           width x height  (   llx,  lly  ), (   urx,  ury  )  area (units^2)

microns:   0.400 x 0.400   ( 36.300,  22.800), ( 36.700,  23.200)  0.160     
lambda:    40.00 x 40.00   ( 3630.00,  2280.00), ( 3670.00,  2320.00)  1600.00   
internal:     80 x 80      (  7260,  4560 ), (  7340,  4640 )  6400      
Root cell box:
           width x height  (   llx,  lly  ), (   urx,  ury  )  area (units^2)

microns:   0.400 x 0.400   ( 36.300,  22.800), ( 36.700,  23.200)  0.160     
lambda:    40.00 x 40.00   ( 3630.00,  2280.00), ( 3670.00,  2320.00)  1600.00   
internal:     80 x 80      (  7260,  4560 ), (  7340,  4640 )  6400      
Root cell box:
           width x height  (   llx,  lly  ), (   urx,  ury  )  area (units^2)

microns:   0.200 x 0.200   ( 36.400,  22.900), ( 36.600,  23.100)  0.040     
lambda:    20.00 x 20.00   ( 3640.00,  2290.00), ( 3660.00,  2310.00)  400.00    
internal:     40 x 40      (  7280,  4580 ), (  7320,  4620 )  1600      
Root cell box:
           width x height  (   llx,  lly  ), (   urx,  ury  )  area (units^2)

microns:   0.400 x 0.400   ( 36.300,  22.800), ( 36.700,  23.200)  0.160     
lambda:    40.00 x 40.00   ( 3630.00,  2280.00), ( 3670.00,  2320.00)  1600.00   
internal:     80 x 80      (  7260,  4560 ), (  7340,  4640 )  6400      
Root cell box:
           width x height  (   llx,  lly  ), (   urx,  ury  )  area (units^2)

microns:   0.400 x 0.400   ( 36.300,  22.800), ( 36.700,  23.200)  0.160     
lambda:    40.00 x 40.00   ( 3630.00,  2280.00), ( 3670.00,  2320.00)  1600.00   
internal:     80 x 80      (  7260,  4560 ), (  7340,  4640 )  6400      
Root cell box:
           width x height  (   llx,  lly  ), (   urx,  ury  )  area (units^2)

microns:   0.200 x 0.200   ( 36.400,  22.900), ( 36.600,  23.100)  0.040     
lambda:    20.00 x 20.00   ( 3640.00,  2290.00), ( 3660.00,  2310.00)  400.00    
internal:     40 x 40      (  7280,  4580 ), (  7320,  4620 )  1600      
Root cell box:
           width x height  (   llx,  lly  ), (   urx,  ury  )  area (units^2)

microns:   0.400 x 0.400   ( 36.300,  22.800), ( 36.700,  23.200)  0.160     
lambda:    40.00 x 40.00   ( 3630.00,  2280.00), ( 3670.00,  2320.00)  1600.00   
internal:     80 x 80      (  7260,  4560 ), (  7340,  4640 )  6400      
Root cell box:
           width x height  (   llx,  lly  ), (   urx,  ury  )  area (units^2)

microns:   0.400 x 0.400   ( 36.300,  22.800), ( 36.700,  23.200)  0.160     
lambda:    40.00 x 40.00   ( 3630.00,  2280.00), ( 3670.00,  2320.00)  1600.00   
internal:     80 x 80      (  7260,  4560 ), (  7340,  4640 )  6400      
Root cell box:
           width x height  (   llx,  lly  ), (   urx,  ury  )  area (units^2)

microns:   0.200 x 0.200   ( 36.400,  22.900), ( 36.600,  23.100)  0.040     
lambda:    20.00 x 20.00   ( 3640.00,  2290.00), ( 3660.00,  2310.00)  400.00    
internal:     40 x 40      (  7280,  4580 ), (  7320,  4620 )  1600      
Root cell box:
           width x height  (   llx,  lly  ), (   urx,  ury  )  area (units^2)

microns:   0.400 x 0.400   ( 36.300,  22.800), ( 36.700,  23.200)  0.160     
lambda:    40.00 x 40.00   ( 3630.00,  2280.00), ( 3670.00,  2320.00)  1600.00   
internal:     80 x 80      (  7260,  4560 ), (  7340,  4640 )  6400      
Root cell box:
           width x height  (   llx,  lly  ), (   urx,  ury  )  area (units^2)

microns:   0.200 x 2.200   ( 36.400,  22.900), ( 36.600,  25.100)  0.440     
lambda:    20.00 x 220.00  ( 3640.00,  2290.00), ( 3660.00,  2510.00)  4400.00   
internal:     40 x 440     (  7280,  4580 ), (  7320,  5020 )  17600     
Root cell box:
           width x height  (   llx,  lly  ), (   urx,  ury  )  area (units^2)

microns:   0.400 x 0.400   ( 36.300,  24.800), ( 36.700,  25.200)  0.160     
lambda:    40.00 x 40.00   ( 3630.00,  2480.00), ( 3670.00,  2520.00)  1600.00   
internal:     80 x 80      (  7260,  4960 ), (  7340,  5040 )  6400      
Root cell box:
           width x height  (   llx,  lly  ), (   urx,  ury  )  area (units^2)

microns:   0.200 x 0.200   ( 36.400,  24.900), ( 36.600,  25.100)  0.040     
lambda:    20.00 x 20.00   ( 3640.00,  2490.00), ( 3660.00,  2510.00)  400.00    
internal:     40 x 40      (  7280,  4980 ), (  7320,  5020 )  1600      
Root cell box:
           width x height  (   llx,  lly  ), (   urx,  ury  )  area (units^2)

microns:   0.400 x 0.400   ( 36.300,  24.800), ( 36.700,  25.200)  0.160     
lambda:    40.00 x 40.00   ( 3630.00,  2480.00), ( 3670.00,  2520.00)  1600.00   
internal:     80 x 80      (  7260,  4960 ), (  7340,  5040 )  6400      
Root cell box:
           width x height  (   llx,  lly  ), (   urx,  ury  )  area (units^2)

microns:   0.240 x 0.240   ( 48.870, -4.310), ( 49.110, -4.070)  0.058     
lambda:    24.00 x 24.00   ( 4887.00, -431.00), ( 4911.00, -407.00)  576.00    
internal:     48 x 48      (  9774, -862  ), (  9822, -814  )  2304      
Root cell box:
           width x height  (   llx,  lly  ), (   urx,  ury  )  area (units^2)

microns:   0.400 x 0.400   ( 48.790, -4.390), ( 49.190, -3.990)  0.160     
lambda:    40.00 x 40.00   ( 4879.00, -439.00), ( 4919.00, -399.00)  1600.00   
internal:     80 x 80      (  9758, -878  ), (  9838, -798  )  6400      
Root cell box:
           width x height  (   llx,  lly  ), (   urx,  ury  )  area (units^2)

microns:   0.200 x 0.200   ( 48.890, -4.290), ( 49.090, -4.090)  0.040     
lambda:    20.00 x 20.00   ( 4889.00, -429.00), ( 4909.00, -409.00)  400.00    
internal:     40 x 40      (  9778, -858  ), (  9818, -818  )  1600      
Root cell box:
           width x height  (   llx,  lly  ), (   urx,  ury  )  area (units^2)

microns:   0.400 x 0.400   ( 48.790, -4.390), ( 49.190, -3.990)  0.160     
lambda:    40.00 x 40.00   ( 4879.00, -439.00), ( 4919.00, -399.00)  1600.00   
internal:     80 x 80      (  9758, -878  ), (  9838, -798  )  6400      
Root cell box:
           width x height  (   llx,  lly  ), (   urx,  ury  )  area (units^2)

microns:   0.400 x 0.400   ( 48.790, -4.390), ( 49.190, -3.990)  0.160     
lambda:    40.00 x 40.00   ( 4879.00, -439.00), ( 4919.00, -399.00)  1600.00   
internal:     80 x 80      (  9758, -878  ), (  9838, -798  )  6400      
Root cell box:
           width x height  (   llx,  lly  ), (   urx,  ury  )  area (units^2)

microns:   0.200 x 0.200   ( 48.890, -4.290), ( 49.090, -4.090)  0.040     
lambda:    20.00 x 20.00   ( 4889.00, -429.00), ( 4909.00, -409.00)  400.00    
internal:     40 x 40      (  9778, -858  ), (  9818, -818  )  1600      
Root cell box:
           width x height  (   llx,  lly  ), (   urx,  ury  )  area (units^2)

microns:   0.400 x 0.400   ( 48.790, -4.390), ( 49.190, -3.990)  0.160     
lambda:    40.00 x 40.00   ( 4879.00, -439.00), ( 4919.00, -399.00)  1600.00   
internal:     80 x 80      (  9758, -878  ), (  9838, -798  )  6400      
Root cell box:
           width x height  (   llx,  lly  ), (   urx,  ury  )  area (units^2)

microns:   0.400 x 0.400   ( 48.790, -4.390), ( 49.190, -3.990)  0.160     
lambda:    40.00 x 40.00   ( 4879.00, -439.00), ( 4919.00, -399.00)  1600.00   
internal:     80 x 80      (  9758, -878  ), (  9838, -798  )  6400      
Root cell box:
           width x height  (   llx,  lly  ), (   urx,  ury  )  area (units^2)

microns:   0.200 x 0.200   ( 48.890, -4.290), ( 49.090, -4.090)  0.040     
lambda:    20.00 x 20.00   ( 4889.00, -429.00), ( 4909.00, -409.00)  400.00    
internal:     40 x 40      (  9778, -858  ), (  9818, -818  )  1600      
Root cell box:
           width x height  (   llx,  lly  ), (   urx,  ury  )  area (units^2)

microns:   0.400 x 0.400   ( 48.790, -4.390), ( 49.190, -3.990)  0.160     
lambda:    40.00 x 40.00   ( 4879.00, -439.00), ( 4919.00, -399.00)  1600.00   
internal:     80 x 80      (  9758, -878  ), (  9838, -798  )  6400      
Root cell box:
           width x height  (   llx,  lly  ), (   urx,  ury  )  area (units^2)

microns:   0.400 x 0.400   ( 48.790, -4.390), ( 49.190, -3.990)  0.160     
lambda:    40.00 x 40.00   ( 4879.00, -439.00), ( 4919.00, -399.00)  1600.00   
internal:     80 x 80      (  9758, -878  ), (  9838, -798  )  6400      
Root cell box:
           width x height  (   llx,  lly  ), (   urx,  ury  )  area (units^2)

microns:   0.200 x 0.200   ( 48.890, -4.290), ( 49.090, -4.090)  0.040     
lambda:    20.00 x 20.00   ( 4889.00, -429.00), ( 4909.00, -409.00)  400.00    
internal:     40 x 40      (  9778, -858  ), (  9818, -818  )  1600      
Root cell box:
           width x height  (   llx,  lly  ), (   urx,  ury  )  area (units^2)

microns:   0.400 x 0.400   ( 48.790, -4.390), ( 49.190, -3.990)  0.160     
lambda:    40.00 x 40.00   ( 4879.00, -439.00), ( 4919.00, -399.00)  1600.00   
internal:     80 x 80      (  9758, -878  ), (  9838, -798  )  6400      
Root cell box:
           width x height  (   llx,  lly  ), (   urx,  ury  )  area (units^2)

microns:   0.200 x 29.390  ( 48.890, -4.290), ( 49.090,  25.100)  5.878     
lambda:    20.00 x 2939.00  ( 4889.00, -429.00), ( 4909.00,  2510.00)  58780.00  
internal:     40 x 5878    (  9778, -858  ), (  9818,  5020 )  235120    
Root cell box:
           width x height  (   llx,  lly  ), (   urx,  ury  )  area (units^2)

microns:   0.400 x 0.400   ( 48.790,  24.800), ( 49.190,  25.200)  0.160     
lambda:    40.00 x 40.00   ( 4879.00,  2480.00), ( 4919.00,  2520.00)  1600.00   
internal:     80 x 80      (  9758,  4960 ), (  9838,  5040 )  6400      
Root cell box:
           width x height  (   llx,  lly  ), (   urx,  ury  )  area (units^2)

microns:   0.200 x 0.200   ( 48.890,  24.900), ( 49.090,  25.100)  0.040     
lambda:    20.00 x 20.00   ( 4889.00,  2490.00), ( 4909.00,  2510.00)  400.00    
internal:     40 x 40      (  9778,  4980 ), (  9818,  5020 )  1600      
Root cell box:
           width x height  (   llx,  lly  ), (   urx,  ury  )  area (units^2)

microns:   0.400 x 0.400   ( 48.790,  24.800), ( 49.190,  25.200)  0.160     
lambda:    40.00 x 40.00   ( 4879.00,  2480.00), ( 4919.00,  2520.00)  1600.00   
internal:     80 x 80      (  9758,  4960 ), (  9838,  5040 )  6400      
Root cell box:
           width x height  (   llx,  lly  ), (   urx,  ury  )  area (units^2)

microns:   1.000 x 1.000   ( 52.210, -12.820), ( 53.210, -11.820)  1.000     
lambda:   100.00 x 100.00  ( 5221.00, -1282.00), ( 5321.00, -1182.00)  10000.00  
internal:    200 x 200     ( 10442, -2564 ), ( 10642, -2364 )  40000     
Root cell box:
           width x height  (   llx,  lly  ), (   urx,  ury  )  area (units^2)

microns:   0.400 x 0.400   ( 52.510, -12.520), ( 52.910, -12.120)  0.160     
lambda:    40.00 x 40.00   ( 5251.00, -1252.00), ( 5291.00, -1212.00)  1600.00   
internal:     80 x 80      ( 10502, -2504 ), ( 10582, -2424 )  6400      
Root cell box:
           width x height  (   llx,  lly  ), (   urx,  ury  )  area (units^2)

microns:   0.200 x 0.200   ( 52.610, -12.420), ( 52.810, -12.220)  0.040     
lambda:    20.00 x 20.00   ( 5261.00, -1242.00), ( 5281.00, -1222.00)  400.00    
internal:     40 x 40      ( 10522, -2484 ), ( 10562, -2444 )  1600      
Root cell box:
           width x height  (   llx,  lly  ), (   urx,  ury  )  area (units^2)

microns:   0.400 x 0.400   ( 52.510, -12.520), ( 52.910, -12.120)  0.160     
lambda:    40.00 x 40.00   ( 5251.00, -1252.00), ( 5291.00, -1212.00)  1600.00   
internal:     80 x 80      ( 10502, -2504 ), ( 10582, -2424 )  6400      
Root cell box:
           width x height  (   llx,  lly  ), (   urx,  ury  )  area (units^2)

microns:   0.400 x 0.400   ( 52.510, -12.520), ( 52.910, -12.120)  0.160     
lambda:    40.00 x 40.00   ( 5251.00, -1252.00), ( 5291.00, -1212.00)  1600.00   
internal:     80 x 80      ( 10502, -2504 ), ( 10582, -2424 )  6400      
Root cell box:
           width x height  (   llx,  lly  ), (   urx,  ury  )  area (units^2)

microns:   0.200 x 0.200   ( 52.610, -12.420), ( 52.810, -12.220)  0.040     
lambda:    20.00 x 20.00   ( 5261.00, -1242.00), ( 5281.00, -1222.00)  400.00    
internal:     40 x 40      ( 10522, -2484 ), ( 10562, -2444 )  1600      
Root cell box:
           width x height  (   llx,  lly  ), (   urx,  ury  )  area (units^2)

microns:   0.400 x 0.400   ( 52.510, -12.520), ( 52.910, -12.120)  0.160     
lambda:    40.00 x 40.00   ( 5251.00, -1252.00), ( 5291.00, -1212.00)  1600.00   
internal:     80 x 80      ( 10502, -2504 ), ( 10582, -2424 )  6400      
Root cell box:
           width x height  (   llx,  lly  ), (   urx,  ury  )  area (units^2)

microns:   0.400 x 0.400   ( 52.510, -12.520), ( 52.910, -12.120)  0.160     
lambda:    40.00 x 40.00   ( 5251.00, -1252.00), ( 5291.00, -1212.00)  1600.00   
internal:     80 x 80      ( 10502, -2504 ), ( 10582, -2424 )  6400      
Root cell box:
           width x height  (   llx,  lly  ), (   urx,  ury  )  area (units^2)

microns:   0.200 x 0.200   ( 52.610, -12.420), ( 52.810, -12.220)  0.040     
lambda:    20.00 x 20.00   ( 5261.00, -1242.00), ( 5281.00, -1222.00)  400.00    
internal:     40 x 40      ( 10522, -2484 ), ( 10562, -2444 )  1600      
Root cell box:
           width x height  (   llx,  lly  ), (   urx,  ury  )  area (units^2)

microns:   0.400 x 0.400   ( 52.510, -12.520), ( 52.910, -12.120)  0.160     
lambda:    40.00 x 40.00   ( 5251.00, -1252.00), ( 5291.00, -1212.00)  1600.00   
internal:     80 x 80      ( 10502, -2504 ), ( 10582, -2424 )  6400      
Root cell box:
           width x height  (   llx,  lly  ), (   urx,  ury  )  area (units^2)

microns:   0.400 x 0.400   ( 52.510, -12.520), ( 52.910, -12.120)  0.160     
lambda:    40.00 x 40.00   ( 5251.00, -1252.00), ( 5291.00, -1212.00)  1600.00   
internal:     80 x 80      ( 10502, -2504 ), ( 10582, -2424 )  6400      
Root cell box:
           width x height  (   llx,  lly  ), (   urx,  ury  )  area (units^2)

microns:   0.200 x 0.200   ( 52.610, -12.420), ( 52.810, -12.220)  0.040     
lambda:    20.00 x 20.00   ( 5261.00, -1242.00), ( 5281.00, -1222.00)  400.00    
internal:     40 x 40      ( 10522, -2484 ), ( 10562, -2444 )  1600      
Root cell box:
           width x height  (   llx,  lly  ), (   urx,  ury  )  area (units^2)

microns:   0.400 x 0.400   ( 52.510, -12.520), ( 52.910, -12.120)  0.160     
lambda:    40.00 x 40.00   ( 5251.00, -1252.00), ( 5291.00, -1212.00)  1600.00   
internal:     80 x 80      ( 10502, -2504 ), ( 10582, -2424 )  6400      
Root cell box:
           width x height  (   llx,  lly  ), (   urx,  ury  )  area (units^2)

microns:   0.200 x 37.520  ( 52.610, -12.420), ( 52.810,  25.100)  7.504     
lambda:    20.00 x 3752.00  ( 5261.00, -1242.00), ( 5281.00,  2510.00)  75040.00  
internal:     40 x 7504    ( 10522, -2484 ), ( 10562,  5020 )  300160    
Root cell box:
           width x height  (   llx,  lly  ), (   urx,  ury  )  area (units^2)

microns:   0.400 x 0.400   ( 52.510,  24.800), ( 52.910,  25.200)  0.160     
lambda:    40.00 x 40.00   ( 5251.00,  2480.00), ( 5291.00,  2520.00)  1600.00   
internal:     80 x 80      ( 10502,  4960 ), ( 10582,  5040 )  6400      
Root cell box:
           width x height  (   llx,  lly  ), (   urx,  ury  )  area (units^2)

microns:   0.200 x 0.200   ( 52.610,  24.900), ( 52.810,  25.100)  0.040     
lambda:    20.00 x 20.00   ( 5261.00,  2490.00), ( 5281.00,  2510.00)  400.00    
internal:     40 x 40      ( 10522,  4980 ), ( 10562,  5020 )  1600      
Root cell box:
           width x height  (   llx,  lly  ), (   urx,  ury  )  area (units^2)

microns:   0.400 x 0.400   ( 52.510,  24.800), ( 52.910,  25.200)  0.160     
lambda:    40.00 x 40.00   ( 5251.00,  2480.00), ( 5291.00,  2520.00)  1600.00   
internal:     80 x 80      ( 10502,  4960 ), ( 10582,  5040 )  6400      
Root cell box:
           width x height  (   llx,  lly  ), (   urx,  ury  )  area (units^2)

microns:   0.240 x 0.240   ( 64.805, -14.900), ( 65.045, -14.660)  0.058     
lambda:    24.00 x 24.00   ( 6480.50, -1490.00), ( 6504.50, -1466.00)  576.00    
internal:     48 x 48      ( 12961, -2980 ), ( 13009, -2932 )  2304      
Root cell box:
           width x height  (   llx,  lly  ), (   urx,  ury  )  area (units^2)

microns:   0.400 x 0.400   ( 64.725, -14.980), ( 65.125, -14.580)  0.160     
lambda:    40.00 x 40.00   ( 6472.50, -1498.00), ( 6512.50, -1458.00)  1600.00   
internal:     80 x 80      ( 12945, -2996 ), ( 13025, -2916 )  6400      
Root cell box:
           width x height  (   llx,  lly  ), (   urx,  ury  )  area (units^2)

microns:   0.200 x 0.200   ( 64.825, -14.880), ( 65.025, -14.680)  0.040     
lambda:    20.00 x 20.00   ( 6482.50, -1488.00), ( 6502.50, -1468.00)  400.00    
internal:     40 x 40      ( 12965, -2976 ), ( 13005, -2936 )  1600      
Root cell box:
           width x height  (   llx,  lly  ), (   urx,  ury  )  area (units^2)

microns:   0.400 x 0.400   ( 64.725, -14.980), ( 65.125, -14.580)  0.160     
lambda:    40.00 x 40.00   ( 6472.50, -1498.00), ( 6512.50, -1458.00)  1600.00   
internal:     80 x 80      ( 12945, -2996 ), ( 13025, -2916 )  6400      
Root cell box:
           width x height  (   llx,  lly  ), (   urx,  ury  )  area (units^2)

microns:   0.400 x 0.400   ( 64.725, -14.980), ( 65.125, -14.580)  0.160     
lambda:    40.00 x 40.00   ( 6472.50, -1498.00), ( 6512.50, -1458.00)  1600.00   
internal:     80 x 80      ( 12945, -2996 ), ( 13025, -2916 )  6400      
Root cell box:
           width x height  (   llx,  lly  ), (   urx,  ury  )  area (units^2)

microns:   0.200 x 0.200   ( 64.825, -14.880), ( 65.025, -14.680)  0.040     
lambda:    20.00 x 20.00   ( 6482.50, -1488.00), ( 6502.50, -1468.00)  400.00    
internal:     40 x 40      ( 12965, -2976 ), ( 13005, -2936 )  1600      
Root cell box:
           width x height  (   llx,  lly  ), (   urx,  ury  )  area (units^2)

microns:   0.400 x 0.400   ( 64.725, -14.980), ( 65.125, -14.580)  0.160     
lambda:    40.00 x 40.00   ( 6472.50, -1498.00), ( 6512.50, -1458.00)  1600.00   
internal:     80 x 80      ( 12945, -2996 ), ( 13025, -2916 )  6400      
Root cell box:
           width x height  (   llx,  lly  ), (   urx,  ury  )  area (units^2)

microns:   0.400 x 0.400   ( 64.725, -14.980), ( 65.125, -14.580)  0.160     
lambda:    40.00 x 40.00   ( 6472.50, -1498.00), ( 6512.50, -1458.00)  1600.00   
internal:     80 x 80      ( 12945, -2996 ), ( 13025, -2916 )  6400      
Root cell box:
           width x height  (   llx,  lly  ), (   urx,  ury  )  area (units^2)

microns:   0.200 x 0.200   ( 64.825, -14.880), ( 65.025, -14.680)  0.040     
lambda:    20.00 x 20.00   ( 6482.50, -1488.00), ( 6502.50, -1468.00)  400.00    
internal:     40 x 40      ( 12965, -2976 ), ( 13005, -2936 )  1600      
Root cell box:
           width x height  (   llx,  lly  ), (   urx,  ury  )  area (units^2)

microns:   0.400 x 0.400   ( 64.725, -14.980), ( 65.125, -14.580)  0.160     
lambda:    40.00 x 40.00   ( 6472.50, -1498.00), ( 6512.50, -1458.00)  1600.00   
internal:     80 x 80      ( 12945, -2996 ), ( 13025, -2916 )  6400      
Root cell box:
           width x height  (   llx,  lly  ), (   urx,  ury  )  area (units^2)

microns:   0.400 x 0.400   ( 64.725, -14.980), ( 65.125, -14.580)  0.160     
lambda:    40.00 x 40.00   ( 6472.50, -1498.00), ( 6512.50, -1458.00)  1600.00   
internal:     80 x 80      ( 12945, -2996 ), ( 13025, -2916 )  6400      
Root cell box:
           width x height  (   llx,  lly  ), (   urx,  ury  )  area (units^2)

microns:   0.200 x 0.200   ( 64.825, -14.880), ( 65.025, -14.680)  0.040     
lambda:    20.00 x 20.00   ( 6482.50, -1488.00), ( 6502.50, -1468.00)  400.00    
internal:     40 x 40      ( 12965, -2976 ), ( 13005, -2936 )  1600      
Root cell box:
           width x height  (   llx,  lly  ), (   urx,  ury  )  area (units^2)

microns:   0.400 x 0.400   ( 64.725, -14.980), ( 65.125, -14.580)  0.160     
lambda:    40.00 x 40.00   ( 6472.50, -1498.00), ( 6512.50, -1458.00)  1600.00   
internal:     80 x 80      ( 12945, -2996 ), ( 13025, -2916 )  6400      
Root cell box:
           width x height  (   llx,  lly  ), (   urx,  ury  )  area (units^2)

microns:   0.200 x 39.980  ( 64.825, -14.880), ( 65.025,  25.100)  7.996     
lambda:    20.00 x 3998.00  ( 6482.50, -1488.00), ( 6502.50,  2510.00)  79960.00  
internal:     40 x 7996    ( 12965, -2976 ), ( 13005,  5020 )  319840    
Root cell box:
           width x height  (   llx,  lly  ), (   urx,  ury  )  area (units^2)

microns:   0.400 x 0.400   ( 64.725,  24.800), ( 65.125,  25.200)  0.160     
lambda:    40.00 x 40.00   ( 6472.50,  2480.00), ( 6512.50,  2520.00)  1600.00   
internal:     80 x 80      ( 12945,  4960 ), ( 13025,  5040 )  6400      
Root cell box:
           width x height  (   llx,  lly  ), (   urx,  ury  )  area (units^2)

microns:   0.200 x 0.200   ( 64.825,  24.900), ( 65.025,  25.100)  0.040     
lambda:    20.00 x 20.00   ( 6482.50,  2490.00), ( 6502.50,  2510.00)  400.00    
internal:     40 x 40      ( 12965,  4980 ), ( 13005,  5020 )  1600      
Root cell box:
           width x height  (   llx,  lly  ), (   urx,  ury  )  area (units^2)

microns:   0.400 x 0.400   ( 64.725,  24.800), ( 65.125,  25.200)  0.160     
lambda:    40.00 x 40.00   ( 6472.50,  2480.00), ( 6512.50,  2520.00)  1600.00   
internal:     80 x 80      ( 12945,  4960 ), ( 13025,  5040 )  6400      
Root cell box:
           width x height  (   llx,  lly  ), (   urx,  ury  )  area (units^2)

microns:   0.240 x 0.240   ( 68.245, -15.120), ( 68.485, -14.880)  0.058     
lambda:    24.00 x 24.00   ( 6824.50, -1512.00), ( 6848.50, -1488.00)  576.00    
internal:     48 x 48      ( 13649, -3024 ), ( 13697, -2976 )  2304      
Root cell box:
           width x height  (   llx,  lly  ), (   urx,  ury  )  area (units^2)

microns:   0.400 x 0.400   ( 68.165, -15.200), ( 68.565, -14.800)  0.160     
lambda:    40.00 x 40.00   ( 6816.50, -1520.00), ( 6856.50, -1480.00)  1600.00   
internal:     80 x 80      ( 13633, -3040 ), ( 13713, -2960 )  6400      
Root cell box:
           width x height  (   llx,  lly  ), (   urx,  ury  )  area (units^2)

microns:   0.200 x 0.200   ( 68.265, -15.100), ( 68.465, -14.900)  0.040     
lambda:    20.00 x 20.00   ( 6826.50, -1510.00), ( 6846.50, -1490.00)  400.00    
internal:     40 x 40      ( 13653, -3020 ), ( 13693, -2980 )  1600      
Root cell box:
           width x height  (   llx,  lly  ), (   urx,  ury  )  area (units^2)

microns:   0.400 x 0.400   ( 68.165, -15.200), ( 68.565, -14.800)  0.160     
lambda:    40.00 x 40.00   ( 6816.50, -1520.00), ( 6856.50, -1480.00)  1600.00   
internal:     80 x 80      ( 13633, -3040 ), ( 13713, -2960 )  6400      
Root cell box:
           width x height  (   llx,  lly  ), (   urx,  ury  )  area (units^2)

microns:   0.400 x 0.400   ( 68.165, -15.200), ( 68.565, -14.800)  0.160     
lambda:    40.00 x 40.00   ( 6816.50, -1520.00), ( 6856.50, -1480.00)  1600.00   
internal:     80 x 80      ( 13633, -3040 ), ( 13713, -2960 )  6400      
Root cell box:
           width x height  (   llx,  lly  ), (   urx,  ury  )  area (units^2)

microns:   0.200 x 0.200   ( 68.265, -15.100), ( 68.465, -14.900)  0.040     
lambda:    20.00 x 20.00   ( 6826.50, -1510.00), ( 6846.50, -1490.00)  400.00    
internal:     40 x 40      ( 13653, -3020 ), ( 13693, -2980 )  1600      
Root cell box:
           width x height  (   llx,  lly  ), (   urx,  ury  )  area (units^2)

microns:   0.400 x 0.400   ( 68.165, -15.200), ( 68.565, -14.800)  0.160     
lambda:    40.00 x 40.00   ( 6816.50, -1520.00), ( 6856.50, -1480.00)  1600.00   
internal:     80 x 80      ( 13633, -3040 ), ( 13713, -2960 )  6400      
Root cell box:
           width x height  (   llx,  lly  ), (   urx,  ury  )  area (units^2)

microns:   0.400 x 0.400   ( 68.165, -15.200), ( 68.565, -14.800)  0.160     
lambda:    40.00 x 40.00   ( 6816.50, -1520.00), ( 6856.50, -1480.00)  1600.00   
internal:     80 x 80      ( 13633, -3040 ), ( 13713, -2960 )  6400      
Root cell box:
           width x height  (   llx,  lly  ), (   urx,  ury  )  area (units^2)

microns:   0.200 x 0.200   ( 68.265, -15.100), ( 68.465, -14.900)  0.040     
lambda:    20.00 x 20.00   ( 6826.50, -1510.00), ( 6846.50, -1490.00)  400.00    
internal:     40 x 40      ( 13653, -3020 ), ( 13693, -2980 )  1600      
Root cell box:
           width x height  (   llx,  lly  ), (   urx,  ury  )  area (units^2)

microns:   0.400 x 0.400   ( 68.165, -15.200), ( 68.565, -14.800)  0.160     
lambda:    40.00 x 40.00   ( 6816.50, -1520.00), ( 6856.50, -1480.00)  1600.00   
internal:     80 x 80      ( 13633, -3040 ), ( 13713, -2960 )  6400      
Root cell box:
           width x height  (   llx,  lly  ), (   urx,  ury  )  area (units^2)

microns:   0.400 x 0.400   ( 68.165, -15.200), ( 68.565, -14.800)  0.160     
lambda:    40.00 x 40.00   ( 6816.50, -1520.00), ( 6856.50, -1480.00)  1600.00   
internal:     80 x 80      ( 13633, -3040 ), ( 13713, -2960 )  6400      
Root cell box:
           width x height  (   llx,  lly  ), (   urx,  ury  )  area (units^2)

microns:   0.200 x 0.200   ( 68.265, -15.100), ( 68.465, -14.900)  0.040     
lambda:    20.00 x 20.00   ( 6826.50, -1510.00), ( 6846.50, -1490.00)  400.00    
internal:     40 x 40      ( 13653, -3020 ), ( 13693, -2980 )  1600      
Root cell box:
           width x height  (   llx,  lly  ), (   urx,  ury  )  area (units^2)

microns:   0.400 x 0.400   ( 68.165, -15.200), ( 68.565, -14.800)  0.160     
lambda:    40.00 x 40.00   ( 6816.50, -1520.00), ( 6856.50, -1480.00)  1600.00   
internal:     80 x 80      ( 13633, -3040 ), ( 13713, -2960 )  6400      
Root cell box:
           width x height  (   llx,  lly  ), (   urx,  ury  )  area (units^2)

microns:   0.200 x 40.200  ( 68.265, -15.100), ( 68.465,  25.100)  8.040     
lambda:    20.00 x 4020.00  ( 6826.50, -1510.00), ( 6846.50,  2510.00)  80400.00  
internal:     40 x 8040    ( 13653, -3020 ), ( 13693,  5020 )  321600    
Root cell box:
           width x height  (   llx,  lly  ), (   urx,  ury  )  area (units^2)

microns:   0.400 x 0.400   ( 68.165,  24.800), ( 68.565,  25.200)  0.160     
lambda:    40.00 x 40.00   ( 6816.50,  2480.00), ( 6856.50,  2520.00)  1600.00   
internal:     80 x 80      ( 13633,  4960 ), ( 13713,  5040 )  6400      
Root cell box:
           width x height  (   llx,  lly  ), (   urx,  ury  )  area (units^2)

microns:   0.200 x 0.200   ( 68.265,  24.900), ( 68.465,  25.100)  0.040     
lambda:    20.00 x 20.00   ( 6826.50,  2490.00), ( 6846.50,  2510.00)  400.00    
internal:     40 x 40      ( 13653,  4980 ), ( 13693,  5020 )  1600      
Root cell box:
           width x height  (   llx,  lly  ), (   urx,  ury  )  area (units^2)

microns:   0.400 x 0.400   ( 68.165,  24.800), ( 68.565,  25.200)  0.160     
lambda:    40.00 x 40.00   ( 6816.50,  2480.00), ( 6856.50,  2520.00)  1600.00   
internal:     80 x 80      ( 13633,  4960 ), ( 13713,  5040 )  6400      
Root cell box:
           width x height  (   llx,  lly  ), (   urx,  ury  )  area (units^2)

microns:   0.240 x 0.240   ( 62.115, -14.870), ( 62.355, -14.630)  0.058     
lambda:    24.00 x 24.00   ( 6211.50, -1487.00), ( 6235.50, -1463.00)  576.00    
internal:     48 x 48      ( 12423, -2974 ), ( 12471, -2926 )  2304      
Root cell box:
           width x height  (   llx,  lly  ), (   urx,  ury  )  area (units^2)

microns:   0.400 x 0.400   ( 62.035, -14.950), ( 62.435, -14.550)  0.160     
lambda:    40.00 x 40.00   ( 6203.50, -1495.00), ( 6243.50, -1455.00)  1600.00   
internal:     80 x 80      ( 12407, -2990 ), ( 12487, -2910 )  6400      
Root cell box:
           width x height  (   llx,  lly  ), (   urx,  ury  )  area (units^2)

microns:   0.200 x 0.200   ( 62.135, -14.850), ( 62.335, -14.650)  0.040     
lambda:    20.00 x 20.00   ( 6213.50, -1485.00), ( 6233.50, -1465.00)  400.00    
internal:     40 x 40      ( 12427, -2970 ), ( 12467, -2930 )  1600      
Root cell box:
           width x height  (   llx,  lly  ), (   urx,  ury  )  area (units^2)

microns:   0.400 x 0.400   ( 62.035, -14.950), ( 62.435, -14.550)  0.160     
lambda:    40.00 x 40.00   ( 6203.50, -1495.00), ( 6243.50, -1455.00)  1600.00   
internal:     80 x 80      ( 12407, -2990 ), ( 12487, -2910 )  6400      
Root cell box:
           width x height  (   llx,  lly  ), (   urx,  ury  )  area (units^2)

microns:   0.400 x 0.400   ( 62.035, -14.950), ( 62.435, -14.550)  0.160     
lambda:    40.00 x 40.00   ( 6203.50, -1495.00), ( 6243.50, -1455.00)  1600.00   
internal:     80 x 80      ( 12407, -2990 ), ( 12487, -2910 )  6400      
Root cell box:
           width x height  (   llx,  lly  ), (   urx,  ury  )  area (units^2)

microns:   0.200 x 0.200   ( 62.135, -14.850), ( 62.335, -14.650)  0.040     
lambda:    20.00 x 20.00   ( 6213.50, -1485.00), ( 6233.50, -1465.00)  400.00    
internal:     40 x 40      ( 12427, -2970 ), ( 12467, -2930 )  1600      
Root cell box:
           width x height  (   llx,  lly  ), (   urx,  ury  )  area (units^2)

microns:   0.400 x 0.400   ( 62.035, -14.950), ( 62.435, -14.550)  0.160     
lambda:    40.00 x 40.00   ( 6203.50, -1495.00), ( 6243.50, -1455.00)  1600.00   
internal:     80 x 80      ( 12407, -2990 ), ( 12487, -2910 )  6400      
Root cell box:
           width x height  (   llx,  lly  ), (   urx,  ury  )  area (units^2)

microns:   0.400 x 0.400   ( 62.035, -14.950), ( 62.435, -14.550)  0.160     
lambda:    40.00 x 40.00   ( 6203.50, -1495.00), ( 6243.50, -1455.00)  1600.00   
internal:     80 x 80      ( 12407, -2990 ), ( 12487, -2910 )  6400      
Root cell box:
           width x height  (   llx,  lly  ), (   urx,  ury  )  area (units^2)

microns:   0.200 x 0.200   ( 62.135, -14.850), ( 62.335, -14.650)  0.040     
lambda:    20.00 x 20.00   ( 6213.50, -1485.00), ( 6233.50, -1465.00)  400.00    
internal:     40 x 40      ( 12427, -2970 ), ( 12467, -2930 )  1600      
Root cell box:
           width x height  (   llx,  lly  ), (   urx,  ury  )  area (units^2)

microns:   0.400 x 0.400   ( 62.035, -14.950), ( 62.435, -14.550)  0.160     
lambda:    40.00 x 40.00   ( 6203.50, -1495.00), ( 6243.50, -1455.00)  1600.00   
internal:     80 x 80      ( 12407, -2990 ), ( 12487, -2910 )  6400      
Root cell box:
           width x height  (   llx,  lly  ), (   urx,  ury  )  area (units^2)

microns:   0.400 x 0.400   ( 62.035, -14.950), ( 62.435, -14.550)  0.160     
lambda:    40.00 x 40.00   ( 6203.50, -1495.00), ( 6243.50, -1455.00)  1600.00   
internal:     80 x 80      ( 12407, -2990 ), ( 12487, -2910 )  6400      
Root cell box:
           width x height  (   llx,  lly  ), (   urx,  ury  )  area (units^2)

microns:   0.200 x 0.200   ( 62.135, -14.850), ( 62.335, -14.650)  0.040     
lambda:    20.00 x 20.00   ( 6213.50, -1485.00), ( 6233.50, -1465.00)  400.00    
internal:     40 x 40      ( 12427, -2970 ), ( 12467, -2930 )  1600      
Root cell box:
           width x height  (   llx,  lly  ), (   urx,  ury  )  area (units^2)

microns:   0.400 x 0.400   ( 62.035, -14.950), ( 62.435, -14.550)  0.160     
lambda:    40.00 x 40.00   ( 6203.50, -1495.00), ( 6243.50, -1455.00)  1600.00   
internal:     80 x 80      ( 12407, -2990 ), ( 12487, -2910 )  6400      
Root cell box:
           width x height  (   llx,  lly  ), (   urx,  ury  )  area (units^2)

microns:   0.200 x 39.950  ( 62.135, -14.850), ( 62.335,  25.100)  7.990     
lambda:    20.00 x 3995.00  ( 6213.50, -1485.00), ( 6233.50,  2510.00)  79900.00  
internal:     40 x 7990    ( 12427, -2970 ), ( 12467,  5020 )  319600    
Root cell box:
           width x height  (   llx,  lly  ), (   urx,  ury  )  area (units^2)

microns:   0.400 x 0.400   ( 62.035,  24.800), ( 62.435,  25.200)  0.160     
lambda:    40.00 x 40.00   ( 6203.50,  2480.00), ( 6243.50,  2520.00)  1600.00   
internal:     80 x 80      ( 12407,  4960 ), ( 12487,  5040 )  6400      
Root cell box:
           width x height  (   llx,  lly  ), (   urx,  ury  )  area (units^2)

microns:   0.200 x 0.200   ( 62.135,  24.900), ( 62.335,  25.100)  0.040     
lambda:    20.00 x 20.00   ( 6213.50,  2490.00), ( 6233.50,  2510.00)  400.00    
internal:     40 x 40      ( 12427,  4980 ), ( 12467,  5020 )  1600      
Root cell box:
           width x height  (   llx,  lly  ), (   urx,  ury  )  area (units^2)

microns:   0.400 x 0.400   ( 62.035,  24.800), ( 62.435,  25.200)  0.160     
lambda:    40.00 x 40.00   ( 6203.50,  2480.00), ( 6243.50,  2520.00)  1600.00   
internal:     80 x 80      ( 12407,  4960 ), ( 12487,  5040 )  6400      
Root cell box:
           width x height  (   llx,  lly  ), (   urx,  ury  )  area (units^2)

microns:   0.240 x 0.240   ( 59.315, -12.920), ( 59.555, -12.680)  0.058     
lambda:    24.00 x 24.00   ( 5931.50, -1292.00), ( 5955.50, -1268.00)  576.00    
internal:     48 x 48      ( 11863, -2584 ), ( 11911, -2536 )  2304      
Root cell box:
           width x height  (   llx,  lly  ), (   urx,  ury  )  area (units^2)

microns:   0.400 x 0.400   ( 59.235, -13.000), ( 59.635, -12.600)  0.160     
lambda:    40.00 x 40.00   ( 5923.50, -1300.00), ( 5963.50, -1260.00)  1600.00   
internal:     80 x 80      ( 11847, -2600 ), ( 11927, -2520 )  6400      
Root cell box:
           width x height  (   llx,  lly  ), (   urx,  ury  )  area (units^2)

microns:   0.200 x 0.200   ( 59.335, -12.900), ( 59.535, -12.700)  0.040     
lambda:    20.00 x 20.00   ( 5933.50, -1290.00), ( 5953.50, -1270.00)  400.00    
internal:     40 x 40      ( 11867, -2580 ), ( 11907, -2540 )  1600      
Root cell box:
           width x height  (   llx,  lly  ), (   urx,  ury  )  area (units^2)

microns:   0.400 x 0.400   ( 59.235, -13.000), ( 59.635, -12.600)  0.160     
lambda:    40.00 x 40.00   ( 5923.50, -1300.00), ( 5963.50, -1260.00)  1600.00   
internal:     80 x 80      ( 11847, -2600 ), ( 11927, -2520 )  6400      
Root cell box:
           width x height  (   llx,  lly  ), (   urx,  ury  )  area (units^2)

microns:   0.400 x 0.400   ( 59.235, -13.000), ( 59.635, -12.600)  0.160     
lambda:    40.00 x 40.00   ( 5923.50, -1300.00), ( 5963.50, -1260.00)  1600.00   
internal:     80 x 80      ( 11847, -2600 ), ( 11927, -2520 )  6400      
Root cell box:
           width x height  (   llx,  lly  ), (   urx,  ury  )  area (units^2)

microns:   0.200 x 0.200   ( 59.335, -12.900), ( 59.535, -12.700)  0.040     
lambda:    20.00 x 20.00   ( 5933.50, -1290.00), ( 5953.50, -1270.00)  400.00    
internal:     40 x 40      ( 11867, -2580 ), ( 11907, -2540 )  1600      
Root cell box:
           width x height  (   llx,  lly  ), (   urx,  ury  )  area (units^2)

microns:   0.400 x 0.400   ( 59.235, -13.000), ( 59.635, -12.600)  0.160     
lambda:    40.00 x 40.00   ( 5923.50, -1300.00), ( 5963.50, -1260.00)  1600.00   
internal:     80 x 80      ( 11847, -2600 ), ( 11927, -2520 )  6400      
Root cell box:
           width x height  (   llx,  lly  ), (   urx,  ury  )  area (units^2)

microns:   0.400 x 0.400   ( 59.235, -13.000), ( 59.635, -12.600)  0.160     
lambda:    40.00 x 40.00   ( 5923.50, -1300.00), ( 5963.50, -1260.00)  1600.00   
internal:     80 x 80      ( 11847, -2600 ), ( 11927, -2520 )  6400      
Root cell box:
           width x height  (   llx,  lly  ), (   urx,  ury  )  area (units^2)

microns:   0.200 x 0.200   ( 59.335, -12.900), ( 59.535, -12.700)  0.040     
lambda:    20.00 x 20.00   ( 5933.50, -1290.00), ( 5953.50, -1270.00)  400.00    
internal:     40 x 40      ( 11867, -2580 ), ( 11907, -2540 )  1600      
Root cell box:
           width x height  (   llx,  lly  ), (   urx,  ury  )  area (units^2)

microns:   0.400 x 0.400   ( 59.235, -13.000), ( 59.635, -12.600)  0.160     
lambda:    40.00 x 40.00   ( 5923.50, -1300.00), ( 5963.50, -1260.00)  1600.00   
internal:     80 x 80      ( 11847, -2600 ), ( 11927, -2520 )  6400      
Root cell box:
           width x height  (   llx,  lly  ), (   urx,  ury  )  area (units^2)

microns:   0.400 x 0.400   ( 59.235, -13.000), ( 59.635, -12.600)  0.160     
lambda:    40.00 x 40.00   ( 5923.50, -1300.00), ( 5963.50, -1260.00)  1600.00   
internal:     80 x 80      ( 11847, -2600 ), ( 11927, -2520 )  6400      
Root cell box:
           width x height  (   llx,  lly  ), (   urx,  ury  )  area (units^2)

microns:   0.200 x 0.200   ( 59.335, -12.900), ( 59.535, -12.700)  0.040     
lambda:    20.00 x 20.00   ( 5933.50, -1290.00), ( 5953.50, -1270.00)  400.00    
internal:     40 x 40      ( 11867, -2580 ), ( 11907, -2540 )  1600      
Root cell box:
           width x height  (   llx,  lly  ), (   urx,  ury  )  area (units^2)

microns:   0.400 x 0.400   ( 59.235, -13.000), ( 59.635, -12.600)  0.160     
lambda:    40.00 x 40.00   ( 5923.50, -1300.00), ( 5963.50, -1260.00)  1600.00   
internal:     80 x 80      ( 11847, -2600 ), ( 11927, -2520 )  6400      
Root cell box:
           width x height  (   llx,  lly  ), (   urx,  ury  )  area (units^2)

microns:   0.200 x 38.000  ( 59.335, -12.900), ( 59.535,  25.100)  7.600     
lambda:    20.00 x 3800.00  ( 5933.50, -1290.00), ( 5953.50,  2510.00)  76000.00  
internal:     40 x 7600    ( 11867, -2580 ), ( 11907,  5020 )  304000    
Root cell box:
           width x height  (   llx,  lly  ), (   urx,  ury  )  area (units^2)

microns:   0.400 x 0.400   ( 59.235,  24.800), ( 59.635,  25.200)  0.160     
lambda:    40.00 x 40.00   ( 5923.50,  2480.00), ( 5963.50,  2520.00)  1600.00   
internal:     80 x 80      ( 11847,  4960 ), ( 11927,  5040 )  6400      
Root cell box:
           width x height  (   llx,  lly  ), (   urx,  ury  )  area (units^2)

microns:   0.200 x 0.200   ( 59.335,  24.900), ( 59.535,  25.100)  0.040     
lambda:    20.00 x 20.00   ( 5933.50,  2490.00), ( 5953.50,  2510.00)  400.00    
internal:     40 x 40      ( 11867,  4980 ), ( 11907,  5020 )  1600      
Root cell box:
           width x height  (   llx,  lly  ), (   urx,  ury  )  area (units^2)

microns:   0.400 x 0.400   ( 59.235,  24.800), ( 59.635,  25.200)  0.160     
lambda:    40.00 x 40.00   ( 5923.50,  2480.00), ( 5963.50,  2520.00)  1600.00   
internal:     80 x 80      ( 11847,  4960 ), ( 11927,  5040 )  6400      
Root cell box:
           width x height  (   llx,  lly  ), (   urx,  ury  )  area (units^2)

microns:  32.065 x 0.200   ( 36.400,  24.900), ( 68.465,  25.100)  6.413     
lambda:   3206.50 x 20.00   ( 3640.00,  2490.00), ( 6846.50,  2510.00)  64130.00  
internal:   6413 x 40      (  7280,  4980 ), ( 13693,  5020 )  256520    
Root cell box:
           width x height  (   llx,  lly  ), (   urx,  ury  )  area (units^2)

microns:   0.240 x 0.240   ( 62.530, -12.680), ( 62.770, -12.440)  0.058     
lambda:    24.00 x 24.00   ( 6253.00, -1268.00), ( 6277.00, -1244.00)  576.00    
internal:     48 x 48      ( 12506, -2536 ), ( 12554, -2488 )  2304      
Root cell box:
           width x height  (   llx,  lly  ), (   urx,  ury  )  area (units^2)

microns:   0.400 x 0.400   ( 62.450, -12.760), ( 62.850, -12.360)  0.160     
lambda:    40.00 x 40.00   ( 6245.00, -1276.00), ( 6285.00, -1236.00)  1600.00   
internal:     80 x 80      ( 12490, -2552 ), ( 12570, -2472 )  6400      
Root cell box:
           width x height  (   llx,  lly  ), (   urx,  ury  )  area (units^2)

microns:   0.200 x 0.200   ( 62.550, -12.660), ( 62.750, -12.460)  0.040     
lambda:    20.00 x 20.00   ( 6255.00, -1266.00), ( 6275.00, -1246.00)  400.00    
internal:     40 x 40      ( 12510, -2532 ), ( 12550, -2492 )  1600      
Root cell box:
           width x height  (   llx,  lly  ), (   urx,  ury  )  area (units^2)

microns:   0.400 x 0.400   ( 62.450, -12.760), ( 62.850, -12.360)  0.160     
lambda:    40.00 x 40.00   ( 6245.00, -1276.00), ( 6285.00, -1236.00)  1600.00   
internal:     80 x 80      ( 12490, -2552 ), ( 12570, -2472 )  6400      
Root cell box:
           width x height  (   llx,  lly  ), (   urx,  ury  )  area (units^2)

microns:   0.400 x 0.400   ( 62.450, -12.760), ( 62.850, -12.360)  0.160     
lambda:    40.00 x 40.00   ( 6245.00, -1276.00), ( 6285.00, -1236.00)  1600.00   
internal:     80 x 80      ( 12490, -2552 ), ( 12570, -2472 )  6400      
Root cell box:
           width x height  (   llx,  lly  ), (   urx,  ury  )  area (units^2)

microns:   0.200 x 0.200   ( 62.550, -12.660), ( 62.750, -12.460)  0.040     
lambda:    20.00 x 20.00   ( 6255.00, -1266.00), ( 6275.00, -1246.00)  400.00    
internal:     40 x 40      ( 12510, -2532 ), ( 12550, -2492 )  1600      
Root cell box:
           width x height  (   llx,  lly  ), (   urx,  ury  )  area (units^2)

microns:   0.400 x 0.400   ( 62.450, -12.760), ( 62.850, -12.360)  0.160     
lambda:    40.00 x 40.00   ( 6245.00, -1276.00), ( 6285.00, -1236.00)  1600.00   
internal:     80 x 80      ( 12490, -2552 ), ( 12570, -2472 )  6400      
Root cell box:
           width x height  (   llx,  lly  ), (   urx,  ury  )  area (units^2)

microns:   0.400 x 0.400   ( 62.450, -12.760), ( 62.850, -12.360)  0.160     
lambda:    40.00 x 40.00   ( 6245.00, -1276.00), ( 6285.00, -1236.00)  1600.00   
internal:     80 x 80      ( 12490, -2552 ), ( 12570, -2472 )  6400      
Root cell box:
           width x height  (   llx,  lly  ), (   urx,  ury  )  area (units^2)

microns:   0.200 x 0.200   ( 62.550, -12.660), ( 62.750, -12.460)  0.040     
lambda:    20.00 x 20.00   ( 6255.00, -1266.00), ( 6275.00, -1246.00)  400.00    
internal:     40 x 40      ( 12510, -2532 ), ( 12550, -2492 )  1600      
Root cell box:
           width x height  (   llx,  lly  ), (   urx,  ury  )  area (units^2)

microns:   0.400 x 0.400   ( 62.450, -12.760), ( 62.850, -12.360)  0.160     
lambda:    40.00 x 40.00   ( 6245.00, -1276.00), ( 6285.00, -1236.00)  1600.00   
internal:     80 x 80      ( 12490, -2552 ), ( 12570, -2472 )  6400      
Root cell box:
           width x height  (   llx,  lly  ), (   urx,  ury  )  area (units^2)

microns:   0.850 x 0.200   ( 62.550, -12.660), ( 63.400, -12.460)  0.170     
lambda:    85.00 x 20.00   ( 6255.00, -1266.00), ( 6340.00, -1246.00)  1700.00   
internal:    170 x 40      ( 12510, -2532 ), ( 12680, -2492 )  6800      
Root cell box:
           width x height  (   llx,  lly  ), (   urx,  ury  )  area (units^2)

microns:   0.400 x 0.400   ( 63.100, -12.760), ( 63.500, -12.360)  0.160     
lambda:    40.00 x 40.00   ( 6310.00, -1276.00), ( 6350.00, -1236.00)  1600.00   
internal:     80 x 80      ( 12620, -2552 ), ( 12700, -2472 )  6400      
Root cell box:
           width x height  (   llx,  lly  ), (   urx,  ury  )  area (units^2)

microns:   0.200 x 0.200   ( 63.200, -12.660), ( 63.400, -12.460)  0.040     
lambda:    20.00 x 20.00   ( 6320.00, -1266.00), ( 6340.00, -1246.00)  400.00    
internal:     40 x 40      ( 12640, -2532 ), ( 12680, -2492 )  1600      
Root cell box:
           width x height  (   llx,  lly  ), (   urx,  ury  )  area (units^2)

microns:   0.400 x 0.400   ( 63.100, -12.760), ( 63.500, -12.360)  0.160     
lambda:    40.00 x 40.00   ( 6310.00, -1276.00), ( 6350.00, -1236.00)  1600.00   
internal:     80 x 80      ( 12620, -2552 ), ( 12700, -2472 )  6400      
Root cell box:
           width x height  (   llx,  lly  ), (   urx,  ury  )  area (units^2)

microns:   0.200 x 8.640   ( 63.200, -21.100), ( 63.400, -12.460)  1.728     
lambda:    20.00 x 864.00  ( 6320.00, -2110.00), ( 6340.00, -1246.00)  17280.00  
internal:     40 x 1728    ( 12640, -4220 ), ( 12680, -2492 )  69120     
Root cell box:
           width x height  (   llx,  lly  ), (   urx,  ury  )  area (units^2)

microns:   0.400 x 0.400   ( 63.100, -21.200), ( 63.500, -20.800)  0.160     
lambda:    40.00 x 40.00   ( 6310.00, -2120.00), ( 6350.00, -2080.00)  1600.00   
internal:     80 x 80      ( 12620, -4240 ), ( 12700, -4160 )  6400      
Root cell box:
           width x height  (   llx,  lly  ), (   urx,  ury  )  area (units^2)

microns:   0.200 x 0.200   ( 63.200, -21.100), ( 63.400, -20.900)  0.040     
lambda:    20.00 x 20.00   ( 6320.00, -2110.00), ( 6340.00, -2090.00)  400.00    
internal:     40 x 40      ( 12640, -4220 ), ( 12680, -4180 )  1600      
Root cell box:
           width x height  (   llx,  lly  ), (   urx,  ury  )  area (units^2)

microns:   0.400 x 0.400   ( 63.100, -21.200), ( 63.500, -20.800)  0.160     
lambda:    40.00 x 40.00   ( 6310.00, -2120.00), ( 6350.00, -2080.00)  1600.00   
internal:     80 x 80      ( 12620, -4240 ), ( 12700, -4160 )  6400      
Root cell box:
           width x height  (   llx,  lly  ), (   urx,  ury  )  area (units^2)

microns:   0.240 x 0.240   ( 61.800, -15.460), ( 62.040, -15.220)  0.058     
lambda:    24.00 x 24.00   ( 6180.00, -1546.00), ( 6204.00, -1522.00)  576.00    
internal:     48 x 48      ( 12360, -3092 ), ( 12408, -3044 )  2304      
Root cell box:
           width x height  (   llx,  lly  ), (   urx,  ury  )  area (units^2)

microns:   0.400 x 0.400   ( 61.720, -15.540), ( 62.120, -15.140)  0.160     
lambda:    40.00 x 40.00   ( 6172.00, -1554.00), ( 6212.00, -1514.00)  1600.00   
internal:     80 x 80      ( 12344, -3108 ), ( 12424, -3028 )  6400      
Root cell box:
           width x height  (   llx,  lly  ), (   urx,  ury  )  area (units^2)

microns:   0.200 x 0.200   ( 61.820, -15.440), ( 62.020, -15.240)  0.040     
lambda:    20.00 x 20.00   ( 6182.00, -1544.00), ( 6202.00, -1524.00)  400.00    
internal:     40 x 40      ( 12364, -3088 ), ( 12404, -3048 )  1600      
Root cell box:
           width x height  (   llx,  lly  ), (   urx,  ury  )  area (units^2)

microns:   0.400 x 0.400   ( 61.720, -15.540), ( 62.120, -15.140)  0.160     
lambda:    40.00 x 40.00   ( 6172.00, -1554.00), ( 6212.00, -1514.00)  1600.00   
internal:     80 x 80      ( 12344, -3108 ), ( 12424, -3028 )  6400      
Root cell box:
           width x height  (   llx,  lly  ), (   urx,  ury  )  area (units^2)

microns:   0.400 x 0.400   ( 61.720, -15.540), ( 62.120, -15.140)  0.160     
lambda:    40.00 x 40.00   ( 6172.00, -1554.00), ( 6212.00, -1514.00)  1600.00   
internal:     80 x 80      ( 12344, -3108 ), ( 12424, -3028 )  6400      
Root cell box:
           width x height  (   llx,  lly  ), (   urx,  ury  )  area (units^2)

microns:   0.200 x 0.200   ( 61.820, -15.440), ( 62.020, -15.240)  0.040     
lambda:    20.00 x 20.00   ( 6182.00, -1544.00), ( 6202.00, -1524.00)  400.00    
internal:     40 x 40      ( 12364, -3088 ), ( 12404, -3048 )  1600      
Root cell box:
           width x height  (   llx,  lly  ), (   urx,  ury  )  area (units^2)

microns:   0.400 x 0.400   ( 61.720, -15.540), ( 62.120, -15.140)  0.160     
lambda:    40.00 x 40.00   ( 6172.00, -1554.00), ( 6212.00, -1514.00)  1600.00   
internal:     80 x 80      ( 12344, -3108 ), ( 12424, -3028 )  6400      
Root cell box:
           width x height  (   llx,  lly  ), (   urx,  ury  )  area (units^2)

microns:   0.400 x 0.400   ( 61.720, -15.540), ( 62.120, -15.140)  0.160     
lambda:    40.00 x 40.00   ( 6172.00, -1554.00), ( 6212.00, -1514.00)  1600.00   
internal:     80 x 80      ( 12344, -3108 ), ( 12424, -3028 )  6400      
Root cell box:
           width x height  (   llx,  lly  ), (   urx,  ury  )  area (units^2)

microns:   0.200 x 0.200   ( 61.820, -15.440), ( 62.020, -15.240)  0.040     
lambda:    20.00 x 20.00   ( 6182.00, -1544.00), ( 6202.00, -1524.00)  400.00    
internal:     40 x 40      ( 12364, -3088 ), ( 12404, -3048 )  1600      
Root cell box:
           width x height  (   llx,  lly  ), (   urx,  ury  )  area (units^2)

microns:   0.400 x 0.400   ( 61.720, -15.540), ( 62.120, -15.140)  0.160     
lambda:    40.00 x 40.00   ( 6172.00, -1554.00), ( 6212.00, -1514.00)  1600.00   
internal:     80 x 80      ( 12344, -3108 ), ( 12424, -3028 )  6400      
Root cell box:
           width x height  (   llx,  lly  ), (   urx,  ury  )  area (units^2)

microns:   0.200 x 0.550   ( 61.820, -15.790), ( 62.020, -15.240)  0.110     
lambda:    20.00 x 55.00   ( 6182.00, -1579.00), ( 6202.00, -1524.00)  1100.00   
internal:     40 x 110     ( 12364, -3158 ), ( 12404, -3048 )  4400      
Root cell box:
           width x height  (   llx,  lly  ), (   urx,  ury  )  area (units^2)

microns:   0.400 x 0.400   ( 61.720, -15.890), ( 62.120, -15.490)  0.160     
lambda:    40.00 x 40.00   ( 6172.00, -1589.00), ( 6212.00, -1549.00)  1600.00   
internal:     80 x 80      ( 12344, -3178 ), ( 12424, -3098 )  6400      
Root cell box:
           width x height  (   llx,  lly  ), (   urx,  ury  )  area (units^2)

microns:   0.200 x 0.200   ( 61.820, -15.790), ( 62.020, -15.590)  0.040     
lambda:    20.00 x 20.00   ( 6182.00, -1579.00), ( 6202.00, -1559.00)  400.00    
internal:     40 x 40      ( 12364, -3158 ), ( 12404, -3118 )  1600      
Root cell box:
           width x height  (   llx,  lly  ), (   urx,  ury  )  area (units^2)

microns:   0.400 x 0.400   ( 61.720, -15.890), ( 62.120, -15.490)  0.160     
lambda:    40.00 x 40.00   ( 6172.00, -1589.00), ( 6212.00, -1549.00)  1600.00   
internal:     80 x 80      ( 12344, -3178 ), ( 12424, -3098 )  6400      
Root cell box:
           width x height  (   llx,  lly  ), (   urx,  ury  )  area (units^2)

microns:   0.200 x 5.510   ( 61.820, -21.100), ( 62.020, -15.590)  1.102     
lambda:    20.00 x 551.00  ( 6182.00, -2110.00), ( 6202.00, -1559.00)  11020.00  
internal:     40 x 1102    ( 12364, -4220 ), ( 12404, -3118 )  44080     
Root cell box:
           width x height  (   llx,  lly  ), (   urx,  ury  )  area (units^2)

microns:   0.400 x 0.400   ( 61.720, -21.200), ( 62.120, -20.800)  0.160     
lambda:    40.00 x 40.00   ( 6172.00, -2120.00), ( 6212.00, -2080.00)  1600.00   
internal:     80 x 80      ( 12344, -4240 ), ( 12424, -4160 )  6400      
Root cell box:
           width x height  (   llx,  lly  ), (   urx,  ury  )  area (units^2)

microns:   0.200 x 0.200   ( 61.820, -21.100), ( 62.020, -20.900)  0.040     
lambda:    20.00 x 20.00   ( 6182.00, -2110.00), ( 6202.00, -2090.00)  400.00    
internal:     40 x 40      ( 12364, -4220 ), ( 12404, -4180 )  1600      
Root cell box:
           width x height  (   llx,  lly  ), (   urx,  ury  )  area (units^2)

microns:   0.400 x 0.400   ( 61.720, -21.200), ( 62.120, -20.800)  0.160     
lambda:    40.00 x 40.00   ( 6172.00, -2120.00), ( 6212.00, -2080.00)  1600.00   
internal:     80 x 80      ( 12344, -4240 ), ( 12424, -4160 )  6400      
Root cell box:
           width x height  (   llx,  lly  ), (   urx,  ury  )  area (units^2)

microns:   1.580 x 0.200   ( 61.820, -21.100), ( 63.400, -20.900)  0.316     
lambda:   158.00 x 20.00   ( 6182.00, -2110.00), ( 6340.00, -2090.00)  3160.00   
internal:    316 x 40      ( 12364, -4220 ), ( 12680, -4180 )  12640     
Root cell box:
           width x height  (   llx,  lly  ), (   urx,  ury  )  area (units^2)

microns:   0.240 x 0.240   ( 68.560, -9.520), ( 68.800, -9.280)  0.058     
lambda:    24.00 x 24.00   ( 6856.00, -952.00), ( 6880.00, -928.00)  576.00    
internal:     48 x 48      ( 13712, -1904 ), ( 13760, -1856 )  2304      
Root cell box:
           width x height  (   llx,  lly  ), (   urx,  ury  )  area (units^2)

microns:   0.400 x 0.400   ( 68.480, -9.600), ( 68.880, -9.200)  0.160     
lambda:    40.00 x 40.00   ( 6848.00, -960.00), ( 6888.00, -920.00)  1600.00   
internal:     80 x 80      ( 13696, -1920 ), ( 13776, -1840 )  6400      
Root cell box:
           width x height  (   llx,  lly  ), (   urx,  ury  )  area (units^2)

microns:   0.200 x 0.200   ( 68.580, -9.500), ( 68.780, -9.300)  0.040     
lambda:    20.00 x 20.00   ( 6858.00, -950.00), ( 6878.00, -930.00)  400.00    
internal:     40 x 40      ( 13716, -1900 ), ( 13756, -1860 )  1600      
Root cell box:
           width x height  (   llx,  lly  ), (   urx,  ury  )  area (units^2)

microns:   0.400 x 0.400   ( 68.480, -9.600), ( 68.880, -9.200)  0.160     
lambda:    40.00 x 40.00   ( 6848.00, -960.00), ( 6888.00, -920.00)  1600.00   
internal:     80 x 80      ( 13696, -1920 ), ( 13776, -1840 )  6400      
Root cell box:
           width x height  (   llx,  lly  ), (   urx,  ury  )  area (units^2)

microns:   0.400 x 0.400   ( 68.480, -9.600), ( 68.880, -9.200)  0.160     
lambda:    40.00 x 40.00   ( 6848.00, -960.00), ( 6888.00, -920.00)  1600.00   
internal:     80 x 80      ( 13696, -1920 ), ( 13776, -1840 )  6400      
Root cell box:
           width x height  (   llx,  lly  ), (   urx,  ury  )  area (units^2)

microns:   0.200 x 0.200   ( 68.580, -9.500), ( 68.780, -9.300)  0.040     
lambda:    20.00 x 20.00   ( 6858.00, -950.00), ( 6878.00, -930.00)  400.00    
internal:     40 x 40      ( 13716, -1900 ), ( 13756, -1860 )  1600      
Root cell box:
           width x height  (   llx,  lly  ), (   urx,  ury  )  area (units^2)

microns:   0.400 x 0.400   ( 68.480, -9.600), ( 68.880, -9.200)  0.160     
lambda:    40.00 x 40.00   ( 6848.00, -960.00), ( 6888.00, -920.00)  1600.00   
internal:     80 x 80      ( 13696, -1920 ), ( 13776, -1840 )  6400      
Root cell box:
           width x height  (   llx,  lly  ), (   urx,  ury  )  area (units^2)

microns:   0.400 x 0.400   ( 68.480, -9.600), ( 68.880, -9.200)  0.160     
lambda:    40.00 x 40.00   ( 6848.00, -960.00), ( 6888.00, -920.00)  1600.00   
internal:     80 x 80      ( 13696, -1920 ), ( 13776, -1840 )  6400      
Root cell box:
           width x height  (   llx,  lly  ), (   urx,  ury  )  area (units^2)

microns:   0.200 x 0.200   ( 68.580, -9.500), ( 68.780, -9.300)  0.040     
lambda:    20.00 x 20.00   ( 6858.00, -950.00), ( 6878.00, -930.00)  400.00    
internal:     40 x 40      ( 13716, -1900 ), ( 13756, -1860 )  1600      
Root cell box:
           width x height  (   llx,  lly  ), (   urx,  ury  )  area (units^2)

microns:   0.400 x 0.400   ( 68.480, -9.600), ( 68.880, -9.200)  0.160     
lambda:    40.00 x 40.00   ( 6848.00, -960.00), ( 6888.00, -920.00)  1600.00   
internal:     80 x 80      ( 13696, -1920 ), ( 13776, -1840 )  6400      
Root cell box:
           width x height  (   llx,  lly  ), (   urx,  ury  )  area (units^2)

microns:   0.850 x 0.200   ( 68.580, -9.500), ( 69.430, -9.300)  0.170     
lambda:    85.00 x 20.00   ( 6858.00, -950.00), ( 6943.00, -930.00)  1700.00   
internal:    170 x 40      ( 13716, -1900 ), ( 13886, -1860 )  6800      
Root cell box:
           width x height  (   llx,  lly  ), (   urx,  ury  )  area (units^2)

microns:   0.400 x 0.400   ( 69.130, -9.600), ( 69.530, -9.200)  0.160     
lambda:    40.00 x 40.00   ( 6913.00, -960.00), ( 6953.00, -920.00)  1600.00   
internal:     80 x 80      ( 13826, -1920 ), ( 13906, -1840 )  6400      
Root cell box:
           width x height  (   llx,  lly  ), (   urx,  ury  )  area (units^2)

microns:   0.200 x 0.200   ( 69.230, -9.500), ( 69.430, -9.300)  0.040     
lambda:    20.00 x 20.00   ( 6923.00, -950.00), ( 6943.00, -930.00)  400.00    
internal:     40 x 40      ( 13846, -1900 ), ( 13886, -1860 )  1600      
Root cell box:
           width x height  (   llx,  lly  ), (   urx,  ury  )  area (units^2)

microns:   0.400 x 0.400   ( 69.130, -9.600), ( 69.530, -9.200)  0.160     
lambda:    40.00 x 40.00   ( 6913.00, -960.00), ( 6953.00, -920.00)  1600.00   
internal:     80 x 80      ( 13826, -1920 ), ( 13906, -1840 )  6400      
Root cell box:
           width x height  (   llx,  lly  ), (   urx,  ury  )  area (units^2)

microns:   0.200 x 12.800  ( 69.230, -22.100), ( 69.430, -9.300)  2.560     
lambda:    20.00 x 1280.00  ( 6923.00, -2210.00), ( 6943.00, -930.00)  25600.00  
internal:     40 x 2560    ( 13846, -4420 ), ( 13886, -1860 )  102400    
Root cell box:
           width x height  (   llx,  lly  ), (   urx,  ury  )  area (units^2)

microns:   0.400 x 0.400   ( 69.130, -22.200), ( 69.530, -21.800)  0.160     
lambda:    40.00 x 40.00   ( 6913.00, -2220.00), ( 6953.00, -2180.00)  1600.00   
internal:     80 x 80      ( 13826, -4440 ), ( 13906, -4360 )  6400      
Root cell box:
           width x height  (   llx,  lly  ), (   urx,  ury  )  area (units^2)

microns:   0.200 x 0.200   ( 69.230, -22.100), ( 69.430, -21.900)  0.040     
lambda:    20.00 x 20.00   ( 6923.00, -2210.00), ( 6943.00, -2190.00)  400.00    
internal:     40 x 40      ( 13846, -4420 ), ( 13886, -4380 )  1600      
Root cell box:
           width x height  (   llx,  lly  ), (   urx,  ury  )  area (units^2)

microns:   0.400 x 0.400   ( 69.130, -22.200), ( 69.530, -21.800)  0.160     
lambda:    40.00 x 40.00   ( 6913.00, -2220.00), ( 6953.00, -2180.00)  1600.00   
internal:     80 x 80      ( 13826, -4440 ), ( 13906, -4360 )  6400      
Root cell box:
           width x height  (   llx,  lly  ), (   urx,  ury  )  area (units^2)

microns:   0.240 x 0.240   ( 68.050, -6.490), ( 68.290, -6.250)  0.058     
lambda:    24.00 x 24.00   ( 6805.00, -649.00), ( 6829.00, -625.00)  576.00    
internal:     48 x 48      ( 13610, -1298 ), ( 13658, -1250 )  2304      
Root cell box:
           width x height  (   llx,  lly  ), (   urx,  ury  )  area (units^2)

microns:   0.400 x 0.400   ( 67.970, -6.570), ( 68.370, -6.170)  0.160     
lambda:    40.00 x 40.00   ( 6797.00, -657.00), ( 6837.00, -617.00)  1600.00   
internal:     80 x 80      ( 13594, -1314 ), ( 13674, -1234 )  6400      
Root cell box:
           width x height  (   llx,  lly  ), (   urx,  ury  )  area (units^2)

microns:   0.200 x 0.200   ( 68.070, -6.470), ( 68.270, -6.270)  0.040     
lambda:    20.00 x 20.00   ( 6807.00, -647.00), ( 6827.00, -627.00)  400.00    
internal:     40 x 40      ( 13614, -1294 ), ( 13654, -1254 )  1600      
Root cell box:
           width x height  (   llx,  lly  ), (   urx,  ury  )  area (units^2)

microns:   0.400 x 0.400   ( 67.970, -6.570), ( 68.370, -6.170)  0.160     
lambda:    40.00 x 40.00   ( 6797.00, -657.00), ( 6837.00, -617.00)  1600.00   
internal:     80 x 80      ( 13594, -1314 ), ( 13674, -1234 )  6400      
Root cell box:
           width x height  (   llx,  lly  ), (   urx,  ury  )  area (units^2)

microns:   0.400 x 0.400   ( 67.970, -6.570), ( 68.370, -6.170)  0.160     
lambda:    40.00 x 40.00   ( 6797.00, -657.00), ( 6837.00, -617.00)  1600.00   
internal:     80 x 80      ( 13594, -1314 ), ( 13674, -1234 )  6400      
Root cell box:
           width x height  (   llx,  lly  ), (   urx,  ury  )  area (units^2)

microns:   0.200 x 0.200   ( 68.070, -6.470), ( 68.270, -6.270)  0.040     
lambda:    20.00 x 20.00   ( 6807.00, -647.00), ( 6827.00, -627.00)  400.00    
internal:     40 x 40      ( 13614, -1294 ), ( 13654, -1254 )  1600      
Root cell box:
           width x height  (   llx,  lly  ), (   urx,  ury  )  area (units^2)

microns:   0.400 x 0.400   ( 67.970, -6.570), ( 68.370, -6.170)  0.160     
lambda:    40.00 x 40.00   ( 6797.00, -657.00), ( 6837.00, -617.00)  1600.00   
internal:     80 x 80      ( 13594, -1314 ), ( 13674, -1234 )  6400      
Root cell box:
           width x height  (   llx,  lly  ), (   urx,  ury  )  area (units^2)

microns:   0.400 x 0.400   ( 67.970, -6.570), ( 68.370, -6.170)  0.160     
lambda:    40.00 x 40.00   ( 6797.00, -657.00), ( 6837.00, -617.00)  1600.00   
internal:     80 x 80      ( 13594, -1314 ), ( 13674, -1234 )  6400      
Root cell box:
           width x height  (   llx,  lly  ), (   urx,  ury  )  area (units^2)

microns:   0.200 x 0.200   ( 68.070, -6.470), ( 68.270, -6.270)  0.040     
lambda:    20.00 x 20.00   ( 6807.00, -647.00), ( 6827.00, -627.00)  400.00    
internal:     40 x 40      ( 13614, -1294 ), ( 13654, -1254 )  1600      
Root cell box:
           width x height  (   llx,  lly  ), (   urx,  ury  )  area (units^2)

microns:   0.400 x 0.400   ( 67.970, -6.570), ( 68.370, -6.170)  0.160     
lambda:    40.00 x 40.00   ( 6797.00, -657.00), ( 6837.00, -617.00)  1600.00   
internal:     80 x 80      ( 13594, -1314 ), ( 13674, -1234 )  6400      
Root cell box:
           width x height  (   llx,  lly  ), (   urx,  ury  )  area (units^2)

microns:   0.850 x 0.200   ( 67.420, -6.470), ( 68.270, -6.270)  0.170     
lambda:    85.00 x 20.00   ( 6742.00, -647.00), ( 6827.00, -627.00)  1700.00   
internal:    170 x 40      ( 13484, -1294 ), ( 13654, -1254 )  6800      
Root cell box:
           width x height  (   llx,  lly  ), (   urx,  ury  )  area (units^2)

microns:   0.400 x 0.400   ( 67.320, -6.570), ( 67.720, -6.170)  0.160     
lambda:    40.00 x 40.00   ( 6732.00, -657.00), ( 6772.00, -617.00)  1600.00   
internal:     80 x 80      ( 13464, -1314 ), ( 13544, -1234 )  6400      
Root cell box:
           width x height  (   llx,  lly  ), (   urx,  ury  )  area (units^2)

microns:   0.200 x 0.200   ( 67.420, -6.470), ( 67.620, -6.270)  0.040     
lambda:    20.00 x 20.00   ( 6742.00, -647.00), ( 6762.00, -627.00)  400.00    
internal:     40 x 40      ( 13484, -1294 ), ( 13524, -1254 )  1600      
Root cell box:
           width x height  (   llx,  lly  ), (   urx,  ury  )  area (units^2)

microns:   0.400 x 0.400   ( 67.320, -6.570), ( 67.720, -6.170)  0.160     
lambda:    40.00 x 40.00   ( 6732.00, -657.00), ( 6772.00, -617.00)  1600.00   
internal:     80 x 80      ( 13464, -1314 ), ( 13544, -1234 )  6400      
Root cell box:
           width x height  (   llx,  lly  ), (   urx,  ury  )  area (units^2)

microns:   0.200 x 15.830  ( 67.420, -22.100), ( 67.620, -6.270)  3.166     
lambda:    20.00 x 1583.00  ( 6742.00, -2210.00), ( 6762.00, -627.00)  31660.00  
internal:     40 x 3166    ( 13484, -4420 ), ( 13524, -1254 )  126640    
Root cell box:
           width x height  (   llx,  lly  ), (   urx,  ury  )  area (units^2)

microns:   0.400 x 0.400   ( 67.320, -22.200), ( 67.720, -21.800)  0.160     
lambda:    40.00 x 40.00   ( 6732.00, -2220.00), ( 6772.00, -2180.00)  1600.00   
internal:     80 x 80      ( 13464, -4440 ), ( 13544, -4360 )  6400      
Root cell box:
           width x height  (   llx,  lly  ), (   urx,  ury  )  area (units^2)

microns:   0.200 x 0.200   ( 67.420, -22.100), ( 67.620, -21.900)  0.040     
lambda:    20.00 x 20.00   ( 6742.00, -2210.00), ( 6762.00, -2190.00)  400.00    
internal:     40 x 40      ( 13484, -4420 ), ( 13524, -4380 )  1600      
Root cell box:
           width x height  (   llx,  lly  ), (   urx,  ury  )  area (units^2)

microns:   0.400 x 0.400   ( 67.320, -22.200), ( 67.720, -21.800)  0.160     
lambda:    40.00 x 40.00   ( 6732.00, -2220.00), ( 6772.00, -2180.00)  1600.00   
internal:     80 x 80      ( 13464, -4440 ), ( 13544, -4360 )  6400      
Root cell box:
           width x height  (   llx,  lly  ), (   urx,  ury  )  area (units^2)

microns:   2.010 x 0.200   ( 67.420, -22.100), ( 69.430, -21.900)  0.402     
lambda:   201.00 x 20.00   ( 6742.00, -2210.00), ( 6943.00, -2190.00)  4020.00   
internal:    402 x 40      ( 13484, -4420 ), ( 13886, -4380 )  16080     
Root cell box:
           width x height  (   llx,  lly  ), (   urx,  ury  )  area (units^2)

microns:   0.240 x 0.240   ( 68.365, -5.710), ( 68.605, -5.470)  0.058     
lambda:    24.00 x 24.00   ( 6836.50, -571.00), ( 6860.50, -547.00)  576.00    
internal:     48 x 48      ( 13673, -1142 ), ( 13721, -1094 )  2304      
Root cell box:
           width x height  (   llx,  lly  ), (   urx,  ury  )  area (units^2)

microns:   0.400 x 0.400   ( 68.285, -5.790), ( 68.685, -5.390)  0.160     
lambda:    40.00 x 40.00   ( 6828.50, -579.00), ( 6868.50, -539.00)  1600.00   
internal:     80 x 80      ( 13657, -1158 ), ( 13737, -1078 )  6400      
Root cell box:
           width x height  (   llx,  lly  ), (   urx,  ury  )  area (units^2)

microns:   0.200 x 0.200   ( 68.385, -5.690), ( 68.585, -5.490)  0.040     
lambda:    20.00 x 20.00   ( 6838.50, -569.00), ( 6858.50, -549.00)  400.00    
internal:     40 x 40      ( 13677, -1138 ), ( 13717, -1098 )  1600      
Root cell box:
           width x height  (   llx,  lly  ), (   urx,  ury  )  area (units^2)

microns:   0.400 x 0.400   ( 68.285, -5.790), ( 68.685, -5.390)  0.160     
lambda:    40.00 x 40.00   ( 6828.50, -579.00), ( 6868.50, -539.00)  1600.00   
internal:     80 x 80      ( 13657, -1158 ), ( 13737, -1078 )  6400      
Root cell box:
           width x height  (   llx,  lly  ), (   urx,  ury  )  area (units^2)

microns:   0.400 x 0.400   ( 68.285, -5.790), ( 68.685, -5.390)  0.160     
lambda:    40.00 x 40.00   ( 6828.50, -579.00), ( 6868.50, -539.00)  1600.00   
internal:     80 x 80      ( 13657, -1158 ), ( 13737, -1078 )  6400      
Root cell box:
           width x height  (   llx,  lly  ), (   urx,  ury  )  area (units^2)

microns:   0.200 x 0.200   ( 68.385, -5.690), ( 68.585, -5.490)  0.040     
lambda:    20.00 x 20.00   ( 6838.50, -569.00), ( 6858.50, -549.00)  400.00    
internal:     40 x 40      ( 13677, -1138 ), ( 13717, -1098 )  1600      
Root cell box:
           width x height  (   llx,  lly  ), (   urx,  ury  )  area (units^2)

microns:   0.400 x 0.400   ( 68.285, -5.790), ( 68.685, -5.390)  0.160     
lambda:    40.00 x 40.00   ( 6828.50, -579.00), ( 6868.50, -539.00)  1600.00   
internal:     80 x 80      ( 13657, -1158 ), ( 13737, -1078 )  6400      
Root cell box:
           width x height  (   llx,  lly  ), (   urx,  ury  )  area (units^2)

microns:   0.400 x 0.400   ( 68.285, -5.790), ( 68.685, -5.390)  0.160     
lambda:    40.00 x 40.00   ( 6828.50, -579.00), ( 6868.50, -539.00)  1600.00   
internal:     80 x 80      ( 13657, -1158 ), ( 13737, -1078 )  6400      
Root cell box:
           width x height  (   llx,  lly  ), (   urx,  ury  )  area (units^2)

microns:   0.200 x 0.200   ( 68.385, -5.690), ( 68.585, -5.490)  0.040     
lambda:    20.00 x 20.00   ( 6838.50, -569.00), ( 6858.50, -549.00)  400.00    
internal:     40 x 40      ( 13677, -1138 ), ( 13717, -1098 )  1600      
Root cell box:
           width x height  (   llx,  lly  ), (   urx,  ury  )  area (units^2)

microns:   0.400 x 0.400   ( 68.285, -5.790), ( 68.685, -5.390)  0.160     
lambda:    40.00 x 40.00   ( 6828.50, -579.00), ( 6868.50, -539.00)  1600.00   
internal:     80 x 80      ( 13657, -1158 ), ( 13737, -1078 )  6400      
Root cell box:
           width x height  (   llx,  lly  ), (   urx,  ury  )  area (units^2)

microns:   2.150 x 0.200   ( 68.385, -5.690), ( 70.535, -5.490)  0.430     
lambda:   215.00 x 20.00   ( 6838.50, -569.00), ( 7053.50, -549.00)  4300.00   
internal:    430 x 40      ( 13677, -1138 ), ( 14107, -1098 )  17200     
Root cell box:
           width x height  (   llx,  lly  ), (   urx,  ury  )  area (units^2)

microns:   0.400 x 0.400   ( 70.235, -5.790), ( 70.635, -5.390)  0.160     
lambda:    40.00 x 40.00   ( 7023.50, -579.00), ( 7063.50, -539.00)  1600.00   
internal:     80 x 80      ( 14047, -1158 ), ( 14127, -1078 )  6400      
Root cell box:
           width x height  (   llx,  lly  ), (   urx,  ury  )  area (units^2)

microns:   0.200 x 0.200   ( 70.335, -5.690), ( 70.535, -5.490)  0.040     
lambda:    20.00 x 20.00   ( 7033.50, -569.00), ( 7053.50, -549.00)  400.00    
internal:     40 x 40      ( 14067, -1138 ), ( 14107, -1098 )  1600      
Root cell box:
           width x height  (   llx,  lly  ), (   urx,  ury  )  area (units^2)

microns:   0.400 x 0.400   ( 70.235, -5.790), ( 70.635, -5.390)  0.160     
lambda:    40.00 x 40.00   ( 7023.50, -579.00), ( 7063.50, -539.00)  1600.00   
internal:     80 x 80      ( 14047, -1158 ), ( 14127, -1078 )  6400      
Root cell box:
           width x height  (   llx,  lly  ), (   urx,  ury  )  area (units^2)

microns:   0.200 x 17.610  ( 70.335, -23.100), ( 70.535, -5.490)  3.522     
lambda:    20.00 x 1761.00  ( 7033.50, -2310.00), ( 7053.50, -549.00)  35220.00  
internal:     40 x 3522    ( 14067, -4620 ), ( 14107, -1098 )  140880    
Root cell box:
           width x height  (   llx,  lly  ), (   urx,  ury  )  area (units^2)

microns:   0.400 x 0.400   ( 70.235, -23.200), ( 70.635, -22.800)  0.160     
lambda:    40.00 x 40.00   ( 7023.50, -2320.00), ( 7063.50, -2280.00)  1600.00   
internal:     80 x 80      ( 14047, -4640 ), ( 14127, -4560 )  6400      
Root cell box:
           width x height  (   llx,  lly  ), (   urx,  ury  )  area (units^2)

microns:   0.200 x 0.200   ( 70.335, -23.100), ( 70.535, -22.900)  0.040     
lambda:    20.00 x 20.00   ( 7033.50, -2310.00), ( 7053.50, -2290.00)  400.00    
internal:     40 x 40      ( 14067, -4620 ), ( 14107, -4580 )  1600      
Root cell box:
           width x height  (   llx,  lly  ), (   urx,  ury  )  area (units^2)

microns:   0.400 x 0.400   ( 70.235, -23.200), ( 70.635, -22.800)  0.160     
lambda:    40.00 x 40.00   ( 7023.50, -2320.00), ( 7063.50, -2280.00)  1600.00   
internal:     80 x 80      ( 14047, -4640 ), ( 14127, -4560 )  6400      
Root cell box:
           width x height  (   llx,  lly  ), (   urx,  ury  )  area (units^2)

microns:   0.240 x 0.240   ( 65.025, -5.620), ( 65.265, -5.380)  0.058     
lambda:    24.00 x 24.00   ( 6502.50, -562.00), ( 6526.50, -538.00)  576.00    
internal:     48 x 48      ( 13005, -1124 ), ( 13053, -1076 )  2304      
Root cell box:
           width x height  (   llx,  lly  ), (   urx,  ury  )  area (units^2)

microns:   0.400 x 0.400   ( 64.945, -5.700), ( 65.345, -5.300)  0.160     
lambda:    40.00 x 40.00   ( 6494.50, -570.00), ( 6534.50, -530.00)  1600.00   
internal:     80 x 80      ( 12989, -1140 ), ( 13069, -1060 )  6400      
Root cell box:
           width x height  (   llx,  lly  ), (   urx,  ury  )  area (units^2)

microns:   0.200 x 0.200   ( 65.045, -5.600), ( 65.245, -5.400)  0.040     
lambda:    20.00 x 20.00   ( 6504.50, -560.00), ( 6524.50, -540.00)  400.00    
internal:     40 x 40      ( 13009, -1120 ), ( 13049, -1080 )  1600      
Root cell box:
           width x height  (   llx,  lly  ), (   urx,  ury  )  area (units^2)

microns:   0.400 x 0.400   ( 64.945, -5.700), ( 65.345, -5.300)  0.160     
lambda:    40.00 x 40.00   ( 6494.50, -570.00), ( 6534.50, -530.00)  1600.00   
internal:     80 x 80      ( 12989, -1140 ), ( 13069, -1060 )  6400      
Root cell box:
           width x height  (   llx,  lly  ), (   urx,  ury  )  area (units^2)

microns:   0.400 x 0.400   ( 64.945, -5.700), ( 65.345, -5.300)  0.160     
lambda:    40.00 x 40.00   ( 6494.50, -570.00), ( 6534.50, -530.00)  1600.00   
internal:     80 x 80      ( 12989, -1140 ), ( 13069, -1060 )  6400      
Root cell box:
           width x height  (   llx,  lly  ), (   urx,  ury  )  area (units^2)

microns:   0.200 x 0.200   ( 65.045, -5.600), ( 65.245, -5.400)  0.040     
lambda:    20.00 x 20.00   ( 6504.50, -560.00), ( 6524.50, -540.00)  400.00    
internal:     40 x 40      ( 13009, -1120 ), ( 13049, -1080 )  1600      
Root cell box:
           width x height  (   llx,  lly  ), (   urx,  ury  )  area (units^2)

microns:   0.400 x 0.400   ( 64.945, -5.700), ( 65.345, -5.300)  0.160     
lambda:    40.00 x 40.00   ( 6494.50, -570.00), ( 6534.50, -530.00)  1600.00   
internal:     80 x 80      ( 12989, -1140 ), ( 13069, -1060 )  6400      
Root cell box:
           width x height  (   llx,  lly  ), (   urx,  ury  )  area (units^2)

microns:   0.400 x 0.400   ( 64.945, -5.700), ( 65.345, -5.300)  0.160     
lambda:    40.00 x 40.00   ( 6494.50, -570.00), ( 6534.50, -530.00)  1600.00   
internal:     80 x 80      ( 12989, -1140 ), ( 13069, -1060 )  6400      
Root cell box:
           width x height  (   llx,  lly  ), (   urx,  ury  )  area (units^2)

microns:   0.200 x 0.200   ( 65.045, -5.600), ( 65.245, -5.400)  0.040     
lambda:    20.00 x 20.00   ( 6504.50, -560.00), ( 6524.50, -540.00)  400.00    
internal:     40 x 40      ( 13009, -1120 ), ( 13049, -1080 )  1600      
Root cell box:
           width x height  (   llx,  lly  ), (   urx,  ury  )  area (units^2)

microns:   0.400 x 0.400   ( 64.945, -5.700), ( 65.345, -5.300)  0.160     
lambda:    40.00 x 40.00   ( 6494.50, -570.00), ( 6534.50, -530.00)  1600.00   
internal:     80 x 80      ( 12989, -1140 ), ( 13069, -1060 )  6400      
Root cell box:
           width x height  (   llx,  lly  ), (   urx,  ury  )  area (units^2)

microns:   0.850 x 0.200   ( 65.045, -5.600), ( 65.895, -5.400)  0.170     
lambda:    85.00 x 20.00   ( 6504.50, -560.00), ( 6589.50, -540.00)  1700.00   
internal:    170 x 40      ( 13009, -1120 ), ( 13179, -1080 )  6800      
Root cell box:
           width x height  (   llx,  lly  ), (   urx,  ury  )  area (units^2)

microns:   0.400 x 0.400   ( 65.595, -5.700), ( 65.995, -5.300)  0.160     
lambda:    40.00 x 40.00   ( 6559.50, -570.00), ( 6599.50, -530.00)  1600.00   
internal:     80 x 80      ( 13119, -1140 ), ( 13199, -1060 )  6400      
Root cell box:
           width x height  (   llx,  lly  ), (   urx,  ury  )  area (units^2)

microns:   0.200 x 0.200   ( 65.695, -5.600), ( 65.895, -5.400)  0.040     
lambda:    20.00 x 20.00   ( 6569.50, -560.00), ( 6589.50, -540.00)  400.00    
internal:     40 x 40      ( 13139, -1120 ), ( 13179, -1080 )  1600      
Root cell box:
           width x height  (   llx,  lly  ), (   urx,  ury  )  area (units^2)

microns:   0.400 x 0.400   ( 65.595, -5.700), ( 65.995, -5.300)  0.160     
lambda:    40.00 x 40.00   ( 6559.50, -570.00), ( 6599.50, -530.00)  1600.00   
internal:     80 x 80      ( 13119, -1140 ), ( 13199, -1060 )  6400      
Root cell box:
           width x height  (   llx,  lly  ), (   urx,  ury  )  area (units^2)

microns:   0.200 x 17.700  ( 65.695, -23.100), ( 65.895, -5.400)  3.540     
lambda:    20.00 x 1770.00  ( 6569.50, -2310.00), ( 6589.50, -540.00)  35400.00  
internal:     40 x 3540    ( 13139, -4620 ), ( 13179, -1080 )  141600    
Root cell box:
           width x height  (   llx,  lly  ), (   urx,  ury  )  area (units^2)

microns:   0.400 x 0.400   ( 65.595, -23.200), ( 65.995, -22.800)  0.160     
lambda:    40.00 x 40.00   ( 6559.50, -2320.00), ( 6599.50, -2280.00)  1600.00   
internal:     80 x 80      ( 13119, -4640 ), ( 13199, -4560 )  6400      
Root cell box:
           width x height  (   llx,  lly  ), (   urx,  ury  )  area (units^2)

microns:   0.200 x 0.200   ( 65.695, -23.100), ( 65.895, -22.900)  0.040     
lambda:    20.00 x 20.00   ( 6569.50, -2310.00), ( 6589.50, -2290.00)  400.00    
internal:     40 x 40      ( 13139, -4620 ), ( 13179, -4580 )  1600      
Root cell box:
           width x height  (   llx,  lly  ), (   urx,  ury  )  area (units^2)

microns:   0.400 x 0.400   ( 65.595, -23.200), ( 65.995, -22.800)  0.160     
lambda:    40.00 x 40.00   ( 6559.50, -2320.00), ( 6599.50, -2280.00)  1600.00   
internal:     80 x 80      ( 13119, -4640 ), ( 13199, -4560 )  6400      
Root cell box:
           width x height  (   llx,  lly  ), (   urx,  ury  )  area (units^2)

microns:   0.240 x 0.240   ( 62.245, -5.590), ( 62.485, -5.350)  0.058     
lambda:    24.00 x 24.00   ( 6224.50, -559.00), ( 6248.50, -535.00)  576.00    
internal:     48 x 48      ( 12449, -1118 ), ( 12497, -1070 )  2304      
Root cell box:
           width x height  (   llx,  lly  ), (   urx,  ury  )  area (units^2)

microns:   0.400 x 0.400   ( 62.165, -5.670), ( 62.565, -5.270)  0.160     
lambda:    40.00 x 40.00   ( 6216.50, -567.00), ( 6256.50, -527.00)  1600.00   
internal:     80 x 80      ( 12433, -1134 ), ( 12513, -1054 )  6400      
Root cell box:
           width x height  (   llx,  lly  ), (   urx,  ury  )  area (units^2)

microns:   0.200 x 0.200   ( 62.265, -5.570), ( 62.465, -5.370)  0.040     
lambda:    20.00 x 20.00   ( 6226.50, -557.00), ( 6246.50, -537.00)  400.00    
internal:     40 x 40      ( 12453, -1114 ), ( 12493, -1074 )  1600      
Root cell box:
           width x height  (   llx,  lly  ), (   urx,  ury  )  area (units^2)

microns:   0.400 x 0.400   ( 62.165, -5.670), ( 62.565, -5.270)  0.160     
lambda:    40.00 x 40.00   ( 6216.50, -567.00), ( 6256.50, -527.00)  1600.00   
internal:     80 x 80      ( 12433, -1134 ), ( 12513, -1054 )  6400      
Root cell box:
           width x height  (   llx,  lly  ), (   urx,  ury  )  area (units^2)

microns:   0.400 x 0.400   ( 62.165, -5.670), ( 62.565, -5.270)  0.160     
lambda:    40.00 x 40.00   ( 6216.50, -567.00), ( 6256.50, -527.00)  1600.00   
internal:     80 x 80      ( 12433, -1134 ), ( 12513, -1054 )  6400      
Root cell box:
           width x height  (   llx,  lly  ), (   urx,  ury  )  area (units^2)

microns:   0.200 x 0.200   ( 62.265, -5.570), ( 62.465, -5.370)  0.040     
lambda:    20.00 x 20.00   ( 6226.50, -557.00), ( 6246.50, -537.00)  400.00    
internal:     40 x 40      ( 12453, -1114 ), ( 12493, -1074 )  1600      
Root cell box:
           width x height  (   llx,  lly  ), (   urx,  ury  )  area (units^2)

microns:   0.400 x 0.400   ( 62.165, -5.670), ( 62.565, -5.270)  0.160     
lambda:    40.00 x 40.00   ( 6216.50, -567.00), ( 6256.50, -527.00)  1600.00   
internal:     80 x 80      ( 12433, -1134 ), ( 12513, -1054 )  6400      
Root cell box:
           width x height  (   llx,  lly  ), (   urx,  ury  )  area (units^2)

microns:   0.400 x 0.400   ( 62.165, -5.670), ( 62.565, -5.270)  0.160     
lambda:    40.00 x 40.00   ( 6216.50, -567.00), ( 6256.50, -527.00)  1600.00   
internal:     80 x 80      ( 12433, -1134 ), ( 12513, -1054 )  6400      
Root cell box:
           width x height  (   llx,  lly  ), (   urx,  ury  )  area (units^2)

microns:   0.200 x 0.200   ( 62.265, -5.570), ( 62.465, -5.370)  0.040     
lambda:    20.00 x 20.00   ( 6226.50, -557.00), ( 6246.50, -537.00)  400.00    
internal:     40 x 40      ( 12453, -1114 ), ( 12493, -1074 )  1600      
Root cell box:
           width x height  (   llx,  lly  ), (   urx,  ury  )  area (units^2)

microns:   0.400 x 0.400   ( 62.165, -5.670), ( 62.565, -5.270)  0.160     
lambda:    40.00 x 40.00   ( 6216.50, -567.00), ( 6256.50, -527.00)  1600.00   
internal:     80 x 80      ( 12433, -1134 ), ( 12513, -1054 )  6400      
Root cell box:
           width x height  (   llx,  lly  ), (   urx,  ury  )  area (units^2)

microns:   1.500 x 0.200   ( 60.965, -5.570), ( 62.465, -5.370)  0.300     
lambda:   150.00 x 20.00   ( 6096.50, -557.00), ( 6246.50, -537.00)  3000.00   
internal:    300 x 40      ( 12193, -1114 ), ( 12493, -1074 )  12000     
Root cell box:
           width x height  (   llx,  lly  ), (   urx,  ury  )  area (units^2)

microns:   0.400 x 0.400   ( 60.865, -5.670), ( 61.265, -5.270)  0.160     
lambda:    40.00 x 40.00   ( 6086.50, -567.00), ( 6126.50, -527.00)  1600.00   
internal:     80 x 80      ( 12173, -1134 ), ( 12253, -1054 )  6400      
Root cell box:
           width x height  (   llx,  lly  ), (   urx,  ury  )  area (units^2)

microns:   0.200 x 0.200   ( 60.965, -5.570), ( 61.165, -5.370)  0.040     
lambda:    20.00 x 20.00   ( 6096.50, -557.00), ( 6116.50, -537.00)  400.00    
internal:     40 x 40      ( 12193, -1114 ), ( 12233, -1074 )  1600      
Root cell box:
           width x height  (   llx,  lly  ), (   urx,  ury  )  area (units^2)

microns:   0.400 x 0.400   ( 60.865, -5.670), ( 61.265, -5.270)  0.160     
lambda:    40.00 x 40.00   ( 6086.50, -567.00), ( 6126.50, -527.00)  1600.00   
internal:     80 x 80      ( 12173, -1134 ), ( 12253, -1054 )  6400      
Root cell box:
           width x height  (   llx,  lly  ), (   urx,  ury  )  area (units^2)

microns:   0.200 x 17.730  ( 60.965, -23.100), ( 61.165, -5.370)  3.546     
lambda:    20.00 x 1773.00  ( 6096.50, -2310.00), ( 6116.50, -537.00)  35460.00  
internal:     40 x 3546    ( 12193, -4620 ), ( 12233, -1074 )  141840    
Root cell box:
           width x height  (   llx,  lly  ), (   urx,  ury  )  area (units^2)

microns:   0.400 x 0.400   ( 60.865, -23.200), ( 61.265, -22.800)  0.160     
lambda:    40.00 x 40.00   ( 6086.50, -2320.00), ( 6126.50, -2280.00)  1600.00   
internal:     80 x 80      ( 12173, -4640 ), ( 12253, -4560 )  6400      
Root cell box:
           width x height  (   llx,  lly  ), (   urx,  ury  )  area (units^2)

microns:   0.200 x 0.200   ( 60.965, -23.100), ( 61.165, -22.900)  0.040     
lambda:    20.00 x 20.00   ( 6096.50, -2310.00), ( 6116.50, -2290.00)  400.00    
internal:     40 x 40      ( 12193, -4620 ), ( 12233, -4580 )  1600      
Root cell box:
           width x height  (   llx,  lly  ), (   urx,  ury  )  area (units^2)

microns:   0.400 x 0.400   ( 60.865, -23.200), ( 61.265, -22.800)  0.160     
lambda:    40.00 x 40.00   ( 6086.50, -2320.00), ( 6126.50, -2280.00)  1600.00   
internal:     80 x 80      ( 12173, -4640 ), ( 12253, -4560 )  6400      
Root cell box:
           width x height  (   llx,  lly  ), (   urx,  ury  )  area (units^2)

microns:   0.240 x 0.240   ( 59.050, -7.880), ( 59.290, -7.640)  0.058     
lambda:    24.00 x 24.00   ( 5905.00, -788.00), ( 5929.00, -764.00)  576.00    
internal:     48 x 48      ( 11810, -1576 ), ( 11858, -1528 )  2304      
Root cell box:
           width x height  (   llx,  lly  ), (   urx,  ury  )  area (units^2)

microns:   0.400 x 0.400   ( 58.970, -7.960), ( 59.370, -7.560)  0.160     
lambda:    40.00 x 40.00   ( 5897.00, -796.00), ( 5937.00, -756.00)  1600.00   
internal:     80 x 80      ( 11794, -1592 ), ( 11874, -1512 )  6400      
Root cell box:
           width x height  (   llx,  lly  ), (   urx,  ury  )  area (units^2)

microns:   0.200 x 0.200   ( 59.070, -7.860), ( 59.270, -7.660)  0.040     
lambda:    20.00 x 20.00   ( 5907.00, -786.00), ( 5927.00, -766.00)  400.00    
internal:     40 x 40      ( 11814, -1572 ), ( 11854, -1532 )  1600      
Root cell box:
           width x height  (   llx,  lly  ), (   urx,  ury  )  area (units^2)

microns:   0.400 x 0.400   ( 58.970, -7.960), ( 59.370, -7.560)  0.160     
lambda:    40.00 x 40.00   ( 5897.00, -796.00), ( 5937.00, -756.00)  1600.00   
internal:     80 x 80      ( 11794, -1592 ), ( 11874, -1512 )  6400      
Root cell box:
           width x height  (   llx,  lly  ), (   urx,  ury  )  area (units^2)

microns:   0.400 x 0.400   ( 58.970, -7.960), ( 59.370, -7.560)  0.160     
lambda:    40.00 x 40.00   ( 5897.00, -796.00), ( 5937.00, -756.00)  1600.00   
internal:     80 x 80      ( 11794, -1592 ), ( 11874, -1512 )  6400      
Root cell box:
           width x height  (   llx,  lly  ), (   urx,  ury  )  area (units^2)

microns:   0.200 x 0.200   ( 59.070, -7.860), ( 59.270, -7.660)  0.040     
lambda:    20.00 x 20.00   ( 5907.00, -786.00), ( 5927.00, -766.00)  400.00    
internal:     40 x 40      ( 11814, -1572 ), ( 11854, -1532 )  1600      
Root cell box:
           width x height  (   llx,  lly  ), (   urx,  ury  )  area (units^2)

microns:   0.400 x 0.400   ( 58.970, -7.960), ( 59.370, -7.560)  0.160     
lambda:    40.00 x 40.00   ( 5897.00, -796.00), ( 5937.00, -756.00)  1600.00   
internal:     80 x 80      ( 11794, -1592 ), ( 11874, -1512 )  6400      
Root cell box:
           width x height  (   llx,  lly  ), (   urx,  ury  )  area (units^2)

microns:   0.400 x 0.400   ( 58.970, -7.960), ( 59.370, -7.560)  0.160     
lambda:    40.00 x 40.00   ( 5897.00, -796.00), ( 5937.00, -756.00)  1600.00   
internal:     80 x 80      ( 11794, -1592 ), ( 11874, -1512 )  6400      
Root cell box:
           width x height  (   llx,  lly  ), (   urx,  ury  )  area (units^2)

microns:   0.200 x 0.200   ( 59.070, -7.860), ( 59.270, -7.660)  0.040     
lambda:    20.00 x 20.00   ( 5907.00, -786.00), ( 5927.00, -766.00)  400.00    
internal:     40 x 40      ( 11814, -1572 ), ( 11854, -1532 )  1600      
Root cell box:
           width x height  (   llx,  lly  ), (   urx,  ury  )  area (units^2)

microns:   0.400 x 0.400   ( 58.970, -7.960), ( 59.370, -7.560)  0.160     
lambda:    40.00 x 40.00   ( 5897.00, -796.00), ( 5937.00, -756.00)  1600.00   
internal:     80 x 80      ( 11794, -1592 ), ( 11874, -1512 )  6400      
Root cell box:
           width x height  (   llx,  lly  ), (   urx,  ury  )  area (units^2)

microns:   0.850 x 0.200   ( 58.420, -7.860), ( 59.270, -7.660)  0.170     
lambda:    85.00 x 20.00   ( 5842.00, -786.00), ( 5927.00, -766.00)  1700.00   
internal:    170 x 40      ( 11684, -1572 ), ( 11854, -1532 )  6800      
Root cell box:
           width x height  (   llx,  lly  ), (   urx,  ury  )  area (units^2)

microns:   0.400 x 0.400   ( 58.320, -7.960), ( 58.720, -7.560)  0.160     
lambda:    40.00 x 40.00   ( 5832.00, -796.00), ( 5872.00, -756.00)  1600.00   
internal:     80 x 80      ( 11664, -1592 ), ( 11744, -1512 )  6400      
Root cell box:
           width x height  (   llx,  lly  ), (   urx,  ury  )  area (units^2)

microns:   0.200 x 0.200   ( 58.420, -7.860), ( 58.620, -7.660)  0.040     
lambda:    20.00 x 20.00   ( 5842.00, -786.00), ( 5862.00, -766.00)  400.00    
internal:     40 x 40      ( 11684, -1572 ), ( 11724, -1532 )  1600      
Root cell box:
           width x height  (   llx,  lly  ), (   urx,  ury  )  area (units^2)

microns:   0.400 x 0.400   ( 58.320, -7.960), ( 58.720, -7.560)  0.160     
lambda:    40.00 x 40.00   ( 5832.00, -796.00), ( 5872.00, -756.00)  1600.00   
internal:     80 x 80      ( 11664, -1592 ), ( 11744, -1512 )  6400      
Root cell box:
           width x height  (   llx,  lly  ), (   urx,  ury  )  area (units^2)

microns:   0.200 x 15.440  ( 58.420, -23.100), ( 58.620, -7.660)  3.088     
lambda:    20.00 x 1544.00  ( 5842.00, -2310.00), ( 5862.00, -766.00)  30880.00  
internal:     40 x 3088    ( 11684, -4620 ), ( 11724, -1532 )  123520    
Root cell box:
           width x height  (   llx,  lly  ), (   urx,  ury  )  area (units^2)

microns:   0.400 x 0.400   ( 58.320, -23.200), ( 58.720, -22.800)  0.160     
lambda:    40.00 x 40.00   ( 5832.00, -2320.00), ( 5872.00, -2280.00)  1600.00   
internal:     80 x 80      ( 11664, -4640 ), ( 11744, -4560 )  6400      
Root cell box:
           width x height  (   llx,  lly  ), (   urx,  ury  )  area (units^2)

microns:   0.200 x 0.200   ( 58.420, -23.100), ( 58.620, -22.900)  0.040     
lambda:    20.00 x 20.00   ( 5842.00, -2310.00), ( 5862.00, -2290.00)  400.00    
internal:     40 x 40      ( 11684, -4620 ), ( 11724, -4580 )  1600      
Root cell box:
           width x height  (   llx,  lly  ), (   urx,  ury  )  area (units^2)

microns:   0.400 x 0.400   ( 58.320, -23.200), ( 58.720, -22.800)  0.160     
lambda:    40.00 x 40.00   ( 5832.00, -2320.00), ( 5872.00, -2280.00)  1600.00   
internal:     80 x 80      ( 11664, -4640 ), ( 11744, -4560 )  6400      
Root cell box:
           width x height  (   llx,  lly  ), (   urx,  ury  )  area (units^2)

microns:   0.240 x 0.240   ( 59.365, -7.100), ( 59.605, -6.860)  0.058     
lambda:    24.00 x 24.00   ( 5936.50, -710.00), ( 5960.50, -686.00)  576.00    
internal:     48 x 48      ( 11873, -1420 ), ( 11921, -1372 )  2304      
Root cell box:
           width x height  (   llx,  lly  ), (   urx,  ury  )  area (units^2)

microns:   0.400 x 0.400   ( 59.285, -7.180), ( 59.685, -6.780)  0.160     
lambda:    40.00 x 40.00   ( 5928.50, -718.00), ( 5968.50, -678.00)  1600.00   
internal:     80 x 80      ( 11857, -1436 ), ( 11937, -1356 )  6400      
Root cell box:
           width x height  (   llx,  lly  ), (   urx,  ury  )  area (units^2)

microns:   0.200 x 0.200   ( 59.385, -7.080), ( 59.585, -6.880)  0.040     
lambda:    20.00 x 20.00   ( 5938.50, -708.00), ( 5958.50, -688.00)  400.00    
internal:     40 x 40      ( 11877, -1416 ), ( 11917, -1376 )  1600      
Root cell box:
           width x height  (   llx,  lly  ), (   urx,  ury  )  area (units^2)

microns:   0.400 x 0.400   ( 59.285, -7.180), ( 59.685, -6.780)  0.160     
lambda:    40.00 x 40.00   ( 5928.50, -718.00), ( 5968.50, -678.00)  1600.00   
internal:     80 x 80      ( 11857, -1436 ), ( 11937, -1356 )  6400      
Root cell box:
           width x height  (   llx,  lly  ), (   urx,  ury  )  area (units^2)

microns:   0.400 x 0.400   ( 59.285, -7.180), ( 59.685, -6.780)  0.160     
lambda:    40.00 x 40.00   ( 5928.50, -718.00), ( 5968.50, -678.00)  1600.00   
internal:     80 x 80      ( 11857, -1436 ), ( 11937, -1356 )  6400      
Root cell box:
           width x height  (   llx,  lly  ), (   urx,  ury  )  area (units^2)

microns:   0.200 x 0.200   ( 59.385, -7.080), ( 59.585, -6.880)  0.040     
lambda:    20.00 x 20.00   ( 5938.50, -708.00), ( 5958.50, -688.00)  400.00    
internal:     40 x 40      ( 11877, -1416 ), ( 11917, -1376 )  1600      
Root cell box:
           width x height  (   llx,  lly  ), (   urx,  ury  )  area (units^2)

microns:   0.400 x 0.400   ( 59.285, -7.180), ( 59.685, -6.780)  0.160     
lambda:    40.00 x 40.00   ( 5928.50, -718.00), ( 5968.50, -678.00)  1600.00   
internal:     80 x 80      ( 11857, -1436 ), ( 11937, -1356 )  6400      
Root cell box:
           width x height  (   llx,  lly  ), (   urx,  ury  )  area (units^2)

microns:   0.400 x 0.400   ( 59.285, -7.180), ( 59.685, -6.780)  0.160     
lambda:    40.00 x 40.00   ( 5928.50, -718.00), ( 5968.50, -678.00)  1600.00   
internal:     80 x 80      ( 11857, -1436 ), ( 11937, -1356 )  6400      
Root cell box:
           width x height  (   llx,  lly  ), (   urx,  ury  )  area (units^2)

microns:   0.200 x 0.200   ( 59.385, -7.080), ( 59.585, -6.880)  0.040     
lambda:    20.00 x 20.00   ( 5938.50, -708.00), ( 5958.50, -688.00)  400.00    
internal:     40 x 40      ( 11877, -1416 ), ( 11917, -1376 )  1600      
Root cell box:
           width x height  (   llx,  lly  ), (   urx,  ury  )  area (units^2)

microns:   0.400 x 0.400   ( 59.285, -7.180), ( 59.685, -6.780)  0.160     
lambda:    40.00 x 40.00   ( 5928.50, -718.00), ( 5968.50, -678.00)  1600.00   
internal:     80 x 80      ( 11857, -1436 ), ( 11937, -1356 )  6400      
Root cell box:
           width x height  (   llx,  lly  ), (   urx,  ury  )  area (units^2)

microns:   0.850 x 0.200   ( 59.385, -7.080), ( 60.235, -6.880)  0.170     
lambda:    85.00 x 20.00   ( 5938.50, -708.00), ( 6023.50, -688.00)  1700.00   
internal:    170 x 40      ( 11877, -1416 ), ( 12047, -1376 )  6800      
Root cell box:
           width x height  (   llx,  lly  ), (   urx,  ury  )  area (units^2)

microns:   0.400 x 0.400   ( 59.935, -7.180), ( 60.335, -6.780)  0.160     
lambda:    40.00 x 40.00   ( 5993.50, -718.00), ( 6033.50, -678.00)  1600.00   
internal:     80 x 80      ( 11987, -1436 ), ( 12067, -1356 )  6400      
Root cell box:
           width x height  (   llx,  lly  ), (   urx,  ury  )  area (units^2)

microns:   0.200 x 0.200   ( 60.035, -7.080), ( 60.235, -6.880)  0.040     
lambda:    20.00 x 20.00   ( 6003.50, -708.00), ( 6023.50, -688.00)  400.00    
internal:     40 x 40      ( 12007, -1416 ), ( 12047, -1376 )  1600      
Root cell box:
           width x height  (   llx,  lly  ), (   urx,  ury  )  area (units^2)

microns:   0.400 x 0.400   ( 59.935, -7.180), ( 60.335, -6.780)  0.160     
lambda:    40.00 x 40.00   ( 5993.50, -718.00), ( 6033.50, -678.00)  1600.00   
internal:     80 x 80      ( 11987, -1436 ), ( 12067, -1356 )  6400      
Root cell box:
           width x height  (   llx,  lly  ), (   urx,  ury  )  area (units^2)

microns:   0.200 x 16.220  ( 60.035, -23.100), ( 60.235, -6.880)  3.244     
lambda:    20.00 x 1622.00  ( 6003.50, -2310.00), ( 6023.50, -688.00)  32440.00  
internal:     40 x 3244    ( 12007, -4620 ), ( 12047, -1376 )  129760    
Root cell box:
           width x height  (   llx,  lly  ), (   urx,  ury  )  area (units^2)

microns:   0.400 x 0.400   ( 59.935, -23.200), ( 60.335, -22.800)  0.160     
lambda:    40.00 x 40.00   ( 5993.50, -2320.00), ( 6033.50, -2280.00)  1600.00   
internal:     80 x 80      ( 11987, -4640 ), ( 12067, -4560 )  6400      
Root cell box:
           width x height  (   llx,  lly  ), (   urx,  ury  )  area (units^2)

microns:   0.200 x 0.200   ( 60.035, -23.100), ( 60.235, -22.900)  0.040     
lambda:    20.00 x 20.00   ( 6003.50, -2310.00), ( 6023.50, -2290.00)  400.00    
internal:     40 x 40      ( 12007, -4620 ), ( 12047, -4580 )  1600      
Root cell box:
           width x height  (   llx,  lly  ), (   urx,  ury  )  area (units^2)

microns:   0.400 x 0.400   ( 59.935, -23.200), ( 60.335, -22.800)  0.160     
lambda:    40.00 x 40.00   ( 5993.50, -2320.00), ( 6033.50, -2280.00)  1600.00   
internal:     80 x 80      ( 11987, -4640 ), ( 12067, -4560 )  6400      
Root cell box:
           width x height  (   llx,  lly  ), (   urx,  ury  )  area (units^2)

microns:   0.240 x 0.240   ( 59.000, -13.510), ( 59.240, -13.270)  0.058     
lambda:    24.00 x 24.00   ( 5900.00, -1351.00), ( 5924.00, -1327.00)  576.00    
internal:     48 x 48      ( 11800, -2702 ), ( 11848, -2654 )  2304      
Root cell box:
           width x height  (   llx,  lly  ), (   urx,  ury  )  area (units^2)

microns:   0.400 x 0.400   ( 58.920, -13.590), ( 59.320, -13.190)  0.160     
lambda:    40.00 x 40.00   ( 5892.00, -1359.00), ( 5932.00, -1319.00)  1600.00   
internal:     80 x 80      ( 11784, -2718 ), ( 11864, -2638 )  6400      
Root cell box:
           width x height  (   llx,  lly  ), (   urx,  ury  )  area (units^2)

microns:   0.200 x 0.200   ( 59.020, -13.490), ( 59.220, -13.290)  0.040     
lambda:    20.00 x 20.00   ( 5902.00, -1349.00), ( 5922.00, -1329.00)  400.00    
internal:     40 x 40      ( 11804, -2698 ), ( 11844, -2658 )  1600      
Root cell box:
           width x height  (   llx,  lly  ), (   urx,  ury  )  area (units^2)

microns:   0.400 x 0.400   ( 58.920, -13.590), ( 59.320, -13.190)  0.160     
lambda:    40.00 x 40.00   ( 5892.00, -1359.00), ( 5932.00, -1319.00)  1600.00   
internal:     80 x 80      ( 11784, -2718 ), ( 11864, -2638 )  6400      
Root cell box:
           width x height  (   llx,  lly  ), (   urx,  ury  )  area (units^2)

microns:   0.400 x 0.400   ( 58.920, -13.590), ( 59.320, -13.190)  0.160     
lambda:    40.00 x 40.00   ( 5892.00, -1359.00), ( 5932.00, -1319.00)  1600.00   
internal:     80 x 80      ( 11784, -2718 ), ( 11864, -2638 )  6400      
Root cell box:
           width x height  (   llx,  lly  ), (   urx,  ury  )  area (units^2)

microns:   0.200 x 0.200   ( 59.020, -13.490), ( 59.220, -13.290)  0.040     
lambda:    20.00 x 20.00   ( 5902.00, -1349.00), ( 5922.00, -1329.00)  400.00    
internal:     40 x 40      ( 11804, -2698 ), ( 11844, -2658 )  1600      
Root cell box:
           width x height  (   llx,  lly  ), (   urx,  ury  )  area (units^2)

microns:   0.400 x 0.400   ( 58.920, -13.590), ( 59.320, -13.190)  0.160     
lambda:    40.00 x 40.00   ( 5892.00, -1359.00), ( 5932.00, -1319.00)  1600.00   
internal:     80 x 80      ( 11784, -2718 ), ( 11864, -2638 )  6400      
Root cell box:
           width x height  (   llx,  lly  ), (   urx,  ury  )  area (units^2)

microns:   0.400 x 0.400   ( 58.920, -13.590), ( 59.320, -13.190)  0.160     
lambda:    40.00 x 40.00   ( 5892.00, -1359.00), ( 5932.00, -1319.00)  1600.00   
internal:     80 x 80      ( 11784, -2718 ), ( 11864, -2638 )  6400      
Root cell box:
           width x height  (   llx,  lly  ), (   urx,  ury  )  area (units^2)

microns:   0.200 x 0.200   ( 59.020, -13.490), ( 59.220, -13.290)  0.040     
lambda:    20.00 x 20.00   ( 5902.00, -1349.00), ( 5922.00, -1329.00)  400.00    
internal:     40 x 40      ( 11804, -2698 ), ( 11844, -2658 )  1600      
Root cell box:
           width x height  (   llx,  lly  ), (   urx,  ury  )  area (units^2)

microns:   0.400 x 0.400   ( 58.920, -13.590), ( 59.320, -13.190)  0.160     
lambda:    40.00 x 40.00   ( 5892.00, -1359.00), ( 5932.00, -1319.00)  1600.00   
internal:     80 x 80      ( 11784, -2718 ), ( 11864, -2638 )  6400      
Root cell box:
           width x height  (   llx,  lly  ), (   urx,  ury  )  area (units^2)

microns:   0.200 x 0.550   ( 59.020, -13.840), ( 59.220, -13.290)  0.110     
lambda:    20.00 x 55.00   ( 5902.00, -1384.00), ( 5922.00, -1329.00)  1100.00   
internal:     40 x 110     ( 11804, -2768 ), ( 11844, -2658 )  4400      
Root cell box:
           width x height  (   llx,  lly  ), (   urx,  ury  )  area (units^2)

microns:   0.400 x 0.400   ( 58.920, -13.940), ( 59.320, -13.540)  0.160     
lambda:    40.00 x 40.00   ( 5892.00, -1394.00), ( 5932.00, -1354.00)  1600.00   
internal:     80 x 80      ( 11784, -2788 ), ( 11864, -2708 )  6400      
Root cell box:
           width x height  (   llx,  lly  ), (   urx,  ury  )  area (units^2)

microns:   0.200 x 0.200   ( 59.020, -13.840), ( 59.220, -13.640)  0.040     
lambda:    20.00 x 20.00   ( 5902.00, -1384.00), ( 5922.00, -1364.00)  400.00    
internal:     40 x 40      ( 11804, -2768 ), ( 11844, -2728 )  1600      
Root cell box:
           width x height  (   llx,  lly  ), (   urx,  ury  )  area (units^2)

microns:   0.400 x 0.400   ( 58.920, -13.940), ( 59.320, -13.540)  0.160     
lambda:    40.00 x 40.00   ( 5892.00, -1394.00), ( 5932.00, -1354.00)  1600.00   
internal:     80 x 80      ( 11784, -2788 ), ( 11864, -2708 )  6400      
Root cell box:
           width x height  (   llx,  lly  ), (   urx,  ury  )  area (units^2)

microns:   0.200 x 9.460   ( 59.020, -23.100), ( 59.220, -13.640)  1.892     
lambda:    20.00 x 946.00  ( 5902.00, -2310.00), ( 5922.00, -1364.00)  18920.00  
internal:     40 x 1892    ( 11804, -4620 ), ( 11844, -2728 )  75680     
Root cell box:
           width x height  (   llx,  lly  ), (   urx,  ury  )  area (units^2)

microns:   0.400 x 0.400   ( 58.920, -23.200), ( 59.320, -22.800)  0.160     
lambda:    40.00 x 40.00   ( 5892.00, -2320.00), ( 5932.00, -2280.00)  1600.00   
internal:     80 x 80      ( 11784, -4640 ), ( 11864, -4560 )  6400      
Root cell box:
           width x height  (   llx,  lly  ), (   urx,  ury  )  area (units^2)

microns:   0.200 x 0.200   ( 59.020, -23.100), ( 59.220, -22.900)  0.040     
lambda:    20.00 x 20.00   ( 5902.00, -2310.00), ( 5922.00, -2290.00)  400.00    
internal:     40 x 40      ( 11804, -4620 ), ( 11844, -4580 )  1600      
Root cell box:
           width x height  (   llx,  lly  ), (   urx,  ury  )  area (units^2)

microns:   0.400 x 0.400   ( 58.920, -23.200), ( 59.320, -22.800)  0.160     
lambda:    40.00 x 40.00   ( 5892.00, -2320.00), ( 5932.00, -2280.00)  1600.00   
internal:     80 x 80      ( 11784, -4640 ), ( 11864, -4560 )  6400      
Root cell box:
           width x height  (   llx,  lly  ), (   urx,  ury  )  area (units^2)

microns:  12.115 x 0.200   ( 58.420, -23.100), ( 70.535, -22.900)  2.423     
lambda:   1211.50 x 20.00   ( 5842.00, -2310.00), ( 7053.50, -2290.00)  24230.00  
internal:   2423 x 40      ( 11684, -4620 ), ( 14107, -4580 )  96920     
Root cell box:
           width x height  (   llx,  lly  ), (   urx,  ury  )  area (units^2)

microns:   0.240 x 0.240   ( 65.400, -9.430), ( 65.640, -9.190)  0.058     
lambda:    24.00 x 24.00   ( 6540.00, -943.00), ( 6564.00, -919.00)  576.00    
internal:     48 x 48      ( 13080, -1886 ), ( 13128, -1838 )  2304      
Root cell box:
           width x height  (   llx,  lly  ), (   urx,  ury  )  area (units^2)

microns:   0.400 x 0.400   ( 65.320, -9.510), ( 65.720, -9.110)  0.160     
lambda:    40.00 x 40.00   ( 6532.00, -951.00), ( 6572.00, -911.00)  1600.00   
internal:     80 x 80      ( 13064, -1902 ), ( 13144, -1822 )  6400      
Root cell box:
           width x height  (   llx,  lly  ), (   urx,  ury  )  area (units^2)

microns:   0.200 x 0.200   ( 65.420, -9.410), ( 65.620, -9.210)  0.040     
lambda:    20.00 x 20.00   ( 6542.00, -941.00), ( 6562.00, -921.00)  400.00    
internal:     40 x 40      ( 13084, -1882 ), ( 13124, -1842 )  1600      
Root cell box:
           width x height  (   llx,  lly  ), (   urx,  ury  )  area (units^2)

microns:   0.400 x 0.400   ( 65.320, -9.510), ( 65.720, -9.110)  0.160     
lambda:    40.00 x 40.00   ( 6532.00, -951.00), ( 6572.00, -911.00)  1600.00   
internal:     80 x 80      ( 13064, -1902 ), ( 13144, -1822 )  6400      
Root cell box:
           width x height  (   llx,  lly  ), (   urx,  ury  )  area (units^2)

microns:   0.400 x 0.400   ( 65.320, -9.510), ( 65.720, -9.110)  0.160     
lambda:    40.00 x 40.00   ( 6532.00, -951.00), ( 6572.00, -911.00)  1600.00   
internal:     80 x 80      ( 13064, -1902 ), ( 13144, -1822 )  6400      
Root cell box:
           width x height  (   llx,  lly  ), (   urx,  ury  )  area (units^2)

microns:   0.200 x 0.200   ( 65.420, -9.410), ( 65.620, -9.210)  0.040     
lambda:    20.00 x 20.00   ( 6542.00, -941.00), ( 6562.00, -921.00)  400.00    
internal:     40 x 40      ( 13084, -1882 ), ( 13124, -1842 )  1600      
Root cell box:
           width x height  (   llx,  lly  ), (   urx,  ury  )  area (units^2)

microns:   0.400 x 0.400   ( 65.320, -9.510), ( 65.720, -9.110)  0.160     
lambda:    40.00 x 40.00   ( 6532.00, -951.00), ( 6572.00, -911.00)  1600.00   
internal:     80 x 80      ( 13064, -1902 ), ( 13144, -1822 )  6400      
Root cell box:
           width x height  (   llx,  lly  ), (   urx,  ury  )  area (units^2)

microns:   0.400 x 0.400   ( 65.320, -9.510), ( 65.720, -9.110)  0.160     
lambda:    40.00 x 40.00   ( 6532.00, -951.00), ( 6572.00, -911.00)  1600.00   
internal:     80 x 80      ( 13064, -1902 ), ( 13144, -1822 )  6400      
Root cell box:
           width x height  (   llx,  lly  ), (   urx,  ury  )  area (units^2)

microns:   0.200 x 0.200   ( 65.420, -9.410), ( 65.620, -9.210)  0.040     
lambda:    20.00 x 20.00   ( 6542.00, -941.00), ( 6562.00, -921.00)  400.00    
internal:     40 x 40      ( 13084, -1882 ), ( 13124, -1842 )  1600      
Root cell box:
           width x height  (   llx,  lly  ), (   urx,  ury  )  area (units^2)

microns:   0.400 x 0.400   ( 65.320, -9.510), ( 65.720, -9.110)  0.160     
lambda:    40.00 x 40.00   ( 6532.00, -951.00), ( 6572.00, -911.00)  1600.00   
internal:     80 x 80      ( 13064, -1902 ), ( 13144, -1822 )  6400      
Root cell box:
           width x height  (   llx,  lly  ), (   urx,  ury  )  area (units^2)

microns:   1.500 x 0.200   ( 65.420, -9.410), ( 66.920, -9.210)  0.300     
lambda:   150.00 x 20.00   ( 6542.00, -941.00), ( 6692.00, -921.00)  3000.00   
internal:    300 x 40      ( 13084, -1882 ), ( 13384, -1842 )  12000     
Root cell box:
           width x height  (   llx,  lly  ), (   urx,  ury  )  area (units^2)

microns:   0.400 x 0.400   ( 66.620, -9.510), ( 67.020, -9.110)  0.160     
lambda:    40.00 x 40.00   ( 6662.00, -951.00), ( 6702.00, -911.00)  1600.00   
internal:     80 x 80      ( 13324, -1902 ), ( 13404, -1822 )  6400      
Root cell box:
           width x height  (   llx,  lly  ), (   urx,  ury  )  area (units^2)

microns:   0.200 x 0.200   ( 66.720, -9.410), ( 66.920, -9.210)  0.040     
lambda:    20.00 x 20.00   ( 6672.00, -941.00), ( 6692.00, -921.00)  400.00    
internal:     40 x 40      ( 13344, -1882 ), ( 13384, -1842 )  1600      
Root cell box:
           width x height  (   llx,  lly  ), (   urx,  ury  )  area (units^2)

microns:   0.400 x 0.400   ( 66.620, -9.510), ( 67.020, -9.110)  0.160     
lambda:    40.00 x 40.00   ( 6662.00, -951.00), ( 6702.00, -911.00)  1600.00   
internal:     80 x 80      ( 13324, -1902 ), ( 13404, -1822 )  6400      
Root cell box:
           width x height  (   llx,  lly  ), (   urx,  ury  )  area (units^2)

microns:   0.200 x 14.890  ( 66.720, -24.100), ( 66.920, -9.210)  2.978     
lambda:    20.00 x 1489.00  ( 6672.00, -2410.00), ( 6692.00, -921.00)  29780.00  
internal:     40 x 2978    ( 13344, -4820 ), ( 13384, -1842 )  119120    
Root cell box:
           width x height  (   llx,  lly  ), (   urx,  ury  )  area (units^2)

microns:   0.400 x 0.400   ( 66.620, -24.200), ( 67.020, -23.800)  0.160     
lambda:    40.00 x 40.00   ( 6662.00, -2420.00), ( 6702.00, -2380.00)  1600.00   
internal:     80 x 80      ( 13324, -4840 ), ( 13404, -4760 )  6400      
Root cell box:
           width x height  (   llx,  lly  ), (   urx,  ury  )  area (units^2)

microns:   0.200 x 0.200   ( 66.720, -24.100), ( 66.920, -23.900)  0.040     
lambda:    20.00 x 20.00   ( 6672.00, -2410.00), ( 6692.00, -2390.00)  400.00    
internal:     40 x 40      ( 13344, -4820 ), ( 13384, -4780 )  1600      
Root cell box:
           width x height  (   llx,  lly  ), (   urx,  ury  )  area (units^2)

microns:   0.400 x 0.400   ( 66.620, -24.200), ( 67.020, -23.800)  0.160     
lambda:    40.00 x 40.00   ( 6662.00, -2420.00), ( 6702.00, -2380.00)  1600.00   
internal:     80 x 80      ( 13324, -4840 ), ( 13404, -4760 )  6400      
Root cell box:
           width x height  (   llx,  lly  ), (   urx,  ury  )  area (units^2)

microns:   0.240 x 0.240   ( 64.710, -6.400), ( 64.950, -6.160)  0.058     
lambda:    24.00 x 24.00   ( 6471.00, -640.00), ( 6495.00, -616.00)  576.00    
internal:     48 x 48      ( 12942, -1280 ), ( 12990, -1232 )  2304      
Root cell box:
           width x height  (   llx,  lly  ), (   urx,  ury  )  area (units^2)

microns:   0.400 x 0.400   ( 64.630, -6.480), ( 65.030, -6.080)  0.160     
lambda:    40.00 x 40.00   ( 6463.00, -648.00), ( 6503.00, -608.00)  1600.00   
internal:     80 x 80      ( 12926, -1296 ), ( 13006, -1216 )  6400      
Root cell box:
           width x height  (   llx,  lly  ), (   urx,  ury  )  area (units^2)

microns:   0.200 x 0.200   ( 64.730, -6.380), ( 64.930, -6.180)  0.040     
lambda:    20.00 x 20.00   ( 6473.00, -638.00), ( 6493.00, -618.00)  400.00    
internal:     40 x 40      ( 12946, -1276 ), ( 12986, -1236 )  1600      
Root cell box:
           width x height  (   llx,  lly  ), (   urx,  ury  )  area (units^2)

microns:   0.400 x 0.400   ( 64.630, -6.480), ( 65.030, -6.080)  0.160     
lambda:    40.00 x 40.00   ( 6463.00, -648.00), ( 6503.00, -608.00)  1600.00   
internal:     80 x 80      ( 12926, -1296 ), ( 13006, -1216 )  6400      
Root cell box:
           width x height  (   llx,  lly  ), (   urx,  ury  )  area (units^2)

microns:   0.400 x 0.400   ( 64.630, -6.480), ( 65.030, -6.080)  0.160     
lambda:    40.00 x 40.00   ( 6463.00, -648.00), ( 6503.00, -608.00)  1600.00   
internal:     80 x 80      ( 12926, -1296 ), ( 13006, -1216 )  6400      
Root cell box:
           width x height  (   llx,  lly  ), (   urx,  ury  )  area (units^2)

microns:   0.200 x 0.200   ( 64.730, -6.380), ( 64.930, -6.180)  0.040     
lambda:    20.00 x 20.00   ( 6473.00, -638.00), ( 6493.00, -618.00)  400.00    
internal:     40 x 40      ( 12946, -1276 ), ( 12986, -1236 )  1600      
Root cell box:
           width x height  (   llx,  lly  ), (   urx,  ury  )  area (units^2)

microns:   0.400 x 0.400   ( 64.630, -6.480), ( 65.030, -6.080)  0.160     
lambda:    40.00 x 40.00   ( 6463.00, -648.00), ( 6503.00, -608.00)  1600.00   
internal:     80 x 80      ( 12926, -1296 ), ( 13006, -1216 )  6400      
Root cell box:
           width x height  (   llx,  lly  ), (   urx,  ury  )  area (units^2)

microns:   0.400 x 0.400   ( 64.630, -6.480), ( 65.030, -6.080)  0.160     
lambda:    40.00 x 40.00   ( 6463.00, -648.00), ( 6503.00, -608.00)  1600.00   
internal:     80 x 80      ( 12926, -1296 ), ( 13006, -1216 )  6400      
Root cell box:
           width x height  (   llx,  lly  ), (   urx,  ury  )  area (units^2)

microns:   0.200 x 0.200   ( 64.730, -6.380), ( 64.930, -6.180)  0.040     
lambda:    20.00 x 20.00   ( 6473.00, -638.00), ( 6493.00, -618.00)  400.00    
internal:     40 x 40      ( 12946, -1276 ), ( 12986, -1236 )  1600      
Root cell box:
           width x height  (   llx,  lly  ), (   urx,  ury  )  area (units^2)

microns:   0.400 x 0.400   ( 64.630, -6.480), ( 65.030, -6.080)  0.160     
lambda:    40.00 x 40.00   ( 6463.00, -648.00), ( 6503.00, -608.00)  1600.00   
internal:     80 x 80      ( 12926, -1296 ), ( 13006, -1216 )  6400      
Root cell box:
           width x height  (   llx,  lly  ), (   urx,  ury  )  area (units^2)

microns:   0.850 x 0.200   ( 64.080, -6.380), ( 64.930, -6.180)  0.170     
lambda:    85.00 x 20.00   ( 6408.00, -638.00), ( 6493.00, -618.00)  1700.00   
internal:    170 x 40      ( 12816, -1276 ), ( 12986, -1236 )  6800      
Root cell box:
           width x height  (   llx,  lly  ), (   urx,  ury  )  area (units^2)

microns:   0.400 x 0.400   ( 63.980, -6.480), ( 64.380, -6.080)  0.160     
lambda:    40.00 x 40.00   ( 6398.00, -648.00), ( 6438.00, -608.00)  1600.00   
internal:     80 x 80      ( 12796, -1296 ), ( 12876, -1216 )  6400      
Root cell box:
           width x height  (   llx,  lly  ), (   urx,  ury  )  area (units^2)

microns:   0.200 x 0.200   ( 64.080, -6.380), ( 64.280, -6.180)  0.040     
lambda:    20.00 x 20.00   ( 6408.00, -638.00), ( 6428.00, -618.00)  400.00    
internal:     40 x 40      ( 12816, -1276 ), ( 12856, -1236 )  1600      
Root cell box:
           width x height  (   llx,  lly  ), (   urx,  ury  )  area (units^2)

microns:   0.400 x 0.400   ( 63.980, -6.480), ( 64.380, -6.080)  0.160     
lambda:    40.00 x 40.00   ( 6398.00, -648.00), ( 6438.00, -608.00)  1600.00   
internal:     80 x 80      ( 12796, -1296 ), ( 12876, -1216 )  6400      
Root cell box:
           width x height  (   llx,  lly  ), (   urx,  ury  )  area (units^2)

microns:   0.200 x 17.920  ( 64.080, -24.100), ( 64.280, -6.180)  3.584     
lambda:    20.00 x 1792.00  ( 6408.00, -2410.00), ( 6428.00, -618.00)  35840.00  
internal:     40 x 3584    ( 12816, -4820 ), ( 12856, -1236 )  143360    
Root cell box:
           width x height  (   llx,  lly  ), (   urx,  ury  )  area (units^2)

microns:   0.400 x 0.400   ( 63.980, -24.200), ( 64.380, -23.800)  0.160     
lambda:    40.00 x 40.00   ( 6398.00, -2420.00), ( 6438.00, -2380.00)  1600.00   
internal:     80 x 80      ( 12796, -4840 ), ( 12876, -4760 )  6400      
Root cell box:
           width x height  (   llx,  lly  ), (   urx,  ury  )  area (units^2)

microns:   0.200 x 0.200   ( 64.080, -24.100), ( 64.280, -23.900)  0.040     
lambda:    20.00 x 20.00   ( 6408.00, -2410.00), ( 6428.00, -2390.00)  400.00    
internal:     40 x 40      ( 12816, -4820 ), ( 12856, -4780 )  1600      
Root cell box:
           width x height  (   llx,  lly  ), (   urx,  ury  )  area (units^2)

microns:   0.400 x 0.400   ( 63.980, -24.200), ( 64.380, -23.800)  0.160     
lambda:    40.00 x 40.00   ( 6398.00, -2420.00), ( 6438.00, -2380.00)  1600.00   
internal:     80 x 80      ( 12796, -4840 ), ( 12876, -4760 )  6400      
Root cell box:
           width x height  (   llx,  lly  ), (   urx,  ury  )  area (units^2)

microns:   2.840 x 0.200   ( 64.080, -24.100), ( 66.920, -23.900)  0.568     
lambda:   284.00 x 20.00   ( 6408.00, -2410.00), ( 6692.00, -2390.00)  5680.00   
internal:    568 x 40      ( 12816, -4820 ), ( 13384, -4780 )  22720     
Root cell box:
           width x height  (   llx,  lly  ), (   urx,  ury  )  area (units^2)

microns:   0.240 x 0.240   ( 62.620, -9.460), ( 62.860, -9.220)  0.058     
lambda:    24.00 x 24.00   ( 6262.00, -946.00), ( 6286.00, -922.00)  576.00    
internal:     48 x 48      ( 12524, -1892 ), ( 12572, -1844 )  2304      
Root cell box:
           width x height  (   llx,  lly  ), (   urx,  ury  )  area (units^2)

microns:   0.400 x 0.400   ( 62.540, -9.540), ( 62.940, -9.140)  0.160     
lambda:    40.00 x 40.00   ( 6254.00, -954.00), ( 6294.00, -914.00)  1600.00   
internal:     80 x 80      ( 12508, -1908 ), ( 12588, -1828 )  6400      
Root cell box:
           width x height  (   llx,  lly  ), (   urx,  ury  )  area (units^2)

microns:   0.200 x 0.200   ( 62.640, -9.440), ( 62.840, -9.240)  0.040     
lambda:    20.00 x 20.00   ( 6264.00, -944.00), ( 6284.00, -924.00)  400.00    
internal:     40 x 40      ( 12528, -1888 ), ( 12568, -1848 )  1600      
Root cell box:
           width x height  (   llx,  lly  ), (   urx,  ury  )  area (units^2)

microns:   0.400 x 0.400   ( 62.540, -9.540), ( 62.940, -9.140)  0.160     
lambda:    40.00 x 40.00   ( 6254.00, -954.00), ( 6294.00, -914.00)  1600.00   
internal:     80 x 80      ( 12508, -1908 ), ( 12588, -1828 )  6400      
Root cell box:
           width x height  (   llx,  lly  ), (   urx,  ury  )  area (units^2)

microns:   0.400 x 0.400   ( 62.540, -9.540), ( 62.940, -9.140)  0.160     
lambda:    40.00 x 40.00   ( 6254.00, -954.00), ( 6294.00, -914.00)  1600.00   
internal:     80 x 80      ( 12508, -1908 ), ( 12588, -1828 )  6400      
Root cell box:
           width x height  (   llx,  lly  ), (   urx,  ury  )  area (units^2)

microns:   0.200 x 0.200   ( 62.640, -9.440), ( 62.840, -9.240)  0.040     
lambda:    20.00 x 20.00   ( 6264.00, -944.00), ( 6284.00, -924.00)  400.00    
internal:     40 x 40      ( 12528, -1888 ), ( 12568, -1848 )  1600      
Root cell box:
           width x height  (   llx,  lly  ), (   urx,  ury  )  area (units^2)

microns:   0.400 x 0.400   ( 62.540, -9.540), ( 62.940, -9.140)  0.160     
lambda:    40.00 x 40.00   ( 6254.00, -954.00), ( 6294.00, -914.00)  1600.00   
internal:     80 x 80      ( 12508, -1908 ), ( 12588, -1828 )  6400      
Root cell box:
           width x height  (   llx,  lly  ), (   urx,  ury  )  area (units^2)

microns:   0.400 x 0.400   ( 62.540, -9.540), ( 62.940, -9.140)  0.160     
lambda:    40.00 x 40.00   ( 6254.00, -954.00), ( 6294.00, -914.00)  1600.00   
internal:     80 x 80      ( 12508, -1908 ), ( 12588, -1828 )  6400      
Root cell box:
           width x height  (   llx,  lly  ), (   urx,  ury  )  area (units^2)

microns:   0.200 x 0.200   ( 62.640, -9.440), ( 62.840, -9.240)  0.040     
lambda:    20.00 x 20.00   ( 6264.00, -944.00), ( 6284.00, -924.00)  400.00    
internal:     40 x 40      ( 12528, -1888 ), ( 12568, -1848 )  1600      
Root cell box:
           width x height  (   llx,  lly  ), (   urx,  ury  )  area (units^2)

microns:   0.400 x 0.400   ( 62.540, -9.540), ( 62.940, -9.140)  0.160     
lambda:    40.00 x 40.00   ( 6254.00, -954.00), ( 6294.00, -914.00)  1600.00   
internal:     80 x 80      ( 12508, -1908 ), ( 12588, -1828 )  6400      
Root cell box:
           width x height  (   llx,  lly  ), (   urx,  ury  )  area (units^2)

microns:   5.400 x 0.200   ( 57.440, -9.440), ( 62.840, -9.240)  1.080     
lambda:   540.00 x 20.00   ( 5744.00, -944.00), ( 6284.00, -924.00)  10800.00  
internal:   1080 x 40      ( 11488, -1888 ), ( 12568, -1848 )  43200     
Root cell box:
           width x height  (   llx,  lly  ), (   urx,  ury  )  area (units^2)

microns:   0.400 x 0.400   ( 57.340, -9.540), ( 57.740, -9.140)  0.160     
lambda:    40.00 x 40.00   ( 5734.00, -954.00), ( 5774.00, -914.00)  1600.00   
internal:     80 x 80      ( 11468, -1908 ), ( 11548, -1828 )  6400      
Root cell box:
           width x height  (   llx,  lly  ), (   urx,  ury  )  area (units^2)

microns:   0.200 x 0.200   ( 57.440, -9.440), ( 57.640, -9.240)  0.040     
lambda:    20.00 x 20.00   ( 5744.00, -944.00), ( 5764.00, -924.00)  400.00    
internal:     40 x 40      ( 11488, -1888 ), ( 11528, -1848 )  1600      
Root cell box:
           width x height  (   llx,  lly  ), (   urx,  ury  )  area (units^2)

microns:   0.400 x 0.400   ( 57.340, -9.540), ( 57.740, -9.140)  0.160     
lambda:    40.00 x 40.00   ( 5734.00, -954.00), ( 5774.00, -914.00)  1600.00   
internal:     80 x 80      ( 11468, -1908 ), ( 11548, -1828 )  6400      
Root cell box:
           width x height  (   llx,  lly  ), (   urx,  ury  )  area (units^2)

microns:   0.200 x 15.860  ( 57.440, -25.100), ( 57.640, -9.240)  3.172     
lambda:    20.00 x 1586.00  ( 5744.00, -2510.00), ( 5764.00, -924.00)  31720.00  
internal:     40 x 3172    ( 11488, -5020 ), ( 11528, -1848 )  126880    
Root cell box:
           width x height  (   llx,  lly  ), (   urx,  ury  )  area (units^2)

microns:   0.400 x 0.400   ( 57.340, -25.200), ( 57.740, -24.800)  0.160     
lambda:    40.00 x 40.00   ( 5734.00, -2520.00), ( 5774.00, -2480.00)  1600.00   
internal:     80 x 80      ( 11468, -5040 ), ( 11548, -4960 )  6400      
Root cell box:
           width x height  (   llx,  lly  ), (   urx,  ury  )  area (units^2)

microns:   0.200 x 0.200   ( 57.440, -25.100), ( 57.640, -24.900)  0.040     
lambda:    20.00 x 20.00   ( 5744.00, -2510.00), ( 5764.00, -2490.00)  400.00    
internal:     40 x 40      ( 11488, -5020 ), ( 11528, -4980 )  1600      
Root cell box:
           width x height  (   llx,  lly  ), (   urx,  ury  )  area (units^2)

microns:   0.400 x 0.400   ( 57.340, -25.200), ( 57.740, -24.800)  0.160     
lambda:    40.00 x 40.00   ( 5734.00, -2520.00), ( 5774.00, -2480.00)  1600.00   
internal:     80 x 80      ( 11468, -5040 ), ( 11548, -4960 )  6400      
Root cell box:
           width x height  (   llx,  lly  ), (   urx,  ury  )  area (units^2)

microns:   0.240 x 0.240   ( 61.930, -6.370), ( 62.170, -6.130)  0.058     
lambda:    24.00 x 24.00   ( 6193.00, -637.00), ( 6217.00, -613.00)  576.00    
internal:     48 x 48      ( 12386, -1274 ), ( 12434, -1226 )  2304      
Root cell box:
           width x height  (   llx,  lly  ), (   urx,  ury  )  area (units^2)

microns:   0.400 x 0.400   ( 61.850, -6.450), ( 62.250, -6.050)  0.160     
lambda:    40.00 x 40.00   ( 6185.00, -645.00), ( 6225.00, -605.00)  1600.00   
internal:     80 x 80      ( 12370, -1290 ), ( 12450, -1210 )  6400      
Root cell box:
           width x height  (   llx,  lly  ), (   urx,  ury  )  area (units^2)

microns:   0.200 x 0.200   ( 61.950, -6.350), ( 62.150, -6.150)  0.040     
lambda:    20.00 x 20.00   ( 6195.00, -635.00), ( 6215.00, -615.00)  400.00    
internal:     40 x 40      ( 12390, -1270 ), ( 12430, -1230 )  1600      
Root cell box:
           width x height  (   llx,  lly  ), (   urx,  ury  )  area (units^2)

microns:   0.400 x 0.400   ( 61.850, -6.450), ( 62.250, -6.050)  0.160     
lambda:    40.00 x 40.00   ( 6185.00, -645.00), ( 6225.00, -605.00)  1600.00   
internal:     80 x 80      ( 12370, -1290 ), ( 12450, -1210 )  6400      
Root cell box:
           width x height  (   llx,  lly  ), (   urx,  ury  )  area (units^2)

microns:   0.400 x 0.400   ( 61.850, -6.450), ( 62.250, -6.050)  0.160     
lambda:    40.00 x 40.00   ( 6185.00, -645.00), ( 6225.00, -605.00)  1600.00   
internal:     80 x 80      ( 12370, -1290 ), ( 12450, -1210 )  6400      
Root cell box:
           width x height  (   llx,  lly  ), (   urx,  ury  )  area (units^2)

microns:   0.200 x 0.200   ( 61.950, -6.350), ( 62.150, -6.150)  0.040     
lambda:    20.00 x 20.00   ( 6195.00, -635.00), ( 6215.00, -615.00)  400.00    
internal:     40 x 40      ( 12390, -1270 ), ( 12430, -1230 )  1600      
Root cell box:
           width x height  (   llx,  lly  ), (   urx,  ury  )  area (units^2)

microns:   0.400 x 0.400   ( 61.850, -6.450), ( 62.250, -6.050)  0.160     
lambda:    40.00 x 40.00   ( 6185.00, -645.00), ( 6225.00, -605.00)  1600.00   
internal:     80 x 80      ( 12370, -1290 ), ( 12450, -1210 )  6400      
Root cell box:
           width x height  (   llx,  lly  ), (   urx,  ury  )  area (units^2)

microns:   0.400 x 0.400   ( 61.850, -6.450), ( 62.250, -6.050)  0.160     
lambda:    40.00 x 40.00   ( 6185.00, -645.00), ( 6225.00, -605.00)  1600.00   
internal:     80 x 80      ( 12370, -1290 ), ( 12450, -1210 )  6400      
Root cell box:
           width x height  (   llx,  lly  ), (   urx,  ury  )  area (units^2)

microns:   0.200 x 0.200   ( 61.950, -6.350), ( 62.150, -6.150)  0.040     
lambda:    20.00 x 20.00   ( 6195.00, -635.00), ( 6215.00, -615.00)  400.00    
internal:     40 x 40      ( 12390, -1270 ), ( 12430, -1230 )  1600      
Root cell box:
           width x height  (   llx,  lly  ), (   urx,  ury  )  area (units^2)

microns:   0.400 x 0.400   ( 61.850, -6.450), ( 62.250, -6.050)  0.160     
lambda:    40.00 x 40.00   ( 6185.00, -645.00), ( 6225.00, -605.00)  1600.00   
internal:     80 x 80      ( 12370, -1290 ), ( 12450, -1210 )  6400      
Root cell box:
           width x height  (   llx,  lly  ), (   urx,  ury  )  area (units^2)

microns:   5.400 x 0.200   ( 56.750, -6.350), ( 62.150, -6.150)  1.080     
lambda:   540.00 x 20.00   ( 5675.00, -635.00), ( 6215.00, -615.00)  10800.00  
internal:   1080 x 40      ( 11350, -1270 ), ( 12430, -1230 )  43200     
Root cell box:
           width x height  (   llx,  lly  ), (   urx,  ury  )  area (units^2)

microns:   0.400 x 0.400   ( 56.650, -6.450), ( 57.050, -6.050)  0.160     
lambda:    40.00 x 40.00   ( 5665.00, -645.00), ( 5705.00, -605.00)  1600.00   
internal:     80 x 80      ( 11330, -1290 ), ( 11410, -1210 )  6400      
Root cell box:
           width x height  (   llx,  lly  ), (   urx,  ury  )  area (units^2)

microns:   0.200 x 0.200   ( 56.750, -6.350), ( 56.950, -6.150)  0.040     
lambda:    20.00 x 20.00   ( 5675.00, -635.00), ( 5695.00, -615.00)  400.00    
internal:     40 x 40      ( 11350, -1270 ), ( 11390, -1230 )  1600      
Root cell box:
           width x height  (   llx,  lly  ), (   urx,  ury  )  area (units^2)

microns:   0.400 x 0.400   ( 56.650, -6.450), ( 57.050, -6.050)  0.160     
lambda:    40.00 x 40.00   ( 5665.00, -645.00), ( 5705.00, -605.00)  1600.00   
internal:     80 x 80      ( 11330, -1290 ), ( 11410, -1210 )  6400      
Root cell box:
           width x height  (   llx,  lly  ), (   urx,  ury  )  area (units^2)

microns:   0.200 x 18.950  ( 56.750, -25.100), ( 56.950, -6.150)  3.790     
lambda:    20.00 x 1895.00  ( 5675.00, -2510.00), ( 5695.00, -615.00)  37900.00  
internal:     40 x 3790    ( 11350, -5020 ), ( 11390, -1230 )  151600    
Root cell box:
           width x height  (   llx,  lly  ), (   urx,  ury  )  area (units^2)

microns:   0.400 x 0.400   ( 56.650, -25.200), ( 57.050, -24.800)  0.160     
lambda:    40.00 x 40.00   ( 5665.00, -2520.00), ( 5705.00, -2480.00)  1600.00   
internal:     80 x 80      ( 11330, -5040 ), ( 11410, -4960 )  6400      
Root cell box:
           width x height  (   llx,  lly  ), (   urx,  ury  )  area (units^2)

microns:   0.200 x 0.200   ( 56.750, -25.100), ( 56.950, -24.900)  0.040     
lambda:    20.00 x 20.00   ( 5675.00, -2510.00), ( 5695.00, -2490.00)  400.00    
internal:     40 x 40      ( 11350, -5020 ), ( 11390, -4980 )  1600      
Root cell box:
           width x height  (   llx,  lly  ), (   urx,  ury  )  area (units^2)

microns:   0.400 x 0.400   ( 56.650, -25.200), ( 57.050, -24.800)  0.160     
lambda:    40.00 x 40.00   ( 5665.00, -2520.00), ( 5705.00, -2480.00)  1600.00   
internal:     80 x 80      ( 11330, -5040 ), ( 11410, -4960 )  6400      
Root cell box:
           width x height  (   llx,  lly  ), (   urx,  ury  )  area (units^2)

microns:   0.890 x 0.200   ( 56.750, -25.100), ( 57.640, -24.900)  0.178     
lambda:    89.00 x 20.00   ( 5675.00, -2510.00), ( 5764.00, -2490.00)  1780.00   
internal:    178 x 40      ( 11350, -5020 ), ( 11528, -4980 )  7120      
Root cell box:
           width x height  (   llx,  lly  ), (   urx,  ury  )  area (units^2)

microns:   0.240 x 0.240   ( 68.500, -12.710), ( 68.740, -12.470)  0.058     
lambda:    24.00 x 24.00   ( 6850.00, -1271.00), ( 6874.00, -1247.00)  576.00    
internal:     48 x 48      ( 13700, -2542 ), ( 13748, -2494 )  2304      
Root cell box:
           width x height  (   llx,  lly  ), (   urx,  ury  )  area (units^2)

microns:   0.400 x 0.400   ( 68.420, -12.790), ( 68.820, -12.390)  0.160     
lambda:    40.00 x 40.00   ( 6842.00, -1279.00), ( 6882.00, -1239.00)  1600.00   
internal:     80 x 80      ( 13684, -2558 ), ( 13764, -2478 )  6400      
Root cell box:
           width x height  (   llx,  lly  ), (   urx,  ury  )  area (units^2)

microns:   0.200 x 0.200   ( 68.520, -12.690), ( 68.720, -12.490)  0.040     
lambda:    20.00 x 20.00   ( 6852.00, -1269.00), ( 6872.00, -1249.00)  400.00    
internal:     40 x 40      ( 13704, -2538 ), ( 13744, -2498 )  1600      
Root cell box:
           width x height  (   llx,  lly  ), (   urx,  ury  )  area (units^2)

microns:   0.400 x 0.400   ( 68.420, -12.790), ( 68.820, -12.390)  0.160     
lambda:    40.00 x 40.00   ( 6842.00, -1279.00), ( 6882.00, -1239.00)  1600.00   
internal:     80 x 80      ( 13684, -2558 ), ( 13764, -2478 )  6400      
Root cell box:
           width x height  (   llx,  lly  ), (   urx,  ury  )  area (units^2)

microns:   0.400 x 0.400   ( 68.420, -12.790), ( 68.820, -12.390)  0.160     
lambda:    40.00 x 40.00   ( 6842.00, -1279.00), ( 6882.00, -1239.00)  1600.00   
internal:     80 x 80      ( 13684, -2558 ), ( 13764, -2478 )  6400      
Root cell box:
           width x height  (   llx,  lly  ), (   urx,  ury  )  area (units^2)

microns:   0.200 x 0.200   ( 68.520, -12.690), ( 68.720, -12.490)  0.040     
lambda:    20.00 x 20.00   ( 6852.00, -1269.00), ( 6872.00, -1249.00)  400.00    
internal:     40 x 40      ( 13704, -2538 ), ( 13744, -2498 )  1600      
Root cell box:
           width x height  (   llx,  lly  ), (   urx,  ury  )  area (units^2)

microns:   0.400 x 0.400   ( 68.420, -12.790), ( 68.820, -12.390)  0.160     
lambda:    40.00 x 40.00   ( 6842.00, -1279.00), ( 6882.00, -1239.00)  1600.00   
internal:     80 x 80      ( 13684, -2558 ), ( 13764, -2478 )  6400      
Root cell box:
           width x height  (   llx,  lly  ), (   urx,  ury  )  area (units^2)

microns:   0.400 x 0.400   ( 68.420, -12.790), ( 68.820, -12.390)  0.160     
lambda:    40.00 x 40.00   ( 6842.00, -1279.00), ( 6882.00, -1239.00)  1600.00   
internal:     80 x 80      ( 13684, -2558 ), ( 13764, -2478 )  6400      
Root cell box:
           width x height  (   llx,  lly  ), (   urx,  ury  )  area (units^2)

microns:   0.200 x 0.200   ( 68.520, -12.690), ( 68.720, -12.490)  0.040     
lambda:    20.00 x 20.00   ( 6852.00, -1269.00), ( 6872.00, -1249.00)  400.00    
internal:     40 x 40      ( 13704, -2538 ), ( 13744, -2498 )  1600      
Root cell box:
           width x height  (   llx,  lly  ), (   urx,  ury  )  area (units^2)

microns:   0.400 x 0.400   ( 68.420, -12.790), ( 68.820, -12.390)  0.160     
lambda:    40.00 x 40.00   ( 6842.00, -1279.00), ( 6882.00, -1239.00)  1600.00   
internal:     80 x 80      ( 13684, -2558 ), ( 13764, -2478 )  6400      
Root cell box:
           width x height  (   llx,  lly  ), (   urx,  ury  )  area (units^2)

microns:   1.500 x 0.200   ( 68.520, -12.690), ( 70.020, -12.490)  0.300     
lambda:   150.00 x 20.00   ( 6852.00, -1269.00), ( 7002.00, -1249.00)  3000.00   
internal:    300 x 40      ( 13704, -2538 ), ( 14004, -2498 )  12000     
Root cell box:
           width x height  (   llx,  lly  ), (   urx,  ury  )  area (units^2)

microns:   0.400 x 0.400   ( 69.720, -12.790), ( 70.120, -12.390)  0.160     
lambda:    40.00 x 40.00   ( 6972.00, -1279.00), ( 7012.00, -1239.00)  1600.00   
internal:     80 x 80      ( 13944, -2558 ), ( 14024, -2478 )  6400      
Root cell box:
           width x height  (   llx,  lly  ), (   urx,  ury  )  area (units^2)

microns:   0.200 x 0.200   ( 69.820, -12.690), ( 70.020, -12.490)  0.040     
lambda:    20.00 x 20.00   ( 6982.00, -1269.00), ( 7002.00, -1249.00)  400.00    
internal:     40 x 40      ( 13964, -2538 ), ( 14004, -2498 )  1600      
Root cell box:
           width x height  (   llx,  lly  ), (   urx,  ury  )  area (units^2)

microns:   0.400 x 0.400   ( 69.720, -12.790), ( 70.120, -12.390)  0.160     
lambda:    40.00 x 40.00   ( 6972.00, -1279.00), ( 7012.00, -1239.00)  1600.00   
internal:     80 x 80      ( 13944, -2558 ), ( 14024, -2478 )  6400      
Root cell box:
           width x height  (   llx,  lly  ), (   urx,  ury  )  area (units^2)

microns:   0.200 x 13.610  ( 69.820, -26.100), ( 70.020, -12.490)  2.722     
lambda:    20.00 x 1361.00  ( 6982.00, -2610.00), ( 7002.00, -1249.00)  27220.00  
internal:     40 x 2722    ( 13964, -5220 ), ( 14004, -2498 )  108880    
Root cell box:
           width x height  (   llx,  lly  ), (   urx,  ury  )  area (units^2)

microns:   0.400 x 0.400   ( 69.720, -26.200), ( 70.120, -25.800)  0.160     
lambda:    40.00 x 40.00   ( 6972.00, -2620.00), ( 7012.00, -2580.00)  1600.00   
internal:     80 x 80      ( 13944, -5240 ), ( 14024, -5160 )  6400      
Root cell box:
           width x height  (   llx,  lly  ), (   urx,  ury  )  area (units^2)

microns:   0.200 x 0.200   ( 69.820, -26.100), ( 70.020, -25.900)  0.040     
lambda:    20.00 x 20.00   ( 6982.00, -2610.00), ( 7002.00, -2590.00)  400.00    
internal:     40 x 40      ( 13964, -5220 ), ( 14004, -5180 )  1600      
Root cell box:
           width x height  (   llx,  lly  ), (   urx,  ury  )  area (units^2)

microns:   0.400 x 0.400   ( 69.720, -26.200), ( 70.120, -25.800)  0.160     
lambda:    40.00 x 40.00   ( 6972.00, -2620.00), ( 7012.00, -2580.00)  1600.00   
internal:     80 x 80      ( 13944, -5240 ), ( 14024, -5160 )  6400      
Root cell box:
           width x height  (   llx,  lly  ), (   urx,  ury  )  area (units^2)

microns:   0.240 x 0.240   ( 67.930, -15.710), ( 68.170, -15.470)  0.058     
lambda:    24.00 x 24.00   ( 6793.00, -1571.00), ( 6817.00, -1547.00)  576.00    
internal:     48 x 48      ( 13586, -3142 ), ( 13634, -3094 )  2304      
Root cell box:
           width x height  (   llx,  lly  ), (   urx,  ury  )  area (units^2)

microns:   0.400 x 0.400   ( 67.850, -15.790), ( 68.250, -15.390)  0.160     
lambda:    40.00 x 40.00   ( 6785.00, -1579.00), ( 6825.00, -1539.00)  1600.00   
internal:     80 x 80      ( 13570, -3158 ), ( 13650, -3078 )  6400      
Root cell box:
           width x height  (   llx,  lly  ), (   urx,  ury  )  area (units^2)

microns:   0.200 x 0.200   ( 67.950, -15.690), ( 68.150, -15.490)  0.040     
lambda:    20.00 x 20.00   ( 6795.00, -1569.00), ( 6815.00, -1549.00)  400.00    
internal:     40 x 40      ( 13590, -3138 ), ( 13630, -3098 )  1600      
Root cell box:
           width x height  (   llx,  lly  ), (   urx,  ury  )  area (units^2)

microns:   0.400 x 0.400   ( 67.850, -15.790), ( 68.250, -15.390)  0.160     
lambda:    40.00 x 40.00   ( 6785.00, -1579.00), ( 6825.00, -1539.00)  1600.00   
internal:     80 x 80      ( 13570, -3158 ), ( 13650, -3078 )  6400      
Root cell box:
           width x height  (   llx,  lly  ), (   urx,  ury  )  area (units^2)

microns:   0.400 x 0.400   ( 67.850, -15.790), ( 68.250, -15.390)  0.160     
lambda:    40.00 x 40.00   ( 6785.00, -1579.00), ( 6825.00, -1539.00)  1600.00   
internal:     80 x 80      ( 13570, -3158 ), ( 13650, -3078 )  6400      
Root cell box:
           width x height  (   llx,  lly  ), (   urx,  ury  )  area (units^2)

microns:   0.200 x 0.200   ( 67.950, -15.690), ( 68.150, -15.490)  0.040     
lambda:    20.00 x 20.00   ( 6795.00, -1569.00), ( 6815.00, -1549.00)  400.00    
internal:     40 x 40      ( 13590, -3138 ), ( 13630, -3098 )  1600      
Root cell box:
           width x height  (   llx,  lly  ), (   urx,  ury  )  area (units^2)

microns:   0.400 x 0.400   ( 67.850, -15.790), ( 68.250, -15.390)  0.160     
lambda:    40.00 x 40.00   ( 6785.00, -1579.00), ( 6825.00, -1539.00)  1600.00   
internal:     80 x 80      ( 13570, -3158 ), ( 13650, -3078 )  6400      
Root cell box:
           width x height  (   llx,  lly  ), (   urx,  ury  )  area (units^2)

microns:   0.400 x 0.400   ( 67.850, -15.790), ( 68.250, -15.390)  0.160     
lambda:    40.00 x 40.00   ( 6785.00, -1579.00), ( 6825.00, -1539.00)  1600.00   
internal:     80 x 80      ( 13570, -3158 ), ( 13650, -3078 )  6400      
Root cell box:
           width x height  (   llx,  lly  ), (   urx,  ury  )  area (units^2)

microns:   0.200 x 0.200   ( 67.950, -15.690), ( 68.150, -15.490)  0.040     
lambda:    20.00 x 20.00   ( 6795.00, -1569.00), ( 6815.00, -1549.00)  400.00    
internal:     40 x 40      ( 13590, -3138 ), ( 13630, -3098 )  1600      
Root cell box:
           width x height  (   llx,  lly  ), (   urx,  ury  )  area (units^2)

microns:   0.400 x 0.400   ( 67.850, -15.790), ( 68.250, -15.390)  0.160     
lambda:    40.00 x 40.00   ( 6785.00, -1579.00), ( 6825.00, -1539.00)  1600.00   
internal:     80 x 80      ( 13570, -3158 ), ( 13650, -3078 )  6400      
Root cell box:
           width x height  (   llx,  lly  ), (   urx,  ury  )  area (units^2)

microns:   0.200 x 0.550   ( 67.950, -16.040), ( 68.150, -15.490)  0.110     
lambda:    20.00 x 55.00   ( 6795.00, -1604.00), ( 6815.00, -1549.00)  1100.00   
internal:     40 x 110     ( 13590, -3208 ), ( 13630, -3098 )  4400      
Root cell box:
           width x height  (   llx,  lly  ), (   urx,  ury  )  area (units^2)

microns:   0.400 x 0.400   ( 67.850, -16.140), ( 68.250, -15.740)  0.160     
lambda:    40.00 x 40.00   ( 6785.00, -1614.00), ( 6825.00, -1574.00)  1600.00   
internal:     80 x 80      ( 13570, -3228 ), ( 13650, -3148 )  6400      
Root cell box:
           width x height  (   llx,  lly  ), (   urx,  ury  )  area (units^2)

microns:   0.200 x 0.200   ( 67.950, -16.040), ( 68.150, -15.840)  0.040     
lambda:    20.00 x 20.00   ( 6795.00, -1604.00), ( 6815.00, -1584.00)  400.00    
internal:     40 x 40      ( 13590, -3208 ), ( 13630, -3168 )  1600      
Root cell box:
           width x height  (   llx,  lly  ), (   urx,  ury  )  area (units^2)

microns:   0.400 x 0.400   ( 67.850, -16.140), ( 68.250, -15.740)  0.160     
lambda:    40.00 x 40.00   ( 6785.00, -1614.00), ( 6825.00, -1574.00)  1600.00   
internal:     80 x 80      ( 13570, -3228 ), ( 13650, -3148 )  6400      
Root cell box:
           width x height  (   llx,  lly  ), (   urx,  ury  )  area (units^2)

microns:   0.200 x 10.260  ( 67.950, -26.100), ( 68.150, -15.840)  2.052     
lambda:    20.00 x 1026.00  ( 6795.00, -2610.00), ( 6815.00, -1584.00)  20520.00  
internal:     40 x 2052    ( 13590, -5220 ), ( 13630, -3168 )  82080     
Root cell box:
           width x height  (   llx,  lly  ), (   urx,  ury  )  area (units^2)

microns:   0.400 x 0.400   ( 67.850, -26.200), ( 68.250, -25.800)  0.160     
lambda:    40.00 x 40.00   ( 6785.00, -2620.00), ( 6825.00, -2580.00)  1600.00   
internal:     80 x 80      ( 13570, -5240 ), ( 13650, -5160 )  6400      
Root cell box:
           width x height  (   llx,  lly  ), (   urx,  ury  )  area (units^2)

microns:   0.200 x 0.200   ( 67.950, -26.100), ( 68.150, -25.900)  0.040     
lambda:    20.00 x 20.00   ( 6795.00, -2610.00), ( 6815.00, -2590.00)  400.00    
internal:     40 x 40      ( 13590, -5220 ), ( 13630, -5180 )  1600      
Root cell box:
           width x height  (   llx,  lly  ), (   urx,  ury  )  area (units^2)

microns:   0.400 x 0.400   ( 67.850, -26.200), ( 68.250, -25.800)  0.160     
lambda:    40.00 x 40.00   ( 6785.00, -2620.00), ( 6825.00, -2580.00)  1600.00   
internal:     80 x 80      ( 13570, -5240 ), ( 13650, -5160 )  6400      
Root cell box:
           width x height  (   llx,  lly  ), (   urx,  ury  )  area (units^2)

microns:   2.070 x 0.200   ( 67.950, -26.100), ( 70.020, -25.900)  0.414     
lambda:   207.00 x 20.00   ( 6795.00, -2610.00), ( 7002.00, -2590.00)  4140.00   
internal:    414 x 40      ( 13590, -5220 ), ( 14004, -5180 )  16560     
Root cell box:
           width x height  (   llx,  lly  ), (   urx,  ury  )  area (units^2)

microns:   0.240 x 0.240   ( 67.930, -9.520), ( 68.170, -9.280)  0.058     
lambda:    24.00 x 24.00   ( 6793.00, -952.00), ( 6817.00, -928.00)  576.00    
internal:     48 x 48      ( 13586, -1904 ), ( 13634, -1856 )  2304      
Root cell box:
           width x height  (   llx,  lly  ), (   urx,  ury  )  area (units^2)

microns:   0.400 x 0.400   ( 67.850, -9.600), ( 68.250, -9.200)  0.160     
lambda:    40.00 x 40.00   ( 6785.00, -960.00), ( 6825.00, -920.00)  1600.00   
internal:     80 x 80      ( 13570, -1920 ), ( 13650, -1840 )  6400      
Root cell box:
           width x height  (   llx,  lly  ), (   urx,  ury  )  area (units^2)

microns:   0.200 x 0.200   ( 67.950, -9.500), ( 68.150, -9.300)  0.040     
lambda:    20.00 x 20.00   ( 6795.00, -950.00), ( 6815.00, -930.00)  400.00    
internal:     40 x 40      ( 13590, -1900 ), ( 13630, -1860 )  1600      
Root cell box:
           width x height  (   llx,  lly  ), (   urx,  ury  )  area (units^2)

microns:   0.400 x 0.400   ( 67.850, -9.600), ( 68.250, -9.200)  0.160     
lambda:    40.00 x 40.00   ( 6785.00, -960.00), ( 6825.00, -920.00)  1600.00   
internal:     80 x 80      ( 13570, -1920 ), ( 13650, -1840 )  6400      
Root cell box:
           width x height  (   llx,  lly  ), (   urx,  ury  )  area (units^2)

microns:   0.400 x 0.400   ( 67.850, -9.600), ( 68.250, -9.200)  0.160     
lambda:    40.00 x 40.00   ( 6785.00, -960.00), ( 6825.00, -920.00)  1600.00   
internal:     80 x 80      ( 13570, -1920 ), ( 13650, -1840 )  6400      
Root cell box:
           width x height  (   llx,  lly  ), (   urx,  ury  )  area (units^2)

microns:   0.200 x 0.200   ( 67.950, -9.500), ( 68.150, -9.300)  0.040     
lambda:    20.00 x 20.00   ( 6795.00, -950.00), ( 6815.00, -930.00)  400.00    
internal:     40 x 40      ( 13590, -1900 ), ( 13630, -1860 )  1600      
Root cell box:
           width x height  (   llx,  lly  ), (   urx,  ury  )  area (units^2)

microns:   0.400 x 0.400   ( 67.850, -9.600), ( 68.250, -9.200)  0.160     
lambda:    40.00 x 40.00   ( 6785.00, -960.00), ( 6825.00, -920.00)  1600.00   
internal:     80 x 80      ( 13570, -1920 ), ( 13650, -1840 )  6400      
Root cell box:
           width x height  (   llx,  lly  ), (   urx,  ury  )  area (units^2)

microns:   0.400 x 0.400   ( 67.850, -9.600), ( 68.250, -9.200)  0.160     
lambda:    40.00 x 40.00   ( 6785.00, -960.00), ( 6825.00, -920.00)  1600.00   
internal:     80 x 80      ( 13570, -1920 ), ( 13650, -1840 )  6400      
Root cell box:
           width x height  (   llx,  lly  ), (   urx,  ury  )  area (units^2)

microns:   0.200 x 0.200   ( 67.950, -9.500), ( 68.150, -9.300)  0.040     
lambda:    20.00 x 20.00   ( 6795.00, -950.00), ( 6815.00, -930.00)  400.00    
internal:     40 x 40      ( 13590, -1900 ), ( 13630, -1860 )  1600      
Root cell box:
           width x height  (   llx,  lly  ), (   urx,  ury  )  area (units^2)

microns:   0.400 x 0.400   ( 67.850, -9.600), ( 68.250, -9.200)  0.160     
lambda:    40.00 x 40.00   ( 6785.00, -960.00), ( 6825.00, -920.00)  1600.00   
internal:     80 x 80      ( 13570, -1920 ), ( 13650, -1840 )  6400      
Root cell box:
           width x height  (   llx,  lly  ), (   urx,  ury  )  area (units^2)

microns:   0.200 x 0.900   ( 67.950, -9.500), ( 68.150, -8.600)  0.180     
lambda:    20.00 x 90.00   ( 6795.00, -950.00), ( 6815.00, -860.00)  1800.00   
internal:     40 x 180     ( 13590, -1900 ), ( 13630, -1720 )  7200      
Root cell box:
           width x height  (   llx,  lly  ), (   urx,  ury  )  area (units^2)

microns:   3.450 x 0.200   ( 67.950, -8.800), ( 71.400, -8.600)  0.690     
lambda:   345.00 x 20.00   ( 6795.00, -880.00), ( 7140.00, -860.00)  6900.00   
internal:    690 x 40      ( 13590, -1760 ), ( 14280, -1720 )  27600     
Root cell box:
           width x height  (   llx,  lly  ), (   urx,  ury  )  area (units^2)

microns:   0.400 x 0.400   ( 71.100, -8.900), ( 71.500, -8.500)  0.160     
lambda:    40.00 x 40.00   ( 7110.00, -890.00), ( 7150.00, -850.00)  1600.00   
internal:     80 x 80      ( 14220, -1780 ), ( 14300, -1700 )  6400      
Root cell box:
           width x height  (   llx,  lly  ), (   urx,  ury  )  area (units^2)

microns:   0.200 x 0.200   ( 71.200, -8.800), ( 71.400, -8.600)  0.040     
lambda:    20.00 x 20.00   ( 7120.00, -880.00), ( 7140.00, -860.00)  400.00    
internal:     40 x 40      ( 14240, -1760 ), ( 14280, -1720 )  1600      
Root cell box:
           width x height  (   llx,  lly  ), (   urx,  ury  )  area (units^2)

microns:   0.400 x 0.400   ( 71.100, -8.900), ( 71.500, -8.500)  0.160     
lambda:    40.00 x 40.00   ( 7110.00, -890.00), ( 7150.00, -850.00)  1600.00   
internal:     80 x 80      ( 14220, -1780 ), ( 14300, -1700 )  6400      
Root cell box:
           width x height  (   llx,  lly  ), (   urx,  ury  )  area (units^2)

microns:   0.200 x 18.500  ( 71.200, -27.100), ( 71.400, -8.600)  3.700     
lambda:    20.00 x 1850.00  ( 7120.00, -2710.00), ( 7140.00, -860.00)  37000.00  
internal:     40 x 3700    ( 14240, -5420 ), ( 14280, -1720 )  148000    
Root cell box:
           width x height  (   llx,  lly  ), (   urx,  ury  )  area (units^2)

microns:   0.400 x 0.400   ( 71.100, -27.200), ( 71.500, -26.800)  0.160     
lambda:    40.00 x 40.00   ( 7110.00, -2720.00), ( 7150.00, -2680.00)  1600.00   
internal:     80 x 80      ( 14220, -5440 ), ( 14300, -5360 )  6400      
Root cell box:
           width x height  (   llx,  lly  ), (   urx,  ury  )  area (units^2)

microns:   0.200 x 0.200   ( 71.200, -27.100), ( 71.400, -26.900)  0.040     
lambda:    20.00 x 20.00   ( 7120.00, -2710.00), ( 7140.00, -2690.00)  400.00    
internal:     40 x 40      ( 14240, -5420 ), ( 14280, -5380 )  1600      
Root cell box:
           width x height  (   llx,  lly  ), (   urx,  ury  )  area (units^2)

microns:   0.400 x 0.400   ( 71.100, -27.200), ( 71.500, -26.800)  0.160     
lambda:    40.00 x 40.00   ( 7110.00, -2720.00), ( 7150.00, -2680.00)  1600.00   
internal:     80 x 80      ( 14220, -5440 ), ( 14300, -5360 )  6400      
Root cell box:
           width x height  (   llx,  lly  ), (   urx,  ury  )  area (units^2)

microns:   0.240 x 0.240   ( 67.870, -12.710), ( 68.110, -12.470)  0.058     
lambda:    24.00 x 24.00   ( 6787.00, -1271.00), ( 6811.00, -1247.00)  576.00    
internal:     48 x 48      ( 13574, -2542 ), ( 13622, -2494 )  2304      
Root cell box:
           width x height  (   llx,  lly  ), (   urx,  ury  )  area (units^2)

microns:   0.400 x 0.400   ( 67.790, -12.790), ( 68.190, -12.390)  0.160     
lambda:    40.00 x 40.00   ( 6779.00, -1279.00), ( 6819.00, -1239.00)  1600.00   
internal:     80 x 80      ( 13558, -2558 ), ( 13638, -2478 )  6400      
Root cell box:
           width x height  (   llx,  lly  ), (   urx,  ury  )  area (units^2)

microns:   0.200 x 0.200   ( 67.890, -12.690), ( 68.090, -12.490)  0.040     
lambda:    20.00 x 20.00   ( 6789.00, -1269.00), ( 6809.00, -1249.00)  400.00    
internal:     40 x 40      ( 13578, -2538 ), ( 13618, -2498 )  1600      
Root cell box:
           width x height  (   llx,  lly  ), (   urx,  ury  )  area (units^2)

microns:   0.400 x 0.400   ( 67.790, -12.790), ( 68.190, -12.390)  0.160     
lambda:    40.00 x 40.00   ( 6779.00, -1279.00), ( 6819.00, -1239.00)  1600.00   
internal:     80 x 80      ( 13558, -2558 ), ( 13638, -2478 )  6400      
Root cell box:
           width x height  (   llx,  lly  ), (   urx,  ury  )  area (units^2)

microns:   0.400 x 0.400   ( 67.790, -12.790), ( 68.190, -12.390)  0.160     
lambda:    40.00 x 40.00   ( 6779.00, -1279.00), ( 6819.00, -1239.00)  1600.00   
internal:     80 x 80      ( 13558, -2558 ), ( 13638, -2478 )  6400      
Root cell box:
           width x height  (   llx,  lly  ), (   urx,  ury  )  area (units^2)

microns:   0.200 x 0.200   ( 67.890, -12.690), ( 68.090, -12.490)  0.040     
lambda:    20.00 x 20.00   ( 6789.00, -1269.00), ( 6809.00, -1249.00)  400.00    
internal:     40 x 40      ( 13578, -2538 ), ( 13618, -2498 )  1600      
Root cell box:
           width x height  (   llx,  lly  ), (   urx,  ury  )  area (units^2)

microns:   0.400 x 0.400   ( 67.790, -12.790), ( 68.190, -12.390)  0.160     
lambda:    40.00 x 40.00   ( 6779.00, -1279.00), ( 6819.00, -1239.00)  1600.00   
internal:     80 x 80      ( 13558, -2558 ), ( 13638, -2478 )  6400      
Root cell box:
           width x height  (   llx,  lly  ), (   urx,  ury  )  area (units^2)

microns:   0.400 x 0.400   ( 67.790, -12.790), ( 68.190, -12.390)  0.160     
lambda:    40.00 x 40.00   ( 6779.00, -1279.00), ( 6819.00, -1239.00)  1600.00   
internal:     80 x 80      ( 13558, -2558 ), ( 13638, -2478 )  6400      
Root cell box:
           width x height  (   llx,  lly  ), (   urx,  ury  )  area (units^2)

microns:   0.200 x 0.200   ( 67.890, -12.690), ( 68.090, -12.490)  0.040     
lambda:    20.00 x 20.00   ( 6789.00, -1269.00), ( 6809.00, -1249.00)  400.00    
internal:     40 x 40      ( 13578, -2538 ), ( 13618, -2498 )  1600      
Root cell box:
           width x height  (   llx,  lly  ), (   urx,  ury  )  area (units^2)

microns:   0.400 x 0.400   ( 67.790, -12.790), ( 68.190, -12.390)  0.160     
lambda:    40.00 x 40.00   ( 6779.00, -1279.00), ( 6819.00, -1239.00)  1600.00   
internal:     80 x 80      ( 13558, -2558 ), ( 13638, -2478 )  6400      
Root cell box:
           width x height  (   llx,  lly  ), (   urx,  ury  )  area (units^2)

microns:   0.200 x 0.900   ( 67.890, -12.690), ( 68.090, -11.790)  0.180     
lambda:    20.00 x 90.00   ( 6789.00, -1269.00), ( 6809.00, -1179.00)  1800.00   
internal:     40 x 180     ( 13578, -2538 ), ( 13618, -2358 )  7200      
Root cell box:
           width x height  (   llx,  lly  ), (   urx,  ury  )  area (units^2)

microns:   4.100 x 0.200   ( 67.890, -11.990), ( 71.990, -11.790)  0.820     
lambda:   410.00 x 20.00   ( 6789.00, -1199.00), ( 7199.00, -1179.00)  8200.00   
internal:    820 x 40      ( 13578, -2398 ), ( 14398, -2358 )  32800     
Root cell box:
           width x height  (   llx,  lly  ), (   urx,  ury  )  area (units^2)

microns:   0.400 x 0.400   ( 71.690, -12.090), ( 72.090, -11.690)  0.160     
lambda:    40.00 x 40.00   ( 7169.00, -1209.00), ( 7209.00, -1169.00)  1600.00   
internal:     80 x 80      ( 14338, -2418 ), ( 14418, -2338 )  6400      
Root cell box:
           width x height  (   llx,  lly  ), (   urx,  ury  )  area (units^2)

microns:   0.200 x 0.200   ( 71.790, -11.990), ( 71.990, -11.790)  0.040     
lambda:    20.00 x 20.00   ( 7179.00, -1199.00), ( 7199.00, -1179.00)  400.00    
internal:     40 x 40      ( 14358, -2398 ), ( 14398, -2358 )  1600      
Root cell box:
           width x height  (   llx,  lly  ), (   urx,  ury  )  area (units^2)

microns:   0.400 x 0.400   ( 71.690, -12.090), ( 72.090, -11.690)  0.160     
lambda:    40.00 x 40.00   ( 7169.00, -1209.00), ( 7209.00, -1169.00)  1600.00   
internal:     80 x 80      ( 14338, -2418 ), ( 14418, -2338 )  6400      
Root cell box:
           width x height  (   llx,  lly  ), (   urx,  ury  )  area (units^2)

microns:   0.200 x 15.310  ( 71.790, -27.100), ( 71.990, -11.790)  3.062     
lambda:    20.00 x 1531.00  ( 7179.00, -2710.00), ( 7199.00, -1179.00)  30620.00  
internal:     40 x 3062    ( 14358, -5420 ), ( 14398, -2358 )  122480    
Root cell box:
           width x height  (   llx,  lly  ), (   urx,  ury  )  area (units^2)

microns:   0.400 x 0.400   ( 71.690, -27.200), ( 72.090, -26.800)  0.160     
lambda:    40.00 x 40.00   ( 7169.00, -2720.00), ( 7209.00, -2680.00)  1600.00   
internal:     80 x 80      ( 14338, -5440 ), ( 14418, -5360 )  6400      
Root cell box:
           width x height  (   llx,  lly  ), (   urx,  ury  )  area (units^2)

microns:   0.200 x 0.200   ( 71.790, -27.100), ( 71.990, -26.900)  0.040     
lambda:    20.00 x 20.00   ( 7179.00, -2710.00), ( 7199.00, -2690.00)  400.00    
internal:     40 x 40      ( 14358, -5420 ), ( 14398, -5380 )  1600      
Root cell box:
           width x height  (   llx,  lly  ), (   urx,  ury  )  area (units^2)

microns:   0.400 x 0.400   ( 71.690, -27.200), ( 72.090, -26.800)  0.160     
lambda:    40.00 x 40.00   ( 7169.00, -2720.00), ( 7209.00, -2680.00)  1600.00   
internal:     80 x 80      ( 14338, -5440 ), ( 14418, -5360 )  6400      
Root cell box:
           width x height  (   llx,  lly  ), (   urx,  ury  )  area (units^2)

microns:   0.240 x 0.240   ( 62.305, -8.680), ( 62.545, -8.440)  0.058     
lambda:    24.00 x 24.00   ( 6230.50, -868.00), ( 6254.50, -844.00)  576.00    
internal:     48 x 48      ( 12461, -1736 ), ( 12509, -1688 )  2304      
Root cell box:
           width x height  (   llx,  lly  ), (   urx,  ury  )  area (units^2)

microns:   0.400 x 0.400   ( 62.225, -8.760), ( 62.625, -8.360)  0.160     
lambda:    40.00 x 40.00   ( 6222.50, -876.00), ( 6262.50, -836.00)  1600.00   
internal:     80 x 80      ( 12445, -1752 ), ( 12525, -1672 )  6400      
Root cell box:
           width x height  (   llx,  lly  ), (   urx,  ury  )  area (units^2)

microns:   0.200 x 0.200   ( 62.325, -8.660), ( 62.525, -8.460)  0.040     
lambda:    20.00 x 20.00   ( 6232.50, -866.00), ( 6252.50, -846.00)  400.00    
internal:     40 x 40      ( 12465, -1732 ), ( 12505, -1692 )  1600      
Root cell box:
           width x height  (   llx,  lly  ), (   urx,  ury  )  area (units^2)

microns:   0.400 x 0.400   ( 62.225, -8.760), ( 62.625, -8.360)  0.160     
lambda:    40.00 x 40.00   ( 6222.50, -876.00), ( 6262.50, -836.00)  1600.00   
internal:     80 x 80      ( 12445, -1752 ), ( 12525, -1672 )  6400      
Root cell box:
           width x height  (   llx,  lly  ), (   urx,  ury  )  area (units^2)

microns:   0.400 x 0.400   ( 62.225, -8.760), ( 62.625, -8.360)  0.160     
lambda:    40.00 x 40.00   ( 6222.50, -876.00), ( 6262.50, -836.00)  1600.00   
internal:     80 x 80      ( 12445, -1752 ), ( 12525, -1672 )  6400      
Root cell box:
           width x height  (   llx,  lly  ), (   urx,  ury  )  area (units^2)

microns:   0.200 x 0.200   ( 62.325, -8.660), ( 62.525, -8.460)  0.040     
lambda:    20.00 x 20.00   ( 6232.50, -866.00), ( 6252.50, -846.00)  400.00    
internal:     40 x 40      ( 12465, -1732 ), ( 12505, -1692 )  1600      
Root cell box:
           width x height  (   llx,  lly  ), (   urx,  ury  )  area (units^2)

microns:   0.400 x 0.400   ( 62.225, -8.760), ( 62.625, -8.360)  0.160     
lambda:    40.00 x 40.00   ( 6222.50, -876.00), ( 6262.50, -836.00)  1600.00   
internal:     80 x 80      ( 12445, -1752 ), ( 12525, -1672 )  6400      
Root cell box:
           width x height  (   llx,  lly  ), (   urx,  ury  )  area (units^2)

microns:   0.400 x 0.400   ( 62.225, -8.760), ( 62.625, -8.360)  0.160     
lambda:    40.00 x 40.00   ( 6222.50, -876.00), ( 6262.50, -836.00)  1600.00   
internal:     80 x 80      ( 12445, -1752 ), ( 12525, -1672 )  6400      
Root cell box:
           width x height  (   llx,  lly  ), (   urx,  ury  )  area (units^2)

microns:   0.200 x 0.200   ( 62.325, -8.660), ( 62.525, -8.460)  0.040     
lambda:    20.00 x 20.00   ( 6232.50, -866.00), ( 6252.50, -846.00)  400.00    
internal:     40 x 40      ( 12465, -1732 ), ( 12505, -1692 )  1600      
Root cell box:
           width x height  (   llx,  lly  ), (   urx,  ury  )  area (units^2)

microns:   0.400 x 0.400   ( 62.225, -8.760), ( 62.625, -8.360)  0.160     
lambda:    40.00 x 40.00   ( 6222.50, -876.00), ( 6262.50, -836.00)  1600.00   
internal:     80 x 80      ( 12445, -1752 ), ( 12525, -1672 )  6400      
Root cell box:
           width x height  (   llx,  lly  ), (   urx,  ury  )  area (units^2)

microns:   6.700 x 0.200   ( 55.825, -8.660), ( 62.525, -8.460)  1.340     
lambda:   670.00 x 20.00   ( 5582.50, -866.00), ( 6252.50, -846.00)  13400.00  
internal:   1340 x 40      ( 11165, -1732 ), ( 12505, -1692 )  53600     
Root cell box:
           width x height  (   llx,  lly  ), (   urx,  ury  )  area (units^2)

microns:   0.400 x 0.400   ( 55.725, -8.760), ( 56.125, -8.360)  0.160     
lambda:    40.00 x 40.00   ( 5572.50, -876.00), ( 5612.50, -836.00)  1600.00   
internal:     80 x 80      ( 11145, -1752 ), ( 11225, -1672 )  6400      
Root cell box:
           width x height  (   llx,  lly  ), (   urx,  ury  )  area (units^2)

microns:   0.200 x 0.200   ( 55.825, -8.660), ( 56.025, -8.460)  0.040     
lambda:    20.00 x 20.00   ( 5582.50, -866.00), ( 5602.50, -846.00)  400.00    
internal:     40 x 40      ( 11165, -1732 ), ( 11205, -1692 )  1600      
Root cell box:
           width x height  (   llx,  lly  ), (   urx,  ury  )  area (units^2)

microns:   0.400 x 0.400   ( 55.725, -8.760), ( 56.125, -8.360)  0.160     
lambda:    40.00 x 40.00   ( 5572.50, -876.00), ( 5612.50, -836.00)  1600.00   
internal:     80 x 80      ( 11145, -1752 ), ( 11225, -1672 )  6400      
Root cell box:
           width x height  (   llx,  lly  ), (   urx,  ury  )  area (units^2)

microns:   0.200 x 18.640  ( 55.825, -27.100), ( 56.025, -8.460)  3.728     
lambda:    20.00 x 1864.00  ( 5582.50, -2710.00), ( 5602.50, -846.00)  37280.00  
internal:     40 x 3728    ( 11165, -5420 ), ( 11205, -1692 )  149120    
Root cell box:
           width x height  (   llx,  lly  ), (   urx,  ury  )  area (units^2)

microns:   0.400 x 0.400   ( 55.725, -27.200), ( 56.125, -26.800)  0.160     
lambda:    40.00 x 40.00   ( 5572.50, -2720.00), ( 5612.50, -2680.00)  1600.00   
internal:     80 x 80      ( 11145, -5440 ), ( 11225, -5360 )  6400      
Root cell box:
           width x height  (   llx,  lly  ), (   urx,  ury  )  area (units^2)

microns:   0.200 x 0.200   ( 55.825, -27.100), ( 56.025, -26.900)  0.040     
lambda:    20.00 x 20.00   ( 5582.50, -2710.00), ( 5602.50, -2690.00)  400.00    
internal:     40 x 40      ( 11165, -5420 ), ( 11205, -5380 )  1600      
Root cell box:
           width x height  (   llx,  lly  ), (   urx,  ury  )  area (units^2)

microns:   0.400 x 0.400   ( 55.725, -27.200), ( 56.125, -26.800)  0.160     
lambda:    40.00 x 40.00   ( 5572.50, -2720.00), ( 5612.50, -2680.00)  1600.00   
internal:     80 x 80      ( 11145, -5440 ), ( 11225, -5360 )  6400      
Root cell box:
           width x height  (   llx,  lly  ), (   urx,  ury  )  area (units^2)

microns:   0.240 x 0.240   ( 62.215, -12.090), ( 62.455, -11.850)  0.058     
lambda:    24.00 x 24.00   ( 6221.50, -1209.00), ( 6245.50, -1185.00)  576.00    
internal:     48 x 48      ( 12443, -2418 ), ( 12491, -2370 )  2304      
Root cell box:
           width x height  (   llx,  lly  ), (   urx,  ury  )  area (units^2)

microns:   0.400 x 0.400   ( 62.135, -12.170), ( 62.535, -11.770)  0.160     
lambda:    40.00 x 40.00   ( 6213.50, -1217.00), ( 6253.50, -1177.00)  1600.00   
internal:     80 x 80      ( 12427, -2434 ), ( 12507, -2354 )  6400      
Root cell box:
           width x height  (   llx,  lly  ), (   urx,  ury  )  area (units^2)

microns:   0.200 x 0.200   ( 62.235, -12.070), ( 62.435, -11.870)  0.040     
lambda:    20.00 x 20.00   ( 6223.50, -1207.00), ( 6243.50, -1187.00)  400.00    
internal:     40 x 40      ( 12447, -2414 ), ( 12487, -2374 )  1600      
Root cell box:
           width x height  (   llx,  lly  ), (   urx,  ury  )  area (units^2)

microns:   0.400 x 0.400   ( 62.135, -12.170), ( 62.535, -11.770)  0.160     
lambda:    40.00 x 40.00   ( 6213.50, -1217.00), ( 6253.50, -1177.00)  1600.00   
internal:     80 x 80      ( 12427, -2434 ), ( 12507, -2354 )  6400      
Root cell box:
           width x height  (   llx,  lly  ), (   urx,  ury  )  area (units^2)

microns:   0.400 x 0.400   ( 62.135, -12.170), ( 62.535, -11.770)  0.160     
lambda:    40.00 x 40.00   ( 6213.50, -1217.00), ( 6253.50, -1177.00)  1600.00   
internal:     80 x 80      ( 12427, -2434 ), ( 12507, -2354 )  6400      
Root cell box:
           width x height  (   llx,  lly  ), (   urx,  ury  )  area (units^2)

microns:   0.200 x 0.200   ( 62.235, -12.070), ( 62.435, -11.870)  0.040     
lambda:    20.00 x 20.00   ( 6223.50, -1207.00), ( 6243.50, -1187.00)  400.00    
internal:     40 x 40      ( 12447, -2414 ), ( 12487, -2374 )  1600      
Root cell box:
           width x height  (   llx,  lly  ), (   urx,  ury  )  area (units^2)

microns:   0.400 x 0.400   ( 62.135, -12.170), ( 62.535, -11.770)  0.160     
lambda:    40.00 x 40.00   ( 6213.50, -1217.00), ( 6253.50, -1177.00)  1600.00   
internal:     80 x 80      ( 12427, -2434 ), ( 12507, -2354 )  6400      
Root cell box:
           width x height  (   llx,  lly  ), (   urx,  ury  )  area (units^2)

microns:   0.400 x 0.400   ( 62.135, -12.170), ( 62.535, -11.770)  0.160     
lambda:    40.00 x 40.00   ( 6213.50, -1217.00), ( 6253.50, -1177.00)  1600.00   
internal:     80 x 80      ( 12427, -2434 ), ( 12507, -2354 )  6400      
Root cell box:
           width x height  (   llx,  lly  ), (   urx,  ury  )  area (units^2)

microns:   0.200 x 0.200   ( 62.235, -12.070), ( 62.435, -11.870)  0.040     
lambda:    20.00 x 20.00   ( 6223.50, -1207.00), ( 6243.50, -1187.00)  400.00    
internal:     40 x 40      ( 12447, -2414 ), ( 12487, -2374 )  1600      
Root cell box:
           width x height  (   llx,  lly  ), (   urx,  ury  )  area (units^2)

microns:   0.400 x 0.400   ( 62.135, -12.170), ( 62.535, -11.770)  0.160     
lambda:    40.00 x 40.00   ( 6213.50, -1217.00), ( 6253.50, -1177.00)  1600.00   
internal:     80 x 80      ( 12427, -2434 ), ( 12507, -2354 )  6400      
Root cell box:
           width x height  (   llx,  lly  ), (   urx,  ury  )  area (units^2)

microns:   7.350 x 0.200   ( 55.085, -12.070), ( 62.435, -11.870)  1.470     
lambda:   735.00 x 20.00   ( 5508.50, -1207.00), ( 6243.50, -1187.00)  14700.00  
internal:   1470 x 40      ( 11017, -2414 ), ( 12487, -2374 )  58800     
Root cell box:
           width x height  (   llx,  lly  ), (   urx,  ury  )  area (units^2)

microns:   0.400 x 0.400   ( 54.985, -12.170), ( 55.385, -11.770)  0.160     
lambda:    40.00 x 40.00   ( 5498.50, -1217.00), ( 5538.50, -1177.00)  1600.00   
internal:     80 x 80      ( 10997, -2434 ), ( 11077, -2354 )  6400      
Root cell box:
           width x height  (   llx,  lly  ), (   urx,  ury  )  area (units^2)

microns:   0.200 x 0.200   ( 55.085, -12.070), ( 55.285, -11.870)  0.040     
lambda:    20.00 x 20.00   ( 5508.50, -1207.00), ( 5528.50, -1187.00)  400.00    
internal:     40 x 40      ( 11017, -2414 ), ( 11057, -2374 )  1600      
Root cell box:
           width x height  (   llx,  lly  ), (   urx,  ury  )  area (units^2)

microns:   0.400 x 0.400   ( 54.985, -12.170), ( 55.385, -11.770)  0.160     
lambda:    40.00 x 40.00   ( 5498.50, -1217.00), ( 5538.50, -1177.00)  1600.00   
internal:     80 x 80      ( 10997, -2434 ), ( 11077, -2354 )  6400      
Root cell box:
           width x height  (   llx,  lly  ), (   urx,  ury  )  area (units^2)

microns:   0.200 x 15.230  ( 55.085, -27.100), ( 55.285, -11.870)  3.046     
lambda:    20.00 x 1523.00  ( 5508.50, -2710.00), ( 5528.50, -1187.00)  30460.00  
internal:     40 x 3046    ( 11017, -5420 ), ( 11057, -2374 )  121840    
Root cell box:
           width x height  (   llx,  lly  ), (   urx,  ury  )  area (units^2)

microns:   0.400 x 0.400   ( 54.985, -27.200), ( 55.385, -26.800)  0.160     
lambda:    40.00 x 40.00   ( 5498.50, -2720.00), ( 5538.50, -2680.00)  1600.00   
internal:     80 x 80      ( 10997, -5440 ), ( 11077, -5360 )  6400      
Root cell box:
           width x height  (   llx,  lly  ), (   urx,  ury  )  area (units^2)

microns:   0.200 x 0.200   ( 55.085, -27.100), ( 55.285, -26.900)  0.040     
lambda:    20.00 x 20.00   ( 5508.50, -2710.00), ( 5528.50, -2690.00)  400.00    
internal:     40 x 40      ( 11017, -5420 ), ( 11057, -5380 )  1600      
Root cell box:
           width x height  (   llx,  lly  ), (   urx,  ury  )  area (units^2)

microns:   0.400 x 0.400   ( 54.985, -27.200), ( 55.385, -26.800)  0.160     
lambda:    40.00 x 40.00   ( 5498.50, -2720.00), ( 5538.50, -2680.00)  1600.00   
internal:     80 x 80      ( 10997, -5440 ), ( 11077, -5360 )  6400      
Root cell box:
           width x height  (   llx,  lly  ), (   urx,  ury  )  area (units^2)

microns:   0.240 x 0.240   ( 71.675, -8.830), ( 71.915, -8.590)  0.058     
lambda:    24.00 x 24.00   ( 7167.50, -883.00), ( 7191.50, -859.00)  576.00    
internal:     48 x 48      ( 14335, -1766 ), ( 14383, -1718 )  2304      
Root cell box:
           width x height  (   llx,  lly  ), (   urx,  ury  )  area (units^2)

microns:   0.400 x 0.400   ( 71.595, -8.910), ( 71.995, -8.510)  0.160     
lambda:    40.00 x 40.00   ( 7159.50, -891.00), ( 7199.50, -851.00)  1600.00   
internal:     80 x 80      ( 14319, -1782 ), ( 14399, -1702 )  6400      
Root cell box:
           width x height  (   llx,  lly  ), (   urx,  ury  )  area (units^2)

microns:   0.200 x 0.200   ( 71.695, -8.810), ( 71.895, -8.610)  0.040     
lambda:    20.00 x 20.00   ( 7169.50, -881.00), ( 7189.50, -861.00)  400.00    
internal:     40 x 40      ( 14339, -1762 ), ( 14379, -1722 )  1600      
Root cell box:
           width x height  (   llx,  lly  ), (   urx,  ury  )  area (units^2)

microns:   0.400 x 0.400   ( 71.595, -8.910), ( 71.995, -8.510)  0.160     
lambda:    40.00 x 40.00   ( 7159.50, -891.00), ( 7199.50, -851.00)  1600.00   
internal:     80 x 80      ( 14319, -1782 ), ( 14399, -1702 )  6400      
Root cell box:
           width x height  (   llx,  lly  ), (   urx,  ury  )  area (units^2)

microns:   0.400 x 0.400   ( 71.595, -8.910), ( 71.995, -8.510)  0.160     
lambda:    40.00 x 40.00   ( 7159.50, -891.00), ( 7199.50, -851.00)  1600.00   
internal:     80 x 80      ( 14319, -1782 ), ( 14399, -1702 )  6400      
Root cell box:
           width x height  (   llx,  lly  ), (   urx,  ury  )  area (units^2)

microns:   0.200 x 0.200   ( 71.695, -8.810), ( 71.895, -8.610)  0.040     
lambda:    20.00 x 20.00   ( 7169.50, -881.00), ( 7189.50, -861.00)  400.00    
internal:     40 x 40      ( 14339, -1762 ), ( 14379, -1722 )  1600      
Root cell box:
           width x height  (   llx,  lly  ), (   urx,  ury  )  area (units^2)

microns:   0.400 x 0.400   ( 71.595, -8.910), ( 71.995, -8.510)  0.160     
lambda:    40.00 x 40.00   ( 7159.50, -891.00), ( 7199.50, -851.00)  1600.00   
internal:     80 x 80      ( 14319, -1782 ), ( 14399, -1702 )  6400      
Root cell box:
           width x height  (   llx,  lly  ), (   urx,  ury  )  area (units^2)

microns:   0.400 x 0.400   ( 71.595, -8.910), ( 71.995, -8.510)  0.160     
lambda:    40.00 x 40.00   ( 7159.50, -891.00), ( 7199.50, -851.00)  1600.00   
internal:     80 x 80      ( 14319, -1782 ), ( 14399, -1702 )  6400      
Root cell box:
           width x height  (   llx,  lly  ), (   urx,  ury  )  area (units^2)

microns:   0.200 x 0.200   ( 71.695, -8.810), ( 71.895, -8.610)  0.040     
lambda:    20.00 x 20.00   ( 7169.50, -881.00), ( 7189.50, -861.00)  400.00    
internal:     40 x 40      ( 14339, -1762 ), ( 14379, -1722 )  1600      
Root cell box:
           width x height  (   llx,  lly  ), (   urx,  ury  )  area (units^2)

microns:   0.400 x 0.400   ( 71.595, -8.910), ( 71.995, -8.510)  0.160     
lambda:    40.00 x 40.00   ( 7159.50, -891.00), ( 7199.50, -851.00)  1600.00   
internal:     80 x 80      ( 14319, -1782 ), ( 14399, -1702 )  6400      
Root cell box:
           width x height  (   llx,  lly  ), (   urx,  ury  )  area (units^2)

microns:   0.850 x 0.200   ( 71.695, -8.810), ( 72.545, -8.610)  0.170     
lambda:    85.00 x 20.00   ( 7169.50, -881.00), ( 7254.50, -861.00)  1700.00   
internal:    170 x 40      ( 14339, -1762 ), ( 14509, -1722 )  6800      
Root cell box:
           width x height  (   llx,  lly  ), (   urx,  ury  )  area (units^2)

microns:   0.400 x 0.400   ( 72.245, -8.910), ( 72.645, -8.510)  0.160     
lambda:    40.00 x 40.00   ( 7224.50, -891.00), ( 7264.50, -851.00)  1600.00   
internal:     80 x 80      ( 14449, -1782 ), ( 14529, -1702 )  6400      
Root cell box:
           width x height  (   llx,  lly  ), (   urx,  ury  )  area (units^2)

microns:   0.200 x 0.200   ( 72.345, -8.810), ( 72.545, -8.610)  0.040     
lambda:    20.00 x 20.00   ( 7234.50, -881.00), ( 7254.50, -861.00)  400.00    
internal:     40 x 40      ( 14469, -1762 ), ( 14509, -1722 )  1600      
Root cell box:
           width x height  (   llx,  lly  ), (   urx,  ury  )  area (units^2)

microns:   0.400 x 0.400   ( 72.245, -8.910), ( 72.645, -8.510)  0.160     
lambda:    40.00 x 40.00   ( 7224.50, -891.00), ( 7264.50, -851.00)  1600.00   
internal:     80 x 80      ( 14449, -1782 ), ( 14529, -1702 )  6400      
Root cell box:
           width x height  (   llx,  lly  ), (   urx,  ury  )  area (units^2)

microns:   0.200 x 18.490  ( 72.345, -27.100), ( 72.545, -8.610)  3.698     
lambda:    20.00 x 1849.00  ( 7234.50, -2710.00), ( 7254.50, -861.00)  36980.00  
internal:     40 x 3698    ( 14469, -5420 ), ( 14509, -1722 )  147920    
Root cell box:
           width x height  (   llx,  lly  ), (   urx,  ury  )  area (units^2)

microns:   0.400 x 0.400   ( 72.245, -27.200), ( 72.645, -26.800)  0.160     
lambda:    40.00 x 40.00   ( 7224.50, -2720.00), ( 7264.50, -2680.00)  1600.00   
internal:     80 x 80      ( 14449, -5440 ), ( 14529, -5360 )  6400      
Root cell box:
           width x height  (   llx,  lly  ), (   urx,  ury  )  area (units^2)

microns:   0.200 x 0.200   ( 72.345, -27.100), ( 72.545, -26.900)  0.040     
lambda:    20.00 x 20.00   ( 7234.50, -2710.00), ( 7254.50, -2690.00)  400.00    
internal:     40 x 40      ( 14469, -5420 ), ( 14509, -5380 )  1600      
Root cell box:
           width x height  (   llx,  lly  ), (   urx,  ury  )  area (units^2)

microns:   0.400 x 0.400   ( 72.245, -27.200), ( 72.645, -26.800)  0.160     
lambda:    40.00 x 40.00   ( 7224.50, -2720.00), ( 7264.50, -2680.00)  1600.00   
internal:     80 x 80      ( 14449, -5440 ), ( 14529, -5360 )  6400      
Root cell box:
           width x height  (   llx,  lly  ), (   urx,  ury  )  area (units^2)

microns:   0.240 x 0.240   ( 71.705, -11.380), ( 71.945, -11.140)  0.058     
lambda:    24.00 x 24.00   ( 7170.50, -1138.00), ( 7194.50, -1114.00)  576.00    
internal:     48 x 48      ( 14341, -2276 ), ( 14389, -2228 )  2304      
Root cell box:
           width x height  (   llx,  lly  ), (   urx,  ury  )  area (units^2)

microns:   0.400 x 0.400   ( 71.625, -11.460), ( 72.025, -11.060)  0.160     
lambda:    40.00 x 40.00   ( 7162.50, -1146.00), ( 7202.50, -1106.00)  1600.00   
internal:     80 x 80      ( 14325, -2292 ), ( 14405, -2212 )  6400      
Root cell box:
           width x height  (   llx,  lly  ), (   urx,  ury  )  area (units^2)

microns:   0.200 x 0.200   ( 71.725, -11.360), ( 71.925, -11.160)  0.040     
lambda:    20.00 x 20.00   ( 7172.50, -1136.00), ( 7192.50, -1116.00)  400.00    
internal:     40 x 40      ( 14345, -2272 ), ( 14385, -2232 )  1600      
Root cell box:
           width x height  (   llx,  lly  ), (   urx,  ury  )  area (units^2)

microns:   0.400 x 0.400   ( 71.625, -11.460), ( 72.025, -11.060)  0.160     
lambda:    40.00 x 40.00   ( 7162.50, -1146.00), ( 7202.50, -1106.00)  1600.00   
internal:     80 x 80      ( 14325, -2292 ), ( 14405, -2212 )  6400      
Root cell box:
           width x height  (   llx,  lly  ), (   urx,  ury  )  area (units^2)

microns:   0.400 x 0.400   ( 71.625, -11.460), ( 72.025, -11.060)  0.160     
lambda:    40.00 x 40.00   ( 7162.50, -1146.00), ( 7202.50, -1106.00)  1600.00   
internal:     80 x 80      ( 14325, -2292 ), ( 14405, -2212 )  6400      
Root cell box:
           width x height  (   llx,  lly  ), (   urx,  ury  )  area (units^2)

microns:   0.200 x 0.200   ( 71.725, -11.360), ( 71.925, -11.160)  0.040     
lambda:    20.00 x 20.00   ( 7172.50, -1136.00), ( 7192.50, -1116.00)  400.00    
internal:     40 x 40      ( 14345, -2272 ), ( 14385, -2232 )  1600      
Root cell box:
           width x height  (   llx,  lly  ), (   urx,  ury  )  area (units^2)

microns:   0.400 x 0.400   ( 71.625, -11.460), ( 72.025, -11.060)  0.160     
lambda:    40.00 x 40.00   ( 7162.50, -1146.00), ( 7202.50, -1106.00)  1600.00   
internal:     80 x 80      ( 14325, -2292 ), ( 14405, -2212 )  6400      
Root cell box:
           width x height  (   llx,  lly  ), (   urx,  ury  )  area (units^2)

microns:   0.400 x 0.400   ( 71.625, -11.460), ( 72.025, -11.060)  0.160     
lambda:    40.00 x 40.00   ( 7162.50, -1146.00), ( 7202.50, -1106.00)  1600.00   
internal:     80 x 80      ( 14325, -2292 ), ( 14405, -2212 )  6400      
Root cell box:
           width x height  (   llx,  lly  ), (   urx,  ury  )  area (units^2)

microns:   0.200 x 0.200   ( 71.725, -11.360), ( 71.925, -11.160)  0.040     
lambda:    20.00 x 20.00   ( 7172.50, -1136.00), ( 7192.50, -1116.00)  400.00    
internal:     40 x 40      ( 14345, -2272 ), ( 14385, -2232 )  1600      
Root cell box:
           width x height  (   llx,  lly  ), (   urx,  ury  )  area (units^2)

microns:   0.400 x 0.400   ( 71.625, -11.460), ( 72.025, -11.060)  0.160     
lambda:    40.00 x 40.00   ( 7162.50, -1146.00), ( 7202.50, -1106.00)  1600.00   
internal:     80 x 80      ( 14325, -2292 ), ( 14405, -2212 )  6400      
Root cell box:
           width x height  (   llx,  lly  ), (   urx,  ury  )  area (units^2)

microns:   1.500 x 0.200   ( 71.725, -11.360), ( 73.225, -11.160)  0.300     
lambda:   150.00 x 20.00   ( 7172.50, -1136.00), ( 7322.50, -1116.00)  3000.00   
internal:    300 x 40      ( 14345, -2272 ), ( 14645, -2232 )  12000     
Root cell box:
           width x height  (   llx,  lly  ), (   urx,  ury  )  area (units^2)

microns:   0.400 x 0.400   ( 72.925, -11.460), ( 73.325, -11.060)  0.160     
lambda:    40.00 x 40.00   ( 7292.50, -1146.00), ( 7332.50, -1106.00)  1600.00   
internal:     80 x 80      ( 14585, -2292 ), ( 14665, -2212 )  6400      
Root cell box:
           width x height  (   llx,  lly  ), (   urx,  ury  )  area (units^2)

microns:   0.200 x 0.200   ( 73.025, -11.360), ( 73.225, -11.160)  0.040     
lambda:    20.00 x 20.00   ( 7302.50, -1136.00), ( 7322.50, -1116.00)  400.00    
internal:     40 x 40      ( 14605, -2272 ), ( 14645, -2232 )  1600      
Root cell box:
           width x height  (   llx,  lly  ), (   urx,  ury  )  area (units^2)

microns:   0.400 x 0.400   ( 72.925, -11.460), ( 73.325, -11.060)  0.160     
lambda:    40.00 x 40.00   ( 7292.50, -1146.00), ( 7332.50, -1106.00)  1600.00   
internal:     80 x 80      ( 14585, -2292 ), ( 14665, -2212 )  6400      
Root cell box:
           width x height  (   llx,  lly  ), (   urx,  ury  )  area (units^2)

microns:   0.200 x 15.940  ( 73.025, -27.100), ( 73.225, -11.160)  3.188     
lambda:    20.00 x 1594.00  ( 7302.50, -2710.00), ( 7322.50, -1116.00)  31880.00  
internal:     40 x 3188    ( 14605, -5420 ), ( 14645, -2232 )  127520    
Root cell box:
           width x height  (   llx,  lly  ), (   urx,  ury  )  area (units^2)

microns:   0.400 x 0.400   ( 72.925, -27.200), ( 73.325, -26.800)  0.160     
lambda:    40.00 x 40.00   ( 7292.50, -2720.00), ( 7332.50, -2680.00)  1600.00   
internal:     80 x 80      ( 14585, -5440 ), ( 14665, -5360 )  6400      
Root cell box:
           width x height  (   llx,  lly  ), (   urx,  ury  )  area (units^2)

microns:   0.200 x 0.200   ( 73.025, -27.100), ( 73.225, -26.900)  0.040     
lambda:    20.00 x 20.00   ( 7302.50, -2710.00), ( 7322.50, -2690.00)  400.00    
internal:     40 x 40      ( 14605, -5420 ), ( 14645, -5380 )  1600      
Root cell box:
           width x height  (   llx,  lly  ), (   urx,  ury  )  area (units^2)

microns:   0.400 x 0.400   ( 72.925, -27.200), ( 73.325, -26.800)  0.160     
lambda:    40.00 x 40.00   ( 7292.50, -2720.00), ( 7332.50, -2680.00)  1600.00   
internal:     80 x 80      ( 14585, -5440 ), ( 14665, -5360 )  6400      
Root cell box:
           width x height  (   llx,  lly  ), (   urx,  ury  )  area (units^2)

microns:  18.140 x 0.200   ( 55.085, -27.100), ( 73.225, -26.900)  3.628     
lambda:   1814.00 x 20.00   ( 5508.50, -2710.00), ( 7322.50, -2690.00)  36280.00  
internal:   3628 x 40      ( 11017, -5420 ), ( 14645, -5380 )  145120    
Root cell box:
           width x height  (   llx,  lly  ), (   urx,  ury  )  area (units^2)

microns:   0.240 x 0.240   ( 64.770, -9.430), ( 65.010, -9.190)  0.058     
lambda:    24.00 x 24.00   ( 6477.00, -943.00), ( 6501.00, -919.00)  576.00    
internal:     48 x 48      ( 12954, -1886 ), ( 13002, -1838 )  2304      
Root cell box:
           width x height  (   llx,  lly  ), (   urx,  ury  )  area (units^2)

microns:   0.400 x 0.400   ( 64.690, -9.510), ( 65.090, -9.110)  0.160     
lambda:    40.00 x 40.00   ( 6469.00, -951.00), ( 6509.00, -911.00)  1600.00   
internal:     80 x 80      ( 12938, -1902 ), ( 13018, -1822 )  6400      
Root cell box:
           width x height  (   llx,  lly  ), (   urx,  ury  )  area (units^2)

microns:   0.200 x 0.200   ( 64.790, -9.410), ( 64.990, -9.210)  0.040     
lambda:    20.00 x 20.00   ( 6479.00, -941.00), ( 6499.00, -921.00)  400.00    
internal:     40 x 40      ( 12958, -1882 ), ( 12998, -1842 )  1600      
Root cell box:
           width x height  (   llx,  lly  ), (   urx,  ury  )  area (units^2)

microns:   0.400 x 0.400   ( 64.690, -9.510), ( 65.090, -9.110)  0.160     
lambda:    40.00 x 40.00   ( 6469.00, -951.00), ( 6509.00, -911.00)  1600.00   
internal:     80 x 80      ( 12938, -1902 ), ( 13018, -1822 )  6400      
Root cell box:
           width x height  (   llx,  lly  ), (   urx,  ury  )  area (units^2)

microns:   0.400 x 0.400   ( 64.690, -9.510), ( 65.090, -9.110)  0.160     
lambda:    40.00 x 40.00   ( 6469.00, -951.00), ( 6509.00, -911.00)  1600.00   
internal:     80 x 80      ( 12938, -1902 ), ( 13018, -1822 )  6400      
Root cell box:
           width x height  (   llx,  lly  ), (   urx,  ury  )  area (units^2)

microns:   0.200 x 0.200   ( 64.790, -9.410), ( 64.990, -9.210)  0.040     
lambda:    20.00 x 20.00   ( 6479.00, -941.00), ( 6499.00, -921.00)  400.00    
internal:     40 x 40      ( 12958, -1882 ), ( 12998, -1842 )  1600      
Root cell box:
           width x height  (   llx,  lly  ), (   urx,  ury  )  area (units^2)

microns:   0.400 x 0.400   ( 64.690, -9.510), ( 65.090, -9.110)  0.160     
lambda:    40.00 x 40.00   ( 6469.00, -951.00), ( 6509.00, -911.00)  1600.00   
internal:     80 x 80      ( 12938, -1902 ), ( 13018, -1822 )  6400      
Root cell box:
           width x height  (   llx,  lly  ), (   urx,  ury  )  area (units^2)

microns:   0.400 x 0.400   ( 64.690, -9.510), ( 65.090, -9.110)  0.160     
lambda:    40.00 x 40.00   ( 6469.00, -951.00), ( 6509.00, -911.00)  1600.00   
internal:     80 x 80      ( 12938, -1902 ), ( 13018, -1822 )  6400      
Root cell box:
           width x height  (   llx,  lly  ), (   urx,  ury  )  area (units^2)

microns:   0.200 x 0.200   ( 64.790, -9.410), ( 64.990, -9.210)  0.040     
lambda:    20.00 x 20.00   ( 6479.00, -941.00), ( 6499.00, -921.00)  400.00    
internal:     40 x 40      ( 12958, -1882 ), ( 12998, -1842 )  1600      
Root cell box:
           width x height  (   llx,  lly  ), (   urx,  ury  )  area (units^2)

microns:   0.400 x 0.400   ( 64.690, -9.510), ( 65.090, -9.110)  0.160     
lambda:    40.00 x 40.00   ( 6469.00, -951.00), ( 6509.00, -911.00)  1600.00   
internal:     80 x 80      ( 12938, -1902 ), ( 13018, -1822 )  6400      
Root cell box:
           width x height  (   llx,  lly  ), (   urx,  ury  )  area (units^2)

microns:   0.200 x 0.900   ( 64.790, -10.110), ( 64.990, -9.210)  0.180     
lambda:    20.00 x 90.00   ( 6479.00, -1011.00), ( 6499.00, -921.00)  1800.00   
internal:     40 x 180     ( 12958, -2022 ), ( 12998, -1842 )  7200      
Root cell box:
           width x height  (   llx,  lly  ), (   urx,  ury  )  area (units^2)

microns:   9.300 x 0.200   ( 64.790, -10.110), ( 74.090, -9.910)  1.860     
lambda:   930.00 x 20.00   ( 6479.00, -1011.00), ( 7409.00, -991.00)  18600.00  
internal:   1860 x 40      ( 12958, -2022 ), ( 14818, -1982 )  74400     
Root cell box:
           width x height  (   llx,  lly  ), (   urx,  ury  )  area (units^2)

microns:   0.400 x 0.400   ( 73.790, -10.210), ( 74.190, -9.810)  0.160     
lambda:    40.00 x 40.00   ( 7379.00, -1021.00), ( 7419.00, -981.00)  1600.00   
internal:     80 x 80      ( 14758, -2042 ), ( 14838, -1962 )  6400      
Root cell box:
           width x height  (   llx,  lly  ), (   urx,  ury  )  area (units^2)

microns:   0.200 x 0.200   ( 73.890, -10.110), ( 74.090, -9.910)  0.040     
lambda:    20.00 x 20.00   ( 7389.00, -1011.00), ( 7409.00, -991.00)  400.00    
internal:     40 x 40      ( 14778, -2022 ), ( 14818, -1982 )  1600      
Root cell box:
           width x height  (   llx,  lly  ), (   urx,  ury  )  area (units^2)

microns:   0.400 x 0.400   ( 73.790, -10.210), ( 74.190, -9.810)  0.160     
lambda:    40.00 x 40.00   ( 7379.00, -1021.00), ( 7419.00, -981.00)  1600.00   
internal:     80 x 80      ( 14758, -2042 ), ( 14838, -1962 )  6400      
Root cell box:
           width x height  (   llx,  lly  ), (   urx,  ury  )  area (units^2)

microns:   0.200 x 18.190  ( 73.890, -28.100), ( 74.090, -9.910)  3.638     
lambda:    20.00 x 1819.00  ( 7389.00, -2810.00), ( 7409.00, -991.00)  36380.00  
internal:     40 x 3638    ( 14778, -5620 ), ( 14818, -1982 )  145520    
Root cell box:
           width x height  (   llx,  lly  ), (   urx,  ury  )  area (units^2)

microns:   0.400 x 0.400   ( 73.790, -28.200), ( 74.190, -27.800)  0.160     
lambda:    40.00 x 40.00   ( 7379.00, -2820.00), ( 7419.00, -2780.00)  1600.00   
internal:     80 x 80      ( 14758, -5640 ), ( 14838, -5560 )  6400      
Root cell box:
           width x height  (   llx,  lly  ), (   urx,  ury  )  area (units^2)

microns:   0.200 x 0.200   ( 73.890, -28.100), ( 74.090, -27.900)  0.040     
lambda:    20.00 x 20.00   ( 7389.00, -2810.00), ( 7409.00, -2790.00)  400.00    
internal:     40 x 40      ( 14778, -5620 ), ( 14818, -5580 )  1600      
Root cell box:
           width x height  (   llx,  lly  ), (   urx,  ury  )  area (units^2)

microns:   0.400 x 0.400   ( 73.790, -28.200), ( 74.190, -27.800)  0.160     
lambda:    40.00 x 40.00   ( 7379.00, -2820.00), ( 7419.00, -2780.00)  1600.00   
internal:     80 x 80      ( 14758, -5640 ), ( 14838, -5560 )  6400      
Root cell box:
           width x height  (   llx,  lly  ), (   urx,  ury  )  area (units^2)

microns:   0.240 x 0.240   ( 64.710, -12.770), ( 64.950, -12.530)  0.058     
lambda:    24.00 x 24.00   ( 6471.00, -1277.00), ( 6495.00, -1253.00)  576.00    
internal:     48 x 48      ( 12942, -2554 ), ( 12990, -2506 )  2304      
Root cell box:
           width x height  (   llx,  lly  ), (   urx,  ury  )  area (units^2)

microns:   0.400 x 0.400   ( 64.630, -12.850), ( 65.030, -12.450)  0.160     
lambda:    40.00 x 40.00   ( 6463.00, -1285.00), ( 6503.00, -1245.00)  1600.00   
internal:     80 x 80      ( 12926, -2570 ), ( 13006, -2490 )  6400      
Root cell box:
           width x height  (   llx,  lly  ), (   urx,  ury  )  area (units^2)

microns:   0.200 x 0.200   ( 64.730, -12.750), ( 64.930, -12.550)  0.040     
lambda:    20.00 x 20.00   ( 6473.00, -1275.00), ( 6493.00, -1255.00)  400.00    
internal:     40 x 40      ( 12946, -2550 ), ( 12986, -2510 )  1600      
Root cell box:
           width x height  (   llx,  lly  ), (   urx,  ury  )  area (units^2)

microns:   0.400 x 0.400   ( 64.630, -12.850), ( 65.030, -12.450)  0.160     
lambda:    40.00 x 40.00   ( 6463.00, -1285.00), ( 6503.00, -1245.00)  1600.00   
internal:     80 x 80      ( 12926, -2570 ), ( 13006, -2490 )  6400      
Root cell box:
           width x height  (   llx,  lly  ), (   urx,  ury  )  area (units^2)

microns:   0.400 x 0.400   ( 64.630, -12.850), ( 65.030, -12.450)  0.160     
lambda:    40.00 x 40.00   ( 6463.00, -1285.00), ( 6503.00, -1245.00)  1600.00   
internal:     80 x 80      ( 12926, -2570 ), ( 13006, -2490 )  6400      
Root cell box:
           width x height  (   llx,  lly  ), (   urx,  ury  )  area (units^2)

microns:   0.200 x 0.200   ( 64.730, -12.750), ( 64.930, -12.550)  0.040     
lambda:    20.00 x 20.00   ( 6473.00, -1275.00), ( 6493.00, -1255.00)  400.00    
internal:     40 x 40      ( 12946, -2550 ), ( 12986, -2510 )  1600      
Root cell box:
           width x height  (   llx,  lly  ), (   urx,  ury  )  area (units^2)

microns:   0.400 x 0.400   ( 64.630, -12.850), ( 65.030, -12.450)  0.160     
lambda:    40.00 x 40.00   ( 6463.00, -1285.00), ( 6503.00, -1245.00)  1600.00   
internal:     80 x 80      ( 12926, -2570 ), ( 13006, -2490 )  6400      
Root cell box:
           width x height  (   llx,  lly  ), (   urx,  ury  )  area (units^2)

microns:   0.400 x 0.400   ( 64.630, -12.850), ( 65.030, -12.450)  0.160     
lambda:    40.00 x 40.00   ( 6463.00, -1285.00), ( 6503.00, -1245.00)  1600.00   
internal:     80 x 80      ( 12926, -2570 ), ( 13006, -2490 )  6400      
Root cell box:
           width x height  (   llx,  lly  ), (   urx,  ury  )  area (units^2)

microns:   0.200 x 0.200   ( 64.730, -12.750), ( 64.930, -12.550)  0.040     
lambda:    20.00 x 20.00   ( 6473.00, -1275.00), ( 6493.00, -1255.00)  400.00    
internal:     40 x 40      ( 12946, -2550 ), ( 12986, -2510 )  1600      
Root cell box:
           width x height  (   llx,  lly  ), (   urx,  ury  )  area (units^2)

microns:   0.400 x 0.400   ( 64.630, -12.850), ( 65.030, -12.450)  0.160     
lambda:    40.00 x 40.00   ( 6463.00, -1285.00), ( 6503.00, -1245.00)  1600.00   
internal:     80 x 80      ( 12926, -2570 ), ( 13006, -2490 )  6400      
Root cell box:
           width x height  (   llx,  lly  ), (   urx,  ury  )  area (units^2)

microns:   0.200 x 0.900   ( 64.730, -13.450), ( 64.930, -12.550)  0.180     
lambda:    20.00 x 90.00   ( 6473.00, -1345.00), ( 6493.00, -1255.00)  1800.00   
internal:     40 x 180     ( 12946, -2690 ), ( 12986, -2510 )  7200      
Root cell box:
           width x height  (   llx,  lly  ), (   urx,  ury  )  area (units^2)

microns:   9.950 x 0.200   ( 64.730, -13.450), ( 74.680, -13.250)  1.990     
lambda:   995.00 x 20.00   ( 6473.00, -1345.00), ( 7468.00, -1325.00)  19900.00  
internal:   1990 x 40      ( 12946, -2690 ), ( 14936, -2650 )  79600     
Root cell box:
           width x height  (   llx,  lly  ), (   urx,  ury  )  area (units^2)

microns:   0.400 x 0.400   ( 74.380, -13.550), ( 74.780, -13.150)  0.160     
lambda:    40.00 x 40.00   ( 7438.00, -1355.00), ( 7478.00, -1315.00)  1600.00   
internal:     80 x 80      ( 14876, -2710 ), ( 14956, -2630 )  6400      
Root cell box:
           width x height  (   llx,  lly  ), (   urx,  ury  )  area (units^2)

microns:   0.200 x 0.200   ( 74.480, -13.450), ( 74.680, -13.250)  0.040     
lambda:    20.00 x 20.00   ( 7448.00, -1345.00), ( 7468.00, -1325.00)  400.00    
internal:     40 x 40      ( 14896, -2690 ), ( 14936, -2650 )  1600      
Root cell box:
           width x height  (   llx,  lly  ), (   urx,  ury  )  area (units^2)

microns:   0.400 x 0.400   ( 74.380, -13.550), ( 74.780, -13.150)  0.160     
lambda:    40.00 x 40.00   ( 7438.00, -1355.00), ( 7478.00, -1315.00)  1600.00   
internal:     80 x 80      ( 14876, -2710 ), ( 14956, -2630 )  6400      
Root cell box:
           width x height  (   llx,  lly  ), (   urx,  ury  )  area (units^2)

microns:   0.200 x 14.850  ( 74.480, -28.100), ( 74.680, -13.250)  2.970     
lambda:    20.00 x 1485.00  ( 7448.00, -2810.00), ( 7468.00, -1325.00)  29700.00  
internal:     40 x 2970    ( 14896, -5620 ), ( 14936, -2650 )  118800    
Root cell box:
           width x height  (   llx,  lly  ), (   urx,  ury  )  area (units^2)

microns:   0.400 x 0.400   ( 74.380, -28.200), ( 74.780, -27.800)  0.160     
lambda:    40.00 x 40.00   ( 7438.00, -2820.00), ( 7478.00, -2780.00)  1600.00   
internal:     80 x 80      ( 14876, -5640 ), ( 14956, -5560 )  6400      
Root cell box:
           width x height  (   llx,  lly  ), (   urx,  ury  )  area (units^2)

microns:   0.200 x 0.200   ( 74.480, -28.100), ( 74.680, -27.900)  0.040     
lambda:    20.00 x 20.00   ( 7448.00, -2810.00), ( 7468.00, -2790.00)  400.00    
internal:     40 x 40      ( 14896, -5620 ), ( 14936, -5580 )  1600      
Root cell box:
           width x height  (   llx,  lly  ), (   urx,  ury  )  area (units^2)

microns:   0.400 x 0.400   ( 74.380, -28.200), ( 74.780, -27.800)  0.160     
lambda:    40.00 x 40.00   ( 7438.00, -2820.00), ( 7478.00, -2780.00)  1600.00   
internal:     80 x 80      ( 14876, -5640 ), ( 14956, -5560 )  6400      
Root cell box:
           width x height  (   llx,  lly  ), (   urx,  ury  )  area (units^2)

microns:   0.240 x 0.240   ( 68.245, -8.740), ( 68.485, -8.500)  0.058     
lambda:    24.00 x 24.00   ( 6824.50, -874.00), ( 6848.50, -850.00)  576.00    
internal:     48 x 48      ( 13649, -1748 ), ( 13697, -1700 )  2304      
Root cell box:
           width x height  (   llx,  lly  ), (   urx,  ury  )  area (units^2)

microns:   0.400 x 0.400   ( 68.165, -8.820), ( 68.565, -8.420)  0.160     
lambda:    40.00 x 40.00   ( 6816.50, -882.00), ( 6856.50, -842.00)  1600.00   
internal:     80 x 80      ( 13633, -1764 ), ( 13713, -1684 )  6400      
Root cell box:
           width x height  (   llx,  lly  ), (   urx,  ury  )  area (units^2)

microns:   0.200 x 0.200   ( 68.265, -8.720), ( 68.465, -8.520)  0.040     
lambda:    20.00 x 20.00   ( 6826.50, -872.00), ( 6846.50, -852.00)  400.00    
internal:     40 x 40      ( 13653, -1744 ), ( 13693, -1704 )  1600      
Root cell box:
           width x height  (   llx,  lly  ), (   urx,  ury  )  area (units^2)

microns:   0.400 x 0.400   ( 68.165, -8.820), ( 68.565, -8.420)  0.160     
lambda:    40.00 x 40.00   ( 6816.50, -882.00), ( 6856.50, -842.00)  1600.00   
internal:     80 x 80      ( 13633, -1764 ), ( 13713, -1684 )  6400      
Root cell box:
           width x height  (   llx,  lly  ), (   urx,  ury  )  area (units^2)

microns:   0.400 x 0.400   ( 68.165, -8.820), ( 68.565, -8.420)  0.160     
lambda:    40.00 x 40.00   ( 6816.50, -882.00), ( 6856.50, -842.00)  1600.00   
internal:     80 x 80      ( 13633, -1764 ), ( 13713, -1684 )  6400      
Root cell box:
           width x height  (   llx,  lly  ), (   urx,  ury  )  area (units^2)

microns:   0.200 x 0.200   ( 68.265, -8.720), ( 68.465, -8.520)  0.040     
lambda:    20.00 x 20.00   ( 6826.50, -872.00), ( 6846.50, -852.00)  400.00    
internal:     40 x 40      ( 13653, -1744 ), ( 13693, -1704 )  1600      
Root cell box:
           width x height  (   llx,  lly  ), (   urx,  ury  )  area (units^2)

microns:   0.400 x 0.400   ( 68.165, -8.820), ( 68.565, -8.420)  0.160     
lambda:    40.00 x 40.00   ( 6816.50, -882.00), ( 6856.50, -842.00)  1600.00   
internal:     80 x 80      ( 13633, -1764 ), ( 13713, -1684 )  6400      
Root cell box:
           width x height  (   llx,  lly  ), (   urx,  ury  )  area (units^2)

microns:   0.400 x 0.400   ( 68.165, -8.820), ( 68.565, -8.420)  0.160     
lambda:    40.00 x 40.00   ( 6816.50, -882.00), ( 6856.50, -842.00)  1600.00   
internal:     80 x 80      ( 13633, -1764 ), ( 13713, -1684 )  6400      
Root cell box:
           width x height  (   llx,  lly  ), (   urx,  ury  )  area (units^2)

microns:   0.200 x 0.200   ( 68.265, -8.720), ( 68.465, -8.520)  0.040     
lambda:    20.00 x 20.00   ( 6826.50, -872.00), ( 6846.50, -852.00)  400.00    
internal:     40 x 40      ( 13653, -1744 ), ( 13693, -1704 )  1600      
Root cell box:
           width x height  (   llx,  lly  ), (   urx,  ury  )  area (units^2)

microns:   0.400 x 0.400   ( 68.165, -8.820), ( 68.565, -8.420)  0.160     
lambda:    40.00 x 40.00   ( 6816.50, -882.00), ( 6856.50, -842.00)  1600.00   
internal:     80 x 80      ( 13633, -1764 ), ( 13713, -1684 )  6400      
Root cell box:
           width x height  (   llx,  lly  ), (   urx,  ury  )  area (units^2)

microns:   0.400 x 0.400   ( 68.165, -8.820), ( 68.565, -8.420)  0.160     
lambda:    40.00 x 40.00   ( 6816.50, -882.00), ( 6856.50, -842.00)  1600.00   
internal:     80 x 80      ( 13633, -1764 ), ( 13713, -1684 )  6400      
Root cell box:
           width x height  (   llx,  lly  ), (   urx,  ury  )  area (units^2)

microns:   0.200 x 0.200   ( 68.265, -8.720), ( 68.465, -8.520)  0.040     
lambda:    20.00 x 20.00   ( 6826.50, -872.00), ( 6846.50, -852.00)  400.00    
internal:     40 x 40      ( 13653, -1744 ), ( 13693, -1704 )  1600      
Root cell box:
           width x height  (   llx,  lly  ), (   urx,  ury  )  area (units^2)

microns:   0.400 x 0.400   ( 68.165, -8.820), ( 68.565, -8.420)  0.160     
lambda:    40.00 x 40.00   ( 6816.50, -882.00), ( 6856.50, -842.00)  1600.00   
internal:     80 x 80      ( 13633, -1764 ), ( 13713, -1684 )  6400      
Root cell box:
           width x height  (   llx,  lly  ), (   urx,  ury  )  area (units^2)

microns:  26.850 x 0.200   ( 68.265, -8.720), ( 95.115, -8.520)  5.370     
lambda:   2685.00 x 20.00   ( 6826.50, -872.00), ( 9511.50, -852.00)  53700.00  
internal:   5370 x 40      ( 13653, -1744 ), ( 19023, -1704 )  214800    
Root cell box:
           width x height  (   llx,  lly  ), (   urx,  ury  )  area (units^2)

microns:   0.400 x 0.400   ( 94.815, -8.820), ( 95.215, -8.420)  0.160     
lambda:    40.00 x 40.00   ( 9481.50, -882.00), ( 9521.50, -842.00)  1600.00   
internal:     80 x 80      ( 18963, -1764 ), ( 19043, -1684 )  6400      
Root cell box:
           width x height  (   llx,  lly  ), (   urx,  ury  )  area (units^2)

microns:   0.200 x 0.200   ( 94.915, -8.720), ( 95.115, -8.520)  0.040     
lambda:    20.00 x 20.00   ( 9491.50, -872.00), ( 9511.50, -852.00)  400.00    
internal:     40 x 40      ( 18983, -1744 ), ( 19023, -1704 )  1600      
Root cell box:
           width x height  (   llx,  lly  ), (   urx,  ury  )  area (units^2)

microns:   0.400 x 0.400   ( 94.815, -8.820), ( 95.215, -8.420)  0.160     
lambda:    40.00 x 40.00   ( 9481.50, -882.00), ( 9521.50, -842.00)  1600.00   
internal:     80 x 80      ( 18963, -1764 ), ( 19043, -1684 )  6400      
Root cell box:
           width x height  (   llx,  lly  ), (   urx,  ury  )  area (units^2)

microns:   0.400 x 0.400   ( 94.815, -8.820), ( 95.215, -8.420)  0.160     
lambda:    40.00 x 40.00   ( 9481.50, -882.00), ( 9521.50, -842.00)  1600.00   
internal:     80 x 80      ( 18963, -1764 ), ( 19043, -1684 )  6400      
Root cell box:
           width x height  (   llx,  lly  ), (   urx,  ury  )  area (units^2)

microns:   0.200 x 0.200   ( 94.915, -8.720), ( 95.115, -8.520)  0.040     
lambda:    20.00 x 20.00   ( 9491.50, -872.00), ( 9511.50, -852.00)  400.00    
internal:     40 x 40      ( 18983, -1744 ), ( 19023, -1704 )  1600      
Root cell box:
           width x height  (   llx,  lly  ), (   urx,  ury  )  area (units^2)

microns:   0.400 x 0.400   ( 94.815, -8.820), ( 95.215, -8.420)  0.160     
lambda:    40.00 x 40.00   ( 9481.50, -882.00), ( 9521.50, -842.00)  1600.00   
internal:     80 x 80      ( 18963, -1764 ), ( 19043, -1684 )  6400      
Root cell box:
           width x height  (   llx,  lly  ), (   urx,  ury  )  area (units^2)

microns:   0.200 x 19.580  ( 94.915, -28.100), ( 95.115, -8.520)  3.916     
lambda:    20.00 x 1958.00  ( 9491.50, -2810.00), ( 9511.50, -852.00)  39160.00  
internal:     40 x 3916    ( 18983, -5620 ), ( 19023, -1704 )  156640    
Root cell box:
           width x height  (   llx,  lly  ), (   urx,  ury  )  area (units^2)

microns:   0.400 x 0.400   ( 94.815, -28.200), ( 95.215, -27.800)  0.160     
lambda:    40.00 x 40.00   ( 9481.50, -2820.00), ( 9521.50, -2780.00)  1600.00   
internal:     80 x 80      ( 18963, -5640 ), ( 19043, -5560 )  6400      
Root cell box:
           width x height  (   llx,  lly  ), (   urx,  ury  )  area (units^2)

microns:   0.200 x 0.200   ( 94.915, -28.100), ( 95.115, -27.900)  0.040     
lambda:    20.00 x 20.00   ( 9491.50, -2810.00), ( 9511.50, -2790.00)  400.00    
internal:     40 x 40      ( 18983, -5620 ), ( 19023, -5580 )  1600      
Root cell box:
           width x height  (   llx,  lly  ), (   urx,  ury  )  area (units^2)

microns:   0.400 x 0.400   ( 94.815, -28.200), ( 95.215, -27.800)  0.160     
lambda:    40.00 x 40.00   ( 9481.50, -2820.00), ( 9521.50, -2780.00)  1600.00   
internal:     80 x 80      ( 18963, -5640 ), ( 19043, -5560 )  6400      
Root cell box:
           width x height  (   llx,  lly  ), (   urx,  ury  )  area (units^2)

microns:   0.240 x 0.240   ( 68.185, -12.120), ( 68.425, -11.880)  0.058     
lambda:    24.00 x 24.00   ( 6818.50, -1212.00), ( 6842.50, -1188.00)  576.00    
internal:     48 x 48      ( 13637, -2424 ), ( 13685, -2376 )  2304      
Root cell box:
           width x height  (   llx,  lly  ), (   urx,  ury  )  area (units^2)

microns:   0.400 x 0.400   ( 68.105, -12.200), ( 68.505, -11.800)  0.160     
lambda:    40.00 x 40.00   ( 6810.50, -1220.00), ( 6850.50, -1180.00)  1600.00   
internal:     80 x 80      ( 13621, -2440 ), ( 13701, -2360 )  6400      
Root cell box:
           width x height  (   llx,  lly  ), (   urx,  ury  )  area (units^2)

microns:   0.200 x 0.200   ( 68.205, -12.100), ( 68.405, -11.900)  0.040     
lambda:    20.00 x 20.00   ( 6820.50, -1210.00), ( 6840.50, -1190.00)  400.00    
internal:     40 x 40      ( 13641, -2420 ), ( 13681, -2380 )  1600      
Root cell box:
           width x height  (   llx,  lly  ), (   urx,  ury  )  area (units^2)

microns:   0.400 x 0.400   ( 68.105, -12.200), ( 68.505, -11.800)  0.160     
lambda:    40.00 x 40.00   ( 6810.50, -1220.00), ( 6850.50, -1180.00)  1600.00   
internal:     80 x 80      ( 13621, -2440 ), ( 13701, -2360 )  6400      
Root cell box:
           width x height  (   llx,  lly  ), (   urx,  ury  )  area (units^2)

microns:   0.400 x 0.400   ( 68.105, -12.200), ( 68.505, -11.800)  0.160     
lambda:    40.00 x 40.00   ( 6810.50, -1220.00), ( 6850.50, -1180.00)  1600.00   
internal:     80 x 80      ( 13621, -2440 ), ( 13701, -2360 )  6400      
Root cell box:
           width x height  (   llx,  lly  ), (   urx,  ury  )  area (units^2)

microns:   0.200 x 0.200   ( 68.205, -12.100), ( 68.405, -11.900)  0.040     
lambda:    20.00 x 20.00   ( 6820.50, -1210.00), ( 6840.50, -1190.00)  400.00    
internal:     40 x 40      ( 13641, -2420 ), ( 13681, -2380 )  1600      
Root cell box:
           width x height  (   llx,  lly  ), (   urx,  ury  )  area (units^2)

microns:   0.400 x 0.400   ( 68.105, -12.200), ( 68.505, -11.800)  0.160     
lambda:    40.00 x 40.00   ( 6810.50, -1220.00), ( 6850.50, -1180.00)  1600.00   
internal:     80 x 80      ( 13621, -2440 ), ( 13701, -2360 )  6400      
Root cell box:
           width x height  (   llx,  lly  ), (   urx,  ury  )  area (units^2)

microns:   0.400 x 0.400   ( 68.105, -12.200), ( 68.505, -11.800)  0.160     
lambda:    40.00 x 40.00   ( 6810.50, -1220.00), ( 6850.50, -1180.00)  1600.00   
internal:     80 x 80      ( 13621, -2440 ), ( 13701, -2360 )  6400      
Root cell box:
           width x height  (   llx,  lly  ), (   urx,  ury  )  area (units^2)

microns:   0.200 x 0.200   ( 68.205, -12.100), ( 68.405, -11.900)  0.040     
lambda:    20.00 x 20.00   ( 6820.50, -1210.00), ( 6840.50, -1190.00)  400.00    
internal:     40 x 40      ( 13641, -2420 ), ( 13681, -2380 )  1600      
Root cell box:
           width x height  (   llx,  lly  ), (   urx,  ury  )  area (units^2)

microns:   0.400 x 0.400   ( 68.105, -12.200), ( 68.505, -11.800)  0.160     
lambda:    40.00 x 40.00   ( 6810.50, -1220.00), ( 6850.50, -1180.00)  1600.00   
internal:     80 x 80      ( 13621, -2440 ), ( 13701, -2360 )  6400      
Root cell box:
           width x height  (   llx,  lly  ), (   urx,  ury  )  area (units^2)

microns:   0.400 x 0.400   ( 68.105, -12.200), ( 68.505, -11.800)  0.160     
lambda:    40.00 x 40.00   ( 6810.50, -1220.00), ( 6850.50, -1180.00)  1600.00   
internal:     80 x 80      ( 13621, -2440 ), ( 13701, -2360 )  6400      
Root cell box:
           width x height  (   llx,  lly  ), (   urx,  ury  )  area (units^2)

microns:   0.200 x 0.200   ( 68.205, -12.100), ( 68.405, -11.900)  0.040     
lambda:    20.00 x 20.00   ( 6820.50, -1210.00), ( 6840.50, -1190.00)  400.00    
internal:     40 x 40      ( 13641, -2420 ), ( 13681, -2380 )  1600      
Root cell box:
           width x height  (   llx,  lly  ), (   urx,  ury  )  area (units^2)

microns:   0.400 x 0.400   ( 68.105, -12.200), ( 68.505, -11.800)  0.160     
lambda:    40.00 x 40.00   ( 6810.50, -1220.00), ( 6850.50, -1180.00)  1600.00   
internal:     80 x 80      ( 13621, -2440 ), ( 13701, -2360 )  6400      
Root cell box:
           width x height  (   llx,  lly  ), (   urx,  ury  )  area (units^2)

microns:  27.500 x 0.200   ( 68.205, -12.100), ( 95.705, -11.900)  5.500     
lambda:   2750.00 x 20.00   ( 6820.50, -1210.00), ( 9570.50, -1190.00)  55000.00  
internal:   5500 x 40      ( 13641, -2420 ), ( 19141, -2380 )  220000    
Root cell box:
           width x height  (   llx,  lly  ), (   urx,  ury  )  area (units^2)

microns:   0.400 x 0.400   ( 95.405, -12.200), ( 95.805, -11.800)  0.160     
lambda:    40.00 x 40.00   ( 9540.50, -1220.00), ( 9580.50, -1180.00)  1600.00   
internal:     80 x 80      ( 19081, -2440 ), ( 19161, -2360 )  6400      
Root cell box:
           width x height  (   llx,  lly  ), (   urx,  ury  )  area (units^2)

microns:   0.200 x 0.200   ( 95.505, -12.100), ( 95.705, -11.900)  0.040     
lambda:    20.00 x 20.00   ( 9550.50, -1210.00), ( 9570.50, -1190.00)  400.00    
internal:     40 x 40      ( 19101, -2420 ), ( 19141, -2380 )  1600      
Root cell box:
           width x height  (   llx,  lly  ), (   urx,  ury  )  area (units^2)

microns:   0.400 x 0.400   ( 95.405, -12.200), ( 95.805, -11.800)  0.160     
lambda:    40.00 x 40.00   ( 9540.50, -1220.00), ( 9580.50, -1180.00)  1600.00   
internal:     80 x 80      ( 19081, -2440 ), ( 19161, -2360 )  6400      
Root cell box:
           width x height  (   llx,  lly  ), (   urx,  ury  )  area (units^2)

microns:   0.400 x 0.400   ( 95.405, -12.200), ( 95.805, -11.800)  0.160     
lambda:    40.00 x 40.00   ( 9540.50, -1220.00), ( 9580.50, -1180.00)  1600.00   
internal:     80 x 80      ( 19081, -2440 ), ( 19161, -2360 )  6400      
Root cell box:
           width x height  (   llx,  lly  ), (   urx,  ury  )  area (units^2)

microns:   0.200 x 0.200   ( 95.505, -12.100), ( 95.705, -11.900)  0.040     
lambda:    20.00 x 20.00   ( 9550.50, -1210.00), ( 9570.50, -1190.00)  400.00    
internal:     40 x 40      ( 19101, -2420 ), ( 19141, -2380 )  1600      
Root cell box:
           width x height  (   llx,  lly  ), (   urx,  ury  )  area (units^2)

microns:   0.400 x 0.400   ( 95.405, -12.200), ( 95.805, -11.800)  0.160     
lambda:    40.00 x 40.00   ( 9540.50, -1220.00), ( 9580.50, -1180.00)  1600.00   
internal:     80 x 80      ( 19081, -2440 ), ( 19161, -2360 )  6400      
Root cell box:
           width x height  (   llx,  lly  ), (   urx,  ury  )  area (units^2)

microns:   0.200 x 16.200  ( 95.505, -28.100), ( 95.705, -11.900)  3.240     
lambda:    20.00 x 1620.00  ( 9550.50, -2810.00), ( 9570.50, -1190.00)  32400.00  
internal:     40 x 3240    ( 19101, -5620 ), ( 19141, -2380 )  129600    
Root cell box:
           width x height  (   llx,  lly  ), (   urx,  ury  )  area (units^2)

microns:   0.400 x 0.400   ( 95.405, -28.200), ( 95.805, -27.800)  0.160     
lambda:    40.00 x 40.00   ( 9540.50, -2820.00), ( 9580.50, -2780.00)  1600.00   
internal:     80 x 80      ( 19081, -5640 ), ( 19161, -5560 )  6400      
Root cell box:
           width x height  (   llx,  lly  ), (   urx,  ury  )  area (units^2)

microns:   0.200 x 0.200   ( 95.505, -28.100), ( 95.705, -27.900)  0.040     
lambda:    20.00 x 20.00   ( 9550.50, -2810.00), ( 9570.50, -2790.00)  400.00    
internal:     40 x 40      ( 19101, -5620 ), ( 19141, -5580 )  1600      
Root cell box:
           width x height  (   llx,  lly  ), (   urx,  ury  )  area (units^2)

microns:   0.400 x 0.400   ( 95.405, -28.200), ( 95.805, -27.800)  0.160     
lambda:    40.00 x 40.00   ( 9540.50, -2820.00), ( 9580.50, -2780.00)  1600.00   
internal:     80 x 80      ( 19081, -5640 ), ( 19161, -5560 )  6400      
Root cell box:
           width x height  (   llx,  lly  ), (   urx,  ury  )  area (units^2)

microns:  21.815 x 0.200   ( 73.890, -28.100), ( 95.705, -27.900)  4.363     
lambda:   2181.50 x 20.00   ( 7389.00, -2810.00), ( 9570.50, -2790.00)  43630.00  
internal:   4363 x 40      ( 14778, -5620 ), ( 19141, -5580 )  174520    
Root cell box:
           width x height  (   llx,  lly  ), (   urx,  ury  )  area (units^2)

microns:   0.240 x 0.240   ( 65.340, -12.770), ( 65.580, -12.530)  0.058     
lambda:    24.00 x 24.00   ( 6534.00, -1277.00), ( 6558.00, -1253.00)  576.00    
internal:     48 x 48      ( 13068, -2554 ), ( 13116, -2506 )  2304      
Root cell box:
           width x height  (   llx,  lly  ), (   urx,  ury  )  area (units^2)

microns:   0.400 x 0.400   ( 65.260, -12.850), ( 65.660, -12.450)  0.160     
lambda:    40.00 x 40.00   ( 6526.00, -1285.00), ( 6566.00, -1245.00)  1600.00   
internal:     80 x 80      ( 13052, -2570 ), ( 13132, -2490 )  6400      
Root cell box:
           width x height  (   llx,  lly  ), (   urx,  ury  )  area (units^2)

microns:   0.200 x 0.200   ( 65.360, -12.750), ( 65.560, -12.550)  0.040     
lambda:    20.00 x 20.00   ( 6536.00, -1275.00), ( 6556.00, -1255.00)  400.00    
internal:     40 x 40      ( 13072, -2550 ), ( 13112, -2510 )  1600      
Root cell box:
           width x height  (   llx,  lly  ), (   urx,  ury  )  area (units^2)

microns:   0.400 x 0.400   ( 65.260, -12.850), ( 65.660, -12.450)  0.160     
lambda:    40.00 x 40.00   ( 6526.00, -1285.00), ( 6566.00, -1245.00)  1600.00   
internal:     80 x 80      ( 13052, -2570 ), ( 13132, -2490 )  6400      
Root cell box:
           width x height  (   llx,  lly  ), (   urx,  ury  )  area (units^2)

microns:   0.400 x 0.400   ( 65.260, -12.850), ( 65.660, -12.450)  0.160     
lambda:    40.00 x 40.00   ( 6526.00, -1285.00), ( 6566.00, -1245.00)  1600.00   
internal:     80 x 80      ( 13052, -2570 ), ( 13132, -2490 )  6400      
Root cell box:
           width x height  (   llx,  lly  ), (   urx,  ury  )  area (units^2)

microns:   0.200 x 0.200   ( 65.360, -12.750), ( 65.560, -12.550)  0.040     
lambda:    20.00 x 20.00   ( 6536.00, -1275.00), ( 6556.00, -1255.00)  400.00    
internal:     40 x 40      ( 13072, -2550 ), ( 13112, -2510 )  1600      
Root cell box:
           width x height  (   llx,  lly  ), (   urx,  ury  )  area (units^2)

microns:   0.400 x 0.400   ( 65.260, -12.850), ( 65.660, -12.450)  0.160     
lambda:    40.00 x 40.00   ( 6526.00, -1285.00), ( 6566.00, -1245.00)  1600.00   
internal:     80 x 80      ( 13052, -2570 ), ( 13132, -2490 )  6400      
Root cell box:
           width x height  (   llx,  lly  ), (   urx,  ury  )  area (units^2)

microns:   0.400 x 0.400   ( 65.260, -12.850), ( 65.660, -12.450)  0.160     
lambda:    40.00 x 40.00   ( 6526.00, -1285.00), ( 6566.00, -1245.00)  1600.00   
internal:     80 x 80      ( 13052, -2570 ), ( 13132, -2490 )  6400      
Root cell box:
           width x height  (   llx,  lly  ), (   urx,  ury  )  area (units^2)

microns:   0.200 x 0.200   ( 65.360, -12.750), ( 65.560, -12.550)  0.040     
lambda:    20.00 x 20.00   ( 6536.00, -1275.00), ( 6556.00, -1255.00)  400.00    
internal:     40 x 40      ( 13072, -2550 ), ( 13112, -2510 )  1600      
Root cell box:
           width x height  (   llx,  lly  ), (   urx,  ury  )  area (units^2)

microns:   0.400 x 0.400   ( 65.260, -12.850), ( 65.660, -12.450)  0.160     
lambda:    40.00 x 40.00   ( 6526.00, -1285.00), ( 6566.00, -1245.00)  1600.00   
internal:     80 x 80      ( 13052, -2570 ), ( 13132, -2490 )  6400      
Root cell box:
           width x height  (   llx,  lly  ), (   urx,  ury  )  area (units^2)

microns:   0.200 x 2.300   ( 65.360, -12.750), ( 65.560, -10.450)  0.460     
lambda:    20.00 x 230.00  ( 6536.00, -1275.00), ( 6556.00, -1045.00)  4600.00   
internal:     40 x 460     ( 13072, -2550 ), ( 13112, -2090 )  18400     
Root cell box:
           width x height  (   llx,  lly  ), (   urx,  ury  )  area (units^2)

microns:   9.950 x 0.200   ( 65.360, -10.650), ( 75.310, -10.450)  1.990     
lambda:   995.00 x 20.00   ( 6536.00, -1065.00), ( 7531.00, -1045.00)  19900.00  
internal:   1990 x 40      ( 13072, -2130 ), ( 15062, -2090 )  79600     
Root cell box:
           width x height  (   llx,  lly  ), (   urx,  ury  )  area (units^2)

microns:   0.400 x 0.400   ( 75.010, -10.750), ( 75.410, -10.350)  0.160     
lambda:    40.00 x 40.00   ( 7501.00, -1075.00), ( 7541.00, -1035.00)  1600.00   
internal:     80 x 80      ( 15002, -2150 ), ( 15082, -2070 )  6400      
Root cell box:
           width x height  (   llx,  lly  ), (   urx,  ury  )  area (units^2)

microns:   0.200 x 0.200   ( 75.110, -10.650), ( 75.310, -10.450)  0.040     
lambda:    20.00 x 20.00   ( 7511.00, -1065.00), ( 7531.00, -1045.00)  400.00    
internal:     40 x 40      ( 15022, -2130 ), ( 15062, -2090 )  1600      
Root cell box:
           width x height  (   llx,  lly  ), (   urx,  ury  )  area (units^2)

microns:   0.400 x 0.400   ( 75.010, -10.750), ( 75.410, -10.350)  0.160     
lambda:    40.00 x 40.00   ( 7501.00, -1075.00), ( 7541.00, -1035.00)  1600.00   
internal:     80 x 80      ( 15002, -2150 ), ( 15082, -2070 )  6400      
Root cell box:
           width x height  (   llx,  lly  ), (   urx,  ury  )  area (units^2)

microns:   0.200 x 18.650  ( 75.110, -29.100), ( 75.310, -10.450)  3.730     
lambda:    20.00 x 1865.00  ( 7511.00, -2910.00), ( 7531.00, -1045.00)  37300.00  
internal:     40 x 3730    ( 15022, -5820 ), ( 15062, -2090 )  149200    
Root cell box:
           width x height  (   llx,  lly  ), (   urx,  ury  )  area (units^2)

microns:   0.400 x 0.400   ( 75.010, -29.200), ( 75.410, -28.800)  0.160     
lambda:    40.00 x 40.00   ( 7501.00, -2920.00), ( 7541.00, -2880.00)  1600.00   
internal:     80 x 80      ( 15002, -5840 ), ( 15082, -5760 )  6400      
Root cell box:
           width x height  (   llx,  lly  ), (   urx,  ury  )  area (units^2)

microns:   0.200 x 0.200   ( 75.110, -29.100), ( 75.310, -28.900)  0.040     
lambda:    20.00 x 20.00   ( 7511.00, -2910.00), ( 7531.00, -2890.00)  400.00    
internal:     40 x 40      ( 15022, -5820 ), ( 15062, -5780 )  1600      
Root cell box:
           width x height  (   llx,  lly  ), (   urx,  ury  )  area (units^2)

microns:   0.400 x 0.400   ( 75.010, -29.200), ( 75.410, -28.800)  0.160     
lambda:    40.00 x 40.00   ( 7501.00, -2920.00), ( 7541.00, -2880.00)  1600.00   
internal:     80 x 80      ( 15002, -5840 ), ( 15082, -5760 )  6400      
Root cell box:
           width x height  (   llx,  lly  ), (   urx,  ury  )  area (units^2)

microns:   0.240 x 0.240   ( 64.490, -15.490), ( 64.730, -15.250)  0.058     
lambda:    24.00 x 24.00   ( 6449.00, -1549.00), ( 6473.00, -1525.00)  576.00    
internal:     48 x 48      ( 12898, -3098 ), ( 12946, -3050 )  2304      
Root cell box:
           width x height  (   llx,  lly  ), (   urx,  ury  )  area (units^2)

microns:   0.400 x 0.400   ( 64.410, -15.570), ( 64.810, -15.170)  0.160     
lambda:    40.00 x 40.00   ( 6441.00, -1557.00), ( 6481.00, -1517.00)  1600.00   
internal:     80 x 80      ( 12882, -3114 ), ( 12962, -3034 )  6400      
Root cell box:
           width x height  (   llx,  lly  ), (   urx,  ury  )  area (units^2)

microns:   0.200 x 0.200   ( 64.510, -15.470), ( 64.710, -15.270)  0.040     
lambda:    20.00 x 20.00   ( 6451.00, -1547.00), ( 6471.00, -1527.00)  400.00    
internal:     40 x 40      ( 12902, -3094 ), ( 12942, -3054 )  1600      
Root cell box:
           width x height  (   llx,  lly  ), (   urx,  ury  )  area (units^2)

microns:   0.400 x 0.400   ( 64.410, -15.570), ( 64.810, -15.170)  0.160     
lambda:    40.00 x 40.00   ( 6441.00, -1557.00), ( 6481.00, -1517.00)  1600.00   
internal:     80 x 80      ( 12882, -3114 ), ( 12962, -3034 )  6400      
Root cell box:
           width x height  (   llx,  lly  ), (   urx,  ury  )  area (units^2)

microns:   0.400 x 0.400   ( 64.410, -15.570), ( 64.810, -15.170)  0.160     
lambda:    40.00 x 40.00   ( 6441.00, -1557.00), ( 6481.00, -1517.00)  1600.00   
internal:     80 x 80      ( 12882, -3114 ), ( 12962, -3034 )  6400      
Root cell box:
           width x height  (   llx,  lly  ), (   urx,  ury  )  area (units^2)

microns:   0.200 x 0.200   ( 64.510, -15.470), ( 64.710, -15.270)  0.040     
lambda:    20.00 x 20.00   ( 6451.00, -1547.00), ( 6471.00, -1527.00)  400.00    
internal:     40 x 40      ( 12902, -3094 ), ( 12942, -3054 )  1600      
Root cell box:
           width x height  (   llx,  lly  ), (   urx,  ury  )  area (units^2)

microns:   0.400 x 0.400   ( 64.410, -15.570), ( 64.810, -15.170)  0.160     
lambda:    40.00 x 40.00   ( 6441.00, -1557.00), ( 6481.00, -1517.00)  1600.00   
internal:     80 x 80      ( 12882, -3114 ), ( 12962, -3034 )  6400      
Root cell box:
           width x height  (   llx,  lly  ), (   urx,  ury  )  area (units^2)

microns:   0.400 x 0.400   ( 64.410, -15.570), ( 64.810, -15.170)  0.160     
lambda:    40.00 x 40.00   ( 6441.00, -1557.00), ( 6481.00, -1517.00)  1600.00   
internal:     80 x 80      ( 12882, -3114 ), ( 12962, -3034 )  6400      
Root cell box:
           width x height  (   llx,  lly  ), (   urx,  ury  )  area (units^2)

microns:   0.200 x 0.200   ( 64.510, -15.470), ( 64.710, -15.270)  0.040     
lambda:    20.00 x 20.00   ( 6451.00, -1547.00), ( 6471.00, -1527.00)  400.00    
internal:     40 x 40      ( 12902, -3094 ), ( 12942, -3054 )  1600      
Root cell box:
           width x height  (   llx,  lly  ), (   urx,  ury  )  area (units^2)

microns:   0.400 x 0.400   ( 64.410, -15.570), ( 64.810, -15.170)  0.160     
lambda:    40.00 x 40.00   ( 6441.00, -1557.00), ( 6481.00, -1517.00)  1600.00   
internal:     80 x 80      ( 12882, -3114 ), ( 12962, -3034 )  6400      
Root cell box:
           width x height  (   llx,  lly  ), (   urx,  ury  )  area (units^2)

microns:   0.200 x 0.550   ( 64.510, -15.820), ( 64.710, -15.270)  0.110     
lambda:    20.00 x 55.00   ( 6451.00, -1582.00), ( 6471.00, -1527.00)  1100.00   
internal:     40 x 110     ( 12902, -3164 ), ( 12942, -3054 )  4400      
Root cell box:
           width x height  (   llx,  lly  ), (   urx,  ury  )  area (units^2)

microns:   0.850 x 0.200   ( 64.510, -15.820), ( 65.360, -15.620)  0.170     
lambda:    85.00 x 20.00   ( 6451.00, -1582.00), ( 6536.00, -1562.00)  1700.00   
internal:    170 x 40      ( 12902, -3164 ), ( 13072, -3124 )  6800      
Root cell box:
           width x height  (   llx,  lly  ), (   urx,  ury  )  area (units^2)

microns:   0.400 x 0.400   ( 65.060, -15.920), ( 65.460, -15.520)  0.160     
lambda:    40.00 x 40.00   ( 6506.00, -1592.00), ( 6546.00, -1552.00)  1600.00   
internal:     80 x 80      ( 13012, -3184 ), ( 13092, -3104 )  6400      
Root cell box:
           width x height  (   llx,  lly  ), (   urx,  ury  )  area (units^2)

microns:   0.200 x 0.200   ( 65.160, -15.820), ( 65.360, -15.620)  0.040     
lambda:    20.00 x 20.00   ( 6516.00, -1582.00), ( 6536.00, -1562.00)  400.00    
internal:     40 x 40      ( 13032, -3164 ), ( 13072, -3124 )  1600      
Root cell box:
           width x height  (   llx,  lly  ), (   urx,  ury  )  area (units^2)

microns:   0.400 x 0.400   ( 65.060, -15.920), ( 65.460, -15.520)  0.160     
lambda:    40.00 x 40.00   ( 6506.00, -1592.00), ( 6546.00, -1552.00)  1600.00   
internal:     80 x 80      ( 13012, -3184 ), ( 13092, -3104 )  6400      
Root cell box:
           width x height  (   llx,  lly  ), (   urx,  ury  )  area (units^2)

microns:   0.200 x 13.480  ( 65.160, -29.100), ( 65.360, -15.620)  2.696     
lambda:    20.00 x 1348.00  ( 6516.00, -2910.00), ( 6536.00, -1562.00)  26960.00  
internal:     40 x 2696    ( 13032, -5820 ), ( 13072, -3124 )  107840    
Root cell box:
           width x height  (   llx,  lly  ), (   urx,  ury  )  area (units^2)

microns:   0.400 x 0.400   ( 65.060, -29.200), ( 65.460, -28.800)  0.160     
lambda:    40.00 x 40.00   ( 6506.00, -2920.00), ( 6546.00, -2880.00)  1600.00   
internal:     80 x 80      ( 13012, -5840 ), ( 13092, -5760 )  6400      
Root cell box:
           width x height  (   llx,  lly  ), (   urx,  ury  )  area (units^2)

microns:   0.200 x 0.200   ( 65.160, -29.100), ( 65.360, -28.900)  0.040     
lambda:    20.00 x 20.00   ( 6516.00, -2910.00), ( 6536.00, -2890.00)  400.00    
internal:     40 x 40      ( 13032, -5820 ), ( 13072, -5780 )  1600      
Root cell box:
           width x height  (   llx,  lly  ), (   urx,  ury  )  area (units^2)

microns:   0.400 x 0.400   ( 65.060, -29.200), ( 65.460, -28.800)  0.160     
lambda:    40.00 x 40.00   ( 6506.00, -2920.00), ( 6546.00, -2880.00)  1600.00   
internal:     80 x 80      ( 13012, -5840 ), ( 13092, -5760 )  6400      
Root cell box:
           width x height  (   llx,  lly  ), (   urx,  ury  )  area (units^2)

microns:  10.150 x 0.200   ( 65.160, -29.100), ( 75.310, -28.900)  2.030     
lambda:   1015.00 x 20.00   ( 6516.00, -2910.00), ( 7531.00, -2890.00)  20300.00  
internal:   2030 x 40      ( 13032, -5820 ), ( 15062, -5780 )  81200     
Root cell box:
           width x height  (   llx,  lly  ), (   urx,  ury  )  area (units^2)

microns:   0.240 x 0.240   ( 61.990, -9.460), ( 62.230, -9.220)  0.058     
lambda:    24.00 x 24.00   ( 6199.00, -946.00), ( 6223.00, -922.00)  576.00    
internal:     48 x 48      ( 12398, -1892 ), ( 12446, -1844 )  2304      
Root cell box:
           width x height  (   llx,  lly  ), (   urx,  ury  )  area (units^2)

microns:   0.400 x 0.400   ( 61.910, -9.540), ( 62.310, -9.140)  0.160     
lambda:    40.00 x 40.00   ( 6191.00, -954.00), ( 6231.00, -914.00)  1600.00   
internal:     80 x 80      ( 12382, -1908 ), ( 12462, -1828 )  6400      
Root cell box:
           width x height  (   llx,  lly  ), (   urx,  ury  )  area (units^2)

microns:   0.200 x 0.200   ( 62.010, -9.440), ( 62.210, -9.240)  0.040     
lambda:    20.00 x 20.00   ( 6201.00, -944.00), ( 6221.00, -924.00)  400.00    
internal:     40 x 40      ( 12402, -1888 ), ( 12442, -1848 )  1600      
Root cell box:
           width x height  (   llx,  lly  ), (   urx,  ury  )  area (units^2)

microns:   0.400 x 0.400   ( 61.910, -9.540), ( 62.310, -9.140)  0.160     
lambda:    40.00 x 40.00   ( 6191.00, -954.00), ( 6231.00, -914.00)  1600.00   
internal:     80 x 80      ( 12382, -1908 ), ( 12462, -1828 )  6400      
Root cell box:
           width x height  (   llx,  lly  ), (   urx,  ury  )  area (units^2)

microns:   0.400 x 0.400   ( 61.910, -9.540), ( 62.310, -9.140)  0.160     
lambda:    40.00 x 40.00   ( 6191.00, -954.00), ( 6231.00, -914.00)  1600.00   
internal:     80 x 80      ( 12382, -1908 ), ( 12462, -1828 )  6400      
Root cell box:
           width x height  (   llx,  lly  ), (   urx,  ury  )  area (units^2)

microns:   0.200 x 0.200   ( 62.010, -9.440), ( 62.210, -9.240)  0.040     
lambda:    20.00 x 20.00   ( 6201.00, -944.00), ( 6221.00, -924.00)  400.00    
internal:     40 x 40      ( 12402, -1888 ), ( 12442, -1848 )  1600      
Root cell box:
           width x height  (   llx,  lly  ), (   urx,  ury  )  area (units^2)

microns:   0.400 x 0.400   ( 61.910, -9.540), ( 62.310, -9.140)  0.160     
lambda:    40.00 x 40.00   ( 6191.00, -954.00), ( 6231.00, -914.00)  1600.00   
internal:     80 x 80      ( 12382, -1908 ), ( 12462, -1828 )  6400      
Root cell box:
           width x height  (   llx,  lly  ), (   urx,  ury  )  area (units^2)

microns:   0.400 x 0.400   ( 61.910, -9.540), ( 62.310, -9.140)  0.160     
lambda:    40.00 x 40.00   ( 6191.00, -954.00), ( 6231.00, -914.00)  1600.00   
internal:     80 x 80      ( 12382, -1908 ), ( 12462, -1828 )  6400      
Root cell box:
           width x height  (   llx,  lly  ), (   urx,  ury  )  area (units^2)

microns:   0.200 x 0.200   ( 62.010, -9.440), ( 62.210, -9.240)  0.040     
lambda:    20.00 x 20.00   ( 6201.00, -944.00), ( 6221.00, -924.00)  400.00    
internal:     40 x 40      ( 12402, -1888 ), ( 12442, -1848 )  1600      
Root cell box:
           width x height  (   llx,  lly  ), (   urx,  ury  )  area (units^2)

microns:   0.400 x 0.400   ( 61.910, -9.540), ( 62.310, -9.140)  0.160     
lambda:    40.00 x 40.00   ( 6191.00, -954.00), ( 6231.00, -914.00)  1600.00   
internal:     80 x 80      ( 12382, -1908 ), ( 12462, -1828 )  6400      
Root cell box:
           width x height  (   llx,  lly  ), (   urx,  ury  )  area (units^2)

microns:   0.400 x 0.400   ( 61.910, -9.540), ( 62.310, -9.140)  0.160     
lambda:    40.00 x 40.00   ( 6191.00, -954.00), ( 6231.00, -914.00)  1600.00   
internal:     80 x 80      ( 12382, -1908 ), ( 12462, -1828 )  6400      
Root cell box:
           width x height  (   llx,  lly  ), (   urx,  ury  )  area (units^2)

microns:   0.200 x 0.200   ( 62.010, -9.440), ( 62.210, -9.240)  0.040     
lambda:    20.00 x 20.00   ( 6201.00, -944.00), ( 6221.00, -924.00)  400.00    
internal:     40 x 40      ( 12402, -1888 ), ( 12442, -1848 )  1600      
Root cell box:
           width x height  (   llx,  lly  ), (   urx,  ury  )  area (units^2)

microns:   0.400 x 0.400   ( 61.910, -9.540), ( 62.310, -9.140)  0.160     
lambda:    40.00 x 40.00   ( 6191.00, -954.00), ( 6231.00, -914.00)  1600.00   
internal:     80 x 80      ( 12382, -1908 ), ( 12462, -1828 )  6400      
Root cell box:
           width x height  (   llx,  lly  ), (   urx,  ury  )  area (units^2)

microns:  34.650 x 0.200   ( 62.010, -9.440), ( 96.660, -9.240)  6.930     
lambda:   3465.00 x 20.00   ( 6201.00, -944.00), ( 9666.00, -924.00)  69300.00  
internal:   6930 x 40      ( 12402, -1888 ), ( 19332, -1848 )  277200    
Root cell box:
           width x height  (   llx,  lly  ), (   urx,  ury  )  area (units^2)

microns:   0.400 x 0.400   ( 96.360, -9.540), ( 96.760, -9.140)  0.160     
lambda:    40.00 x 40.00   ( 9636.00, -954.00), ( 9676.00, -914.00)  1600.00   
internal:     80 x 80      ( 19272, -1908 ), ( 19352, -1828 )  6400      
Root cell box:
           width x height  (   llx,  lly  ), (   urx,  ury  )  area (units^2)

microns:   0.200 x 0.200   ( 96.460, -9.440), ( 96.660, -9.240)  0.040     
lambda:    20.00 x 20.00   ( 9646.00, -944.00), ( 9666.00, -924.00)  400.00    
internal:     40 x 40      ( 19292, -1888 ), ( 19332, -1848 )  1600      
Root cell box:
           width x height  (   llx,  lly  ), (   urx,  ury  )  area (units^2)

microns:   0.400 x 0.400   ( 96.360, -9.540), ( 96.760, -9.140)  0.160     
lambda:    40.00 x 40.00   ( 9636.00, -954.00), ( 9676.00, -914.00)  1600.00   
internal:     80 x 80      ( 19272, -1908 ), ( 19352, -1828 )  6400      
Root cell box:
           width x height  (   llx,  lly  ), (   urx,  ury  )  area (units^2)

microns:   0.400 x 0.400   ( 96.360, -9.540), ( 96.760, -9.140)  0.160     
lambda:    40.00 x 40.00   ( 9636.00, -954.00), ( 9676.00, -914.00)  1600.00   
internal:     80 x 80      ( 19272, -1908 ), ( 19352, -1828 )  6400      
Root cell box:
           width x height  (   llx,  lly  ), (   urx,  ury  )  area (units^2)

microns:   0.200 x 0.200   ( 96.460, -9.440), ( 96.660, -9.240)  0.040     
lambda:    20.00 x 20.00   ( 9646.00, -944.00), ( 9666.00, -924.00)  400.00    
internal:     40 x 40      ( 19292, -1888 ), ( 19332, -1848 )  1600      
Root cell box:
           width x height  (   llx,  lly  ), (   urx,  ury  )  area (units^2)

microns:   0.400 x 0.400   ( 96.360, -9.540), ( 96.760, -9.140)  0.160     
lambda:    40.00 x 40.00   ( 9636.00, -954.00), ( 9676.00, -914.00)  1600.00   
internal:     80 x 80      ( 19272, -1908 ), ( 19352, -1828 )  6400      
Root cell box:
           width x height  (   llx,  lly  ), (   urx,  ury  )  area (units^2)

microns:   0.200 x 20.860  ( 96.460, -30.100), ( 96.660, -9.240)  4.172     
lambda:    20.00 x 2086.00  ( 9646.00, -3010.00), ( 9666.00, -924.00)  41720.00  
internal:     40 x 4172    ( 19292, -6020 ), ( 19332, -1848 )  166880    
Root cell box:
           width x height  (   llx,  lly  ), (   urx,  ury  )  area (units^2)

microns:   0.400 x 0.400   ( 96.360, -30.200), ( 96.760, -29.800)  0.160     
lambda:    40.00 x 40.00   ( 9636.00, -3020.00), ( 9676.00, -2980.00)  1600.00   
internal:     80 x 80      ( 19272, -6040 ), ( 19352, -5960 )  6400      
Root cell box:
           width x height  (   llx,  lly  ), (   urx,  ury  )  area (units^2)

microns:   0.200 x 0.200   ( 96.460, -30.100), ( 96.660, -29.900)  0.040     
lambda:    20.00 x 20.00   ( 9646.00, -3010.00), ( 9666.00, -2990.00)  400.00    
internal:     40 x 40      ( 19292, -6020 ), ( 19332, -5980 )  1600      
Root cell box:
           width x height  (   llx,  lly  ), (   urx,  ury  )  area (units^2)

microns:   0.400 x 0.400   ( 96.360, -30.200), ( 96.760, -29.800)  0.160     
lambda:    40.00 x 40.00   ( 9636.00, -3020.00), ( 9676.00, -2980.00)  1600.00   
internal:     80 x 80      ( 19272, -6040 ), ( 19352, -5960 )  6400      
Root cell box:
           width x height  (   llx,  lly  ), (   urx,  ury  )  area (units^2)

microns:   0.240 x 0.240   ( 61.900, -12.680), ( 62.140, -12.440)  0.058     
lambda:    24.00 x 24.00   ( 6190.00, -1268.00), ( 6214.00, -1244.00)  576.00    
internal:     48 x 48      ( 12380, -2536 ), ( 12428, -2488 )  2304      
Root cell box:
           width x height  (   llx,  lly  ), (   urx,  ury  )  area (units^2)

microns:   0.400 x 0.400   ( 61.820, -12.760), ( 62.220, -12.360)  0.160     
lambda:    40.00 x 40.00   ( 6182.00, -1276.00), ( 6222.00, -1236.00)  1600.00   
internal:     80 x 80      ( 12364, -2552 ), ( 12444, -2472 )  6400      
Root cell box:
           width x height  (   llx,  lly  ), (   urx,  ury  )  area (units^2)

microns:   0.200 x 0.200   ( 61.920, -12.660), ( 62.120, -12.460)  0.040     
lambda:    20.00 x 20.00   ( 6192.00, -1266.00), ( 6212.00, -1246.00)  400.00    
internal:     40 x 40      ( 12384, -2532 ), ( 12424, -2492 )  1600      
Root cell box:
           width x height  (   llx,  lly  ), (   urx,  ury  )  area (units^2)

microns:   0.400 x 0.400   ( 61.820, -12.760), ( 62.220, -12.360)  0.160     
lambda:    40.00 x 40.00   ( 6182.00, -1276.00), ( 6222.00, -1236.00)  1600.00   
internal:     80 x 80      ( 12364, -2552 ), ( 12444, -2472 )  6400      
Root cell box:
           width x height  (   llx,  lly  ), (   urx,  ury  )  area (units^2)

microns:   0.400 x 0.400   ( 61.820, -12.760), ( 62.220, -12.360)  0.160     
lambda:    40.00 x 40.00   ( 6182.00, -1276.00), ( 6222.00, -1236.00)  1600.00   
internal:     80 x 80      ( 12364, -2552 ), ( 12444, -2472 )  6400      
Root cell box:
           width x height  (   llx,  lly  ), (   urx,  ury  )  area (units^2)

microns:   0.200 x 0.200   ( 61.920, -12.660), ( 62.120, -12.460)  0.040     
lambda:    20.00 x 20.00   ( 6192.00, -1266.00), ( 6212.00, -1246.00)  400.00    
internal:     40 x 40      ( 12384, -2532 ), ( 12424, -2492 )  1600      
Root cell box:
           width x height  (   llx,  lly  ), (   urx,  ury  )  area (units^2)

microns:   0.400 x 0.400   ( 61.820, -12.760), ( 62.220, -12.360)  0.160     
lambda:    40.00 x 40.00   ( 6182.00, -1276.00), ( 6222.00, -1236.00)  1600.00   
internal:     80 x 80      ( 12364, -2552 ), ( 12444, -2472 )  6400      
Root cell box:
           width x height  (   llx,  lly  ), (   urx,  ury  )  area (units^2)

microns:   0.400 x 0.400   ( 61.820, -12.760), ( 62.220, -12.360)  0.160     
lambda:    40.00 x 40.00   ( 6182.00, -1276.00), ( 6222.00, -1236.00)  1600.00   
internal:     80 x 80      ( 12364, -2552 ), ( 12444, -2472 )  6400      
Root cell box:
           width x height  (   llx,  lly  ), (   urx,  ury  )  area (units^2)

microns:   0.200 x 0.200   ( 61.920, -12.660), ( 62.120, -12.460)  0.040     
lambda:    20.00 x 20.00   ( 6192.00, -1266.00), ( 6212.00, -1246.00)  400.00    
internal:     40 x 40      ( 12384, -2532 ), ( 12424, -2492 )  1600      
Root cell box:
           width x height  (   llx,  lly  ), (   urx,  ury  )  area (units^2)

microns:   0.400 x 0.400   ( 61.820, -12.760), ( 62.220, -12.360)  0.160     
lambda:    40.00 x 40.00   ( 6182.00, -1276.00), ( 6222.00, -1236.00)  1600.00   
internal:     80 x 80      ( 12364, -2552 ), ( 12444, -2472 )  6400      
Root cell box:
           width x height  (   llx,  lly  ), (   urx,  ury  )  area (units^2)

microns:   0.200 x 1.600   ( 61.920, -14.060), ( 62.120, -12.460)  0.320     
lambda:    20.00 x 160.00  ( 6192.00, -1406.00), ( 6212.00, -1246.00)  3200.00   
internal:     40 x 320     ( 12384, -2812 ), ( 12424, -2492 )  12800     
Root cell box:
           width x height  (   llx,  lly  ), (   urx,  ury  )  area (units^2)

microns:  14.500 x 0.200   ( 61.920, -14.060), ( 76.420, -13.860)  2.900     
lambda:   1450.00 x 20.00   ( 6192.00, -1406.00), ( 7642.00, -1386.00)  29000.00  
internal:   2900 x 40      ( 12384, -2812 ), ( 15284, -2772 )  116000    
Root cell box:
           width x height  (   llx,  lly  ), (   urx,  ury  )  area (units^2)

microns:   0.400 x 0.400   ( 76.120, -14.160), ( 76.520, -13.760)  0.160     
lambda:    40.00 x 40.00   ( 7612.00, -1416.00), ( 7652.00, -1376.00)  1600.00   
internal:     80 x 80      ( 15224, -2832 ), ( 15304, -2752 )  6400      
Root cell box:
           width x height  (   llx,  lly  ), (   urx,  ury  )  area (units^2)

microns:   0.200 x 0.200   ( 76.220, -14.060), ( 76.420, -13.860)  0.040     
lambda:    20.00 x 20.00   ( 7622.00, -1406.00), ( 7642.00, -1386.00)  400.00    
internal:     40 x 40      ( 15244, -2812 ), ( 15284, -2772 )  1600      
Root cell box:
           width x height  (   llx,  lly  ), (   urx,  ury  )  area (units^2)

microns:   0.400 x 0.400   ( 76.120, -14.160), ( 76.520, -13.760)  0.160     
lambda:    40.00 x 40.00   ( 7612.00, -1416.00), ( 7652.00, -1376.00)  1600.00   
internal:     80 x 80      ( 15224, -2832 ), ( 15304, -2752 )  6400      
Root cell box:
           width x height  (   llx,  lly  ), (   urx,  ury  )  area (units^2)

microns:   0.200 x 16.240  ( 76.220, -30.100), ( 76.420, -13.860)  3.248     
lambda:    20.00 x 1624.00  ( 7622.00, -3010.00), ( 7642.00, -1386.00)  32480.00  
internal:     40 x 3248    ( 15244, -6020 ), ( 15284, -2772 )  129920    
Root cell box:
           width x height  (   llx,  lly  ), (   urx,  ury  )  area (units^2)

microns:   0.400 x 0.400   ( 76.120, -30.200), ( 76.520, -29.800)  0.160     
lambda:    40.00 x 40.00   ( 7612.00, -3020.00), ( 7652.00, -2980.00)  1600.00   
internal:     80 x 80      ( 15224, -6040 ), ( 15304, -5960 )  6400      
Root cell box:
           width x height  (   llx,  lly  ), (   urx,  ury  )  area (units^2)

microns:   0.200 x 0.200   ( 76.220, -30.100), ( 76.420, -29.900)  0.040     
lambda:    20.00 x 20.00   ( 7622.00, -3010.00), ( 7642.00, -2990.00)  400.00    
internal:     40 x 40      ( 15244, -6020 ), ( 15284, -5980 )  1600      
Root cell box:
           width x height  (   llx,  lly  ), (   urx,  ury  )  area (units^2)

microns:   0.400 x 0.400   ( 76.120, -30.200), ( 76.520, -29.800)  0.160     
lambda:    40.00 x 40.00   ( 7612.00, -3020.00), ( 7652.00, -2980.00)  1600.00   
internal:     80 x 80      ( 15224, -6040 ), ( 15304, -5960 )  6400      
Root cell box:
           width x height  (   llx,  lly  ), (   urx,  ury  )  area (units^2)

microns:   0.240 x 0.240   ( 65.085, -8.650), ( 65.325, -8.410)  0.058     
lambda:    24.00 x 24.00   ( 6508.50, -865.00), ( 6532.50, -841.00)  576.00    
internal:     48 x 48      ( 13017, -1730 ), ( 13065, -1682 )  2304      
Root cell box:
           width x height  (   llx,  lly  ), (   urx,  ury  )  area (units^2)

microns:   0.400 x 0.400   ( 65.005, -8.730), ( 65.405, -8.330)  0.160     
lambda:    40.00 x 40.00   ( 6500.50, -873.00), ( 6540.50, -833.00)  1600.00   
internal:     80 x 80      ( 13001, -1746 ), ( 13081, -1666 )  6400      
Root cell box:
           width x height  (   llx,  lly  ), (   urx,  ury  )  area (units^2)

microns:   0.200 x 0.200   ( 65.105, -8.630), ( 65.305, -8.430)  0.040     
lambda:    20.00 x 20.00   ( 6510.50, -863.00), ( 6530.50, -843.00)  400.00    
internal:     40 x 40      ( 13021, -1726 ), ( 13061, -1686 )  1600      
Root cell box:
           width x height  (   llx,  lly  ), (   urx,  ury  )  area (units^2)

microns:   0.400 x 0.400   ( 65.005, -8.730), ( 65.405, -8.330)  0.160     
lambda:    40.00 x 40.00   ( 6500.50, -873.00), ( 6540.50, -833.00)  1600.00   
internal:     80 x 80      ( 13001, -1746 ), ( 13081, -1666 )  6400      
Root cell box:
           width x height  (   llx,  lly  ), (   urx,  ury  )  area (units^2)

microns:   0.400 x 0.400   ( 65.005, -8.730), ( 65.405, -8.330)  0.160     
lambda:    40.00 x 40.00   ( 6500.50, -873.00), ( 6540.50, -833.00)  1600.00   
internal:     80 x 80      ( 13001, -1746 ), ( 13081, -1666 )  6400      
Root cell box:
           width x height  (   llx,  lly  ), (   urx,  ury  )  area (units^2)

microns:   0.200 x 0.200   ( 65.105, -8.630), ( 65.305, -8.430)  0.040     
lambda:    20.00 x 20.00   ( 6510.50, -863.00), ( 6530.50, -843.00)  400.00    
internal:     40 x 40      ( 13021, -1726 ), ( 13061, -1686 )  1600      
Root cell box:
           width x height  (   llx,  lly  ), (   urx,  ury  )  area (units^2)

microns:   0.400 x 0.400   ( 65.005, -8.730), ( 65.405, -8.330)  0.160     
lambda:    40.00 x 40.00   ( 6500.50, -873.00), ( 6540.50, -833.00)  1600.00   
internal:     80 x 80      ( 13001, -1746 ), ( 13081, -1666 )  6400      
Root cell box:
           width x height  (   llx,  lly  ), (   urx,  ury  )  area (units^2)

microns:   0.400 x 0.400   ( 65.005, -8.730), ( 65.405, -8.330)  0.160     
lambda:    40.00 x 40.00   ( 6500.50, -873.00), ( 6540.50, -833.00)  1600.00   
internal:     80 x 80      ( 13001, -1746 ), ( 13081, -1666 )  6400      
Root cell box:
           width x height  (   llx,  lly  ), (   urx,  ury  )  area (units^2)

microns:   0.200 x 0.200   ( 65.105, -8.630), ( 65.305, -8.430)  0.040     
lambda:    20.00 x 20.00   ( 6510.50, -863.00), ( 6530.50, -843.00)  400.00    
internal:     40 x 40      ( 13021, -1726 ), ( 13061, -1686 )  1600      
Root cell box:
           width x height  (   llx,  lly  ), (   urx,  ury  )  area (units^2)

microns:   0.400 x 0.400   ( 65.005, -8.730), ( 65.405, -8.330)  0.160     
lambda:    40.00 x 40.00   ( 6500.50, -873.00), ( 6540.50, -833.00)  1600.00   
internal:     80 x 80      ( 13001, -1746 ), ( 13081, -1666 )  6400      
Root cell box:
           width x height  (   llx,  lly  ), (   urx,  ury  )  area (units^2)

microns:   0.200 x 0.900   ( 65.105, -8.630), ( 65.305, -7.730)  0.180     
lambda:    20.00 x 90.00   ( 6510.50, -863.00), ( 6530.50, -773.00)  1800.00   
internal:     40 x 180     ( 13021, -1726 ), ( 13061, -1546 )  7200      
Root cell box:
           width x height  (   llx,  lly  ), (   urx,  ury  )  area (units^2)

microns:  11.900 x 0.200   ( 65.105, -7.930), ( 77.005, -7.730)  2.380     
lambda:   1190.00 x 20.00   ( 6510.50, -793.00), ( 7700.50, -773.00)  23800.00  
internal:   2380 x 40      ( 13021, -1586 ), ( 15401, -1546 )  95200     
Root cell box:
           width x height  (   llx,  lly  ), (   urx,  ury  )  area (units^2)

microns:   0.400 x 0.400   ( 76.705, -8.030), ( 77.105, -7.630)  0.160     
lambda:    40.00 x 40.00   ( 7670.50, -803.00), ( 7710.50, -763.00)  1600.00   
internal:     80 x 80      ( 15341, -1606 ), ( 15421, -1526 )  6400      
Root cell box:
           width x height  (   llx,  lly  ), (   urx,  ury  )  area (units^2)

microns:   0.200 x 0.200   ( 76.805, -7.930), ( 77.005, -7.730)  0.040     
lambda:    20.00 x 20.00   ( 7680.50, -793.00), ( 7700.50, -773.00)  400.00    
internal:     40 x 40      ( 15361, -1586 ), ( 15401, -1546 )  1600      
Root cell box:
           width x height  (   llx,  lly  ), (   urx,  ury  )  area (units^2)

microns:   0.400 x 0.400   ( 76.705, -8.030), ( 77.105, -7.630)  0.160     
lambda:    40.00 x 40.00   ( 7670.50, -803.00), ( 7710.50, -763.00)  1600.00   
internal:     80 x 80      ( 15341, -1606 ), ( 15421, -1526 )  6400      
Root cell box:
           width x height  (   llx,  lly  ), (   urx,  ury  )  area (units^2)

microns:   0.200 x 22.370  ( 76.805, -30.100), ( 77.005, -7.730)  4.474     
lambda:    20.00 x 2237.00  ( 7680.50, -3010.00), ( 7700.50, -773.00)  44740.00  
internal:     40 x 4474    ( 15361, -6020 ), ( 15401, -1546 )  178960    
Root cell box:
           width x height  (   llx,  lly  ), (   urx,  ury  )  area (units^2)

microns:   0.400 x 0.400   ( 76.705, -30.200), ( 77.105, -29.800)  0.160     
lambda:    40.00 x 40.00   ( 7670.50, -3020.00), ( 7710.50, -2980.00)  1600.00   
internal:     80 x 80      ( 15341, -6040 ), ( 15421, -5960 )  6400      
Root cell box:
           width x height  (   llx,  lly  ), (   urx,  ury  )  area (units^2)

microns:   0.200 x 0.200   ( 76.805, -30.100), ( 77.005, -29.900)  0.040     
lambda:    20.00 x 20.00   ( 7680.50, -3010.00), ( 7700.50, -2990.00)  400.00    
internal:     40 x 40      ( 15361, -6020 ), ( 15401, -5980 )  1600      
Root cell box:
           width x height  (   llx,  lly  ), (   urx,  ury  )  area (units^2)

microns:   0.400 x 0.400   ( 76.705, -30.200), ( 77.105, -29.800)  0.160     
lambda:    40.00 x 40.00   ( 7670.50, -3020.00), ( 7710.50, -2980.00)  1600.00   
internal:     80 x 80      ( 15341, -6040 ), ( 15421, -5960 )  6400      
Root cell box:
           width x height  (   llx,  lly  ), (   urx,  ury  )  area (units^2)

microns:   0.240 x 0.240   ( 65.025, -12.180), ( 65.265, -11.940)  0.058     
lambda:    24.00 x 24.00   ( 6502.50, -1218.00), ( 6526.50, -1194.00)  576.00    
internal:     48 x 48      ( 13005, -2436 ), ( 13053, -2388 )  2304      
Root cell box:
           width x height  (   llx,  lly  ), (   urx,  ury  )  area (units^2)

microns:   0.400 x 0.400   ( 64.945, -12.260), ( 65.345, -11.860)  0.160     
lambda:    40.00 x 40.00   ( 6494.50, -1226.00), ( 6534.50, -1186.00)  1600.00   
internal:     80 x 80      ( 12989, -2452 ), ( 13069, -2372 )  6400      
Root cell box:
           width x height  (   llx,  lly  ), (   urx,  ury  )  area (units^2)

microns:   0.200 x 0.200   ( 65.045, -12.160), ( 65.245, -11.960)  0.040     
lambda:    20.00 x 20.00   ( 6504.50, -1216.00), ( 6524.50, -1196.00)  400.00    
internal:     40 x 40      ( 13009, -2432 ), ( 13049, -2392 )  1600      
Root cell box:
           width x height  (   llx,  lly  ), (   urx,  ury  )  area (units^2)

microns:   0.400 x 0.400   ( 64.945, -12.260), ( 65.345, -11.860)  0.160     
lambda:    40.00 x 40.00   ( 6494.50, -1226.00), ( 6534.50, -1186.00)  1600.00   
internal:     80 x 80      ( 12989, -2452 ), ( 13069, -2372 )  6400      
Root cell box:
           width x height  (   llx,  lly  ), (   urx,  ury  )  area (units^2)

microns:   0.400 x 0.400   ( 64.945, -12.260), ( 65.345, -11.860)  0.160     
lambda:    40.00 x 40.00   ( 6494.50, -1226.00), ( 6534.50, -1186.00)  1600.00   
internal:     80 x 80      ( 12989, -2452 ), ( 13069, -2372 )  6400      
Root cell box:
           width x height  (   llx,  lly  ), (   urx,  ury  )  area (units^2)

microns:   0.200 x 0.200   ( 65.045, -12.160), ( 65.245, -11.960)  0.040     
lambda:    20.00 x 20.00   ( 6504.50, -1216.00), ( 6524.50, -1196.00)  400.00    
internal:     40 x 40      ( 13009, -2432 ), ( 13049, -2392 )  1600      
Root cell box:
           width x height  (   llx,  lly  ), (   urx,  ury  )  area (units^2)

microns:   0.400 x 0.400   ( 64.945, -12.260), ( 65.345, -11.860)  0.160     
lambda:    40.00 x 40.00   ( 6494.50, -1226.00), ( 6534.50, -1186.00)  1600.00   
internal:     80 x 80      ( 12989, -2452 ), ( 13069, -2372 )  6400      
Root cell box:
           width x height  (   llx,  lly  ), (   urx,  ury  )  area (units^2)

microns:   0.400 x 0.400   ( 64.945, -12.260), ( 65.345, -11.860)  0.160     
lambda:    40.00 x 40.00   ( 6494.50, -1226.00), ( 6534.50, -1186.00)  1600.00   
internal:     80 x 80      ( 12989, -2452 ), ( 13069, -2372 )  6400      
Root cell box:
           width x height  (   llx,  lly  ), (   urx,  ury  )  area (units^2)

microns:   0.200 x 0.200   ( 65.045, -12.160), ( 65.245, -11.960)  0.040     
lambda:    20.00 x 20.00   ( 6504.50, -1216.00), ( 6524.50, -1196.00)  400.00    
internal:     40 x 40      ( 13009, -2432 ), ( 13049, -2392 )  1600      
Root cell box:
           width x height  (   llx,  lly  ), (   urx,  ury  )  area (units^2)

microns:   0.400 x 0.400   ( 64.945, -12.260), ( 65.345, -11.860)  0.160     
lambda:    40.00 x 40.00   ( 6494.50, -1226.00), ( 6534.50, -1186.00)  1600.00   
internal:     80 x 80      ( 12989, -2452 ), ( 13069, -2372 )  6400      
Root cell box:
           width x height  (   llx,  lly  ), (   urx,  ury  )  area (units^2)

microns:   0.400 x 0.400   ( 64.945, -12.260), ( 65.345, -11.860)  0.160     
lambda:    40.00 x 40.00   ( 6494.50, -1226.00), ( 6534.50, -1186.00)  1600.00   
internal:     80 x 80      ( 12989, -2452 ), ( 13069, -2372 )  6400      
Root cell box:
           width x height  (   llx,  lly  ), (   urx,  ury  )  area (units^2)

microns:   0.200 x 0.200   ( 65.045, -12.160), ( 65.245, -11.960)  0.040     
lambda:    20.00 x 20.00   ( 6504.50, -1216.00), ( 6524.50, -1196.00)  400.00    
internal:     40 x 40      ( 13009, -2432 ), ( 13049, -2392 )  1600      
Root cell box:
           width x height  (   llx,  lly  ), (   urx,  ury  )  area (units^2)

microns:   0.400 x 0.400   ( 64.945, -12.260), ( 65.345, -11.860)  0.160     
lambda:    40.00 x 40.00   ( 6494.50, -1226.00), ( 6534.50, -1186.00)  1600.00   
internal:     80 x 80      ( 12989, -2452 ), ( 13069, -2372 )  6400      
Root cell box:
           width x height  (   llx,  lly  ), (   urx,  ury  )  area (units^2)

microns:   0.200 x 0.900   ( 65.045, -12.160), ( 65.245, -11.260)  0.180     
lambda:    20.00 x 90.00   ( 6504.50, -1216.00), ( 6524.50, -1126.00)  1800.00   
internal:     40 x 180     ( 13009, -2432 ), ( 13049, -2252 )  7200      
Root cell box:
           width x height  (   llx,  lly  ), (   urx,  ury  )  area (units^2)

microns:  32.050 x 0.200   ( 65.045, -11.460), ( 97.095, -11.260)  6.410     
lambda:   3205.00 x 20.00   ( 6504.50, -1146.00), ( 9709.50, -1126.00)  64100.00  
internal:   6410 x 40      ( 13009, -2292 ), ( 19419, -2252 )  256400    
Root cell box:
           width x height  (   llx,  lly  ), (   urx,  ury  )  area (units^2)

microns:   0.400 x 0.400   ( 96.795, -11.560), ( 97.195, -11.160)  0.160     
lambda:    40.00 x 40.00   ( 9679.50, -1156.00), ( 9719.50, -1116.00)  1600.00   
internal:     80 x 80      ( 19359, -2312 ), ( 19439, -2232 )  6400      
Root cell box:
           width x height  (   llx,  lly  ), (   urx,  ury  )  area (units^2)

microns:   0.200 x 0.200   ( 96.895, -11.460), ( 97.095, -11.260)  0.040     
lambda:    20.00 x 20.00   ( 9689.50, -1146.00), ( 9709.50, -1126.00)  400.00    
internal:     40 x 40      ( 19379, -2292 ), ( 19419, -2252 )  1600      
Root cell box:
           width x height  (   llx,  lly  ), (   urx,  ury  )  area (units^2)

microns:   0.400 x 0.400   ( 96.795, -11.560), ( 97.195, -11.160)  0.160     
lambda:    40.00 x 40.00   ( 9679.50, -1156.00), ( 9719.50, -1116.00)  1600.00   
internal:     80 x 80      ( 19359, -2312 ), ( 19439, -2232 )  6400      
Root cell box:
           width x height  (   llx,  lly  ), (   urx,  ury  )  area (units^2)

microns:   0.400 x 0.400   ( 96.795, -11.560), ( 97.195, -11.160)  0.160     
lambda:    40.00 x 40.00   ( 9679.50, -1156.00), ( 9719.50, -1116.00)  1600.00   
internal:     80 x 80      ( 19359, -2312 ), ( 19439, -2232 )  6400      
Root cell box:
           width x height  (   llx,  lly  ), (   urx,  ury  )  area (units^2)

microns:   0.200 x 0.200   ( 96.895, -11.460), ( 97.095, -11.260)  0.040     
lambda:    20.00 x 20.00   ( 9689.50, -1146.00), ( 9709.50, -1126.00)  400.00    
internal:     40 x 40      ( 19379, -2292 ), ( 19419, -2252 )  1600      
Root cell box:
           width x height  (   llx,  lly  ), (   urx,  ury  )  area (units^2)

microns:   0.400 x 0.400   ( 96.795, -11.560), ( 97.195, -11.160)  0.160     
lambda:    40.00 x 40.00   ( 9679.50, -1156.00), ( 9719.50, -1116.00)  1600.00   
internal:     80 x 80      ( 19359, -2312 ), ( 19439, -2232 )  6400      
Root cell box:
           width x height  (   llx,  lly  ), (   urx,  ury  )  area (units^2)

microns:   0.200 x 18.840  ( 96.895, -30.100), ( 97.095, -11.260)  3.768     
lambda:    20.00 x 1884.00  ( 9689.50, -3010.00), ( 9709.50, -1126.00)  37680.00  
internal:     40 x 3768    ( 19379, -6020 ), ( 19419, -2252 )  150720    
Root cell box:
           width x height  (   llx,  lly  ), (   urx,  ury  )  area (units^2)

microns:   0.400 x 0.400   ( 96.795, -30.200), ( 97.195, -29.800)  0.160     
lambda:    40.00 x 40.00   ( 9679.50, -3020.00), ( 9719.50, -2980.00)  1600.00   
internal:     80 x 80      ( 19359, -6040 ), ( 19439, -5960 )  6400      
Root cell box:
           width x height  (   llx,  lly  ), (   urx,  ury  )  area (units^2)

microns:   0.200 x 0.200   ( 96.895, -30.100), ( 97.095, -29.900)  0.040     
lambda:    20.00 x 20.00   ( 9689.50, -3010.00), ( 9709.50, -2990.00)  400.00    
internal:     40 x 40      ( 19379, -6020 ), ( 19419, -5980 )  1600      
Root cell box:
           width x height  (   llx,  lly  ), (   urx,  ury  )  area (units^2)

microns:   0.400 x 0.400   ( 96.795, -30.200), ( 97.195, -29.800)  0.160     
lambda:    40.00 x 40.00   ( 9679.50, -3020.00), ( 9719.50, -2980.00)  1600.00   
internal:     80 x 80      ( 19359, -6040 ), ( 19439, -5960 )  6400      
Root cell box:
           width x height  (   llx,  lly  ), (   urx,  ury  )  area (units^2)

microns:  20.875 x 0.200   ( 76.220, -30.100), ( 97.095, -29.900)  4.175     
lambda:   2087.50 x 20.00   ( 7622.00, -3010.00), ( 9709.50, -2990.00)  41750.00  
internal:   4175 x 40      ( 15244, -6020 ), ( 19419, -5980 )  167000    
Root cell box:
           width x height  (   llx,  lly  ), (   urx,  ury  )  area (units^2)

microns:   0.240 x 0.240   ( 74.380, -10.820), ( 74.620, -10.580)  0.058     
lambda:    24.00 x 24.00   ( 7438.00, -1082.00), ( 7462.00, -1058.00)  576.00    
internal:     48 x 48      ( 14876, -2164 ), ( 14924, -2116 )  2304      
Root cell box:
           width x height  (   llx,  lly  ), (   urx,  ury  )  area (units^2)

microns:   0.400 x 0.400   ( 74.300, -10.900), ( 74.700, -10.500)  0.160     
lambda:    40.00 x 40.00   ( 7430.00, -1090.00), ( 7470.00, -1050.00)  1600.00   
internal:     80 x 80      ( 14860, -2180 ), ( 14940, -2100 )  6400      
Root cell box:
           width x height  (   llx,  lly  ), (   urx,  ury  )  area (units^2)

microns:   0.200 x 0.200   ( 74.400, -10.800), ( 74.600, -10.600)  0.040     
lambda:    20.00 x 20.00   ( 7440.00, -1080.00), ( 7460.00, -1060.00)  400.00    
internal:     40 x 40      ( 14880, -2160 ), ( 14920, -2120 )  1600      
Root cell box:
           width x height  (   llx,  lly  ), (   urx,  ury  )  area (units^2)

microns:   0.400 x 0.400   ( 74.300, -10.900), ( 74.700, -10.500)  0.160     
lambda:    40.00 x 40.00   ( 7430.00, -1090.00), ( 7470.00, -1050.00)  1600.00   
internal:     80 x 80      ( 14860, -2180 ), ( 14940, -2100 )  6400      
Root cell box:
           width x height  (   llx,  lly  ), (   urx,  ury  )  area (units^2)

microns:   0.400 x 0.400   ( 74.300, -10.900), ( 74.700, -10.500)  0.160     
lambda:    40.00 x 40.00   ( 7430.00, -1090.00), ( 7470.00, -1050.00)  1600.00   
internal:     80 x 80      ( 14860, -2180 ), ( 14940, -2100 )  6400      
Root cell box:
           width x height  (   llx,  lly  ), (   urx,  ury  )  area (units^2)

microns:   0.200 x 0.200   ( 74.400, -10.800), ( 74.600, -10.600)  0.040     
lambda:    20.00 x 20.00   ( 7440.00, -1080.00), ( 7460.00, -1060.00)  400.00    
internal:     40 x 40      ( 14880, -2160 ), ( 14920, -2120 )  1600      
Root cell box:
           width x height  (   llx,  lly  ), (   urx,  ury  )  area (units^2)

microns:   0.400 x 0.400   ( 74.300, -10.900), ( 74.700, -10.500)  0.160     
lambda:    40.00 x 40.00   ( 7430.00, -1090.00), ( 7470.00, -1050.00)  1600.00   
internal:     80 x 80      ( 14860, -2180 ), ( 14940, -2100 )  6400      
Root cell box:
           width x height  (   llx,  lly  ), (   urx,  ury  )  area (units^2)

microns:   0.200 x 1.250   ( 74.400, -10.800), ( 74.600, -9.550)  0.250     
lambda:    20.00 x 125.00  ( 7440.00, -1080.00), ( 7460.00, -955.00)  2500.00   
internal:     40 x 250     ( 14880, -2160 ), ( 14920, -1910 )  10000     
Root cell box:
           width x height  (   llx,  lly  ), (   urx,  ury  )  area (units^2)

microns:   1.500 x 0.200   ( 74.400, -9.750), ( 75.900, -9.550)  0.300     
lambda:   150.00 x 20.00   ( 7440.00, -975.00), ( 7590.00, -955.00)  3000.00   
internal:    300 x 40      ( 14880, -1950 ), ( 15180, -1910 )  12000     
Root cell box:
           width x height  (   llx,  lly  ), (   urx,  ury  )  area (units^2)

microns:   0.200 x 21.550  ( 75.700, -31.100), ( 75.900, -9.550)  4.310     
lambda:    20.00 x 2155.00  ( 7570.00, -3110.00), ( 7590.00, -955.00)  43100.00  
internal:     40 x 4310    ( 15140, -6220 ), ( 15180, -1910 )  172400    
Root cell box:
           width x height  (   llx,  lly  ), (   urx,  ury  )  area (units^2)

microns:   0.400 x 0.400   ( 75.600, -31.200), ( 76.000, -30.800)  0.160     
lambda:    40.00 x 40.00   ( 7560.00, -3120.00), ( 7600.00, -3080.00)  1600.00   
internal:     80 x 80      ( 15120, -6240 ), ( 15200, -6160 )  6400      
Root cell box:
           width x height  (   llx,  lly  ), (   urx,  ury  )  area (units^2)

microns:   0.200 x 0.200   ( 75.700, -31.100), ( 75.900, -30.900)  0.040     
lambda:    20.00 x 20.00   ( 7570.00, -3110.00), ( 7590.00, -3090.00)  400.00    
internal:     40 x 40      ( 15140, -6220 ), ( 15180, -6180 )  1600      
Root cell box:
           width x height  (   llx,  lly  ), (   urx,  ury  )  area (units^2)

microns:   0.400 x 0.400   ( 75.600, -31.200), ( 76.000, -30.800)  0.160     
lambda:    40.00 x 40.00   ( 7560.00, -3120.00), ( 7600.00, -3080.00)  1600.00   
internal:     80 x 80      ( 15120, -6240 ), ( 15200, -6160 )  6400      
Root cell box:
           width x height  (   llx,  lly  ), (   urx,  ury  )  area (units^2)

microns:   0.240 x 0.240   ( 71.360, -9.610), ( 71.600, -9.370)  0.058     
lambda:    24.00 x 24.00   ( 7136.00, -961.00), ( 7160.00, -937.00)  576.00    
internal:     48 x 48      ( 14272, -1922 ), ( 14320, -1874 )  2304      
Root cell box:
           width x height  (   llx,  lly  ), (   urx,  ury  )  area (units^2)

microns:   0.400 x 0.400   ( 71.280, -9.690), ( 71.680, -9.290)  0.160     
lambda:    40.00 x 40.00   ( 7128.00, -969.00), ( 7168.00, -929.00)  1600.00   
internal:     80 x 80      ( 14256, -1938 ), ( 14336, -1858 )  6400      
Root cell box:
           width x height  (   llx,  lly  ), (   urx,  ury  )  area (units^2)

microns:   0.200 x 0.200   ( 71.380, -9.590), ( 71.580, -9.390)  0.040     
lambda:    20.00 x 20.00   ( 7138.00, -959.00), ( 7158.00, -939.00)  400.00    
internal:     40 x 40      ( 14276, -1918 ), ( 14316, -1878 )  1600      
Root cell box:
           width x height  (   llx,  lly  ), (   urx,  ury  )  area (units^2)

microns:   0.400 x 0.400   ( 71.280, -9.690), ( 71.680, -9.290)  0.160     
lambda:    40.00 x 40.00   ( 7128.00, -969.00), ( 7168.00, -929.00)  1600.00   
internal:     80 x 80      ( 14256, -1938 ), ( 14336, -1858 )  6400      
Root cell box:
           width x height  (   llx,  lly  ), (   urx,  ury  )  area (units^2)

microns:   0.400 x 0.400   ( 71.280, -9.690), ( 71.680, -9.290)  0.160     
lambda:    40.00 x 40.00   ( 7128.00, -969.00), ( 7168.00, -929.00)  1600.00   
internal:     80 x 80      ( 14256, -1938 ), ( 14336, -1858 )  6400      
Root cell box:
           width x height  (   llx,  lly  ), (   urx,  ury  )  area (units^2)

microns:   0.200 x 0.200   ( 71.380, -9.590), ( 71.580, -9.390)  0.040     
lambda:    20.00 x 20.00   ( 7138.00, -959.00), ( 7158.00, -939.00)  400.00    
internal:     40 x 40      ( 14276, -1918 ), ( 14316, -1878 )  1600      
Root cell box:
           width x height  (   llx,  lly  ), (   urx,  ury  )  area (units^2)

microns:   0.400 x 0.400   ( 71.280, -9.690), ( 71.680, -9.290)  0.160     
lambda:    40.00 x 40.00   ( 7128.00, -969.00), ( 7168.00, -929.00)  1600.00   
internal:     80 x 80      ( 14256, -1938 ), ( 14336, -1858 )  6400      
Root cell box:
           width x height  (   llx,  lly  ), (   urx,  ury  )  area (units^2)

microns:   0.400 x 0.400   ( 71.280, -9.690), ( 71.680, -9.290)  0.160     
lambda:    40.00 x 40.00   ( 7128.00, -969.00), ( 7168.00, -929.00)  1600.00   
internal:     80 x 80      ( 14256, -1938 ), ( 14336, -1858 )  6400      
Root cell box:
           width x height  (   llx,  lly  ), (   urx,  ury  )  area (units^2)

microns:   0.200 x 0.200   ( 71.380, -9.590), ( 71.580, -9.390)  0.040     
lambda:    20.00 x 20.00   ( 7138.00, -959.00), ( 7158.00, -939.00)  400.00    
internal:     40 x 40      ( 14276, -1918 ), ( 14316, -1878 )  1600      
Root cell box:
           width x height  (   llx,  lly  ), (   urx,  ury  )  area (units^2)

microns:   0.400 x 0.400   ( 71.280, -9.690), ( 71.680, -9.290)  0.160     
lambda:    40.00 x 40.00   ( 7128.00, -969.00), ( 7168.00, -929.00)  1600.00   
internal:     80 x 80      ( 14256, -1938 ), ( 14336, -1858 )  6400      
Root cell box:
           width x height  (   llx,  lly  ), (   urx,  ury  )  area (units^2)

microns:   6.700 x 0.200   ( 71.380, -9.590), ( 78.080, -9.390)  1.340     
lambda:   670.00 x 20.00   ( 7138.00, -959.00), ( 7808.00, -939.00)  13400.00  
internal:   1340 x 40      ( 14276, -1918 ), ( 15616, -1878 )  53600     
Root cell box:
           width x height  (   llx,  lly  ), (   urx,  ury  )  area (units^2)

microns:   0.400 x 0.400   ( 77.780, -9.690), ( 78.180, -9.290)  0.160     
lambda:    40.00 x 40.00   ( 7778.00, -969.00), ( 7818.00, -929.00)  1600.00   
internal:     80 x 80      ( 15556, -1938 ), ( 15636, -1858 )  6400      
Root cell box:
           width x height  (   llx,  lly  ), (   urx,  ury  )  area (units^2)

microns:   0.200 x 0.200   ( 77.880, -9.590), ( 78.080, -9.390)  0.040     
lambda:    20.00 x 20.00   ( 7788.00, -959.00), ( 7808.00, -939.00)  400.00    
internal:     40 x 40      ( 15576, -1918 ), ( 15616, -1878 )  1600      
Root cell box:
           width x height  (   llx,  lly  ), (   urx,  ury  )  area (units^2)

microns:   0.400 x 0.400   ( 77.780, -9.690), ( 78.180, -9.290)  0.160     
lambda:    40.00 x 40.00   ( 7778.00, -969.00), ( 7818.00, -929.00)  1600.00   
internal:     80 x 80      ( 15556, -1938 ), ( 15636, -1858 )  6400      
Root cell box:
           width x height  (   llx,  lly  ), (   urx,  ury  )  area (units^2)

microns:   0.200 x 21.710  ( 77.880, -31.100), ( 78.080, -9.390)  4.342     
lambda:    20.00 x 2171.00  ( 7788.00, -3110.00), ( 7808.00, -939.00)  43420.00  
internal:     40 x 4342    ( 15576, -6220 ), ( 15616, -1878 )  173680    
Root cell box:
           width x height  (   llx,  lly  ), (   urx,  ury  )  area (units^2)

microns:   0.400 x 0.400   ( 77.780, -31.200), ( 78.180, -30.800)  0.160     
lambda:    40.00 x 40.00   ( 7778.00, -3120.00), ( 7818.00, -3080.00)  1600.00   
internal:     80 x 80      ( 15556, -6240 ), ( 15636, -6160 )  6400      
Root cell box:
           width x height  (   llx,  lly  ), (   urx,  ury  )  area (units^2)

microns:   0.200 x 0.200   ( 77.880, -31.100), ( 78.080, -30.900)  0.040     
lambda:    20.00 x 20.00   ( 7788.00, -3110.00), ( 7808.00, -3090.00)  400.00    
internal:     40 x 40      ( 15576, -6220 ), ( 15616, -6180 )  1600      
Root cell box:
           width x height  (   llx,  lly  ), (   urx,  ury  )  area (units^2)

microns:   0.400 x 0.400   ( 77.780, -31.200), ( 78.180, -30.800)  0.160     
lambda:    40.00 x 40.00   ( 7778.00, -3120.00), ( 7818.00, -3080.00)  1600.00   
internal:     80 x 80      ( 15556, -6240 ), ( 15636, -6160 )  6400      
Root cell box:
           width x height  (   llx,  lly  ), (   urx,  ury  )  area (units^2)

microns:   2.380 x 0.200   ( 75.700, -31.100), ( 78.080, -30.900)  0.476     
lambda:   238.00 x 20.00   ( 7570.00, -3110.00), ( 7808.00, -3090.00)  4760.00   
internal:    476 x 40      ( 15140, -6220 ), ( 15616, -6180 )  19040     
Root cell box:
           width x height  (   llx,  lly  ), (   urx,  ury  )  area (units^2)

microns:  100.500 x 0.800   (-5.500,  12.100), ( 95.000,  12.900)  80.400    
lambda:   10050.00 x 80.00   (-550.00,  1210.00), ( 9500.00,  1290.00)  804000.00 
internal:  20100 x 160     ( -1100,  2420 ), ( 19000,  2580 )  3216000   
Root cell box:
           width x height  (   llx,  lly  ), (   urx,  ury  )  area (units^2)

microns:  100.500 x 0.800   (-5.500, -19.400), ( 95.000, -18.600)  80.400    
lambda:   10050.00 x 80.00   (-550.00, -1940.00), ( 9500.00, -1860.00)  804000.00 
internal:  20100 x 160     ( -1100, -3880 ), ( 19000, -3720 )  3216000   
Root cell box:
           width x height  (   llx,  lly  ), (   urx,  ury  )  area (units^2)

microns:   0.240 x 0.240   ( 6.640,  10.140), ( 6.880,  10.380)  0.058     
lambda:    24.00 x 24.00   ( 664.00,  1014.00), ( 688.00,  1038.00)  576.00    
internal:     48 x 48      (  1328,  2028 ), (  1376,  2076 )  2304      
Root cell box:
           width x height  (   llx,  lly  ), (   urx,  ury  )  area (units^2)

microns:   0.400 x 0.400   ( 6.560,  10.060), ( 6.960,  10.460)  0.160     
lambda:    40.00 x 40.00   ( 656.00,  1006.00), ( 696.00,  1046.00)  1600.00   
internal:     80 x 80      (  1312,  2012 ), (  1392,  2092 )  6400      
Root cell box:
           width x height  (   llx,  lly  ), (   urx,  ury  )  area (units^2)

microns:   0.200 x 0.200   ( 6.660,  10.160), ( 6.860,  10.360)  0.040     
lambda:    20.00 x 20.00   ( 666.00,  1016.00), ( 686.00,  1036.00)  400.00    
internal:     40 x 40      (  1332,  2032 ), (  1372,  2072 )  1600      
Root cell box:
           width x height  (   llx,  lly  ), (   urx,  ury  )  area (units^2)

microns:   0.400 x 0.400   ( 6.560,  10.060), ( 6.960,  10.460)  0.160     
lambda:    40.00 x 40.00   ( 656.00,  1006.00), ( 696.00,  1046.00)  1600.00   
internal:     80 x 80      (  1312,  2012 ), (  1392,  2092 )  6400      
Root cell box:
           width x height  (   llx,  lly  ), (   urx,  ury  )  area (units^2)

microns:   1.200 x 0.200   ( 6.660,  10.160), ( 7.860,  10.360)  0.240     
lambda:   120.00 x 20.00   ( 666.00,  1016.00), ( 786.00,  1036.00)  2400.00   
internal:    240 x 40      (  1332,  2032 ), (  1572,  2072 )  9600      
Root cell box:
           width x height  (   llx,  lly  ), (   urx,  ury  )  area (units^2)

microns:   0.400 x 0.400   ( 7.560,  10.060), ( 7.960,  10.460)  0.160     
lambda:    40.00 x 40.00   ( 756.00,  1006.00), ( 796.00,  1046.00)  1600.00   
internal:     80 x 80      (  1512,  2012 ), (  1592,  2092 )  6400      
Root cell box:
           width x height  (   llx,  lly  ), (   urx,  ury  )  area (units^2)

microns:   0.200 x 0.200   ( 7.660,  10.160), ( 7.860,  10.360)  0.040     
lambda:    20.00 x 20.00   ( 766.00,  1016.00), ( 786.00,  1036.00)  400.00    
internal:     40 x 40      (  1532,  2032 ), (  1572,  2072 )  1600      
Root cell box:
           width x height  (   llx,  lly  ), (   urx,  ury  )  area (units^2)

microns:   0.400 x 0.400   ( 7.560,  10.060), ( 7.960,  10.460)  0.160     
lambda:    40.00 x 40.00   ( 756.00,  1006.00), ( 796.00,  1046.00)  1600.00   
internal:     80 x 80      (  1512,  2012 ), (  1592,  2092 )  6400      
Root cell box:
           width x height  (   llx,  lly  ), (   urx,  ury  )  area (units^2)

microns:   0.400 x 0.400   ( 7.560,  10.060), ( 7.960,  10.460)  0.160     
lambda:    40.00 x 40.00   ( 756.00,  1006.00), ( 796.00,  1046.00)  1600.00   
internal:     80 x 80      (  1512,  2012 ), (  1592,  2092 )  6400      
Root cell box:
           width x height  (   llx,  lly  ), (   urx,  ury  )  area (units^2)

microns:   0.200 x 0.200   ( 7.660,  10.160), ( 7.860,  10.360)  0.040     
lambda:    20.00 x 20.00   ( 766.00,  1016.00), ( 786.00,  1036.00)  400.00    
internal:     40 x 40      (  1532,  2032 ), (  1572,  2072 )  1600      
Root cell box:
           width x height  (   llx,  lly  ), (   urx,  ury  )  area (units^2)

microns:   0.400 x 0.400   ( 7.560,  10.060), ( 7.960,  10.460)  0.160     
lambda:    40.00 x 40.00   ( 756.00,  1006.00), ( 796.00,  1046.00)  1600.00   
internal:     80 x 80      (  1512,  2012 ), (  1592,  2092 )  6400      
Root cell box:
           width x height  (   llx,  lly  ), (   urx,  ury  )  area (units^2)

microns:   0.400 x 0.400   ( 7.560,  10.060), ( 7.960,  10.460)  0.160     
lambda:    40.00 x 40.00   ( 756.00,  1006.00), ( 796.00,  1046.00)  1600.00   
internal:     80 x 80      (  1512,  2012 ), (  1592,  2092 )  6400      
Root cell box:
           width x height  (   llx,  lly  ), (   urx,  ury  )  area (units^2)

microns:   0.200 x 0.200   ( 7.660,  10.160), ( 7.860,  10.360)  0.040     
lambda:    20.00 x 20.00   ( 766.00,  1016.00), ( 786.00,  1036.00)  400.00    
internal:     40 x 40      (  1532,  2032 ), (  1572,  2072 )  1600      
Root cell box:
           width x height  (   llx,  lly  ), (   urx,  ury  )  area (units^2)

microns:   0.400 x 0.400   ( 7.560,  10.060), ( 7.960,  10.460)  0.160     
lambda:    40.00 x 40.00   ( 756.00,  1006.00), ( 796.00,  1046.00)  1600.00   
internal:     80 x 80      (  1512,  2012 ), (  1592,  2092 )  6400      
Root cell box:
           width x height  (   llx,  lly  ), (   urx,  ury  )  area (units^2)

microns:   0.200 x 2.440   ( 7.660,  10.160), ( 7.860,  12.600)  0.488     
lambda:    20.00 x 244.00  ( 766.00,  1016.00), ( 786.00,  1260.00)  4880.00   
internal:     40 x 488     (  1532,  2032 ), (  1572,  2520 )  19520     
Root cell box:
           width x height  (   llx,  lly  ), (   urx,  ury  )  area (units^2)

microns:   0.240 x 0.240   ( 6.600,  3.940), ( 6.840,  4.180)  0.058     
lambda:    24.00 x 24.00   ( 660.00,  394.00), ( 684.00,  418.00)  576.00    
internal:     48 x 48      (  1320,  788  ), (  1368,  836  )  2304      
Root cell box:
           width x height  (   llx,  lly  ), (   urx,  ury  )  area (units^2)

microns:   0.400 x 0.400   ( 6.520,  3.860), ( 6.920,  4.260)  0.160     
lambda:    40.00 x 40.00   ( 652.00,  386.00), ( 692.00,  426.00)  1600.00   
internal:     80 x 80      (  1304,  772  ), (  1384,  852  )  6400      
Root cell box:
           width x height  (   llx,  lly  ), (   urx,  ury  )  area (units^2)

microns:   0.200 x 0.200   ( 6.620,  3.960), ( 6.820,  4.160)  0.040     
lambda:    20.00 x 20.00   ( 662.00,  396.00), ( 682.00,  416.00)  400.00    
internal:     40 x 40      (  1324,  792  ), (  1364,  832  )  1600      
Root cell box:
           width x height  (   llx,  lly  ), (   urx,  ury  )  area (units^2)

microns:   0.400 x 0.400   ( 6.520,  3.860), ( 6.920,  4.260)  0.160     
lambda:    40.00 x 40.00   ( 652.00,  386.00), ( 692.00,  426.00)  1600.00   
internal:     80 x 80      (  1304,  772  ), (  1384,  852  )  6400      
Root cell box:
           width x height  (   llx,  lly  ), (   urx,  ury  )  area (units^2)

microns:   1.200 x 0.200   ( 6.620,  3.960), ( 7.820,  4.160)  0.240     
lambda:   120.00 x 20.00   ( 662.00,  396.00), ( 782.00,  416.00)  2400.00   
internal:    240 x 40      (  1324,  792  ), (  1564,  832  )  9600      
Root cell box:
           width x height  (   llx,  lly  ), (   urx,  ury  )  area (units^2)

microns:   0.400 x 0.400   ( 7.520,  3.860), ( 7.920,  4.260)  0.160     
lambda:    40.00 x 40.00   ( 752.00,  386.00), ( 792.00,  426.00)  1600.00   
internal:     80 x 80      (  1504,  772  ), (  1584,  852  )  6400      
Root cell box:
           width x height  (   llx,  lly  ), (   urx,  ury  )  area (units^2)

microns:   0.200 x 0.200   ( 7.620,  3.960), ( 7.820,  4.160)  0.040     
lambda:    20.00 x 20.00   ( 762.00,  396.00), ( 782.00,  416.00)  400.00    
internal:     40 x 40      (  1524,  792  ), (  1564,  832  )  1600      
Root cell box:
           width x height  (   llx,  lly  ), (   urx,  ury  )  area (units^2)

microns:   0.400 x 0.400   ( 7.520,  3.860), ( 7.920,  4.260)  0.160     
lambda:    40.00 x 40.00   ( 752.00,  386.00), ( 792.00,  426.00)  1600.00   
internal:     80 x 80      (  1504,  772  ), (  1584,  852  )  6400      
Root cell box:
           width x height  (   llx,  lly  ), (   urx,  ury  )  area (units^2)

microns:   0.400 x 0.400   ( 7.520,  3.860), ( 7.920,  4.260)  0.160     
lambda:    40.00 x 40.00   ( 752.00,  386.00), ( 792.00,  426.00)  1600.00   
internal:     80 x 80      (  1504,  772  ), (  1584,  852  )  6400      
Root cell box:
           width x height  (   llx,  lly  ), (   urx,  ury  )  area (units^2)

microns:   0.200 x 0.200   ( 7.620,  3.960), ( 7.820,  4.160)  0.040     
lambda:    20.00 x 20.00   ( 762.00,  396.00), ( 782.00,  416.00)  400.00    
internal:     40 x 40      (  1524,  792  ), (  1564,  832  )  1600      
Root cell box:
           width x height  (   llx,  lly  ), (   urx,  ury  )  area (units^2)

microns:   0.400 x 0.400   ( 7.520,  3.860), ( 7.920,  4.260)  0.160     
lambda:    40.00 x 40.00   ( 752.00,  386.00), ( 792.00,  426.00)  1600.00   
internal:     80 x 80      (  1504,  772  ), (  1584,  852  )  6400      
Root cell box:
           width x height  (   llx,  lly  ), (   urx,  ury  )  area (units^2)

microns:   0.400 x 0.400   ( 7.520,  3.860), ( 7.920,  4.260)  0.160     
lambda:    40.00 x 40.00   ( 752.00,  386.00), ( 792.00,  426.00)  1600.00   
internal:     80 x 80      (  1504,  772  ), (  1584,  852  )  6400      
Root cell box:
           width x height  (   llx,  lly  ), (   urx,  ury  )  area (units^2)

microns:   0.200 x 0.200   ( 7.620,  3.960), ( 7.820,  4.160)  0.040     
lambda:    20.00 x 20.00   ( 762.00,  396.00), ( 782.00,  416.00)  400.00    
internal:     40 x 40      (  1524,  792  ), (  1564,  832  )  1600      
Root cell box:
           width x height  (   llx,  lly  ), (   urx,  ury  )  area (units^2)

microns:   0.400 x 0.400   ( 7.520,  3.860), ( 7.920,  4.260)  0.160     
lambda:    40.00 x 40.00   ( 752.00,  386.00), ( 792.00,  426.00)  1600.00   
internal:     80 x 80      (  1504,  772  ), (  1584,  852  )  6400      
Root cell box:
           width x height  (   llx,  lly  ), (   urx,  ury  )  area (units^2)

microns:   0.200 x 8.640   ( 7.620,  3.960), ( 7.820,  12.600)  1.728     
lambda:    20.00 x 864.00  ( 762.00,  396.00), ( 782.00,  1260.00)  17280.00  
internal:     40 x 1728    (  1524,  792  ), (  1564,  2520 )  69120     
Root cell box:
           width x height  (   llx,  lly  ), (   urx,  ury  )  area (units^2)

microns:   0.240 x 0.240   ( 16.380,  2.700), ( 16.620,  2.940)  0.058     
lambda:    24.00 x 24.00   ( 1638.00,  270.00), ( 1662.00,  294.00)  576.00    
internal:     48 x 48      (  3276,  540  ), (  3324,  588  )  2304      
Root cell box:
           width x height  (   llx,  lly  ), (   urx,  ury  )  area (units^2)

microns:   0.400 x 0.400   ( 16.300,  2.620), ( 16.700,  3.020)  0.160     
lambda:    40.00 x 40.00   ( 1630.00,  262.00), ( 1670.00,  302.00)  1600.00   
internal:     80 x 80      (  3260,  524  ), (  3340,  604  )  6400      
Root cell box:
           width x height  (   llx,  lly  ), (   urx,  ury  )  area (units^2)

microns:   0.200 x 0.200   ( 16.400,  2.720), ( 16.600,  2.920)  0.040     
lambda:    20.00 x 20.00   ( 1640.00,  272.00), ( 1660.00,  292.00)  400.00    
internal:     40 x 40      (  3280,  544  ), (  3320,  584  )  1600      
Root cell box:
           width x height  (   llx,  lly  ), (   urx,  ury  )  area (units^2)

microns:   0.400 x 0.400   ( 16.300,  2.620), ( 16.700,  3.020)  0.160     
lambda:    40.00 x 40.00   ( 1630.00,  262.00), ( 1670.00,  302.00)  1600.00   
internal:     80 x 80      (  3260,  524  ), (  3340,  604  )  6400      
Root cell box:
           width x height  (   llx,  lly  ), (   urx,  ury  )  area (units^2)

microns:   1.200 x 0.200   ( 16.400,  2.720), ( 17.600,  2.920)  0.240     
lambda:   120.00 x 20.00   ( 1640.00,  272.00), ( 1760.00,  292.00)  2400.00   
internal:    240 x 40      (  3280,  544  ), (  3520,  584  )  9600      
Root cell box:
           width x height  (   llx,  lly  ), (   urx,  ury  )  area (units^2)

microns:   0.400 x 0.400   ( 17.300,  2.620), ( 17.700,  3.020)  0.160     
lambda:    40.00 x 40.00   ( 1730.00,  262.00), ( 1770.00,  302.00)  1600.00   
internal:     80 x 80      (  3460,  524  ), (  3540,  604  )  6400      
Root cell box:
           width x height  (   llx,  lly  ), (   urx,  ury  )  area (units^2)

microns:   0.200 x 0.200   ( 17.400,  2.720), ( 17.600,  2.920)  0.040     
lambda:    20.00 x 20.00   ( 1740.00,  272.00), ( 1760.00,  292.00)  400.00    
internal:     40 x 40      (  3480,  544  ), (  3520,  584  )  1600      
Root cell box:
           width x height  (   llx,  lly  ), (   urx,  ury  )  area (units^2)

microns:   0.400 x 0.400   ( 17.300,  2.620), ( 17.700,  3.020)  0.160     
lambda:    40.00 x 40.00   ( 1730.00,  262.00), ( 1770.00,  302.00)  1600.00   
internal:     80 x 80      (  3460,  524  ), (  3540,  604  )  6400      
Root cell box:
           width x height  (   llx,  lly  ), (   urx,  ury  )  area (units^2)

microns:   0.400 x 0.400   ( 17.300,  2.620), ( 17.700,  3.020)  0.160     
lambda:    40.00 x 40.00   ( 1730.00,  262.00), ( 1770.00,  302.00)  1600.00   
internal:     80 x 80      (  3460,  524  ), (  3540,  604  )  6400      
Root cell box:
           width x height  (   llx,  lly  ), (   urx,  ury  )  area (units^2)

microns:   0.200 x 0.200   ( 17.400,  2.720), ( 17.600,  2.920)  0.040     
lambda:    20.00 x 20.00   ( 1740.00,  272.00), ( 1760.00,  292.00)  400.00    
internal:     40 x 40      (  3480,  544  ), (  3520,  584  )  1600      
Root cell box:
           width x height  (   llx,  lly  ), (   urx,  ury  )  area (units^2)

microns:   0.400 x 0.400   ( 17.300,  2.620), ( 17.700,  3.020)  0.160     
lambda:    40.00 x 40.00   ( 1730.00,  262.00), ( 1770.00,  302.00)  1600.00   
internal:     80 x 80      (  3460,  524  ), (  3540,  604  )  6400      
Root cell box:
           width x height  (   llx,  lly  ), (   urx,  ury  )  area (units^2)

microns:   0.400 x 0.400   ( 17.300,  2.620), ( 17.700,  3.020)  0.160     
lambda:    40.00 x 40.00   ( 1730.00,  262.00), ( 1770.00,  302.00)  1600.00   
internal:     80 x 80      (  3460,  524  ), (  3540,  604  )  6400      
Root cell box:
           width x height  (   llx,  lly  ), (   urx,  ury  )  area (units^2)

microns:   0.200 x 0.200   ( 17.400,  2.720), ( 17.600,  2.920)  0.040     
lambda:    20.00 x 20.00   ( 1740.00,  272.00), ( 1760.00,  292.00)  400.00    
internal:     40 x 40      (  3480,  544  ), (  3520,  584  )  1600      
Root cell box:
           width x height  (   llx,  lly  ), (   urx,  ury  )  area (units^2)

microns:   0.400 x 0.400   ( 17.300,  2.620), ( 17.700,  3.020)  0.160     
lambda:    40.00 x 40.00   ( 1730.00,  262.00), ( 1770.00,  302.00)  1600.00   
internal:     80 x 80      (  3460,  524  ), (  3540,  604  )  6400      
Root cell box:
           width x height  (   llx,  lly  ), (   urx,  ury  )  area (units^2)

microns:   0.200 x 9.880   ( 17.400,  2.720), ( 17.600,  12.600)  1.976     
lambda:    20.00 x 988.00  ( 1740.00,  272.00), ( 1760.00,  1260.00)  19760.00  
internal:     40 x 1976    (  3480,  544  ), (  3520,  2520 )  79040     
Root cell box:
           width x height  (   llx,  lly  ), (   urx,  ury  )  area (units^2)

microns:   0.240 x 0.240   ( 19.940,  6.400), ( 20.180,  6.640)  0.058     
lambda:    24.00 x 24.00   ( 1994.00,  640.00), ( 2018.00,  664.00)  576.00    
internal:     48 x 48      (  3988,  1280 ), (  4036,  1328 )  2304      
Root cell box:
           width x height  (   llx,  lly  ), (   urx,  ury  )  area (units^2)

microns:   0.400 x 0.400   ( 19.860,  6.320), ( 20.260,  6.720)  0.160     
lambda:    40.00 x 40.00   ( 1986.00,  632.00), ( 2026.00,  672.00)  1600.00   
internal:     80 x 80      (  3972,  1264 ), (  4052,  1344 )  6400      
Root cell box:
           width x height  (   llx,  lly  ), (   urx,  ury  )  area (units^2)

microns:   0.200 x 0.200   ( 19.960,  6.420), ( 20.160,  6.620)  0.040     
lambda:    20.00 x 20.00   ( 1996.00,  642.00), ( 2016.00,  662.00)  400.00    
internal:     40 x 40      (  3992,  1284 ), (  4032,  1324 )  1600      
Root cell box:
           width x height  (   llx,  lly  ), (   urx,  ury  )  area (units^2)

microns:   0.400 x 0.400   ( 19.860,  6.320), ( 20.260,  6.720)  0.160     
lambda:    40.00 x 40.00   ( 1986.00,  632.00), ( 2026.00,  672.00)  1600.00   
internal:     80 x 80      (  3972,  1264 ), (  4052,  1344 )  6400      
Root cell box:
           width x height  (   llx,  lly  ), (   urx,  ury  )  area (units^2)

microns:   1.200 x 0.200   ( 19.960,  6.420), ( 21.160,  6.620)  0.240     
lambda:   120.00 x 20.00   ( 1996.00,  642.00), ( 2116.00,  662.00)  2400.00   
internal:    240 x 40      (  3992,  1284 ), (  4232,  1324 )  9600      
Root cell box:
           width x height  (   llx,  lly  ), (   urx,  ury  )  area (units^2)

microns:   0.400 x 0.400   ( 20.860,  6.320), ( 21.260,  6.720)  0.160     
lambda:    40.00 x 40.00   ( 2086.00,  632.00), ( 2126.00,  672.00)  1600.00   
internal:     80 x 80      (  4172,  1264 ), (  4252,  1344 )  6400      
Root cell box:
           width x height  (   llx,  lly  ), (   urx,  ury  )  area (units^2)

microns:   0.200 x 0.200   ( 20.960,  6.420), ( 21.160,  6.620)  0.040     
lambda:    20.00 x 20.00   ( 2096.00,  642.00), ( 2116.00,  662.00)  400.00    
internal:     40 x 40      (  4192,  1284 ), (  4232,  1324 )  1600      
Root cell box:
           width x height  (   llx,  lly  ), (   urx,  ury  )  area (units^2)

microns:   0.400 x 0.400   ( 20.860,  6.320), ( 21.260,  6.720)  0.160     
lambda:    40.00 x 40.00   ( 2086.00,  632.00), ( 2126.00,  672.00)  1600.00   
internal:     80 x 80      (  4172,  1264 ), (  4252,  1344 )  6400      
Root cell box:
           width x height  (   llx,  lly  ), (   urx,  ury  )  area (units^2)

microns:   0.400 x 0.400   ( 20.860,  6.320), ( 21.260,  6.720)  0.160     
lambda:    40.00 x 40.00   ( 2086.00,  632.00), ( 2126.00,  672.00)  1600.00   
internal:     80 x 80      (  4172,  1264 ), (  4252,  1344 )  6400      
Root cell box:
           width x height  (   llx,  lly  ), (   urx,  ury  )  area (units^2)

microns:   0.200 x 0.200   ( 20.960,  6.420), ( 21.160,  6.620)  0.040     
lambda:    20.00 x 20.00   ( 2096.00,  642.00), ( 2116.00,  662.00)  400.00    
internal:     40 x 40      (  4192,  1284 ), (  4232,  1324 )  1600      
Root cell box:
           width x height  (   llx,  lly  ), (   urx,  ury  )  area (units^2)

microns:   0.400 x 0.400   ( 20.860,  6.320), ( 21.260,  6.720)  0.160     
lambda:    40.00 x 40.00   ( 2086.00,  632.00), ( 2126.00,  672.00)  1600.00   
internal:     80 x 80      (  4172,  1264 ), (  4252,  1344 )  6400      
Root cell box:
           width x height  (   llx,  lly  ), (   urx,  ury  )  area (units^2)

microns:   0.400 x 0.400   ( 20.860,  6.320), ( 21.260,  6.720)  0.160     
lambda:    40.00 x 40.00   ( 2086.00,  632.00), ( 2126.00,  672.00)  1600.00   
internal:     80 x 80      (  4172,  1264 ), (  4252,  1344 )  6400      
Root cell box:
           width x height  (   llx,  lly  ), (   urx,  ury  )  area (units^2)

microns:   0.200 x 0.200   ( 20.960,  6.420), ( 21.160,  6.620)  0.040     
lambda:    20.00 x 20.00   ( 2096.00,  642.00), ( 2116.00,  662.00)  400.00    
internal:     40 x 40      (  4192,  1284 ), (  4232,  1324 )  1600      
Root cell box:
           width x height  (   llx,  lly  ), (   urx,  ury  )  area (units^2)

microns:   0.400 x 0.400   ( 20.860,  6.320), ( 21.260,  6.720)  0.160     
lambda:    40.00 x 40.00   ( 2086.00,  632.00), ( 2126.00,  672.00)  1600.00   
internal:     80 x 80      (  4172,  1264 ), (  4252,  1344 )  6400      
Root cell box:
           width x height  (   llx,  lly  ), (   urx,  ury  )  area (units^2)

microns:   0.200 x 6.180   ( 20.960,  6.420), ( 21.160,  12.600)  1.236     
lambda:    20.00 x 618.00  ( 2096.00,  642.00), ( 2116.00,  1260.00)  12360.00  
internal:     40 x 1236    (  4192,  1284 ), (  4232,  2520 )  49440     
Root cell box:
           width x height  (   llx,  lly  ), (   urx,  ury  )  area (units^2)

microns:   0.240 x 0.240   ( 0.590,  7.840), ( 0.830,  8.080)  0.058     
lambda:    24.00 x 24.00   ( 59.00,  784.00), ( 83.00,  808.00)  576.00    
internal:     48 x 48      (   118,  1568 ), (   166,  1616 )  2304      
Root cell box:
           width x height  (   llx,  lly  ), (   urx,  ury  )  area (units^2)

microns:   0.395 x 0.400   ( 0.510,  7.760), ( 0.905,  8.160)  0.158     
lambda:    39.50 x 40.00   ( 51.00,  776.00), ( 90.50,  816.00)  1580.00   
internal:     79 x 80      (   102,  1552 ), (   181,  1632 )  6320      
Root cell box:
           width x height  (   llx,  lly  ), (   urx,  ury  )  area (units^2)

microns:   0.195 x 0.200   ( 0.610,  7.860), ( 0.805,  8.060)  0.039     
lambda:    19.50 x 20.00   ( 61.00,  786.00), ( 80.50,  806.00)  390.00    
internal:     39 x 40      (   122,  1572 ), (   161,  1612 )  1560      
Root cell box:
           width x height  (   llx,  lly  ), (   urx,  ury  )  area (units^2)

microns:   0.395 x 0.400   ( 0.510,  7.760), ( 0.905,  8.160)  0.158     
lambda:    39.50 x 40.00   ( 51.00,  776.00), ( 90.50,  816.00)  1580.00   
internal:     79 x 80      (   102,  1552 ), (   181,  1632 )  6320      
Root cell box:
           width x height  (   llx,  lly  ), (   urx,  ury  )  area (units^2)

microns:   1.200 x 0.200   ( 0.610,  7.860), ( 1.810,  8.060)  0.240     
lambda:   120.00 x 20.00   ( 61.00,  786.00), ( 181.00,  806.00)  2400.00   
internal:    240 x 40      (   122,  1572 ), (   362,  1612 )  9600      
Root cell box:
           width x height  (   llx,  lly  ), (   urx,  ury  )  area (units^2)

microns:   0.405 x 0.400   ( 1.505,  7.760), ( 1.910,  8.160)  0.162     
lambda:    40.50 x 40.00   ( 150.50,  776.00), ( 191.00,  816.00)  1620.00   
internal:     81 x 80      (   301,  1552 ), (   382,  1632 )  6480      
Root cell box:
           width x height  (   llx,  lly  ), (   urx,  ury  )  area (units^2)

microns:   0.205 x 0.200   ( 1.605,  7.860), ( 1.810,  8.060)  0.041     
lambda:    20.50 x 20.00   ( 160.50,  786.00), ( 181.00,  806.00)  410.00    
internal:     41 x 40      (   321,  1572 ), (   362,  1612 )  1640      
Root cell box:
           width x height  (   llx,  lly  ), (   urx,  ury  )  area (units^2)

microns:   0.405 x 0.400   ( 1.505,  7.760), ( 1.910,  8.160)  0.162     
lambda:    40.50 x 40.00   ( 150.50,  776.00), ( 191.00,  816.00)  1620.00   
internal:     81 x 80      (   301,  1552 ), (   382,  1632 )  6480      
Root cell box:
           width x height  (   llx,  lly  ), (   urx,  ury  )  area (units^2)

microns:   0.405 x 0.400   ( 1.505,  7.760), ( 1.910,  8.160)  0.162     
lambda:    40.50 x 40.00   ( 150.50,  776.00), ( 191.00,  816.00)  1620.00   
internal:     81 x 80      (   301,  1552 ), (   382,  1632 )  6480      
Root cell box:
           width x height  (   llx,  lly  ), (   urx,  ury  )  area (units^2)

microns:   0.205 x 0.200   ( 1.605,  7.860), ( 1.810,  8.060)  0.041     
lambda:    20.50 x 20.00   ( 160.50,  786.00), ( 181.00,  806.00)  410.00    
internal:     41 x 40      (   321,  1572 ), (   362,  1612 )  1640      
Root cell box:
           width x height  (   llx,  lly  ), (   urx,  ury  )  area (units^2)

microns:   0.405 x 0.400   ( 1.505,  7.760), ( 1.910,  8.160)  0.162     
lambda:    40.50 x 40.00   ( 150.50,  776.00), ( 191.00,  816.00)  1620.00   
internal:     81 x 80      (   301,  1552 ), (   382,  1632 )  6480      
Root cell box:
           width x height  (   llx,  lly  ), (   urx,  ury  )  area (units^2)

microns:   0.405 x 0.400   ( 1.505,  7.760), ( 1.910,  8.160)  0.162     
lambda:    40.50 x 40.00   ( 150.50,  776.00), ( 191.00,  816.00)  1620.00   
internal:     81 x 80      (   301,  1552 ), (   382,  1632 )  6480      
Root cell box:
           width x height  (   llx,  lly  ), (   urx,  ury  )  area (units^2)

microns:   0.205 x 0.200   ( 1.605,  7.860), ( 1.810,  8.060)  0.041     
lambda:    20.50 x 20.00   ( 160.50,  786.00), ( 181.00,  806.00)  410.00    
internal:     41 x 40      (   321,  1572 ), (   362,  1612 )  1640      
Root cell box:
           width x height  (   llx,  lly  ), (   urx,  ury  )  area (units^2)

microns:   0.405 x 0.400   ( 1.505,  7.760), ( 1.910,  8.160)  0.162     
lambda:    40.50 x 40.00   ( 150.50,  776.00), ( 191.00,  816.00)  1620.00   
internal:     81 x 80      (   301,  1552 ), (   382,  1632 )  6480      
Root cell box:
           width x height  (   llx,  lly  ), (   urx,  ury  )  area (units^2)

microns:   0.205 x 4.740   ( 1.605,  7.860), ( 1.810,  12.600)  0.972     
lambda:    20.50 x 474.00  ( 160.50,  786.00), ( 181.00,  1260.00)  9717.00   
internal:     41 x 948     (   321,  1572 ), (   362,  2520 )  38868     
Root cell box:
           width x height  (   llx,  lly  ), (   urx,  ury  )  area (units^2)

microns:   0.240 x 0.240   ( 0.545,  1.640), ( 0.785,  1.880)  0.058     
lambda:    24.00 x 24.00   ( 54.50,  164.00), ( 78.50,  188.00)  576.00    
internal:     48 x 48      (   109,  328  ), (   157,  376  )  2304      
Root cell box:
           width x height  (   llx,  lly  ), (   urx,  ury  )  area (units^2)

microns:   0.395 x 0.400   ( 0.470,  1.560), ( 0.865,  1.960)  0.158     
lambda:    39.50 x 40.00   ( 47.00,  156.00), ( 86.50,  196.00)  1580.00   
internal:     79 x 80      (    94,  312  ), (   173,  392  )  6320      
Root cell box:
           width x height  (   llx,  lly  ), (   urx,  ury  )  area (units^2)

microns:   0.195 x 0.200   ( 0.570,  1.660), ( 0.765,  1.860)  0.039     
lambda:    19.50 x 20.00   ( 57.00,  166.00), ( 76.50,  186.00)  390.00    
internal:     39 x 40      (   114,  332  ), (   153,  372  )  1560      
Root cell box:
           width x height  (   llx,  lly  ), (   urx,  ury  )  area (units^2)

microns:   0.395 x 0.400   ( 0.470,  1.560), ( 0.865,  1.960)  0.158     
lambda:    39.50 x 40.00   ( 47.00,  156.00), ( 86.50,  196.00)  1580.00   
internal:     79 x 80      (    94,  312  ), (   173,  392  )  6320      
Root cell box:
           width x height  (   llx,  lly  ), (   urx,  ury  )  area (units^2)

microns:   1.200 x 0.200   ( 0.570,  1.660), ( 1.770,  1.860)  0.240     
lambda:   120.00 x 20.00   ( 57.00,  166.00), ( 177.00,  186.00)  2400.00   
internal:    240 x 40      (   114,  332  ), (   354,  372  )  9600      
Root cell box:
           width x height  (   llx,  lly  ), (   urx,  ury  )  area (units^2)

microns:   0.405 x 0.400   ( 1.465,  1.560), ( 1.870,  1.960)  0.162     
lambda:    40.50 x 40.00   ( 146.50,  156.00), ( 187.00,  196.00)  1620.00   
internal:     81 x 80      (   293,  312  ), (   374,  392  )  6480      
Root cell box:
           width x height  (   llx,  lly  ), (   urx,  ury  )  area (units^2)

microns:   0.205 x 0.200   ( 1.565,  1.660), ( 1.770,  1.860)  0.041     
lambda:    20.50 x 20.00   ( 156.50,  166.00), ( 177.00,  186.00)  410.00    
internal:     41 x 40      (   313,  332  ), (   354,  372  )  1640      
Root cell box:
           width x height  (   llx,  lly  ), (   urx,  ury  )  area (units^2)

microns:   0.405 x 0.400   ( 1.465,  1.560), ( 1.870,  1.960)  0.162     
lambda:    40.50 x 40.00   ( 146.50,  156.00), ( 187.00,  196.00)  1620.00   
internal:     81 x 80      (   293,  312  ), (   374,  392  )  6480      
Root cell box:
           width x height  (   llx,  lly  ), (   urx,  ury  )  area (units^2)

microns:   0.405 x 0.400   ( 1.465,  1.560), ( 1.870,  1.960)  0.162     
lambda:    40.50 x 40.00   ( 146.50,  156.00), ( 187.00,  196.00)  1620.00   
internal:     81 x 80      (   293,  312  ), (   374,  392  )  6480      
Root cell box:
           width x height  (   llx,  lly  ), (   urx,  ury  )  area (units^2)

microns:   0.205 x 0.200   ( 1.565,  1.660), ( 1.770,  1.860)  0.041     
lambda:    20.50 x 20.00   ( 156.50,  166.00), ( 177.00,  186.00)  410.00    
internal:     41 x 40      (   313,  332  ), (   354,  372  )  1640      
Root cell box:
           width x height  (   llx,  lly  ), (   urx,  ury  )  area (units^2)

microns:   0.405 x 0.400   ( 1.465,  1.560), ( 1.870,  1.960)  0.162     
lambda:    40.50 x 40.00   ( 146.50,  156.00), ( 187.00,  196.00)  1620.00   
internal:     81 x 80      (   293,  312  ), (   374,  392  )  6480      
Root cell box:
           width x height  (   llx,  lly  ), (   urx,  ury  )  area (units^2)

microns:   0.405 x 0.400   ( 1.465,  1.560), ( 1.870,  1.960)  0.162     
lambda:    40.50 x 40.00   ( 146.50,  156.00), ( 187.00,  196.00)  1620.00   
internal:     81 x 80      (   293,  312  ), (   374,  392  )  6480      
Root cell box:
           width x height  (   llx,  lly  ), (   urx,  ury  )  area (units^2)

microns:   0.205 x 0.200   ( 1.565,  1.660), ( 1.770,  1.860)  0.041     
lambda:    20.50 x 20.00   ( 156.50,  166.00), ( 177.00,  186.00)  410.00    
internal:     41 x 40      (   313,  332  ), (   354,  372  )  1640      
Root cell box:
           width x height  (   llx,  lly  ), (   urx,  ury  )  area (units^2)

microns:   0.405 x 0.400   ( 1.465,  1.560), ( 1.870,  1.960)  0.162     
lambda:    40.50 x 40.00   ( 146.50,  156.00), ( 187.00,  196.00)  1620.00   
internal:     81 x 80      (   293,  312  ), (   374,  392  )  6480      
Root cell box:
           width x height  (   llx,  lly  ), (   urx,  ury  )  area (units^2)

microns:   0.205 x 10.940  ( 1.565,  1.660), ( 1.770,  12.600)  2.243     
lambda:    20.50 x 1094.00  ( 156.50,  166.00), ( 177.00,  1260.00)  22427.00  
internal:     41 x 2188    (   313,  332  ), (   354,  2520 )  89708     
Root cell box:
           width x height  (   llx,  lly  ), (   urx,  ury  )  area (units^2)

microns:   0.240 x 0.240   ( 23.310,  8.380), ( 23.550,  8.620)  0.058     
lambda:    24.00 x 24.00   ( 2331.00,  838.00), ( 2355.00,  862.00)  576.00    
internal:     48 x 48      (  4662,  1676 ), (  4710,  1724 )  2304      
Root cell box:
           width x height  (   llx,  lly  ), (   urx,  ury  )  area (units^2)

microns:   0.400 x 0.400   ( 23.230,  8.300), ( 23.630,  8.700)  0.160     
lambda:    40.00 x 40.00   ( 2323.00,  830.00), ( 2363.00,  870.00)  1600.00   
internal:     80 x 80      (  4646,  1660 ), (  4726,  1740 )  6400      
Root cell box:
           width x height  (   llx,  lly  ), (   urx,  ury  )  area (units^2)

microns:   0.200 x 0.200   ( 23.330,  8.400), ( 23.530,  8.600)  0.040     
lambda:    20.00 x 20.00   ( 2333.00,  840.00), ( 2353.00,  860.00)  400.00    
internal:     40 x 40      (  4666,  1680 ), (  4706,  1720 )  1600      
Root cell box:
           width x height  (   llx,  lly  ), (   urx,  ury  )  area (units^2)

microns:   0.400 x 0.400   ( 23.230,  8.300), ( 23.630,  8.700)  0.160     
lambda:    40.00 x 40.00   ( 2323.00,  830.00), ( 2363.00,  870.00)  1600.00   
internal:     80 x 80      (  4646,  1660 ), (  4726,  1740 )  6400      
Root cell box:
           width x height  (   llx,  lly  ), (   urx,  ury  )  area (units^2)

microns:   1.200 x 0.200   ( 23.330,  8.400), ( 24.530,  8.600)  0.240     
lambda:   120.00 x 20.00   ( 2333.00,  840.00), ( 2453.00,  860.00)  2400.00   
internal:    240 x 40      (  4666,  1680 ), (  4906,  1720 )  9600      
Root cell box:
           width x height  (   llx,  lly  ), (   urx,  ury  )  area (units^2)

microns:   0.400 x 0.400   ( 24.230,  8.300), ( 24.630,  8.700)  0.160     
lambda:    40.00 x 40.00   ( 2423.00,  830.00), ( 2463.00,  870.00)  1600.00   
internal:     80 x 80      (  4846,  1660 ), (  4926,  1740 )  6400      
Root cell box:
           width x height  (   llx,  lly  ), (   urx,  ury  )  area (units^2)

microns:   0.200 x 0.200   ( 24.330,  8.400), ( 24.530,  8.600)  0.040     
lambda:    20.00 x 20.00   ( 2433.00,  840.00), ( 2453.00,  860.00)  400.00    
internal:     40 x 40      (  4866,  1680 ), (  4906,  1720 )  1600      
Root cell box:
           width x height  (   llx,  lly  ), (   urx,  ury  )  area (units^2)

microns:   0.400 x 0.400   ( 24.230,  8.300), ( 24.630,  8.700)  0.160     
lambda:    40.00 x 40.00   ( 2423.00,  830.00), ( 2463.00,  870.00)  1600.00   
internal:     80 x 80      (  4846,  1660 ), (  4926,  1740 )  6400      
Root cell box:
           width x height  (   llx,  lly  ), (   urx,  ury  )  area (units^2)

microns:   0.400 x 0.400   ( 24.230,  8.300), ( 24.630,  8.700)  0.160     
lambda:    40.00 x 40.00   ( 2423.00,  830.00), ( 2463.00,  870.00)  1600.00   
internal:     80 x 80      (  4846,  1660 ), (  4926,  1740 )  6400      
Root cell box:
           width x height  (   llx,  lly  ), (   urx,  ury  )  area (units^2)

microns:   0.200 x 0.200   ( 24.330,  8.400), ( 24.530,  8.600)  0.040     
lambda:    20.00 x 20.00   ( 2433.00,  840.00), ( 2453.00,  860.00)  400.00    
internal:     40 x 40      (  4866,  1680 ), (  4906,  1720 )  1600      
Root cell box:
           width x height  (   llx,  lly  ), (   urx,  ury  )  area (units^2)

microns:   0.400 x 0.400   ( 24.230,  8.300), ( 24.630,  8.700)  0.160     
lambda:    40.00 x 40.00   ( 2423.00,  830.00), ( 2463.00,  870.00)  1600.00   
internal:     80 x 80      (  4846,  1660 ), (  4926,  1740 )  6400      
Root cell box:
           width x height  (   llx,  lly  ), (   urx,  ury  )  area (units^2)

microns:   0.400 x 0.400   ( 24.230,  8.300), ( 24.630,  8.700)  0.160     
lambda:    40.00 x 40.00   ( 2423.00,  830.00), ( 2463.00,  870.00)  1600.00   
internal:     80 x 80      (  4846,  1660 ), (  4926,  1740 )  6400      
Root cell box:
           width x height  (   llx,  lly  ), (   urx,  ury  )  area (units^2)

microns:   0.200 x 0.200   ( 24.330,  8.400), ( 24.530,  8.600)  0.040     
lambda:    20.00 x 20.00   ( 2433.00,  840.00), ( 2453.00,  860.00)  400.00    
internal:     40 x 40      (  4866,  1680 ), (  4906,  1720 )  1600      
Root cell box:
           width x height  (   llx,  lly  ), (   urx,  ury  )  area (units^2)

microns:   0.400 x 0.400   ( 24.230,  8.300), ( 24.630,  8.700)  0.160     
lambda:    40.00 x 40.00   ( 2423.00,  830.00), ( 2463.00,  870.00)  1600.00   
internal:     80 x 80      (  4846,  1660 ), (  4926,  1740 )  6400      
Root cell box:
           width x height  (   llx,  lly  ), (   urx,  ury  )  area (units^2)

microns:   0.200 x 4.200   ( 24.330,  8.400), ( 24.530,  12.600)  0.840     
lambda:    20.00 x 420.00  ( 2433.00,  840.00), ( 2453.00,  1260.00)  8400.00   
internal:     40 x 840     (  4866,  1680 ), (  4906,  2520 )  33600     
Root cell box:
           width x height  (   llx,  lly  ), (   urx,  ury  )  area (units^2)

microns:   0.240 x 0.240   ( 22.140, -6.250), ( 22.380, -6.010)  0.058     
lambda:    24.00 x 24.00   ( 2214.00, -625.00), ( 2238.00, -601.00)  576.00    
internal:     48 x 48      (  4428, -1250 ), (  4476, -1202 )  2304      
Root cell box:
           width x height  (   llx,  lly  ), (   urx,  ury  )  area (units^2)

microns:   0.400 x 0.400   ( 22.060, -6.330), ( 22.460, -5.930)  0.160     
lambda:    40.00 x 40.00   ( 2206.00, -633.00), ( 2246.00, -593.00)  1600.00   
internal:     80 x 80      (  4412, -1266 ), (  4492, -1186 )  6400      
Root cell box:
           width x height  (   llx,  lly  ), (   urx,  ury  )  area (units^2)

microns:   0.200 x 0.200   ( 22.160, -6.230), ( 22.360, -6.030)  0.040     
lambda:    20.00 x 20.00   ( 2216.00, -623.00), ( 2236.00, -603.00)  400.00    
internal:     40 x 40      (  4432, -1246 ), (  4472, -1206 )  1600      
Root cell box:
           width x height  (   llx,  lly  ), (   urx,  ury  )  area (units^2)

microns:   0.400 x 0.400   ( 22.060, -6.330), ( 22.460, -5.930)  0.160     
lambda:    40.00 x 40.00   ( 2206.00, -633.00), ( 2246.00, -593.00)  1600.00   
internal:     80 x 80      (  4412, -1266 ), (  4492, -1186 )  6400      
Root cell box:
           width x height  (   llx,  lly  ), (   urx,  ury  )  area (units^2)

microns:   1.200 x 0.200   ( 22.160, -6.230), ( 23.360, -6.030)  0.240     
lambda:   120.00 x 20.00   ( 2216.00, -623.00), ( 2336.00, -603.00)  2400.00   
internal:    240 x 40      (  4432, -1246 ), (  4672, -1206 )  9600      
Root cell box:
           width x height  (   llx,  lly  ), (   urx,  ury  )  area (units^2)

microns:   0.400 x 0.400   ( 23.060, -6.330), ( 23.460, -5.930)  0.160     
lambda:    40.00 x 40.00   ( 2306.00, -633.00), ( 2346.00, -593.00)  1600.00   
internal:     80 x 80      (  4612, -1266 ), (  4692, -1186 )  6400      
Root cell box:
           width x height  (   llx,  lly  ), (   urx,  ury  )  area (units^2)

microns:   0.200 x 0.200   ( 23.160, -6.230), ( 23.360, -6.030)  0.040     
lambda:    20.00 x 20.00   ( 2316.00, -623.00), ( 2336.00, -603.00)  400.00    
internal:     40 x 40      (  4632, -1246 ), (  4672, -1206 )  1600      
Root cell box:
           width x height  (   llx,  lly  ), (   urx,  ury  )  area (units^2)

microns:   0.400 x 0.400   ( 23.060, -6.330), ( 23.460, -5.930)  0.160     
lambda:    40.00 x 40.00   ( 2306.00, -633.00), ( 2346.00, -593.00)  1600.00   
internal:     80 x 80      (  4612, -1266 ), (  4692, -1186 )  6400      
Root cell box:
           width x height  (   llx,  lly  ), (   urx,  ury  )  area (units^2)

microns:   0.400 x 0.400   ( 23.060, -6.330), ( 23.460, -5.930)  0.160     
lambda:    40.00 x 40.00   ( 2306.00, -633.00), ( 2346.00, -593.00)  1600.00   
internal:     80 x 80      (  4612, -1266 ), (  4692, -1186 )  6400      
Root cell box:
           width x height  (   llx,  lly  ), (   urx,  ury  )  area (units^2)

microns:   0.200 x 0.200   ( 23.160, -6.230), ( 23.360, -6.030)  0.040     
lambda:    20.00 x 20.00   ( 2316.00, -623.00), ( 2336.00, -603.00)  400.00    
internal:     40 x 40      (  4632, -1246 ), (  4672, -1206 )  1600      
Root cell box:
           width x height  (   llx,  lly  ), (   urx,  ury  )  area (units^2)

microns:   0.400 x 0.400   ( 23.060, -6.330), ( 23.460, -5.930)  0.160     
lambda:    40.00 x 40.00   ( 2306.00, -633.00), ( 2346.00, -593.00)  1600.00   
internal:     80 x 80      (  4612, -1266 ), (  4692, -1186 )  6400      
Root cell box:
           width x height  (   llx,  lly  ), (   urx,  ury  )  area (units^2)

microns:   0.400 x 0.400   ( 23.060, -6.330), ( 23.460, -5.930)  0.160     
lambda:    40.00 x 40.00   ( 2306.00, -633.00), ( 2346.00, -593.00)  1600.00   
internal:     80 x 80      (  4612, -1266 ), (  4692, -1186 )  6400      
Root cell box:
           width x height  (   llx,  lly  ), (   urx,  ury  )  area (units^2)

microns:   0.200 x 0.200   ( 23.160, -6.230), ( 23.360, -6.030)  0.040     
lambda:    20.00 x 20.00   ( 2316.00, -623.00), ( 2336.00, -603.00)  400.00    
internal:     40 x 40      (  4632, -1246 ), (  4672, -1206 )  1600      
Root cell box:
           width x height  (   llx,  lly  ), (   urx,  ury  )  area (units^2)

microns:   0.400 x 0.400   ( 23.060, -6.330), ( 23.460, -5.930)  0.160     
lambda:    40.00 x 40.00   ( 2306.00, -633.00), ( 2346.00, -593.00)  1600.00   
internal:     80 x 80      (  4612, -1266 ), (  4692, -1186 )  6400      
Root cell box:
           width x height  (   llx,  lly  ), (   urx,  ury  )  area (units^2)

microns:   0.200 x 18.830  ( 23.160, -6.230), ( 23.360,  12.600)  3.766     
lambda:    20.00 x 1883.00  ( 2316.00, -623.00), ( 2336.00,  1260.00)  37660.00  
internal:     40 x 3766    (  4632, -1246 ), (  4672,  2520 )  150640    
Root cell box:
           width x height  (   llx,  lly  ), (   urx,  ury  )  area (units^2)

microns:   0.240 x 0.240   ( 1.190, -15.350), ( 1.430, -15.110)  0.058     
lambda:    24.00 x 24.00   ( 119.00, -1535.00), ( 143.00, -1511.00)  576.00    
internal:     48 x 48      (   238, -3070 ), (   286, -3022 )  2304      
Root cell box:
           width x height  (   llx,  lly  ), (   urx,  ury  )  area (units^2)

microns:   0.400 x 0.400   ( 1.110, -15.430), ( 1.510, -15.030)  0.160     
lambda:    40.00 x 40.00   ( 111.00, -1543.00), ( 151.00, -1503.00)  1600.00   
internal:     80 x 80      (   222, -3086 ), (   302, -3006 )  6400      
Root cell box:
           width x height  (   llx,  lly  ), (   urx,  ury  )  area (units^2)

microns:   0.200 x 0.200   ( 1.210, -15.330), ( 1.410, -15.130)  0.040     
lambda:    20.00 x 20.00   ( 121.00, -1533.00), ( 141.00, -1513.00)  400.00    
internal:     40 x 40      (   242, -3066 ), (   282, -3026 )  1600      
Root cell box:
           width x height  (   llx,  lly  ), (   urx,  ury  )  area (units^2)

microns:   0.400 x 0.400   ( 1.110, -15.430), ( 1.510, -15.030)  0.160     
lambda:    40.00 x 40.00   ( 111.00, -1543.00), ( 151.00, -1503.00)  1600.00   
internal:     80 x 80      (   222, -3086 ), (   302, -3006 )  6400      
Root cell box:
           width x height  (   llx,  lly  ), (   urx,  ury  )  area (units^2)

microns:   1.200 x 0.200   ( 1.210, -15.330), ( 2.410, -15.130)  0.240     
lambda:   120.00 x 20.00   ( 121.00, -1533.00), ( 241.00, -1513.00)  2400.00   
internal:    240 x 40      (   242, -3066 ), (   482, -3026 )  9600      
Root cell box:
           width x height  (   llx,  lly  ), (   urx,  ury  )  area (units^2)

microns:   0.400 x 0.400   ( 2.110, -15.430), ( 2.510, -15.030)  0.160     
lambda:    40.00 x 40.00   ( 211.00, -1543.00), ( 251.00, -1503.00)  1600.00   
internal:     80 x 80      (   422, -3086 ), (   502, -3006 )  6400      
Root cell box:
           width x height  (   llx,  lly  ), (   urx,  ury  )  area (units^2)

microns:   0.200 x 0.200   ( 2.210, -15.330), ( 2.410, -15.130)  0.040     
lambda:    20.00 x 20.00   ( 221.00, -1533.00), ( 241.00, -1513.00)  400.00    
internal:     40 x 40      (   442, -3066 ), (   482, -3026 )  1600      
Root cell box:
           width x height  (   llx,  lly  ), (   urx,  ury  )  area (units^2)

microns:   0.400 x 0.400   ( 2.110, -15.430), ( 2.510, -15.030)  0.160     
lambda:    40.00 x 40.00   ( 211.00, -1543.00), ( 251.00, -1503.00)  1600.00   
internal:     80 x 80      (   422, -3086 ), (   502, -3006 )  6400      
Root cell box:
           width x height  (   llx,  lly  ), (   urx,  ury  )  area (units^2)

microns:   0.400 x 0.400   ( 2.110, -15.430), ( 2.510, -15.030)  0.160     
lambda:    40.00 x 40.00   ( 211.00, -1543.00), ( 251.00, -1503.00)  1600.00   
internal:     80 x 80      (   422, -3086 ), (   502, -3006 )  6400      
Root cell box:
           width x height  (   llx,  lly  ), (   urx,  ury  )  area (units^2)

microns:   0.200 x 0.200   ( 2.210, -15.330), ( 2.410, -15.130)  0.040     
lambda:    20.00 x 20.00   ( 221.00, -1533.00), ( 241.00, -1513.00)  400.00    
internal:     40 x 40      (   442, -3066 ), (   482, -3026 )  1600      
Root cell box:
           width x height  (   llx,  lly  ), (   urx,  ury  )  area (units^2)

microns:   0.400 x 0.400   ( 2.110, -15.430), ( 2.510, -15.030)  0.160     
lambda:    40.00 x 40.00   ( 211.00, -1543.00), ( 251.00, -1503.00)  1600.00   
internal:     80 x 80      (   422, -3086 ), (   502, -3006 )  6400      
Root cell box:
           width x height  (   llx,  lly  ), (   urx,  ury  )  area (units^2)

microns:   0.400 x 0.400   ( 2.110, -15.430), ( 2.510, -15.030)  0.160     
lambda:    40.00 x 40.00   ( 211.00, -1543.00), ( 251.00, -1503.00)  1600.00   
internal:     80 x 80      (   422, -3086 ), (   502, -3006 )  6400      
Root cell box:
           width x height  (   llx,  lly  ), (   urx,  ury  )  area (units^2)

microns:   0.200 x 0.200   ( 2.210, -15.330), ( 2.410, -15.130)  0.040     
lambda:    20.00 x 20.00   ( 221.00, -1533.00), ( 241.00, -1513.00)  400.00    
internal:     40 x 40      (   442, -3066 ), (   482, -3026 )  1600      
Root cell box:
           width x height  (   llx,  lly  ), (   urx,  ury  )  area (units^2)

microns:   0.400 x 0.400   ( 2.110, -15.430), ( 2.510, -15.030)  0.160     
lambda:    40.00 x 40.00   ( 211.00, -1543.00), ( 251.00, -1503.00)  1600.00   
internal:     80 x 80      (   422, -3086 ), (   502, -3006 )  6400      
Root cell box:
           width x height  (   llx,  lly  ), (   urx,  ury  )  area (units^2)

microns:   0.200 x 27.930  ( 2.210, -15.330), ( 2.410,  12.600)  5.586     
lambda:    20.00 x 2793.00  ( 221.00, -1533.00), ( 241.00,  1260.00)  55860.00  
internal:     40 x 5586    (   442, -3066 ), (   482,  2520 )  223440    
Root cell box:
           width x height  (   llx,  lly  ), (   urx,  ury  )  area (units^2)

microns:   0.240 x 0.240   ( 71.990, -9.610), ( 72.230, -9.370)  0.058     
lambda:    24.00 x 24.00   ( 7199.00, -961.00), ( 7223.00, -937.00)  576.00    
internal:     48 x 48      ( 14398, -1922 ), ( 14446, -1874 )  2304      
Root cell box:
           width x height  (   llx,  lly  ), (   urx,  ury  )  area (units^2)

microns:   0.400 x 0.400   ( 71.910, -9.690), ( 72.310, -9.290)  0.160     
lambda:    40.00 x 40.00   ( 7191.00, -969.00), ( 7231.00, -929.00)  1600.00   
internal:     80 x 80      ( 14382, -1938 ), ( 14462, -1858 )  6400      
Root cell box:
           width x height  (   llx,  lly  ), (   urx,  ury  )  area (units^2)

microns:   0.200 x 0.200   ( 72.010, -9.590), ( 72.210, -9.390)  0.040     
lambda:    20.00 x 20.00   ( 7201.00, -959.00), ( 7221.00, -939.00)  400.00    
internal:     40 x 40      ( 14402, -1918 ), ( 14442, -1878 )  1600      
Root cell box:
           width x height  (   llx,  lly  ), (   urx,  ury  )  area (units^2)

microns:   0.400 x 0.400   ( 71.910, -9.690), ( 72.310, -9.290)  0.160     
lambda:    40.00 x 40.00   ( 7191.00, -969.00), ( 7231.00, -929.00)  1600.00   
internal:     80 x 80      ( 14382, -1938 ), ( 14462, -1858 )  6400      
Root cell box:
           width x height  (   llx,  lly  ), (   urx,  ury  )  area (units^2)

microns:   1.200 x 0.200   ( 72.010, -9.590), ( 73.210, -9.390)  0.240     
lambda:   120.00 x 20.00   ( 7201.00, -959.00), ( 7321.00, -939.00)  2400.00   
internal:    240 x 40      ( 14402, -1918 ), ( 14642, -1878 )  9600      
Root cell box:
           width x height  (   llx,  lly  ), (   urx,  ury  )  area (units^2)

microns:   0.400 x 0.400   ( 72.910, -9.690), ( 73.310, -9.290)  0.160     
lambda:    40.00 x 40.00   ( 7291.00, -969.00), ( 7331.00, -929.00)  1600.00   
internal:     80 x 80      ( 14582, -1938 ), ( 14662, -1858 )  6400      
Root cell box:
           width x height  (   llx,  lly  ), (   urx,  ury  )  area (units^2)

microns:   0.200 x 0.200   ( 73.010, -9.590), ( 73.210, -9.390)  0.040     
lambda:    20.00 x 20.00   ( 7301.00, -959.00), ( 7321.00, -939.00)  400.00    
internal:     40 x 40      ( 14602, -1918 ), ( 14642, -1878 )  1600      
Root cell box:
           width x height  (   llx,  lly  ), (   urx,  ury  )  area (units^2)

microns:   0.400 x 0.400   ( 72.910, -9.690), ( 73.310, -9.290)  0.160     
lambda:    40.00 x 40.00   ( 7291.00, -969.00), ( 7331.00, -929.00)  1600.00   
internal:     80 x 80      ( 14582, -1938 ), ( 14662, -1858 )  6400      
Root cell box:
           width x height  (   llx,  lly  ), (   urx,  ury  )  area (units^2)

microns:   0.400 x 0.400   ( 72.910, -9.690), ( 73.310, -9.290)  0.160     
lambda:    40.00 x 40.00   ( 7291.00, -969.00), ( 7331.00, -929.00)  1600.00   
internal:     80 x 80      ( 14582, -1938 ), ( 14662, -1858 )  6400      
Root cell box:
           width x height  (   llx,  lly  ), (   urx,  ury  )  area (units^2)

microns:   0.200 x 0.200   ( 73.010, -9.590), ( 73.210, -9.390)  0.040     
lambda:    20.00 x 20.00   ( 7301.00, -959.00), ( 7321.00, -939.00)  400.00    
internal:     40 x 40      ( 14602, -1918 ), ( 14642, -1878 )  1600      
Root cell box:
           width x height  (   llx,  lly  ), (   urx,  ury  )  area (units^2)

microns:   0.400 x 0.400   ( 72.910, -9.690), ( 73.310, -9.290)  0.160     
lambda:    40.00 x 40.00   ( 7291.00, -969.00), ( 7331.00, -929.00)  1600.00   
internal:     80 x 80      ( 14582, -1938 ), ( 14662, -1858 )  6400      
Root cell box:
           width x height  (   llx,  lly  ), (   urx,  ury  )  area (units^2)

microns:   0.400 x 0.400   ( 72.910, -9.690), ( 73.310, -9.290)  0.160     
lambda:    40.00 x 40.00   ( 7291.00, -969.00), ( 7331.00, -929.00)  1600.00   
internal:     80 x 80      ( 14582, -1938 ), ( 14662, -1858 )  6400      
Root cell box:
           width x height  (   llx,  lly  ), (   urx,  ury  )  area (units^2)

microns:   0.200 x 0.200   ( 73.010, -9.590), ( 73.210, -9.390)  0.040     
lambda:    20.00 x 20.00   ( 7301.00, -959.00), ( 7321.00, -939.00)  400.00    
internal:     40 x 40      ( 14602, -1918 ), ( 14642, -1878 )  1600      
Root cell box:
           width x height  (   llx,  lly  ), (   urx,  ury  )  area (units^2)

microns:   0.400 x 0.400   ( 72.910, -9.690), ( 73.310, -9.290)  0.160     
lambda:    40.00 x 40.00   ( 7291.00, -969.00), ( 7331.00, -929.00)  1600.00   
internal:     80 x 80      ( 14582, -1938 ), ( 14662, -1858 )  6400      
Root cell box:
           width x height  (   llx,  lly  ), (   urx,  ury  )  area (units^2)

microns:   0.200 x 22.190  ( 73.010, -9.590), ( 73.210,  12.600)  4.438     
lambda:    20.00 x 2219.00  ( 7301.00, -959.00), ( 7321.00,  1260.00)  44380.00  
internal:     40 x 4438    ( 14602, -1918 ), ( 14642,  2520 )  177520    
Root cell box:
           width x height  (   llx,  lly  ), (   urx,  ury  )  area (units^2)

microns:   0.240 x 0.240   ( 68.680, -6.490), ( 68.920, -6.250)  0.058     
lambda:    24.00 x 24.00   ( 6868.00, -649.00), ( 6892.00, -625.00)  576.00    
internal:     48 x 48      ( 13736, -1298 ), ( 13784, -1250 )  2304      
Root cell box:
           width x height  (   llx,  lly  ), (   urx,  ury  )  area (units^2)

microns:   0.400 x 0.400   ( 68.600, -6.570), ( 69.000, -6.170)  0.160     
lambda:    40.00 x 40.00   ( 6860.00, -657.00), ( 6900.00, -617.00)  1600.00   
internal:     80 x 80      ( 13720, -1314 ), ( 13800, -1234 )  6400      
Root cell box:
           width x height  (   llx,  lly  ), (   urx,  ury  )  area (units^2)

microns:   0.200 x 0.200   ( 68.700, -6.470), ( 68.900, -6.270)  0.040     
lambda:    20.00 x 20.00   ( 6870.00, -647.00), ( 6890.00, -627.00)  400.00    
internal:     40 x 40      ( 13740, -1294 ), ( 13780, -1254 )  1600      
Root cell box:
           width x height  (   llx,  lly  ), (   urx,  ury  )  area (units^2)

microns:   0.400 x 0.400   ( 68.600, -6.570), ( 69.000, -6.170)  0.160     
lambda:    40.00 x 40.00   ( 6860.00, -657.00), ( 6900.00, -617.00)  1600.00   
internal:     80 x 80      ( 13720, -1314 ), ( 13800, -1234 )  6400      
Root cell box:
           width x height  (   llx,  lly  ), (   urx,  ury  )  area (units^2)

microns:   1.200 x 0.200   ( 68.700, -6.470), ( 69.900, -6.270)  0.240     
lambda:   120.00 x 20.00   ( 6870.00, -647.00), ( 6990.00, -627.00)  2400.00   
internal:    240 x 40      ( 13740, -1294 ), ( 13980, -1254 )  9600      
Root cell box:
           width x height  (   llx,  lly  ), (   urx,  ury  )  area (units^2)

microns:   0.400 x 0.400   ( 69.600, -6.570), ( 70.000, -6.170)  0.160     
lambda:    40.00 x 40.00   ( 6960.00, -657.00), ( 7000.00, -617.00)  1600.00   
internal:     80 x 80      ( 13920, -1314 ), ( 14000, -1234 )  6400      
Root cell box:
           width x height  (   llx,  lly  ), (   urx,  ury  )  area (units^2)

microns:   0.200 x 0.200   ( 69.700, -6.470), ( 69.900, -6.270)  0.040     
lambda:    20.00 x 20.00   ( 6970.00, -647.00), ( 6990.00, -627.00)  400.00    
internal:     40 x 40      ( 13940, -1294 ), ( 13980, -1254 )  1600      
Root cell box:
           width x height  (   llx,  lly  ), (   urx,  ury  )  area (units^2)

microns:   0.400 x 0.400   ( 69.600, -6.570), ( 70.000, -6.170)  0.160     
lambda:    40.00 x 40.00   ( 6960.00, -657.00), ( 7000.00, -617.00)  1600.00   
internal:     80 x 80      ( 13920, -1314 ), ( 14000, -1234 )  6400      
Root cell box:
           width x height  (   llx,  lly  ), (   urx,  ury  )  area (units^2)

microns:   0.400 x 0.400   ( 69.600, -6.570), ( 70.000, -6.170)  0.160     
lambda:    40.00 x 40.00   ( 6960.00, -657.00), ( 7000.00, -617.00)  1600.00   
internal:     80 x 80      ( 13920, -1314 ), ( 14000, -1234 )  6400      
Root cell box:
           width x height  (   llx,  lly  ), (   urx,  ury  )  area (units^2)

microns:   0.200 x 0.200   ( 69.700, -6.470), ( 69.900, -6.270)  0.040     
lambda:    20.00 x 20.00   ( 6970.00, -647.00), ( 6990.00, -627.00)  400.00    
internal:     40 x 40      ( 13940, -1294 ), ( 13980, -1254 )  1600      
Root cell box:
           width x height  (   llx,  lly  ), (   urx,  ury  )  area (units^2)

microns:   0.400 x 0.400   ( 69.600, -6.570), ( 70.000, -6.170)  0.160     
lambda:    40.00 x 40.00   ( 6960.00, -657.00), ( 7000.00, -617.00)  1600.00   
internal:     80 x 80      ( 13920, -1314 ), ( 14000, -1234 )  6400      
Root cell box:
           width x height  (   llx,  lly  ), (   urx,  ury  )  area (units^2)

microns:   0.400 x 0.400   ( 69.600, -6.570), ( 70.000, -6.170)  0.160     
lambda:    40.00 x 40.00   ( 6960.00, -657.00), ( 7000.00, -617.00)  1600.00   
internal:     80 x 80      ( 13920, -1314 ), ( 14000, -1234 )  6400      
Root cell box:
           width x height  (   llx,  lly  ), (   urx,  ury  )  area (units^2)

microns:   0.200 x 0.200   ( 69.700, -6.470), ( 69.900, -6.270)  0.040     
lambda:    20.00 x 20.00   ( 6970.00, -647.00), ( 6990.00, -627.00)  400.00    
internal:     40 x 40      ( 13940, -1294 ), ( 13980, -1254 )  1600      
Root cell box:
           width x height  (   llx,  lly  ), (   urx,  ury  )  area (units^2)

microns:   0.400 x 0.400   ( 69.600, -6.570), ( 70.000, -6.170)  0.160     
lambda:    40.00 x 40.00   ( 6960.00, -657.00), ( 7000.00, -617.00)  1600.00   
internal:     80 x 80      ( 13920, -1314 ), ( 14000, -1234 )  6400      
Root cell box:
           width x height  (   llx,  lly  ), (   urx,  ury  )  area (units^2)

microns:   0.200 x 19.070  ( 69.700, -6.470), ( 69.900,  12.600)  3.814     
lambda:    20.00 x 1907.00  ( 6970.00, -647.00), ( 6990.00,  1260.00)  38140.00  
internal:     40 x 3814    ( 13940, -1294 ), ( 13980,  2520 )  152560    
Root cell box:
           width x height  (   llx,  lly  ), (   urx,  ury  )  area (units^2)

microns:   0.240 x 0.240   ( 65.340, -6.400), ( 65.580, -6.160)  0.058     
lambda:    24.00 x 24.00   ( 6534.00, -640.00), ( 6558.00, -616.00)  576.00    
internal:     48 x 48      ( 13068, -1280 ), ( 13116, -1232 )  2304      
Root cell box:
           width x height  (   llx,  lly  ), (   urx,  ury  )  area (units^2)

microns:   0.400 x 0.400   ( 65.260, -6.480), ( 65.660, -6.080)  0.160     
lambda:    40.00 x 40.00   ( 6526.00, -648.00), ( 6566.00, -608.00)  1600.00   
internal:     80 x 80      ( 13052, -1296 ), ( 13132, -1216 )  6400      
Root cell box:
           width x height  (   llx,  lly  ), (   urx,  ury  )  area (units^2)

microns:   0.200 x 0.200   ( 65.360, -6.380), ( 65.560, -6.180)  0.040     
lambda:    20.00 x 20.00   ( 6536.00, -638.00), ( 6556.00, -618.00)  400.00    
internal:     40 x 40      ( 13072, -1276 ), ( 13112, -1236 )  1600      
Root cell box:
           width x height  (   llx,  lly  ), (   urx,  ury  )  area (units^2)

microns:   0.400 x 0.400   ( 65.260, -6.480), ( 65.660, -6.080)  0.160     
lambda:    40.00 x 40.00   ( 6526.00, -648.00), ( 6566.00, -608.00)  1600.00   
internal:     80 x 80      ( 13052, -1296 ), ( 13132, -1216 )  6400      
Root cell box:
           width x height  (   llx,  lly  ), (   urx,  ury  )  area (units^2)

microns:   1.200 x 0.200   ( 65.360, -6.380), ( 66.560, -6.180)  0.240     
lambda:   120.00 x 20.00   ( 6536.00, -638.00), ( 6656.00, -618.00)  2400.00   
internal:    240 x 40      ( 13072, -1276 ), ( 13312, -1236 )  9600      
Root cell box:
           width x height  (   llx,  lly  ), (   urx,  ury  )  area (units^2)

microns:   0.400 x 0.400   ( 66.260, -6.480), ( 66.660, -6.080)  0.160     
lambda:    40.00 x 40.00   ( 6626.00, -648.00), ( 6666.00, -608.00)  1600.00   
internal:     80 x 80      ( 13252, -1296 ), ( 13332, -1216 )  6400      
Root cell box:
           width x height  (   llx,  lly  ), (   urx,  ury  )  area (units^2)

microns:   0.200 x 0.200   ( 66.360, -6.380), ( 66.560, -6.180)  0.040     
lambda:    20.00 x 20.00   ( 6636.00, -638.00), ( 6656.00, -618.00)  400.00    
internal:     40 x 40      ( 13272, -1276 ), ( 13312, -1236 )  1600      
Root cell box:
           width x height  (   llx,  lly  ), (   urx,  ury  )  area (units^2)

microns:   0.400 x 0.400   ( 66.260, -6.480), ( 66.660, -6.080)  0.160     
lambda:    40.00 x 40.00   ( 6626.00, -648.00), ( 6666.00, -608.00)  1600.00   
internal:     80 x 80      ( 13252, -1296 ), ( 13332, -1216 )  6400      
Root cell box:
           width x height  (   llx,  lly  ), (   urx,  ury  )  area (units^2)

microns:   0.400 x 0.400   ( 66.260, -6.480), ( 66.660, -6.080)  0.160     
lambda:    40.00 x 40.00   ( 6626.00, -648.00), ( 6666.00, -608.00)  1600.00   
internal:     80 x 80      ( 13252, -1296 ), ( 13332, -1216 )  6400      
Root cell box:
           width x height  (   llx,  lly  ), (   urx,  ury  )  area (units^2)

microns:   0.200 x 0.200   ( 66.360, -6.380), ( 66.560, -6.180)  0.040     
lambda:    20.00 x 20.00   ( 6636.00, -638.00), ( 6656.00, -618.00)  400.00    
internal:     40 x 40      ( 13272, -1276 ), ( 13312, -1236 )  1600      
Root cell box:
           width x height  (   llx,  lly  ), (   urx,  ury  )  area (units^2)

microns:   0.400 x 0.400   ( 66.260, -6.480), ( 66.660, -6.080)  0.160     
lambda:    40.00 x 40.00   ( 6626.00, -648.00), ( 6666.00, -608.00)  1600.00   
internal:     80 x 80      ( 13252, -1296 ), ( 13332, -1216 )  6400      
Root cell box:
           width x height  (   llx,  lly  ), (   urx,  ury  )  area (units^2)

microns:   0.400 x 0.400   ( 66.260, -6.480), ( 66.660, -6.080)  0.160     
lambda:    40.00 x 40.00   ( 6626.00, -648.00), ( 6666.00, -608.00)  1600.00   
internal:     80 x 80      ( 13252, -1296 ), ( 13332, -1216 )  6400      
Root cell box:
           width x height  (   llx,  lly  ), (   urx,  ury  )  area (units^2)

microns:   0.200 x 0.200   ( 66.360, -6.380), ( 66.560, -6.180)  0.040     
lambda:    20.00 x 20.00   ( 6636.00, -638.00), ( 6656.00, -618.00)  400.00    
internal:     40 x 40      ( 13272, -1276 ), ( 13312, -1236 )  1600      
Root cell box:
           width x height  (   llx,  lly  ), (   urx,  ury  )  area (units^2)

microns:   0.400 x 0.400   ( 66.260, -6.480), ( 66.660, -6.080)  0.160     
lambda:    40.00 x 40.00   ( 6626.00, -648.00), ( 6666.00, -608.00)  1600.00   
internal:     80 x 80      ( 13252, -1296 ), ( 13332, -1216 )  6400      
Root cell box:
           width x height  (   llx,  lly  ), (   urx,  ury  )  area (units^2)

microns:   0.200 x 18.980  ( 66.360, -6.380), ( 66.560,  12.600)  3.796     
lambda:    20.00 x 1898.00  ( 6636.00, -638.00), ( 6656.00,  1260.00)  37960.00  
internal:     40 x 3796    ( 13272, -1276 ), ( 13312,  2520 )  151840    
Root cell box:
           width x height  (   llx,  lly  ), (   urx,  ury  )  area (units^2)

microns:   0.240 x 0.240   ( 62.560, -6.370), ( 62.800, -6.130)  0.058     
lambda:    24.00 x 24.00   ( 6256.00, -637.00), ( 6280.00, -613.00)  576.00    
internal:     48 x 48      ( 12512, -1274 ), ( 12560, -1226 )  2304      
Root cell box:
           width x height  (   llx,  lly  ), (   urx,  ury  )  area (units^2)

microns:   0.400 x 0.400   ( 62.480, -6.450), ( 62.880, -6.050)  0.160     
lambda:    40.00 x 40.00   ( 6248.00, -645.00), ( 6288.00, -605.00)  1600.00   
internal:     80 x 80      ( 12496, -1290 ), ( 12576, -1210 )  6400      
Root cell box:
           width x height  (   llx,  lly  ), (   urx,  ury  )  area (units^2)

microns:   0.200 x 0.200   ( 62.580, -6.350), ( 62.780, -6.150)  0.040     
lambda:    20.00 x 20.00   ( 6258.00, -635.00), ( 6278.00, -615.00)  400.00    
internal:     40 x 40      ( 12516, -1270 ), ( 12556, -1230 )  1600      
Root cell box:
           width x height  (   llx,  lly  ), (   urx,  ury  )  area (units^2)

microns:   0.400 x 0.400   ( 62.480, -6.450), ( 62.880, -6.050)  0.160     
lambda:    40.00 x 40.00   ( 6248.00, -645.00), ( 6288.00, -605.00)  1600.00   
internal:     80 x 80      ( 12496, -1290 ), ( 12576, -1210 )  6400      
Root cell box:
           width x height  (   llx,  lly  ), (   urx,  ury  )  area (units^2)

microns:   1.200 x 0.200   ( 62.580, -6.350), ( 63.780, -6.150)  0.240     
lambda:   120.00 x 20.00   ( 6258.00, -635.00), ( 6378.00, -615.00)  2400.00   
internal:    240 x 40      ( 12516, -1270 ), ( 12756, -1230 )  9600      
Root cell box:
           width x height  (   llx,  lly  ), (   urx,  ury  )  area (units^2)

microns:   0.400 x 0.400   ( 63.480, -6.450), ( 63.880, -6.050)  0.160     
lambda:    40.00 x 40.00   ( 6348.00, -645.00), ( 6388.00, -605.00)  1600.00   
internal:     80 x 80      ( 12696, -1290 ), ( 12776, -1210 )  6400      
Root cell box:
           width x height  (   llx,  lly  ), (   urx,  ury  )  area (units^2)

microns:   0.200 x 0.200   ( 63.580, -6.350), ( 63.780, -6.150)  0.040     
lambda:    20.00 x 20.00   ( 6358.00, -635.00), ( 6378.00, -615.00)  400.00    
internal:     40 x 40      ( 12716, -1270 ), ( 12756, -1230 )  1600      
Root cell box:
           width x height  (   llx,  lly  ), (   urx,  ury  )  area (units^2)

microns:   0.400 x 0.400   ( 63.480, -6.450), ( 63.880, -6.050)  0.160     
lambda:    40.00 x 40.00   ( 6348.00, -645.00), ( 6388.00, -605.00)  1600.00   
internal:     80 x 80      ( 12696, -1290 ), ( 12776, -1210 )  6400      
Root cell box:
           width x height  (   llx,  lly  ), (   urx,  ury  )  area (units^2)

microns:   0.400 x 0.400   ( 63.480, -6.450), ( 63.880, -6.050)  0.160     
lambda:    40.00 x 40.00   ( 6348.00, -645.00), ( 6388.00, -605.00)  1600.00   
internal:     80 x 80      ( 12696, -1290 ), ( 12776, -1210 )  6400      
Root cell box:
           width x height  (   llx,  lly  ), (   urx,  ury  )  area (units^2)

microns:   0.200 x 0.200   ( 63.580, -6.350), ( 63.780, -6.150)  0.040     
lambda:    20.00 x 20.00   ( 6358.00, -635.00), ( 6378.00, -615.00)  400.00    
internal:     40 x 40      ( 12716, -1270 ), ( 12756, -1230 )  1600      
Root cell box:
           width x height  (   llx,  lly  ), (   urx,  ury  )  area (units^2)

microns:   0.400 x 0.400   ( 63.480, -6.450), ( 63.880, -6.050)  0.160     
lambda:    40.00 x 40.00   ( 6348.00, -645.00), ( 6388.00, -605.00)  1600.00   
internal:     80 x 80      ( 12696, -1290 ), ( 12776, -1210 )  6400      
Root cell box:
           width x height  (   llx,  lly  ), (   urx,  ury  )  area (units^2)

microns:   0.400 x 0.400   ( 63.480, -6.450), ( 63.880, -6.050)  0.160     
lambda:    40.00 x 40.00   ( 6348.00, -645.00), ( 6388.00, -605.00)  1600.00   
internal:     80 x 80      ( 12696, -1290 ), ( 12776, -1210 )  6400      
Root cell box:
           width x height  (   llx,  lly  ), (   urx,  ury  )  area (units^2)

microns:   0.200 x 0.200   ( 63.580, -6.350), ( 63.780, -6.150)  0.040     
lambda:    20.00 x 20.00   ( 6358.00, -635.00), ( 6378.00, -615.00)  400.00    
internal:     40 x 40      ( 12716, -1270 ), ( 12756, -1230 )  1600      
Root cell box:
           width x height  (   llx,  lly  ), (   urx,  ury  )  area (units^2)

microns:   0.400 x 0.400   ( 63.480, -6.450), ( 63.880, -6.050)  0.160     
lambda:    40.00 x 40.00   ( 6348.00, -645.00), ( 6388.00, -605.00)  1600.00   
internal:     80 x 80      ( 12696, -1290 ), ( 12776, -1210 )  6400      
Root cell box:
           width x height  (   llx,  lly  ), (   urx,  ury  )  area (units^2)

microns:   0.200 x 18.950  ( 63.580, -6.350), ( 63.780,  12.600)  3.790     
lambda:    20.00 x 1895.00  ( 6358.00, -635.00), ( 6378.00,  1260.00)  37900.00  
internal:     40 x 3790    ( 12716, -1270 ), ( 12756,  2520 )  151600    
Root cell box:
           width x height  (   llx,  lly  ), (   urx,  ury  )  area (units^2)

microns:   0.240 x 0.240   ( 59.680, -7.880), ( 59.920, -7.640)  0.058     
lambda:    24.00 x 24.00   ( 5968.00, -788.00), ( 5992.00, -764.00)  576.00    
internal:     48 x 48      ( 11936, -1576 ), ( 11984, -1528 )  2304      
Root cell box:
           width x height  (   llx,  lly  ), (   urx,  ury  )  area (units^2)

microns:   0.400 x 0.400   ( 59.600, -7.960), ( 60.000, -7.560)  0.160     
lambda:    40.00 x 40.00   ( 5960.00, -796.00), ( 6000.00, -756.00)  1600.00   
internal:     80 x 80      ( 11920, -1592 ), ( 12000, -1512 )  6400      
Root cell box:
           width x height  (   llx,  lly  ), (   urx,  ury  )  area (units^2)

microns:   0.200 x 0.200   ( 59.700, -7.860), ( 59.900, -7.660)  0.040     
lambda:    20.00 x 20.00   ( 5970.00, -786.00), ( 5990.00, -766.00)  400.00    
internal:     40 x 40      ( 11940, -1572 ), ( 11980, -1532 )  1600      
Root cell box:
           width x height  (   llx,  lly  ), (   urx,  ury  )  area (units^2)

microns:   0.400 x 0.400   ( 59.600, -7.960), ( 60.000, -7.560)  0.160     
lambda:    40.00 x 40.00   ( 5960.00, -796.00), ( 6000.00, -756.00)  1600.00   
internal:     80 x 80      ( 11920, -1592 ), ( 12000, -1512 )  6400      
Root cell box:
           width x height  (   llx,  lly  ), (   urx,  ury  )  area (units^2)

microns:   1.200 x 0.200   ( 59.700, -7.860), ( 60.900, -7.660)  0.240     
lambda:   120.00 x 20.00   ( 5970.00, -786.00), ( 6090.00, -766.00)  2400.00   
internal:    240 x 40      ( 11940, -1572 ), ( 12180, -1532 )  9600      
Root cell box:
           width x height  (   llx,  lly  ), (   urx,  ury  )  area (units^2)

microns:   0.400 x 0.400   ( 60.600, -7.960), ( 61.000, -7.560)  0.160     
lambda:    40.00 x 40.00   ( 6060.00, -796.00), ( 6100.00, -756.00)  1600.00   
internal:     80 x 80      ( 12120, -1592 ), ( 12200, -1512 )  6400      
Root cell box:
           width x height  (   llx,  lly  ), (   urx,  ury  )  area (units^2)

microns:   0.200 x 0.200   ( 60.700, -7.860), ( 60.900, -7.660)  0.040     
lambda:    20.00 x 20.00   ( 6070.00, -786.00), ( 6090.00, -766.00)  400.00    
internal:     40 x 40      ( 12140, -1572 ), ( 12180, -1532 )  1600      
Root cell box:
           width x height  (   llx,  lly  ), (   urx,  ury  )  area (units^2)

microns:   0.400 x 0.400   ( 60.600, -7.960), ( 61.000, -7.560)  0.160     
lambda:    40.00 x 40.00   ( 6060.00, -796.00), ( 6100.00, -756.00)  1600.00   
internal:     80 x 80      ( 12120, -1592 ), ( 12200, -1512 )  6400      
Root cell box:
           width x height  (   llx,  lly  ), (   urx,  ury  )  area (units^2)

microns:   0.400 x 0.400   ( 60.600, -7.960), ( 61.000, -7.560)  0.160     
lambda:    40.00 x 40.00   ( 6060.00, -796.00), ( 6100.00, -756.00)  1600.00   
internal:     80 x 80      ( 12120, -1592 ), ( 12200, -1512 )  6400      
Root cell box:
           width x height  (   llx,  lly  ), (   urx,  ury  )  area (units^2)

microns:   0.200 x 0.200   ( 60.700, -7.860), ( 60.900, -7.660)  0.040     
lambda:    20.00 x 20.00   ( 6070.00, -786.00), ( 6090.00, -766.00)  400.00    
internal:     40 x 40      ( 12140, -1572 ), ( 12180, -1532 )  1600      
Root cell box:
           width x height  (   llx,  lly  ), (   urx,  ury  )  area (units^2)

microns:   0.400 x 0.400   ( 60.600, -7.960), ( 61.000, -7.560)  0.160     
lambda:    40.00 x 40.00   ( 6060.00, -796.00), ( 6100.00, -756.00)  1600.00   
internal:     80 x 80      ( 12120, -1592 ), ( 12200, -1512 )  6400      
Root cell box:
           width x height  (   llx,  lly  ), (   urx,  ury  )  area (units^2)

microns:   0.400 x 0.400   ( 60.600, -7.960), ( 61.000, -7.560)  0.160     
lambda:    40.00 x 40.00   ( 6060.00, -796.00), ( 6100.00, -756.00)  1600.00   
internal:     80 x 80      ( 12120, -1592 ), ( 12200, -1512 )  6400      
Root cell box:
           width x height  (   llx,  lly  ), (   urx,  ury  )  area (units^2)

microns:   0.200 x 0.200   ( 60.700, -7.860), ( 60.900, -7.660)  0.040     
lambda:    20.00 x 20.00   ( 6070.00, -786.00), ( 6090.00, -766.00)  400.00    
internal:     40 x 40      ( 12140, -1572 ), ( 12180, -1532 )  1600      
Root cell box:
           width x height  (   llx,  lly  ), (   urx,  ury  )  area (units^2)

microns:   0.400 x 0.400   ( 60.600, -7.960), ( 61.000, -7.560)  0.160     
lambda:    40.00 x 40.00   ( 6060.00, -796.00), ( 6100.00, -756.00)  1600.00   
internal:     80 x 80      ( 12120, -1592 ), ( 12200, -1512 )  6400      
Root cell box:
           width x height  (   llx,  lly  ), (   urx,  ury  )  area (units^2)

microns:   0.200 x 20.460  ( 60.700, -7.860), ( 60.900,  12.600)  4.092     
lambda:    20.00 x 2046.00  ( 6070.00, -786.00), ( 6090.00,  1260.00)  40920.00  
internal:     40 x 4092    ( 12140, -1572 ), ( 12180,  2520 )  163680    
Root cell box:
           width x height  (   llx,  lly  ), (   urx,  ury  )  area (units^2)

microns:   0.240 x 0.240   ( 6.640,  6.360), ( 6.880,  6.600)  0.058     
lambda:    24.00 x 24.00   ( 664.00,  636.00), ( 688.00,  660.00)  576.00    
internal:     48 x 48      (  1328,  1272 ), (  1376,  1320 )  2304      
Root cell box:
           width x height  (   llx,  lly  ), (   urx,  ury  )  area (units^2)

microns:   0.400 x 0.400   ( 6.560,  6.280), ( 6.960,  6.680)  0.160     
lambda:    40.00 x 40.00   ( 656.00,  628.00), ( 696.00,  668.00)  1600.00   
internal:     80 x 80      (  1312,  1256 ), (  1392,  1336 )  6400      
Root cell box:
           width x height  (   llx,  lly  ), (   urx,  ury  )  area (units^2)

microns:   0.200 x 0.200   ( 6.660,  6.380), ( 6.860,  6.580)  0.040     
lambda:    20.00 x 20.00   ( 666.00,  638.00), ( 686.00,  658.00)  400.00    
internal:     40 x 40      (  1332,  1276 ), (  1372,  1316 )  1600      
Root cell box:
           width x height  (   llx,  lly  ), (   urx,  ury  )  area (units^2)

microns:   0.400 x 0.400   ( 6.560,  6.280), ( 6.960,  6.680)  0.160     
lambda:    40.00 x 40.00   ( 656.00,  628.00), ( 696.00,  668.00)  1600.00   
internal:     80 x 80      (  1312,  1256 ), (  1392,  1336 )  6400      
Root cell box:
           width x height  (   llx,  lly  ), (   urx,  ury  )  area (units^2)

microns:   1.200 x 0.200   ( 6.660,  6.380), ( 7.860,  6.580)  0.240     
lambda:   120.00 x 20.00   ( 666.00,  638.00), ( 786.00,  658.00)  2400.00   
internal:    240 x 40      (  1332,  1276 ), (  1572,  1316 )  9600      
Root cell box:
           width x height  (   llx,  lly  ), (   urx,  ury  )  area (units^2)

microns:   0.400 x 0.400   ( 7.560,  6.280), ( 7.960,  6.680)  0.160     
lambda:    40.00 x 40.00   ( 756.00,  628.00), ( 796.00,  668.00)  1600.00   
internal:     80 x 80      (  1512,  1256 ), (  1592,  1336 )  6400      
Root cell box:
           width x height  (   llx,  lly  ), (   urx,  ury  )  area (units^2)

microns:   0.200 x 0.200   ( 7.660,  6.380), ( 7.860,  6.580)  0.040     
lambda:    20.00 x 20.00   ( 766.00,  638.00), ( 786.00,  658.00)  400.00    
internal:     40 x 40      (  1532,  1276 ), (  1572,  1316 )  1600      
Root cell box:
           width x height  (   llx,  lly  ), (   urx,  ury  )  area (units^2)

microns:   0.400 x 0.400   ( 7.560,  6.280), ( 7.960,  6.680)  0.160     
lambda:    40.00 x 40.00   ( 756.00,  628.00), ( 796.00,  668.00)  1600.00   
internal:     80 x 80      (  1512,  1256 ), (  1592,  1336 )  6400      
Root cell box:
           width x height  (   llx,  lly  ), (   urx,  ury  )  area (units^2)

microns:   0.400 x 0.400   ( 7.560,  6.280), ( 7.960,  6.680)  0.160     
lambda:    40.00 x 40.00   ( 756.00,  628.00), ( 796.00,  668.00)  1600.00   
internal:     80 x 80      (  1512,  1256 ), (  1592,  1336 )  6400      
Root cell box:
           width x height  (   llx,  lly  ), (   urx,  ury  )  area (units^2)

microns:   0.200 x 0.200   ( 7.660,  6.380), ( 7.860,  6.580)  0.040     
lambda:    20.00 x 20.00   ( 766.00,  638.00), ( 786.00,  658.00)  400.00    
internal:     40 x 40      (  1532,  1276 ), (  1572,  1316 )  1600      
Root cell box:
           width x height  (   llx,  lly  ), (   urx,  ury  )  area (units^2)

microns:   0.400 x 0.400   ( 7.560,  6.280), ( 7.960,  6.680)  0.160     
lambda:    40.00 x 40.00   ( 756.00,  628.00), ( 796.00,  668.00)  1600.00   
internal:     80 x 80      (  1512,  1256 ), (  1592,  1336 )  6400      
Root cell box:
           width x height  (   llx,  lly  ), (   urx,  ury  )  area (units^2)

microns:   0.400 x 0.400   ( 7.560,  6.280), ( 7.960,  6.680)  0.160     
lambda:    40.00 x 40.00   ( 756.00,  628.00), ( 796.00,  668.00)  1600.00   
internal:     80 x 80      (  1512,  1256 ), (  1592,  1336 )  6400      
Root cell box:
           width x height  (   llx,  lly  ), (   urx,  ury  )  area (units^2)

microns:   0.200 x 0.200   ( 7.660,  6.380), ( 7.860,  6.580)  0.040     
lambda:    20.00 x 20.00   ( 766.00,  638.00), ( 786.00,  658.00)  400.00    
internal:     40 x 40      (  1532,  1276 ), (  1572,  1316 )  1600      
Root cell box:
           width x height  (   llx,  lly  ), (   urx,  ury  )  area (units^2)

microns:   0.400 x 0.400   ( 7.560,  6.280), ( 7.960,  6.680)  0.160     
lambda:    40.00 x 40.00   ( 756.00,  628.00), ( 796.00,  668.00)  1600.00   
internal:     80 x 80      (  1512,  1256 ), (  1592,  1336 )  6400      
Root cell box:
           width x height  (   llx,  lly  ), (   urx,  ury  )  area (units^2)

microns:   0.200 x 25.680  ( 7.660, -19.100), ( 7.860,  6.580)  5.136     
lambda:    20.00 x 2568.00  ( 766.00, -1910.00), ( 786.00,  658.00)  51360.00  
internal:     40 x 5136    (  1532, -3820 ), (  1572,  1316 )  205440    
Root cell box:
           width x height  (   llx,  lly  ), (   urx,  ury  )  area (units^2)

microns:   0.240 x 0.240   ( 6.600,  0.160), ( 6.840,  0.400)  0.058     
lambda:    24.00 x 24.00   ( 660.00,  16.00), ( 684.00,  40.00)  576.00    
internal:     48 x 48      (  1320,  32   ), (  1368,  80   )  2304      
Root cell box:
           width x height  (   llx,  lly  ), (   urx,  ury  )  area (units^2)

microns:   0.400 x 0.400   ( 6.520,  0.080), ( 6.920,  0.480)  0.160     
lambda:    40.00 x 40.00   ( 652.00,  8.00 ), ( 692.00,  48.00)  1600.00   
internal:     80 x 80      (  1304,  16   ), (  1384,  96   )  6400      
Root cell box:
           width x height  (   llx,  lly  ), (   urx,  ury  )  area (units^2)

microns:   0.200 x 0.200   ( 6.620,  0.180), ( 6.820,  0.380)  0.040     
lambda:    20.00 x 20.00   ( 662.00,  18.00), ( 682.00,  38.00)  400.00    
internal:     40 x 40      (  1324,  36   ), (  1364,  76   )  1600      
Root cell box:
           width x height  (   llx,  lly  ), (   urx,  ury  )  area (units^2)

microns:   0.400 x 0.400   ( 6.520,  0.080), ( 6.920,  0.480)  0.160     
lambda:    40.00 x 40.00   ( 652.00,  8.00 ), ( 692.00,  48.00)  1600.00   
internal:     80 x 80      (  1304,  16   ), (  1384,  96   )  6400      
Root cell box:
           width x height  (   llx,  lly  ), (   urx,  ury  )  area (units^2)

microns:   1.200 x 0.200   ( 6.620,  0.180), ( 7.820,  0.380)  0.240     
lambda:   120.00 x 20.00   ( 662.00,  18.00), ( 782.00,  38.00)  2400.00   
internal:    240 x 40      (  1324,  36   ), (  1564,  76   )  9600      
Root cell box:
           width x height  (   llx,  lly  ), (   urx,  ury  )  area (units^2)

microns:   0.400 x 0.400   ( 7.520,  0.080), ( 7.920,  0.480)  0.160     
lambda:    40.00 x 40.00   ( 752.00,  8.00 ), ( 792.00,  48.00)  1600.00   
internal:     80 x 80      (  1504,  16   ), (  1584,  96   )  6400      
Root cell box:
           width x height  (   llx,  lly  ), (   urx,  ury  )  area (units^2)

microns:   0.200 x 0.200   ( 7.620,  0.180), ( 7.820,  0.380)  0.040     
lambda:    20.00 x 20.00   ( 762.00,  18.00), ( 782.00,  38.00)  400.00    
internal:     40 x 40      (  1524,  36   ), (  1564,  76   )  1600      
Root cell box:
           width x height  (   llx,  lly  ), (   urx,  ury  )  area (units^2)

microns:   0.400 x 0.400   ( 7.520,  0.080), ( 7.920,  0.480)  0.160     
lambda:    40.00 x 40.00   ( 752.00,  8.00 ), ( 792.00,  48.00)  1600.00   
internal:     80 x 80      (  1504,  16   ), (  1584,  96   )  6400      
Root cell box:
           width x height  (   llx,  lly  ), (   urx,  ury  )  area (units^2)

microns:   0.400 x 0.400   ( 7.520,  0.080), ( 7.920,  0.480)  0.160     
lambda:    40.00 x 40.00   ( 752.00,  8.00 ), ( 792.00,  48.00)  1600.00   
internal:     80 x 80      (  1504,  16   ), (  1584,  96   )  6400      
Root cell box:
           width x height  (   llx,  lly  ), (   urx,  ury  )  area (units^2)

microns:   0.200 x 0.200   ( 7.620,  0.180), ( 7.820,  0.380)  0.040     
lambda:    20.00 x 20.00   ( 762.00,  18.00), ( 782.00,  38.00)  400.00    
internal:     40 x 40      (  1524,  36   ), (  1564,  76   )  1600      
Root cell box:
           width x height  (   llx,  lly  ), (   urx,  ury  )  area (units^2)

microns:   0.400 x 0.400   ( 7.520,  0.080), ( 7.920,  0.480)  0.160     
lambda:    40.00 x 40.00   ( 752.00,  8.00 ), ( 792.00,  48.00)  1600.00   
internal:     80 x 80      (  1504,  16   ), (  1584,  96   )  6400      
Root cell box:
           width x height  (   llx,  lly  ), (   urx,  ury  )  area (units^2)

microns:   0.400 x 0.400   ( 7.520,  0.080), ( 7.920,  0.480)  0.160     
lambda:    40.00 x 40.00   ( 752.00,  8.00 ), ( 792.00,  48.00)  1600.00   
internal:     80 x 80      (  1504,  16   ), (  1584,  96   )  6400      
Root cell box:
           width x height  (   llx,  lly  ), (   urx,  ury  )  area (units^2)

microns:   0.200 x 0.200   ( 7.620,  0.180), ( 7.820,  0.380)  0.040     
lambda:    20.00 x 20.00   ( 762.00,  18.00), ( 782.00,  38.00)  400.00    
internal:     40 x 40      (  1524,  36   ), (  1564,  76   )  1600      
Root cell box:
           width x height  (   llx,  lly  ), (   urx,  ury  )  area (units^2)

microns:   0.400 x 0.400   ( 7.520,  0.080), ( 7.920,  0.480)  0.160     
lambda:    40.00 x 40.00   ( 752.00,  8.00 ), ( 792.00,  48.00)  1600.00   
internal:     80 x 80      (  1504,  16   ), (  1584,  96   )  6400      
Root cell box:
           width x height  (   llx,  lly  ), (   urx,  ury  )  area (units^2)

microns:   0.200 x 19.480  ( 7.620, -19.100), ( 7.820,  0.380)  3.896     
lambda:    20.00 x 1948.00  ( 762.00, -1910.00), ( 782.00,  38.00)  38960.00  
internal:     40 x 3896    (  1524, -3820 ), (  1564,  76   )  155840    
Root cell box:
           width x height  (   llx,  lly  ), (   urx,  ury  )  area (units^2)

microns:   0.240 x 0.240   ( 16.380,  6.480), ( 16.620,  6.720)  0.058     
lambda:    24.00 x 24.00   ( 1638.00,  648.00), ( 1662.00,  672.00)  576.00    
internal:     48 x 48      (  3276,  1296 ), (  3324,  1344 )  2304      
Root cell box:
           width x height  (   llx,  lly  ), (   urx,  ury  )  area (units^2)

microns:   0.400 x 0.400   ( 16.300,  6.400), ( 16.700,  6.800)  0.160     
lambda:    40.00 x 40.00   ( 1630.00,  640.00), ( 1670.00,  680.00)  1600.00   
internal:     80 x 80      (  3260,  1280 ), (  3340,  1360 )  6400      
Root cell box:
           width x height  (   llx,  lly  ), (   urx,  ury  )  area (units^2)

microns:   0.200 x 0.200   ( 16.400,  6.500), ( 16.600,  6.700)  0.040     
lambda:    20.00 x 20.00   ( 1640.00,  650.00), ( 1660.00,  670.00)  400.00    
internal:     40 x 40      (  3280,  1300 ), (  3320,  1340 )  1600      
Root cell box:
           width x height  (   llx,  lly  ), (   urx,  ury  )  area (units^2)

microns:   0.400 x 0.400   ( 16.300,  6.400), ( 16.700,  6.800)  0.160     
lambda:    40.00 x 40.00   ( 1630.00,  640.00), ( 1670.00,  680.00)  1600.00   
internal:     80 x 80      (  3260,  1280 ), (  3340,  1360 )  6400      
Root cell box:
           width x height  (   llx,  lly  ), (   urx,  ury  )  area (units^2)

microns:   1.200 x 0.200   ( 16.400,  6.500), ( 17.600,  6.700)  0.240     
lambda:   120.00 x 20.00   ( 1640.00,  650.00), ( 1760.00,  670.00)  2400.00   
internal:    240 x 40      (  3280,  1300 ), (  3520,  1340 )  9600      
Root cell box:
           width x height  (   llx,  lly  ), (   urx,  ury  )  area (units^2)

microns:   0.400 x 0.400   ( 17.300,  6.400), ( 17.700,  6.800)  0.160     
lambda:    40.00 x 40.00   ( 1730.00,  640.00), ( 1770.00,  680.00)  1600.00   
internal:     80 x 80      (  3460,  1280 ), (  3540,  1360 )  6400      
Root cell box:
           width x height  (   llx,  lly  ), (   urx,  ury  )  area (units^2)

microns:   0.200 x 0.200   ( 17.400,  6.500), ( 17.600,  6.700)  0.040     
lambda:    20.00 x 20.00   ( 1740.00,  650.00), ( 1760.00,  670.00)  400.00    
internal:     40 x 40      (  3480,  1300 ), (  3520,  1340 )  1600      
Root cell box:
           width x height  (   llx,  lly  ), (   urx,  ury  )  area (units^2)

microns:   0.400 x 0.400   ( 17.300,  6.400), ( 17.700,  6.800)  0.160     
lambda:    40.00 x 40.00   ( 1730.00,  640.00), ( 1770.00,  680.00)  1600.00   
internal:     80 x 80      (  3460,  1280 ), (  3540,  1360 )  6400      
Root cell box:
           width x height  (   llx,  lly  ), (   urx,  ury  )  area (units^2)

microns:   0.400 x 0.400   ( 17.300,  6.400), ( 17.700,  6.800)  0.160     
lambda:    40.00 x 40.00   ( 1730.00,  640.00), ( 1770.00,  680.00)  1600.00   
internal:     80 x 80      (  3460,  1280 ), (  3540,  1360 )  6400      
Root cell box:
           width x height  (   llx,  lly  ), (   urx,  ury  )  area (units^2)

microns:   0.200 x 0.200   ( 17.400,  6.500), ( 17.600,  6.700)  0.040     
lambda:    20.00 x 20.00   ( 1740.00,  650.00), ( 1760.00,  670.00)  400.00    
internal:     40 x 40      (  3480,  1300 ), (  3520,  1340 )  1600      
Root cell box:
           width x height  (   llx,  lly  ), (   urx,  ury  )  area (units^2)

microns:   0.400 x 0.400   ( 17.300,  6.400), ( 17.700,  6.800)  0.160     
lambda:    40.00 x 40.00   ( 1730.00,  640.00), ( 1770.00,  680.00)  1600.00   
internal:     80 x 80      (  3460,  1280 ), (  3540,  1360 )  6400      
Root cell box:
           width x height  (   llx,  lly  ), (   urx,  ury  )  area (units^2)

microns:   0.400 x 0.400   ( 17.300,  6.400), ( 17.700,  6.800)  0.160     
lambda:    40.00 x 40.00   ( 1730.00,  640.00), ( 1770.00,  680.00)  1600.00   
internal:     80 x 80      (  3460,  1280 ), (  3540,  1360 )  6400      
Root cell box:
           width x height  (   llx,  lly  ), (   urx,  ury  )  area (units^2)

microns:   0.200 x 0.200   ( 17.400,  6.500), ( 17.600,  6.700)  0.040     
lambda:    20.00 x 20.00   ( 1740.00,  650.00), ( 1760.00,  670.00)  400.00    
internal:     40 x 40      (  3480,  1300 ), (  3520,  1340 )  1600      
Root cell box:
           width x height  (   llx,  lly  ), (   urx,  ury  )  area (units^2)

microns:   0.400 x 0.400   ( 17.300,  6.400), ( 17.700,  6.800)  0.160     
lambda:    40.00 x 40.00   ( 1730.00,  640.00), ( 1770.00,  680.00)  1600.00   
internal:     80 x 80      (  3460,  1280 ), (  3540,  1360 )  6400      
Root cell box:
           width x height  (   llx,  lly  ), (   urx,  ury  )  area (units^2)

microns:   0.200 x 25.800  ( 17.400, -19.100), ( 17.600,  6.700)  5.160     
lambda:    20.00 x 2580.00  ( 1740.00, -1910.00), ( 1760.00,  670.00)  51600.00  
internal:     40 x 5160    (  3480, -3820 ), (  3520,  1340 )  206400    
Root cell box:
           width x height  (   llx,  lly  ), (   urx,  ury  )  area (units^2)

microns:   0.240 x 0.240   ( 19.940,  2.620), ( 20.180,  2.860)  0.058     
lambda:    24.00 x 24.00   ( 1994.00,  262.00), ( 2018.00,  286.00)  576.00    
internal:     48 x 48      (  3988,  524  ), (  4036,  572  )  2304      
Root cell box:
           width x height  (   llx,  lly  ), (   urx,  ury  )  area (units^2)

microns:   0.400 x 0.400   ( 19.860,  2.540), ( 20.260,  2.940)  0.160     
lambda:    40.00 x 40.00   ( 1986.00,  254.00), ( 2026.00,  294.00)  1600.00   
internal:     80 x 80      (  3972,  508  ), (  4052,  588  )  6400      
Root cell box:
           width x height  (   llx,  lly  ), (   urx,  ury  )  area (units^2)

microns:   0.200 x 0.200   ( 19.960,  2.640), ( 20.160,  2.840)  0.040     
lambda:    20.00 x 20.00   ( 1996.00,  264.00), ( 2016.00,  284.00)  400.00    
internal:     40 x 40      (  3992,  528  ), (  4032,  568  )  1600      
Root cell box:
           width x height  (   llx,  lly  ), (   urx,  ury  )  area (units^2)

microns:   0.400 x 0.400   ( 19.860,  2.540), ( 20.260,  2.940)  0.160     
lambda:    40.00 x 40.00   ( 1986.00,  254.00), ( 2026.00,  294.00)  1600.00   
internal:     80 x 80      (  3972,  508  ), (  4052,  588  )  6400      
Root cell box:
           width x height  (   llx,  lly  ), (   urx,  ury  )  area (units^2)

microns:   1.200 x 0.200   ( 19.960,  2.640), ( 21.160,  2.840)  0.240     
lambda:   120.00 x 20.00   ( 1996.00,  264.00), ( 2116.00,  284.00)  2400.00   
internal:    240 x 40      (  3992,  528  ), (  4232,  568  )  9600      
Root cell box:
           width x height  (   llx,  lly  ), (   urx,  ury  )  area (units^2)

microns:   0.400 x 0.400   ( 20.860,  2.540), ( 21.260,  2.940)  0.160     
lambda:    40.00 x 40.00   ( 2086.00,  254.00), ( 2126.00,  294.00)  1600.00   
internal:     80 x 80      (  4172,  508  ), (  4252,  588  )  6400      
Root cell box:
           width x height  (   llx,  lly  ), (   urx,  ury  )  area (units^2)

microns:   0.200 x 0.200   ( 20.960,  2.640), ( 21.160,  2.840)  0.040     
lambda:    20.00 x 20.00   ( 2096.00,  264.00), ( 2116.00,  284.00)  400.00    
internal:     40 x 40      (  4192,  528  ), (  4232,  568  )  1600      
Root cell box:
           width x height  (   llx,  lly  ), (   urx,  ury  )  area (units^2)

microns:   0.400 x 0.400   ( 20.860,  2.540), ( 21.260,  2.940)  0.160     
lambda:    40.00 x 40.00   ( 2086.00,  254.00), ( 2126.00,  294.00)  1600.00   
internal:     80 x 80      (  4172,  508  ), (  4252,  588  )  6400      
Root cell box:
           width x height  (   llx,  lly  ), (   urx,  ury  )  area (units^2)

microns:   0.400 x 0.400   ( 20.860,  2.540), ( 21.260,  2.940)  0.160     
lambda:    40.00 x 40.00   ( 2086.00,  254.00), ( 2126.00,  294.00)  1600.00   
internal:     80 x 80      (  4172,  508  ), (  4252,  588  )  6400      
Root cell box:
           width x height  (   llx,  lly  ), (   urx,  ury  )  area (units^2)

microns:   0.200 x 0.200   ( 20.960,  2.640), ( 21.160,  2.840)  0.040     
lambda:    20.00 x 20.00   ( 2096.00,  264.00), ( 2116.00,  284.00)  400.00    
internal:     40 x 40      (  4192,  528  ), (  4232,  568  )  1600      
Root cell box:
           width x height  (   llx,  lly  ), (   urx,  ury  )  area (units^2)

microns:   0.400 x 0.400   ( 20.860,  2.540), ( 21.260,  2.940)  0.160     
lambda:    40.00 x 40.00   ( 2086.00,  254.00), ( 2126.00,  294.00)  1600.00   
internal:     80 x 80      (  4172,  508  ), (  4252,  588  )  6400      
Root cell box:
           width x height  (   llx,  lly  ), (   urx,  ury  )  area (units^2)

microns:   0.400 x 0.400   ( 20.860,  2.540), ( 21.260,  2.940)  0.160     
lambda:    40.00 x 40.00   ( 2086.00,  254.00), ( 2126.00,  294.00)  1600.00   
internal:     80 x 80      (  4172,  508  ), (  4252,  588  )  6400      
Root cell box:
           width x height  (   llx,  lly  ), (   urx,  ury  )  area (units^2)

microns:   0.200 x 0.200   ( 20.960,  2.640), ( 21.160,  2.840)  0.040     
lambda:    20.00 x 20.00   ( 2096.00,  264.00), ( 2116.00,  284.00)  400.00    
internal:     40 x 40      (  4192,  528  ), (  4232,  568  )  1600      
Root cell box:
           width x height  (   llx,  lly  ), (   urx,  ury  )  area (units^2)

microns:   0.400 x 0.400   ( 20.860,  2.540), ( 21.260,  2.940)  0.160     
lambda:    40.00 x 40.00   ( 2086.00,  254.00), ( 2126.00,  294.00)  1600.00   
internal:     80 x 80      (  4172,  508  ), (  4252,  588  )  6400      
Root cell box:
           width x height  (   llx,  lly  ), (   urx,  ury  )  area (units^2)

microns:   0.200 x 21.940  ( 20.960, -19.100), ( 21.160,  2.840)  4.388     
lambda:    20.00 x 2194.00  ( 2096.00, -1910.00), ( 2116.00,  284.00)  43880.00  
internal:     40 x 4388    (  4192, -3820 ), (  4232,  568  )  175520    
Root cell box:
           width x height  (   llx,  lly  ), (   urx,  ury  )  area (units^2)

microns:   0.240 x 0.240   ( 23.190,  1.370), ( 23.430,  1.610)  0.058     
lambda:    24.00 x 24.00   ( 2319.00,  137.00), ( 2343.00,  161.00)  576.00    
internal:     48 x 48      (  4638,  274  ), (  4686,  322  )  2304      
Root cell box:
           width x height  (   llx,  lly  ), (   urx,  ury  )  area (units^2)

microns:   0.400 x 0.400   ( 23.110,  1.290), ( 23.510,  1.690)  0.160     
lambda:    40.00 x 40.00   ( 2311.00,  129.00), ( 2351.00,  169.00)  1600.00   
internal:     80 x 80      (  4622,  258  ), (  4702,  338  )  6400      
Root cell box:
           width x height  (   llx,  lly  ), (   urx,  ury  )  area (units^2)

microns:   0.200 x 0.200   ( 23.210,  1.390), ( 23.410,  1.590)  0.040     
lambda:    20.00 x 20.00   ( 2321.00,  139.00), ( 2341.00,  159.00)  400.00    
internal:     40 x 40      (  4642,  278  ), (  4682,  318  )  1600      
Root cell box:
           width x height  (   llx,  lly  ), (   urx,  ury  )  area (units^2)

microns:   0.400 x 0.400   ( 23.110,  1.290), ( 23.510,  1.690)  0.160     
lambda:    40.00 x 40.00   ( 2311.00,  129.00), ( 2351.00,  169.00)  1600.00   
internal:     80 x 80      (  4622,  258  ), (  4702,  338  )  6400      
Root cell box:
           width x height  (   llx,  lly  ), (   urx,  ury  )  area (units^2)

microns:   1.200 x 0.200   ( 23.210,  1.390), ( 24.410,  1.590)  0.240     
lambda:   120.00 x 20.00   ( 2321.00,  139.00), ( 2441.00,  159.00)  2400.00   
internal:    240 x 40      (  4642,  278  ), (  4882,  318  )  9600      
Root cell box:
           width x height  (   llx,  lly  ), (   urx,  ury  )  area (units^2)

microns:   0.400 x 0.400   ( 24.110,  1.290), ( 24.510,  1.690)  0.160     
lambda:    40.00 x 40.00   ( 2411.00,  129.00), ( 2451.00,  169.00)  1600.00   
internal:     80 x 80      (  4822,  258  ), (  4902,  338  )  6400      
Root cell box:
           width x height  (   llx,  lly  ), (   urx,  ury  )  area (units^2)

microns:   0.200 x 0.200   ( 24.210,  1.390), ( 24.410,  1.590)  0.040     
lambda:    20.00 x 20.00   ( 2421.00,  139.00), ( 2441.00,  159.00)  400.00    
internal:     40 x 40      (  4842,  278  ), (  4882,  318  )  1600      
Root cell box:
           width x height  (   llx,  lly  ), (   urx,  ury  )  area (units^2)

microns:   0.400 x 0.400   ( 24.110,  1.290), ( 24.510,  1.690)  0.160     
lambda:    40.00 x 40.00   ( 2411.00,  129.00), ( 2451.00,  169.00)  1600.00   
internal:     80 x 80      (  4822,  258  ), (  4902,  338  )  6400      
Root cell box:
           width x height  (   llx,  lly  ), (   urx,  ury  )  area (units^2)

microns:   0.400 x 0.400   ( 24.110,  1.290), ( 24.510,  1.690)  0.160     
lambda:    40.00 x 40.00   ( 2411.00,  129.00), ( 2451.00,  169.00)  1600.00   
internal:     80 x 80      (  4822,  258  ), (  4902,  338  )  6400      
Root cell box:
           width x height  (   llx,  lly  ), (   urx,  ury  )  area (units^2)

microns:   0.200 x 0.200   ( 24.210,  1.390), ( 24.410,  1.590)  0.040     
lambda:    20.00 x 20.00   ( 2421.00,  139.00), ( 2441.00,  159.00)  400.00    
internal:     40 x 40      (  4842,  278  ), (  4882,  318  )  1600      
Root cell box:
           width x height  (   llx,  lly  ), (   urx,  ury  )  area (units^2)

microns:   0.400 x 0.400   ( 24.110,  1.290), ( 24.510,  1.690)  0.160     
lambda:    40.00 x 40.00   ( 2411.00,  129.00), ( 2451.00,  169.00)  1600.00   
internal:     80 x 80      (  4822,  258  ), (  4902,  338  )  6400      
Root cell box:
           width x height  (   llx,  lly  ), (   urx,  ury  )  area (units^2)

microns:   0.400 x 0.400   ( 24.110,  1.290), ( 24.510,  1.690)  0.160     
lambda:    40.00 x 40.00   ( 2411.00,  129.00), ( 2451.00,  169.00)  1600.00   
internal:     80 x 80      (  4822,  258  ), (  4902,  338  )  6400      
Root cell box:
           width x height  (   llx,  lly  ), (   urx,  ury  )  area (units^2)

microns:   0.200 x 0.200   ( 24.210,  1.390), ( 24.410,  1.590)  0.040     
lambda:    20.00 x 20.00   ( 2421.00,  139.00), ( 2441.00,  159.00)  400.00    
internal:     40 x 40      (  4842,  278  ), (  4882,  318  )  1600      
Root cell box:
           width x height  (   llx,  lly  ), (   urx,  ury  )  area (units^2)

microns:   0.400 x 0.400   ( 24.110,  1.290), ( 24.510,  1.690)  0.160     
lambda:    40.00 x 40.00   ( 2411.00,  129.00), ( 2451.00,  169.00)  1600.00   
internal:     80 x 80      (  4822,  258  ), (  4902,  338  )  6400      
Root cell box:
           width x height  (   llx,  lly  ), (   urx,  ury  )  area (units^2)

microns:   0.200 x 20.690  ( 24.210, -19.100), ( 24.410,  1.590)  4.138     
lambda:    20.00 x 2069.00  ( 2421.00, -1910.00), ( 2441.00,  159.00)  41380.00  
internal:     40 x 4138    (  4842, -3820 ), (  4882,  318  )  165520    
Root cell box:
           width x height  (   llx,  lly  ), (   urx,  ury  )  area (units^2)

microns:   0.240 x 0.240   ( 23.190, -3.470), ( 23.430, -3.230)  0.058     
lambda:    24.00 x 24.00   ( 2319.00, -347.00), ( 2343.00, -323.00)  576.00    
internal:     48 x 48      (  4638, -694  ), (  4686, -646  )  2304      
Root cell box:
           width x height  (   llx,  lly  ), (   urx,  ury  )  area (units^2)

microns:   0.400 x 0.400   ( 23.110, -3.550), ( 23.510, -3.150)  0.160     
lambda:    40.00 x 40.00   ( 2311.00, -355.00), ( 2351.00, -315.00)  1600.00   
internal:     80 x 80      (  4622, -710  ), (  4702, -630  )  6400      
Root cell box:
           width x height  (   llx,  lly  ), (   urx,  ury  )  area (units^2)

microns:   0.200 x 0.200   ( 23.210, -3.450), ( 23.410, -3.250)  0.040     
lambda:    20.00 x 20.00   ( 2321.00, -345.00), ( 2341.00, -325.00)  400.00    
internal:     40 x 40      (  4642, -690  ), (  4682, -650  )  1600      
Root cell box:
           width x height  (   llx,  lly  ), (   urx,  ury  )  area (units^2)

microns:   0.400 x 0.400   ( 23.110, -3.550), ( 23.510, -3.150)  0.160     
lambda:    40.00 x 40.00   ( 2311.00, -355.00), ( 2351.00, -315.00)  1600.00   
internal:     80 x 80      (  4622, -710  ), (  4702, -630  )  6400      
Root cell box:
           width x height  (   llx,  lly  ), (   urx,  ury  )  area (units^2)

microns:   1.200 x 0.200   ( 23.210, -3.450), ( 24.410, -3.250)  0.240     
lambda:   120.00 x 20.00   ( 2321.00, -345.00), ( 2441.00, -325.00)  2400.00   
internal:    240 x 40      (  4642, -690  ), (  4882, -650  )  9600      
Root cell box:
           width x height  (   llx,  lly  ), (   urx,  ury  )  area (units^2)

microns:   0.400 x 0.400   ( 24.110, -3.550), ( 24.510, -3.150)  0.160     
lambda:    40.00 x 40.00   ( 2411.00, -355.00), ( 2451.00, -315.00)  1600.00   
internal:     80 x 80      (  4822, -710  ), (  4902, -630  )  6400      
Root cell box:
           width x height  (   llx,  lly  ), (   urx,  ury  )  area (units^2)

microns:   0.200 x 0.200   ( 24.210, -3.450), ( 24.410, -3.250)  0.040     
lambda:    20.00 x 20.00   ( 2421.00, -345.00), ( 2441.00, -325.00)  400.00    
internal:     40 x 40      (  4842, -690  ), (  4882, -650  )  1600      
Root cell box:
           width x height  (   llx,  lly  ), (   urx,  ury  )  area (units^2)

microns:   0.400 x 0.400   ( 24.110, -3.550), ( 24.510, -3.150)  0.160     
lambda:    40.00 x 40.00   ( 2411.00, -355.00), ( 2451.00, -315.00)  1600.00   
internal:     80 x 80      (  4822, -710  ), (  4902, -630  )  6400      
Root cell box:
           width x height  (   llx,  lly  ), (   urx,  ury  )  area (units^2)

microns:   0.400 x 0.400   ( 24.110, -3.550), ( 24.510, -3.150)  0.160     
lambda:    40.00 x 40.00   ( 2411.00, -355.00), ( 2451.00, -315.00)  1600.00   
internal:     80 x 80      (  4822, -710  ), (  4902, -630  )  6400      
Root cell box:
           width x height  (   llx,  lly  ), (   urx,  ury  )  area (units^2)

microns:   0.200 x 0.200   ( 24.210, -3.450), ( 24.410, -3.250)  0.040     
lambda:    20.00 x 20.00   ( 2421.00, -345.00), ( 2441.00, -325.00)  400.00    
internal:     40 x 40      (  4842, -690  ), (  4882, -650  )  1600      
Root cell box:
           width x height  (   llx,  lly  ), (   urx,  ury  )  area (units^2)

microns:   0.400 x 0.400   ( 24.110, -3.550), ( 24.510, -3.150)  0.160     
lambda:    40.00 x 40.00   ( 2411.00, -355.00), ( 2451.00, -315.00)  1600.00   
internal:     80 x 80      (  4822, -710  ), (  4902, -630  )  6400      
Root cell box:
           width x height  (   llx,  lly  ), (   urx,  ury  )  area (units^2)

microns:   0.400 x 0.400   ( 24.110, -3.550), ( 24.510, -3.150)  0.160     
lambda:    40.00 x 40.00   ( 2411.00, -355.00), ( 2451.00, -315.00)  1600.00   
internal:     80 x 80      (  4822, -710  ), (  4902, -630  )  6400      
Root cell box:
           width x height  (   llx,  lly  ), (   urx,  ury  )  area (units^2)

microns:   0.200 x 0.200   ( 24.210, -3.450), ( 24.410, -3.250)  0.040     
lambda:    20.00 x 20.00   ( 2421.00, -345.00), ( 2441.00, -325.00)  400.00    
internal:     40 x 40      (  4842, -690  ), (  4882, -650  )  1600      
Root cell box:
           width x height  (   llx,  lly  ), (   urx,  ury  )  area (units^2)

microns:   0.400 x 0.400   ( 24.110, -3.550), ( 24.510, -3.150)  0.160     
lambda:    40.00 x 40.00   ( 2411.00, -355.00), ( 2451.00, -315.00)  1600.00   
internal:     80 x 80      (  4822, -710  ), (  4902, -630  )  6400      
Root cell box:
           width x height  (   llx,  lly  ), (   urx,  ury  )  area (units^2)

microns:   0.200 x 15.850  ( 24.210, -19.100), ( 24.410, -3.250)  3.170     
lambda:    20.00 x 1585.00  ( 2421.00, -1910.00), ( 2441.00, -325.00)  31700.00  
internal:     40 x 3170    (  4842, -3820 ), (  4882, -650  )  126800    
Root cell box:
           width x height  (   llx,  lly  ), (   urx,  ury  )  area (units^2)

microns:   0.240 x 0.240   ( 23.210, -1.280), ( 23.450, -1.040)  0.058     
lambda:    24.00 x 24.00   ( 2321.00, -128.00), ( 2345.00, -104.00)  576.00    
internal:     48 x 48      (  4642, -256  ), (  4690, -208  )  2304      
Root cell box:
           width x height  (   llx,  lly  ), (   urx,  ury  )  area (units^2)

microns:   0.400 x 0.400   ( 23.130, -1.360), ( 23.530, -0.960)  0.160     
lambda:    40.00 x 40.00   ( 2313.00, -136.00), ( 2353.00, -96.00)  1600.00   
internal:     80 x 80      (  4626, -272  ), (  4706, -192  )  6400      
Root cell box:
           width x height  (   llx,  lly  ), (   urx,  ury  )  area (units^2)

microns:   0.200 x 0.200   ( 23.230, -1.260), ( 23.430, -1.060)  0.040     
lambda:    20.00 x 20.00   ( 2323.00, -126.00), ( 2343.00, -106.00)  400.00    
internal:     40 x 40      (  4646, -252  ), (  4686, -212  )  1600      
Root cell box:
           width x height  (   llx,  lly  ), (   urx,  ury  )  area (units^2)

microns:   0.400 x 0.400   ( 23.130, -1.360), ( 23.530, -0.960)  0.160     
lambda:    40.00 x 40.00   ( 2313.00, -136.00), ( 2353.00, -96.00)  1600.00   
internal:     80 x 80      (  4626, -272  ), (  4706, -192  )  6400      
Root cell box:
           width x height  (   llx,  lly  ), (   urx,  ury  )  area (units^2)

microns:   1.200 x 0.200   ( 23.230, -1.260), ( 24.430, -1.060)  0.240     
lambda:   120.00 x 20.00   ( 2323.00, -126.00), ( 2443.00, -106.00)  2400.00   
internal:    240 x 40      (  4646, -252  ), (  4886, -212  )  9600      
Root cell box:
           width x height  (   llx,  lly  ), (   urx,  ury  )  area (units^2)

microns:   0.400 x 0.400   ( 24.130, -1.360), ( 24.530, -0.960)  0.160     
lambda:    40.00 x 40.00   ( 2413.00, -136.00), ( 2453.00, -96.00)  1600.00   
internal:     80 x 80      (  4826, -272  ), (  4906, -192  )  6400      
Root cell box:
           width x height  (   llx,  lly  ), (   urx,  ury  )  area (units^2)

microns:   0.200 x 0.200   ( 24.230, -1.260), ( 24.430, -1.060)  0.040     
lambda:    20.00 x 20.00   ( 2423.00, -126.00), ( 2443.00, -106.00)  400.00    
internal:     40 x 40      (  4846, -252  ), (  4886, -212  )  1600      
Root cell box:
           width x height  (   llx,  lly  ), (   urx,  ury  )  area (units^2)

microns:   0.400 x 0.400   ( 24.130, -1.360), ( 24.530, -0.960)  0.160     
lambda:    40.00 x 40.00   ( 2413.00, -136.00), ( 2453.00, -96.00)  1600.00   
internal:     80 x 80      (  4826, -272  ), (  4906, -192  )  6400      
Root cell box:
           width x height  (   llx,  lly  ), (   urx,  ury  )  area (units^2)

microns:   0.400 x 0.400   ( 24.130, -1.360), ( 24.530, -0.960)  0.160     
lambda:    40.00 x 40.00   ( 2413.00, -136.00), ( 2453.00, -96.00)  1600.00   
internal:     80 x 80      (  4826, -272  ), (  4906, -192  )  6400      
Root cell box:
           width x height  (   llx,  lly  ), (   urx,  ury  )  area (units^2)

microns:   0.200 x 0.200   ( 24.230, -1.260), ( 24.430, -1.060)  0.040     
lambda:    20.00 x 20.00   ( 2423.00, -126.00), ( 2443.00, -106.00)  400.00    
internal:     40 x 40      (  4846, -252  ), (  4886, -212  )  1600      
Root cell box:
           width x height  (   llx,  lly  ), (   urx,  ury  )  area (units^2)

microns:   0.400 x 0.400   ( 24.130, -1.360), ( 24.530, -0.960)  0.160     
lambda:    40.00 x 40.00   ( 2413.00, -136.00), ( 2453.00, -96.00)  1600.00   
internal:     80 x 80      (  4826, -272  ), (  4906, -192  )  6400      
Root cell box:
           width x height  (   llx,  lly  ), (   urx,  ury  )  area (units^2)

microns:   0.400 x 0.400   ( 24.130, -1.360), ( 24.530, -0.960)  0.160     
lambda:    40.00 x 40.00   ( 2413.00, -136.00), ( 2453.00, -96.00)  1600.00   
internal:     80 x 80      (  4826, -272  ), (  4906, -192  )  6400      
Root cell box:
           width x height  (   llx,  lly  ), (   urx,  ury  )  area (units^2)

microns:   0.200 x 0.200   ( 24.230, -1.260), ( 24.430, -1.060)  0.040     
lambda:    20.00 x 20.00   ( 2423.00, -126.00), ( 2443.00, -106.00)  400.00    
internal:     40 x 40      (  4846, -252  ), (  4886, -212  )  1600      
Root cell box:
           width x height  (   llx,  lly  ), (   urx,  ury  )  area (units^2)

microns:   0.400 x 0.400   ( 24.130, -1.360), ( 24.530, -0.960)  0.160     
lambda:    40.00 x 40.00   ( 2413.00, -136.00), ( 2453.00, -96.00)  1600.00   
internal:     80 x 80      (  4826, -272  ), (  4906, -192  )  6400      
Root cell box:
           width x height  (   llx,  lly  ), (   urx,  ury  )  area (units^2)

microns:   0.200 x 18.040  ( 24.230, -19.100), ( 24.430, -1.060)  3.608     
lambda:    20.00 x 1804.00  ( 2423.00, -1910.00), ( 2443.00, -106.00)  36080.00  
internal:     40 x 3608    (  4846, -3820 ), (  4886, -212  )  144320    
Root cell box:
           width x height  (   llx,  lly  ), (   urx,  ury  )  area (units^2)

microns:   0.240 x 0.240   ( 53.280, -5.020), ( 53.520, -4.780)  0.058     
lambda:    24.00 x 24.00   ( 5328.00, -502.00), ( 5352.00, -478.00)  576.00    
internal:     48 x 48      ( 10656, -1004 ), ( 10704, -956  )  2304      
Root cell box:
           width x height  (   llx,  lly  ), (   urx,  ury  )  area (units^2)

microns:   0.400 x 0.400   ( 53.200, -5.100), ( 53.600, -4.700)  0.160     
lambda:    40.00 x 40.00   ( 5320.00, -510.00), ( 5360.00, -470.00)  1600.00   
internal:     80 x 80      ( 10640, -1020 ), ( 10720, -940  )  6400      
Root cell box:
           width x height  (   llx,  lly  ), (   urx,  ury  )  area (units^2)

microns:   0.200 x 0.200   ( 53.300, -5.000), ( 53.500, -4.800)  0.040     
lambda:    20.00 x 20.00   ( 5330.00, -500.00), ( 5350.00, -480.00)  400.00    
internal:     40 x 40      ( 10660, -1000 ), ( 10700, -960  )  1600      
Root cell box:
           width x height  (   llx,  lly  ), (   urx,  ury  )  area (units^2)

microns:   0.400 x 0.400   ( 53.200, -5.100), ( 53.600, -4.700)  0.160     
lambda:    40.00 x 40.00   ( 5320.00, -510.00), ( 5360.00, -470.00)  1600.00   
internal:     80 x 80      ( 10640, -1020 ), ( 10720, -940  )  6400      
Root cell box:
           width x height  (   llx,  lly  ), (   urx,  ury  )  area (units^2)

microns:   1.200 x 0.200   ( 53.300, -5.000), ( 54.500, -4.800)  0.240     
lambda:   120.00 x 20.00   ( 5330.00, -500.00), ( 5450.00, -480.00)  2400.00   
internal:    240 x 40      ( 10660, -1000 ), ( 10900, -960  )  9600      
Root cell box:
           width x height  (   llx,  lly  ), (   urx,  ury  )  area (units^2)

microns:   0.400 x 0.400   ( 54.200, -5.100), ( 54.600, -4.700)  0.160     
lambda:    40.00 x 40.00   ( 5420.00, -510.00), ( 5460.00, -470.00)  1600.00   
internal:     80 x 80      ( 10840, -1020 ), ( 10920, -940  )  6400      
Root cell box:
           width x height  (   llx,  lly  ), (   urx,  ury  )  area (units^2)

microns:   0.200 x 0.200   ( 54.300, -5.000), ( 54.500, -4.800)  0.040     
lambda:    20.00 x 20.00   ( 5430.00, -500.00), ( 5450.00, -480.00)  400.00    
internal:     40 x 40      ( 10860, -1000 ), ( 10900, -960  )  1600      
Root cell box:
           width x height  (   llx,  lly  ), (   urx,  ury  )  area (units^2)

microns:   0.400 x 0.400   ( 54.200, -5.100), ( 54.600, -4.700)  0.160     
lambda:    40.00 x 40.00   ( 5420.00, -510.00), ( 5460.00, -470.00)  1600.00   
internal:     80 x 80      ( 10840, -1020 ), ( 10920, -940  )  6400      
Root cell box:
           width x height  (   llx,  lly  ), (   urx,  ury  )  area (units^2)

microns:   0.400 x 0.400   ( 54.200, -5.100), ( 54.600, -4.700)  0.160     
lambda:    40.00 x 40.00   ( 5420.00, -510.00), ( 5460.00, -470.00)  1600.00   
internal:     80 x 80      ( 10840, -1020 ), ( 10920, -940  )  6400      
Root cell box:
           width x height  (   llx,  lly  ), (   urx,  ury  )  area (units^2)

microns:   0.200 x 0.200   ( 54.300, -5.000), ( 54.500, -4.800)  0.040     
lambda:    20.00 x 20.00   ( 5430.00, -500.00), ( 5450.00, -480.00)  400.00    
internal:     40 x 40      ( 10860, -1000 ), ( 10900, -960  )  1600      
Root cell box:
           width x height  (   llx,  lly  ), (   urx,  ury  )  area (units^2)

microns:   0.400 x 0.400   ( 54.200, -5.100), ( 54.600, -4.700)  0.160     
lambda:    40.00 x 40.00   ( 5420.00, -510.00), ( 5460.00, -470.00)  1600.00   
internal:     80 x 80      ( 10840, -1020 ), ( 10920, -940  )  6400      
Root cell box:
           width x height  (   llx,  lly  ), (   urx,  ury  )  area (units^2)

microns:   0.400 x 0.400   ( 54.200, -5.100), ( 54.600, -4.700)  0.160     
lambda:    40.00 x 40.00   ( 5420.00, -510.00), ( 5460.00, -470.00)  1600.00   
internal:     80 x 80      ( 10840, -1020 ), ( 10920, -940  )  6400      
Root cell box:
           width x height  (   llx,  lly  ), (   urx,  ury  )  area (units^2)

microns:   0.200 x 0.200   ( 54.300, -5.000), ( 54.500, -4.800)  0.040     
lambda:    20.00 x 20.00   ( 5430.00, -500.00), ( 5450.00, -480.00)  400.00    
internal:     40 x 40      ( 10860, -1000 ), ( 10900, -960  )  1600      
Root cell box:
           width x height  (   llx,  lly  ), (   urx,  ury  )  area (units^2)

microns:   0.400 x 0.400   ( 54.200, -5.100), ( 54.600, -4.700)  0.160     
lambda:    40.00 x 40.00   ( 5420.00, -510.00), ( 5460.00, -470.00)  1600.00   
internal:     80 x 80      ( 10840, -1020 ), ( 10920, -940  )  6400      
Root cell box:
           width x height  (   llx,  lly  ), (   urx,  ury  )  area (units^2)

microns:   0.200 x 14.300  ( 54.300, -19.100), ( 54.500, -4.800)  2.860     
lambda:    20.00 x 1430.00  ( 5430.00, -1910.00), ( 5450.00, -480.00)  28600.00  
internal:     40 x 2860    ( 10860, -3820 ), ( 10900, -960  )  114400    
Root cell box:
           width x height  (   llx,  lly  ), (   urx,  ury  )  area (units^2)

microns:   0.240 x 0.240   ( 10.500, -16.060), ( 10.740, -15.820)  0.058     
lambda:    24.00 x 24.00   ( 1050.00, -1606.00), ( 1074.00, -1582.00)  576.00    
internal:     48 x 48      (  2100, -3212 ), (  2148, -3164 )  2304      
Root cell box:
           width x height  (   llx,  lly  ), (   urx,  ury  )  area (units^2)

microns:   0.400 x 0.400   ( 10.420, -16.140), ( 10.820, -15.740)  0.160     
lambda:    40.00 x 40.00   ( 1042.00, -1614.00), ( 1082.00, -1574.00)  1600.00   
internal:     80 x 80      (  2084, -3228 ), (  2164, -3148 )  6400      
Root cell box:
           width x height  (   llx,  lly  ), (   urx,  ury  )  area (units^2)

microns:   0.200 x 0.200   ( 10.520, -16.040), ( 10.720, -15.840)  0.040     
lambda:    20.00 x 20.00   ( 1052.00, -1604.00), ( 1072.00, -1584.00)  400.00    
internal:     40 x 40      (  2104, -3208 ), (  2144, -3168 )  1600      
Root cell box:
           width x height  (   llx,  lly  ), (   urx,  ury  )  area (units^2)

microns:   0.400 x 0.400   ( 10.420, -16.140), ( 10.820, -15.740)  0.160     
lambda:    40.00 x 40.00   ( 1042.00, -1614.00), ( 1082.00, -1574.00)  1600.00   
internal:     80 x 80      (  2084, -3228 ), (  2164, -3148 )  6400      
Root cell box:
           width x height  (   llx,  lly  ), (   urx,  ury  )  area (units^2)

microns:   1.200 x 0.200   ( 10.520, -16.040), ( 11.720, -15.840)  0.240     
lambda:   120.00 x 20.00   ( 1052.00, -1604.00), ( 1172.00, -1584.00)  2400.00   
internal:    240 x 40      (  2104, -3208 ), (  2344, -3168 )  9600      
Root cell box:
           width x height  (   llx,  lly  ), (   urx,  ury  )  area (units^2)

microns:   0.400 x 0.400   ( 11.420, -16.140), ( 11.820, -15.740)  0.160     
lambda:    40.00 x 40.00   ( 1142.00, -1614.00), ( 1182.00, -1574.00)  1600.00   
internal:     80 x 80      (  2284, -3228 ), (  2364, -3148 )  6400      
Root cell box:
           width x height  (   llx,  lly  ), (   urx,  ury  )  area (units^2)

microns:   0.200 x 0.200   ( 11.520, -16.040), ( 11.720, -15.840)  0.040     
lambda:    20.00 x 20.00   ( 1152.00, -1604.00), ( 1172.00, -1584.00)  400.00    
internal:     40 x 40      (  2304, -3208 ), (  2344, -3168 )  1600      
Root cell box:
           width x height  (   llx,  lly  ), (   urx,  ury  )  area (units^2)

microns:   0.400 x 0.400   ( 11.420, -16.140), ( 11.820, -15.740)  0.160     
lambda:    40.00 x 40.00   ( 1142.00, -1614.00), ( 1182.00, -1574.00)  1600.00   
internal:     80 x 80      (  2284, -3228 ), (  2364, -3148 )  6400      
Root cell box:
           width x height  (   llx,  lly  ), (   urx,  ury  )  area (units^2)

microns:   0.400 x 0.400   ( 11.420, -16.140), ( 11.820, -15.740)  0.160     
lambda:    40.00 x 40.00   ( 1142.00, -1614.00), ( 1182.00, -1574.00)  1600.00   
internal:     80 x 80      (  2284, -3228 ), (  2364, -3148 )  6400      
Root cell box:
           width x height  (   llx,  lly  ), (   urx,  ury  )  area (units^2)

microns:   0.200 x 0.200   ( 11.520, -16.040), ( 11.720, -15.840)  0.040     
lambda:    20.00 x 20.00   ( 1152.00, -1604.00), ( 1172.00, -1584.00)  400.00    
internal:     40 x 40      (  2304, -3208 ), (  2344, -3168 )  1600      
Root cell box:
           width x height  (   llx,  lly  ), (   urx,  ury  )  area (units^2)

microns:   0.400 x 0.400   ( 11.420, -16.140), ( 11.820, -15.740)  0.160     
lambda:    40.00 x 40.00   ( 1142.00, -1614.00), ( 1182.00, -1574.00)  1600.00   
internal:     80 x 80      (  2284, -3228 ), (  2364, -3148 )  6400      
Root cell box:
           width x height  (   llx,  lly  ), (   urx,  ury  )  area (units^2)

microns:   0.400 x 0.400   ( 11.420, -16.140), ( 11.820, -15.740)  0.160     
lambda:    40.00 x 40.00   ( 1142.00, -1614.00), ( 1182.00, -1574.00)  1600.00   
internal:     80 x 80      (  2284, -3228 ), (  2364, -3148 )  6400      
Root cell box:
           width x height  (   llx,  lly  ), (   urx,  ury  )  area (units^2)

microns:   0.200 x 0.200   ( 11.520, -16.040), ( 11.720, -15.840)  0.040     
lambda:    20.00 x 20.00   ( 1152.00, -1604.00), ( 1172.00, -1584.00)  400.00    
internal:     40 x 40      (  2304, -3208 ), (  2344, -3168 )  1600      
Root cell box:
           width x height  (   llx,  lly  ), (   urx,  ury  )  area (units^2)

microns:   0.400 x 0.400   ( 11.420, -16.140), ( 11.820, -15.740)  0.160     
lambda:    40.00 x 40.00   ( 1142.00, -1614.00), ( 1182.00, -1574.00)  1600.00   
internal:     80 x 80      (  2284, -3228 ), (  2364, -3148 )  6400      
Root cell box:
           width x height  (   llx,  lly  ), (   urx,  ury  )  area (units^2)

microns:   0.200 x 3.260   ( 11.520, -19.100), ( 11.720, -15.840)  0.652     
lambda:    20.00 x 326.00  ( 1152.00, -1910.00), ( 1172.00, -1584.00)  6520.00   
internal:     40 x 652     (  2304, -3820 ), (  2344, -3168 )  26080     
Root cell box:
           width x height  (   llx,  lly  ), (   urx,  ury  )  area (units^2)

microns:   0.500 x 0.500   ( 45.460, -6.610), ( 45.960, -6.110)  0.250     
lambda:    50.00 x 50.00   ( 4546.00, -661.00), ( 4596.00, -611.00)  2500.00   
internal:    100 x 100     (  9092, -1322 ), (  9192, -1222 )  10000     
Root cell box:
           width x height  (   llx,  lly  ), (   urx,  ury  )  area (units^2)

microns:   0.250 x 12.890  ( 45.585, -19.125), ( 45.835, -6.235)  3.222     
lambda:    25.00 x 1289.00  ( 4558.50, -1912.50), ( 4583.50, -623.50)  32225.00  
internal:     50 x 2578    (  9117, -3825 ), (  9167, -1247 )  128900    
Root cell box:
           width x height  (   llx,  lly  ), (   urx,  ury  )  area (units^2)

microns:   0.500 x 0.500   ( 56.560, -12.570), ( 57.060, -12.070)  0.250     
lambda:    50.00 x 50.00   ( 5656.00, -1257.00), ( 5706.00, -1207.00)  2500.00   
internal:    100 x 100     ( 11312, -2514 ), ( 11412, -2414 )  10000     
Root cell box:
           width x height  (   llx,  lly  ), (   urx,  ury  )  area (units^2)

microns:   0.250 x 6.930   ( 56.685, -19.125), ( 56.935, -12.195)  1.732     
lambda:    25.00 x 693.00  ( 5668.50, -1912.50), ( 5693.50, -1219.50)  17325.00  
internal:     50 x 1386    ( 11337, -3825 ), ( 11387, -2439 )  69300     
Root cell box:
           width x height  (   llx,  lly  ), (   urx,  ury  )  area (units^2)

microns:   0.240 x 0.240   ( 72.020, -11.970), ( 72.260, -11.730)  0.058     
lambda:    24.00 x 24.00   ( 7202.00, -1197.00), ( 7226.00, -1173.00)  576.00    
internal:     48 x 48      ( 14404, -2394 ), ( 14452, -2346 )  2304      
Root cell box:
           width x height  (   llx,  lly  ), (   urx,  ury  )  area (units^2)

microns:   0.400 x 0.400   ( 71.940, -12.050), ( 72.340, -11.650)  0.160     
lambda:    40.00 x 40.00   ( 7194.00, -1205.00), ( 7234.00, -1165.00)  1600.00   
internal:     80 x 80      ( 14388, -2410 ), ( 14468, -2330 )  6400      
Root cell box:
           width x height  (   llx,  lly  ), (   urx,  ury  )  area (units^2)

microns:   0.200 x 0.200   ( 72.040, -11.950), ( 72.240, -11.750)  0.040     
lambda:    20.00 x 20.00   ( 7204.00, -1195.00), ( 7224.00, -1175.00)  400.00    
internal:     40 x 40      ( 14408, -2390 ), ( 14448, -2350 )  1600      
Root cell box:
           width x height  (   llx,  lly  ), (   urx,  ury  )  area (units^2)

microns:   0.400 x 0.400   ( 71.940, -12.050), ( 72.340, -11.650)  0.160     
lambda:    40.00 x 40.00   ( 7194.00, -1205.00), ( 7234.00, -1165.00)  1600.00   
internal:     80 x 80      ( 14388, -2410 ), ( 14468, -2330 )  6400      
Root cell box:
           width x height  (   llx,  lly  ), (   urx,  ury  )  area (units^2)

microns:   1.200 x 0.200   ( 72.040, -11.950), ( 73.240, -11.750)  0.240     
lambda:   120.00 x 20.00   ( 7204.00, -1195.00), ( 7324.00, -1175.00)  2400.00   
internal:    240 x 40      ( 14408, -2390 ), ( 14648, -2350 )  9600      
Root cell box:
           width x height  (   llx,  lly  ), (   urx,  ury  )  area (units^2)

microns:   0.400 x 0.400   ( 72.940, -12.050), ( 73.340, -11.650)  0.160     
lambda:    40.00 x 40.00   ( 7294.00, -1205.00), ( 7334.00, -1165.00)  1600.00   
internal:     80 x 80      ( 14588, -2410 ), ( 14668, -2330 )  6400      
Root cell box:
           width x height  (   llx,  lly  ), (   urx,  ury  )  area (units^2)

microns:   0.200 x 0.200   ( 73.040, -11.950), ( 73.240, -11.750)  0.040     
lambda:    20.00 x 20.00   ( 7304.00, -1195.00), ( 7324.00, -1175.00)  400.00    
internal:     40 x 40      ( 14608, -2390 ), ( 14648, -2350 )  1600      
Root cell box:
           width x height  (   llx,  lly  ), (   urx,  ury  )  area (units^2)

microns:   0.400 x 0.400   ( 72.940, -12.050), ( 73.340, -11.650)  0.160     
lambda:    40.00 x 40.00   ( 7294.00, -1205.00), ( 7334.00, -1165.00)  1600.00   
internal:     80 x 80      ( 14588, -2410 ), ( 14668, -2330 )  6400      
Root cell box:
           width x height  (   llx,  lly  ), (   urx,  ury  )  area (units^2)

microns:   0.400 x 0.400   ( 72.940, -12.050), ( 73.340, -11.650)  0.160     
lambda:    40.00 x 40.00   ( 7294.00, -1205.00), ( 7334.00, -1165.00)  1600.00   
internal:     80 x 80      ( 14588, -2410 ), ( 14668, -2330 )  6400      
Root cell box:
           width x height  (   llx,  lly  ), (   urx,  ury  )  area (units^2)

microns:   0.200 x 0.200   ( 73.040, -11.950), ( 73.240, -11.750)  0.040     
lambda:    20.00 x 20.00   ( 7304.00, -1195.00), ( 7324.00, -1175.00)  400.00    
internal:     40 x 40      ( 14608, -2390 ), ( 14648, -2350 )  1600      
Root cell box:
           width x height  (   llx,  lly  ), (   urx,  ury  )  area (units^2)

microns:   0.400 x 0.400   ( 72.940, -12.050), ( 73.340, -11.650)  0.160     
lambda:    40.00 x 40.00   ( 7294.00, -1205.00), ( 7334.00, -1165.00)  1600.00   
internal:     80 x 80      ( 14588, -2410 ), ( 14668, -2330 )  6400      
Root cell box:
           width x height  (   llx,  lly  ), (   urx,  ury  )  area (units^2)

microns:   0.400 x 0.400   ( 72.940, -12.050), ( 73.340, -11.650)  0.160     
lambda:    40.00 x 40.00   ( 7294.00, -1205.00), ( 7334.00, -1165.00)  1600.00   
internal:     80 x 80      ( 14588, -2410 ), ( 14668, -2330 )  6400      
Root cell box:
           width x height  (   llx,  lly  ), (   urx,  ury  )  area (units^2)

microns:   0.200 x 0.200   ( 73.040, -11.950), ( 73.240, -11.750)  0.040     
lambda:    20.00 x 20.00   ( 7304.00, -1195.00), ( 7324.00, -1175.00)  400.00    
internal:     40 x 40      ( 14608, -2390 ), ( 14648, -2350 )  1600      
Root cell box:
           width x height  (   llx,  lly  ), (   urx,  ury  )  area (units^2)

microns:   0.400 x 0.400   ( 72.940, -12.050), ( 73.340, -11.650)  0.160     
lambda:    40.00 x 40.00   ( 7294.00, -1205.00), ( 7334.00, -1165.00)  1600.00   
internal:     80 x 80      ( 14588, -2410 ), ( 14668, -2330 )  6400      
Root cell box:
           width x height  (   llx,  lly  ), (   urx,  ury  )  area (units^2)

microns:   0.200 x 7.350   ( 73.040, -19.100), ( 73.240, -11.750)  1.470     
lambda:    20.00 x 735.00  ( 7304.00, -1910.00), ( 7324.00, -1175.00)  14700.00  
internal:     40 x 1470    ( 14608, -3820 ), ( 14648, -2350 )  58800     
Root cell box:
           width x height  (   llx,  lly  ), (   urx,  ury  )  area (units^2)

microns:   0.240 x 0.240   ( 65.120, -15.490), ( 65.360, -15.250)  0.058     
lambda:    24.00 x 24.00   ( 6512.00, -1549.00), ( 6536.00, -1525.00)  576.00    
internal:     48 x 48      ( 13024, -3098 ), ( 13072, -3050 )  2304      
Root cell box:
           width x height  (   llx,  lly  ), (   urx,  ury  )  area (units^2)

microns:   0.400 x 0.400   ( 65.040, -15.570), ( 65.440, -15.170)  0.160     
lambda:    40.00 x 40.00   ( 6504.00, -1557.00), ( 6544.00, -1517.00)  1600.00   
internal:     80 x 80      ( 13008, -3114 ), ( 13088, -3034 )  6400      
Root cell box:
           width x height  (   llx,  lly  ), (   urx,  ury  )  area (units^2)

microns:   0.200 x 0.200   ( 65.140, -15.470), ( 65.340, -15.270)  0.040     
lambda:    20.00 x 20.00   ( 6514.00, -1547.00), ( 6534.00, -1527.00)  400.00    
internal:     40 x 40      ( 13028, -3094 ), ( 13068, -3054 )  1600      
Root cell box:
           width x height  (   llx,  lly  ), (   urx,  ury  )  area (units^2)

microns:   0.400 x 0.400   ( 65.040, -15.570), ( 65.440, -15.170)  0.160     
lambda:    40.00 x 40.00   ( 6504.00, -1557.00), ( 6544.00, -1517.00)  1600.00   
internal:     80 x 80      ( 13008, -3114 ), ( 13088, -3034 )  6400      
Root cell box:
           width x height  (   llx,  lly  ), (   urx,  ury  )  area (units^2)

microns:   1.200 x 0.200   ( 65.140, -15.470), ( 66.340, -15.270)  0.240     
lambda:   120.00 x 20.00   ( 6514.00, -1547.00), ( 6634.00, -1527.00)  2400.00   
internal:    240 x 40      ( 13028, -3094 ), ( 13268, -3054 )  9600      
Root cell box:
           width x height  (   llx,  lly  ), (   urx,  ury  )  area (units^2)

microns:   0.400 x 0.400   ( 66.040, -15.570), ( 66.440, -15.170)  0.160     
lambda:    40.00 x 40.00   ( 6604.00, -1557.00), ( 6644.00, -1517.00)  1600.00   
internal:     80 x 80      ( 13208, -3114 ), ( 13288, -3034 )  6400      
Root cell box:
           width x height  (   llx,  lly  ), (   urx,  ury  )  area (units^2)

microns:   0.200 x 0.200   ( 66.140, -15.470), ( 66.340, -15.270)  0.040     
lambda:    20.00 x 20.00   ( 6614.00, -1547.00), ( 6634.00, -1527.00)  400.00    
internal:     40 x 40      ( 13228, -3094 ), ( 13268, -3054 )  1600      
Root cell box:
           width x height  (   llx,  lly  ), (   urx,  ury  )  area (units^2)

microns:   0.400 x 0.400   ( 66.040, -15.570), ( 66.440, -15.170)  0.160     
lambda:    40.00 x 40.00   ( 6604.00, -1557.00), ( 6644.00, -1517.00)  1600.00   
internal:     80 x 80      ( 13208, -3114 ), ( 13288, -3034 )  6400      
Root cell box:
           width x height  (   llx,  lly  ), (   urx,  ury  )  area (units^2)

microns:   0.400 x 0.400   ( 66.040, -15.570), ( 66.440, -15.170)  0.160     
lambda:    40.00 x 40.00   ( 6604.00, -1557.00), ( 6644.00, -1517.00)  1600.00   
internal:     80 x 80      ( 13208, -3114 ), ( 13288, -3034 )  6400      
Root cell box:
           width x height  (   llx,  lly  ), (   urx,  ury  )  area (units^2)

microns:   0.200 x 0.200   ( 66.140, -15.470), ( 66.340, -15.270)  0.040     
lambda:    20.00 x 20.00   ( 6614.00, -1547.00), ( 6634.00, -1527.00)  400.00    
internal:     40 x 40      ( 13228, -3094 ), ( 13268, -3054 )  1600      
Root cell box:
           width x height  (   llx,  lly  ), (   urx,  ury  )  area (units^2)

microns:   0.400 x 0.400   ( 66.040, -15.570), ( 66.440, -15.170)  0.160     
lambda:    40.00 x 40.00   ( 6604.00, -1557.00), ( 6644.00, -1517.00)  1600.00   
internal:     80 x 80      ( 13208, -3114 ), ( 13288, -3034 )  6400      
Root cell box:
           width x height  (   llx,  lly  ), (   urx,  ury  )  area (units^2)

microns:   0.400 x 0.400   ( 66.040, -15.570), ( 66.440, -15.170)  0.160     
lambda:    40.00 x 40.00   ( 6604.00, -1557.00), ( 6644.00, -1517.00)  1600.00   
internal:     80 x 80      ( 13208, -3114 ), ( 13288, -3034 )  6400      
Root cell box:
           width x height  (   llx,  lly  ), (   urx,  ury  )  area (units^2)

microns:   0.200 x 0.200   ( 66.140, -15.470), ( 66.340, -15.270)  0.040     
lambda:    20.00 x 20.00   ( 6614.00, -1547.00), ( 6634.00, -1527.00)  400.00    
internal:     40 x 40      ( 13228, -3094 ), ( 13268, -3054 )  1600      
Root cell box:
           width x height  (   llx,  lly  ), (   urx,  ury  )  area (units^2)

microns:   0.400 x 0.400   ( 66.040, -15.570), ( 66.440, -15.170)  0.160     
lambda:    40.00 x 40.00   ( 6604.00, -1557.00), ( 6644.00, -1517.00)  1600.00   
internal:     80 x 80      ( 13208, -3114 ), ( 13288, -3034 )  6400      
Root cell box:
           width x height  (   llx,  lly  ), (   urx,  ury  )  area (units^2)

microns:   0.200 x 3.830   ( 66.140, -19.100), ( 66.340, -15.270)  0.766     
lambda:    20.00 x 383.00  ( 6614.00, -1910.00), ( 6634.00, -1527.00)  7660.00   
internal:     40 x 766     ( 13228, -3820 ), ( 13268, -3054 )  30640     
Root cell box:
           width x height  (   llx,  lly  ), (   urx,  ury  )  area (units^2)

microns:   0.240 x 0.240   ( 68.560, -15.710), ( 68.800, -15.470)  0.058     
lambda:    24.00 x 24.00   ( 6856.00, -1571.00), ( 6880.00, -1547.00)  576.00    
internal:     48 x 48      ( 13712, -3142 ), ( 13760, -3094 )  2304      
Root cell box:
           width x height  (   llx,  lly  ), (   urx,  ury  )  area (units^2)

microns:   0.400 x 0.400   ( 68.480, -15.790), ( 68.880, -15.390)  0.160     
lambda:    40.00 x 40.00   ( 6848.00, -1579.00), ( 6888.00, -1539.00)  1600.00   
internal:     80 x 80      ( 13696, -3158 ), ( 13776, -3078 )  6400      
Root cell box:
           width x height  (   llx,  lly  ), (   urx,  ury  )  area (units^2)

microns:   0.200 x 0.200   ( 68.580, -15.690), ( 68.780, -15.490)  0.040     
lambda:    20.00 x 20.00   ( 6858.00, -1569.00), ( 6878.00, -1549.00)  400.00    
internal:     40 x 40      ( 13716, -3138 ), ( 13756, -3098 )  1600      
Root cell box:
           width x height  (   llx,  lly  ), (   urx,  ury  )  area (units^2)

microns:   0.400 x 0.400   ( 68.480, -15.790), ( 68.880, -15.390)  0.160     
lambda:    40.00 x 40.00   ( 6848.00, -1579.00), ( 6888.00, -1539.00)  1600.00   
internal:     80 x 80      ( 13696, -3158 ), ( 13776, -3078 )  6400      
Root cell box:
           width x height  (   llx,  lly  ), (   urx,  ury  )  area (units^2)

microns:   1.200 x 0.200   ( 68.580, -15.690), ( 69.780, -15.490)  0.240     
lambda:   120.00 x 20.00   ( 6858.00, -1569.00), ( 6978.00, -1549.00)  2400.00   
internal:    240 x 40      ( 13716, -3138 ), ( 13956, -3098 )  9600      
Root cell box:
           width x height  (   llx,  lly  ), (   urx,  ury  )  area (units^2)

microns:   0.400 x 0.400   ( 69.480, -15.790), ( 69.880, -15.390)  0.160     
lambda:    40.00 x 40.00   ( 6948.00, -1579.00), ( 6988.00, -1539.00)  1600.00   
internal:     80 x 80      ( 13896, -3158 ), ( 13976, -3078 )  6400      
Root cell box:
           width x height  (   llx,  lly  ), (   urx,  ury  )  area (units^2)

microns:   0.200 x 0.200   ( 69.580, -15.690), ( 69.780, -15.490)  0.040     
lambda:    20.00 x 20.00   ( 6958.00, -1569.00), ( 6978.00, -1549.00)  400.00    
internal:     40 x 40      ( 13916, -3138 ), ( 13956, -3098 )  1600      
Root cell box:
           width x height  (   llx,  lly  ), (   urx,  ury  )  area (units^2)

microns:   0.400 x 0.400   ( 69.480, -15.790), ( 69.880, -15.390)  0.160     
lambda:    40.00 x 40.00   ( 6948.00, -1579.00), ( 6988.00, -1539.00)  1600.00   
internal:     80 x 80      ( 13896, -3158 ), ( 13976, -3078 )  6400      
Root cell box:
           width x height  (   llx,  lly  ), (   urx,  ury  )  area (units^2)

microns:   0.400 x 0.400   ( 69.480, -15.790), ( 69.880, -15.390)  0.160     
lambda:    40.00 x 40.00   ( 6948.00, -1579.00), ( 6988.00, -1539.00)  1600.00   
internal:     80 x 80      ( 13896, -3158 ), ( 13976, -3078 )  6400      
Root cell box:
           width x height  (   llx,  lly  ), (   urx,  ury  )  area (units^2)

microns:   0.200 x 0.200   ( 69.580, -15.690), ( 69.780, -15.490)  0.040     
lambda:    20.00 x 20.00   ( 6958.00, -1569.00), ( 6978.00, -1549.00)  400.00    
internal:     40 x 40      ( 13916, -3138 ), ( 13956, -3098 )  1600      
Root cell box:
           width x height  (   llx,  lly  ), (   urx,  ury  )  area (units^2)

microns:   0.400 x 0.400   ( 69.480, -15.790), ( 69.880, -15.390)  0.160     
lambda:    40.00 x 40.00   ( 6948.00, -1579.00), ( 6988.00, -1539.00)  1600.00   
internal:     80 x 80      ( 13896, -3158 ), ( 13976, -3078 )  6400      
Root cell box:
           width x height  (   llx,  lly  ), (   urx,  ury  )  area (units^2)

microns:   0.400 x 0.400   ( 69.480, -15.790), ( 69.880, -15.390)  0.160     
lambda:    40.00 x 40.00   ( 6948.00, -1579.00), ( 6988.00, -1539.00)  1600.00   
internal:     80 x 80      ( 13896, -3158 ), ( 13976, -3078 )  6400      
Root cell box:
           width x height  (   llx,  lly  ), (   urx,  ury  )  area (units^2)

microns:   0.200 x 0.200   ( 69.580, -15.690), ( 69.780, -15.490)  0.040     
lambda:    20.00 x 20.00   ( 6958.00, -1569.00), ( 6978.00, -1549.00)  400.00    
internal:     40 x 40      ( 13916, -3138 ), ( 13956, -3098 )  1600      
Root cell box:
           width x height  (   llx,  lly  ), (   urx,  ury  )  area (units^2)

microns:   0.400 x 0.400   ( 69.480, -15.790), ( 69.880, -15.390)  0.160     
lambda:    40.00 x 40.00   ( 6948.00, -1579.00), ( 6988.00, -1539.00)  1600.00   
internal:     80 x 80      ( 13896, -3158 ), ( 13976, -3078 )  6400      
Root cell box:
           width x height  (   llx,  lly  ), (   urx,  ury  )  area (units^2)

microns:   0.200 x 3.610   ( 69.580, -19.100), ( 69.780, -15.490)  0.722     
lambda:    20.00 x 361.00  ( 6958.00, -1910.00), ( 6978.00, -1549.00)  7220.00   
internal:     40 x 722     ( 13916, -3820 ), ( 13956, -3098 )  28880     
Root cell box:
           width x height  (   llx,  lly  ), (   urx,  ury  )  area (units^2)

microns:   0.240 x 0.240   ( 62.430, -15.460), ( 62.670, -15.220)  0.058     
lambda:    24.00 x 24.00   ( 6243.00, -1546.00), ( 6267.00, -1522.00)  576.00    
internal:     48 x 48      ( 12486, -3092 ), ( 12534, -3044 )  2304      
Root cell box:
           width x height  (   llx,  lly  ), (   urx,  ury  )  area (units^2)

microns:   0.400 x 0.400   ( 62.350, -15.540), ( 62.750, -15.140)  0.160     
lambda:    40.00 x 40.00   ( 6235.00, -1554.00), ( 6275.00, -1514.00)  1600.00   
internal:     80 x 80      ( 12470, -3108 ), ( 12550, -3028 )  6400      
Root cell box:
           width x height  (   llx,  lly  ), (   urx,  ury  )  area (units^2)

microns:   0.200 x 0.200   ( 62.450, -15.440), ( 62.650, -15.240)  0.040     
lambda:    20.00 x 20.00   ( 6245.00, -1544.00), ( 6265.00, -1524.00)  400.00    
internal:     40 x 40      ( 12490, -3088 ), ( 12530, -3048 )  1600      
Root cell box:
           width x height  (   llx,  lly  ), (   urx,  ury  )  area (units^2)

microns:   0.400 x 0.400   ( 62.350, -15.540), ( 62.750, -15.140)  0.160     
lambda:    40.00 x 40.00   ( 6235.00, -1554.00), ( 6275.00, -1514.00)  1600.00   
internal:     80 x 80      ( 12470, -3108 ), ( 12550, -3028 )  6400      
Root cell box:
           width x height  (   llx,  lly  ), (   urx,  ury  )  area (units^2)

microns:   1.200 x 0.200   ( 62.450, -15.440), ( 63.650, -15.240)  0.240     
lambda:   120.00 x 20.00   ( 6245.00, -1544.00), ( 6365.00, -1524.00)  2400.00   
internal:    240 x 40      ( 12490, -3088 ), ( 12730, -3048 )  9600      
Root cell box:
           width x height  (   llx,  lly  ), (   urx,  ury  )  area (units^2)

microns:   0.400 x 0.400   ( 63.350, -15.540), ( 63.750, -15.140)  0.160     
lambda:    40.00 x 40.00   ( 6335.00, -1554.00), ( 6375.00, -1514.00)  1600.00   
internal:     80 x 80      ( 12670, -3108 ), ( 12750, -3028 )  6400      
Root cell box:
           width x height  (   llx,  lly  ), (   urx,  ury  )  area (units^2)

microns:   0.200 x 0.200   ( 63.450, -15.440), ( 63.650, -15.240)  0.040     
lambda:    20.00 x 20.00   ( 6345.00, -1544.00), ( 6365.00, -1524.00)  400.00    
internal:     40 x 40      ( 12690, -3088 ), ( 12730, -3048 )  1600      
Root cell box:
           width x height  (   llx,  lly  ), (   urx,  ury  )  area (units^2)

microns:   0.400 x 0.400   ( 63.350, -15.540), ( 63.750, -15.140)  0.160     
lambda:    40.00 x 40.00   ( 6335.00, -1554.00), ( 6375.00, -1514.00)  1600.00   
internal:     80 x 80      ( 12670, -3108 ), ( 12750, -3028 )  6400      
Root cell box:
           width x height  (   llx,  lly  ), (   urx,  ury  )  area (units^2)

microns:   0.400 x 0.400   ( 63.350, -15.540), ( 63.750, -15.140)  0.160     
lambda:    40.00 x 40.00   ( 6335.00, -1554.00), ( 6375.00, -1514.00)  1600.00   
internal:     80 x 80      ( 12670, -3108 ), ( 12750, -3028 )  6400      
Root cell box:
           width x height  (   llx,  lly  ), (   urx,  ury  )  area (units^2)

microns:   0.200 x 0.200   ( 63.450, -15.440), ( 63.650, -15.240)  0.040     
lambda:    20.00 x 20.00   ( 6345.00, -1544.00), ( 6365.00, -1524.00)  400.00    
internal:     40 x 40      ( 12690, -3088 ), ( 12730, -3048 )  1600      
Root cell box:
           width x height  (   llx,  lly  ), (   urx,  ury  )  area (units^2)

microns:   0.400 x 0.400   ( 63.350, -15.540), ( 63.750, -15.140)  0.160     
lambda:    40.00 x 40.00   ( 6335.00, -1554.00), ( 6375.00, -1514.00)  1600.00   
internal:     80 x 80      ( 12670, -3108 ), ( 12750, -3028 )  6400      
Root cell box:
           width x height  (   llx,  lly  ), (   urx,  ury  )  area (units^2)

microns:   0.400 x 0.400   ( 63.350, -15.540), ( 63.750, -15.140)  0.160     
lambda:    40.00 x 40.00   ( 6335.00, -1554.00), ( 6375.00, -1514.00)  1600.00   
internal:     80 x 80      ( 12670, -3108 ), ( 12750, -3028 )  6400      
Root cell box:
           width x height  (   llx,  lly  ), (   urx,  ury  )  area (units^2)

microns:   0.200 x 0.200   ( 63.450, -15.440), ( 63.650, -15.240)  0.040     
lambda:    20.00 x 20.00   ( 6345.00, -1544.00), ( 6365.00, -1524.00)  400.00    
internal:     40 x 40      ( 12690, -3088 ), ( 12730, -3048 )  1600      
Root cell box:
           width x height  (   llx,  lly  ), (   urx,  ury  )  area (units^2)

microns:   0.400 x 0.400   ( 63.350, -15.540), ( 63.750, -15.140)  0.160     
lambda:    40.00 x 40.00   ( 6335.00, -1554.00), ( 6375.00, -1514.00)  1600.00   
internal:     80 x 80      ( 12670, -3108 ), ( 12750, -3028 )  6400      
Root cell box:
           width x height  (   llx,  lly  ), (   urx,  ury  )  area (units^2)

microns:   0.200 x 3.860   ( 63.450, -19.100), ( 63.650, -15.240)  0.772     
lambda:    20.00 x 386.00  ( 6345.00, -1910.00), ( 6365.00, -1524.00)  7720.00   
internal:     40 x 772     ( 12690, -3820 ), ( 12730, -3048 )  30880     
Root cell box:
           width x height  (   llx,  lly  ), (   urx,  ury  )  area (units^2)

microns:   0.240 x 0.240   ( 59.630, -13.510), ( 59.870, -13.270)  0.058     
lambda:    24.00 x 24.00   ( 5963.00, -1351.00), ( 5987.00, -1327.00)  576.00    
internal:     48 x 48      ( 11926, -2702 ), ( 11974, -2654 )  2304      
Root cell box:
           width x height  (   llx,  lly  ), (   urx,  ury  )  area (units^2)

microns:   0.400 x 0.400   ( 59.550, -13.590), ( 59.950, -13.190)  0.160     
lambda:    40.00 x 40.00   ( 5955.00, -1359.00), ( 5995.00, -1319.00)  1600.00   
internal:     80 x 80      ( 11910, -2718 ), ( 11990, -2638 )  6400      
Root cell box:
           width x height  (   llx,  lly  ), (   urx,  ury  )  area (units^2)

microns:   0.200 x 0.200   ( 59.650, -13.490), ( 59.850, -13.290)  0.040     
lambda:    20.00 x 20.00   ( 5965.00, -1349.00), ( 5985.00, -1329.00)  400.00    
internal:     40 x 40      ( 11930, -2698 ), ( 11970, -2658 )  1600      
Root cell box:
           width x height  (   llx,  lly  ), (   urx,  ury  )  area (units^2)

microns:   0.400 x 0.400   ( 59.550, -13.590), ( 59.950, -13.190)  0.160     
lambda:    40.00 x 40.00   ( 5955.00, -1359.00), ( 5995.00, -1319.00)  1600.00   
internal:     80 x 80      ( 11910, -2718 ), ( 11990, -2638 )  6400      
Root cell box:
           width x height  (   llx,  lly  ), (   urx,  ury  )  area (units^2)

microns:   1.200 x 0.200   ( 59.650, -13.490), ( 60.850, -13.290)  0.240     
lambda:   120.00 x 20.00   ( 5965.00, -1349.00), ( 6085.00, -1329.00)  2400.00   
internal:    240 x 40      ( 11930, -2698 ), ( 12170, -2658 )  9600      
Root cell box:
           width x height  (   llx,  lly  ), (   urx,  ury  )  area (units^2)

microns:   0.400 x 0.400   ( 60.550, -13.590), ( 60.950, -13.190)  0.160     
lambda:    40.00 x 40.00   ( 6055.00, -1359.00), ( 6095.00, -1319.00)  1600.00   
internal:     80 x 80      ( 12110, -2718 ), ( 12190, -2638 )  6400      
Root cell box:
           width x height  (   llx,  lly  ), (   urx,  ury  )  area (units^2)

microns:   0.200 x 0.200   ( 60.650, -13.490), ( 60.850, -13.290)  0.040     
lambda:    20.00 x 20.00   ( 6065.00, -1349.00), ( 6085.00, -1329.00)  400.00    
internal:     40 x 40      ( 12130, -2698 ), ( 12170, -2658 )  1600      
Root cell box:
           width x height  (   llx,  lly  ), (   urx,  ury  )  area (units^2)

microns:   0.400 x 0.400   ( 60.550, -13.590), ( 60.950, -13.190)  0.160     
lambda:    40.00 x 40.00   ( 6055.00, -1359.00), ( 6095.00, -1319.00)  1600.00   
internal:     80 x 80      ( 12110, -2718 ), ( 12190, -2638 )  6400      
Root cell box:
           width x height  (   llx,  lly  ), (   urx,  ury  )  area (units^2)

microns:   0.400 x 0.400   ( 60.550, -13.590), ( 60.950, -13.190)  0.160     
lambda:    40.00 x 40.00   ( 6055.00, -1359.00), ( 6095.00, -1319.00)  1600.00   
internal:     80 x 80      ( 12110, -2718 ), ( 12190, -2638 )  6400      
Root cell box:
           width x height  (   llx,  lly  ), (   urx,  ury  )  area (units^2)

microns:   0.200 x 0.200   ( 60.650, -13.490), ( 60.850, -13.290)  0.040     
lambda:    20.00 x 20.00   ( 6065.00, -1349.00), ( 6085.00, -1329.00)  400.00    
internal:     40 x 40      ( 12130, -2698 ), ( 12170, -2658 )  1600      
Root cell box:
           width x height  (   llx,  lly  ), (   urx,  ury  )  area (units^2)

microns:   0.400 x 0.400   ( 60.550, -13.590), ( 60.950, -13.190)  0.160     
lambda:    40.00 x 40.00   ( 6055.00, -1359.00), ( 6095.00, -1319.00)  1600.00   
internal:     80 x 80      ( 12110, -2718 ), ( 12190, -2638 )  6400      
Root cell box:
           width x height  (   llx,  lly  ), (   urx,  ury  )  area (units^2)

microns:   0.400 x 0.400   ( 60.550, -13.590), ( 60.950, -13.190)  0.160     
lambda:    40.00 x 40.00   ( 6055.00, -1359.00), ( 6095.00, -1319.00)  1600.00   
internal:     80 x 80      ( 12110, -2718 ), ( 12190, -2638 )  6400      
Root cell box:
           width x height  (   llx,  lly  ), (   urx,  ury  )  area (units^2)

microns:   0.200 x 0.200   ( 60.650, -13.490), ( 60.850, -13.290)  0.040     
lambda:    20.00 x 20.00   ( 6065.00, -1349.00), ( 6085.00, -1329.00)  400.00    
internal:     40 x 40      ( 12130, -2698 ), ( 12170, -2658 )  1600      
Root cell box:
           width x height  (   llx,  lly  ), (   urx,  ury  )  area (units^2)

microns:   0.400 x 0.400   ( 60.550, -13.590), ( 60.950, -13.190)  0.160     
lambda:    40.00 x 40.00   ( 6055.00, -1359.00), ( 6095.00, -1319.00)  1600.00   
internal:     80 x 80      ( 12110, -2718 ), ( 12190, -2638 )  6400      
Root cell box:
           width x height  (   llx,  lly  ), (   urx,  ury  )  area (units^2)

microns:   0.200 x 5.810   ( 60.650, -19.100), ( 60.850, -13.290)  1.162     
lambda:    20.00 x 581.00  ( 6065.00, -1910.00), ( 6085.00, -1329.00)  11620.00  
internal:     40 x 1162    ( 12130, -3820 ), ( 12170, -2658 )  46480     
Root cell box:
           width x height  (   llx,  lly  ), (   urx,  ury  )  area (units^2)

microns:   0.240 x 0.240   ( 20.380,  12.380), ( 20.620,  12.620)  0.058     
lambda:    24.00 x 24.00   ( 2038.00,  1238.00), ( 2062.00,  1262.00)  576.00    
internal:     48 x 48      (  4076,  2476 ), (  4124,  2524 )  2304      
Root cell box:
           width x height  (   llx,  lly  ), (   urx,  ury  )  area (units^2)

microns:   0.400 x 0.400   ( 20.300,  12.300), ( 20.700,  12.700)  0.160     
lambda:    40.00 x 40.00   ( 2030.00,  1230.00), ( 2070.00,  1270.00)  1600.00   
internal:     80 x 80      (  4060,  2460 ), (  4140,  2540 )  6400      
Root cell box:
           width x height  (   llx,  lly  ), (   urx,  ury  )  area (units^2)

microns:   0.200 x 0.200   ( 20.400,  12.400), ( 20.600,  12.600)  0.040     
lambda:    20.00 x 20.00   ( 2040.00,  1240.00), ( 2060.00,  1260.00)  400.00    
internal:     40 x 40      (  4080,  2480 ), (  4120,  2520 )  1600      
Root cell box:
           width x height  (   llx,  lly  ), (   urx,  ury  )  area (units^2)

microns:   0.400 x 0.400   ( 20.300,  12.300), ( 20.700,  12.700)  0.160     
lambda:    40.00 x 40.00   ( 2030.00,  1230.00), ( 2070.00,  1270.00)  1600.00   
internal:     80 x 80      (  4060,  2460 ), (  4140,  2540 )  6400      
Root cell box:
           width x height  (   llx,  lly  ), (   urx,  ury  )  area (units^2)

microns:  31.550 x 0.200   (-10.950,  12.400), ( 20.600,  12.600)  6.310     
lambda:   3155.00 x 20.00   (-1095.00,  1240.00), ( 2060.00,  1260.00)  63100.00  
internal:   6310 x 40      ( -2190,  2480 ), (  4120,  2520 )  252400    
Root cell box:
           width x height  (   llx,  lly  ), (   urx,  ury  )  area (units^2)

microns:   0.400 x 0.400   (-11.050,  12.300), (-10.650,  12.700)  0.160     
lambda:    40.00 x 40.00   (-1105.00,  1230.00), (-1065.00,  1270.00)  1600.00   
internal:     80 x 80      ( -2210,  2460 ), ( -2130,  2540 )  6400      
Root cell box:
           width x height  (   llx,  lly  ), (   urx,  ury  )  area (units^2)

microns:   0.200 x 0.200   (-10.950,  12.400), (-10.750,  12.600)  0.040     
lambda:    20.00 x 20.00   (-1095.00,  1240.00), (-1075.00,  1260.00)  400.00    
internal:     40 x 40      ( -2190,  2480 ), ( -2150,  2520 )  1600      
Root cell box:
           width x height  (   llx,  lly  ), (   urx,  ury  )  area (units^2)

microns:   0.400 x 0.400   (-11.050,  12.300), (-10.650,  12.700)  0.160     
lambda:    40.00 x 40.00   (-1105.00,  1230.00), (-1065.00,  1270.00)  1600.00   
internal:     80 x 80      ( -2210,  2460 ), ( -2130,  2540 )  6400      
Root cell box:
           width x height  (   llx,  lly  ), (   urx,  ury  )  area (units^2)

microns:   0.400 x 0.400   (-11.050,  12.300), (-10.650,  12.700)  0.160     
lambda:    40.00 x 40.00   (-1105.00,  1230.00), (-1065.00,  1270.00)  1600.00   
internal:     80 x 80      ( -2210,  2460 ), ( -2130,  2540 )  6400      
Root cell box:
           width x height  (   llx,  lly  ), (   urx,  ury  )  area (units^2)

microns:   0.200 x 0.200   (-10.950,  12.400), (-10.750,  12.600)  0.040     
lambda:    20.00 x 20.00   (-1095.00,  1240.00), (-1075.00,  1260.00)  400.00    
internal:     40 x 40      ( -2190,  2480 ), ( -2150,  2520 )  1600      
Root cell box:
           width x height  (   llx,  lly  ), (   urx,  ury  )  area (units^2)

microns:   0.400 x 0.400   (-11.050,  12.300), (-10.650,  12.700)  0.160     
lambda:    40.00 x 40.00   (-1105.00,  1230.00), (-1065.00,  1270.00)  1600.00   
internal:     80 x 80      ( -2210,  2460 ), ( -2130,  2540 )  6400      
Root cell box:
           width x height  (   llx,  lly  ), (   urx,  ury  )  area (units^2)

microns:   0.400 x 0.400   (-11.050,  12.300), (-10.650,  12.700)  0.160     
lambda:    40.00 x 40.00   (-1105.00,  1230.00), (-1065.00,  1270.00)  1600.00   
internal:     80 x 80      ( -2210,  2460 ), ( -2130,  2540 )  6400      
Root cell box:
           width x height  (   llx,  lly  ), (   urx,  ury  )  area (units^2)

microns:   0.200 x 0.200   (-10.950,  12.400), (-10.750,  12.600)  0.040     
lambda:    20.00 x 20.00   (-1095.00,  1240.00), (-1075.00,  1260.00)  400.00    
internal:     40 x 40      ( -2190,  2480 ), ( -2150,  2520 )  1600      
Root cell box:
           width x height  (   llx,  lly  ), (   urx,  ury  )  area (units^2)

microns:   0.400 x 0.400   (-11.050,  12.300), (-10.650,  12.700)  0.160     
lambda:    40.00 x 40.00   (-1105.00,  1230.00), (-1065.00,  1270.00)  1600.00   
internal:     80 x 80      ( -2210,  2460 ), ( -2130,  2540 )  6400      
Root cell box:
           width x height  (   llx,  lly  ), (   urx,  ury  )  area (units^2)

microns:   0.200 x 0.200   (-10.950,  12.400), (-10.750,  12.600)  0.040     
lambda:    20.00 x 20.00   (-1095.00,  1240.00), (-1075.00,  1260.00)  400.00    
internal:     40 x 40      ( -2190,  2480 ), ( -2150,  2520 )  1600      
Root cell box:
           width x height  (   llx,  lly  ), (   urx,  ury  )  area (units^2)

microns:   0.240 x 0.240   ( 20.380, -19.120), ( 20.620, -18.880)  0.058     
lambda:    24.00 x 24.00   ( 2038.00, -1912.00), ( 2062.00, -1888.00)  576.00    
internal:     48 x 48      (  4076, -3824 ), (  4124, -3776 )  2304      
Root cell box:
           width x height  (   llx,  lly  ), (   urx,  ury  )  area (units^2)

microns:   0.400 x 0.400   ( 20.300, -19.200), ( 20.700, -18.800)  0.160     
lambda:    40.00 x 40.00   ( 2030.00, -1920.00), ( 2070.00, -1880.00)  1600.00   
internal:     80 x 80      (  4060, -3840 ), (  4140, -3760 )  6400      
Root cell box:
           width x height  (   llx,  lly  ), (   urx,  ury  )  area (units^2)

microns:   0.200 x 0.200   ( 20.400, -19.100), ( 20.600, -18.900)  0.040     
lambda:    20.00 x 20.00   ( 2040.00, -1910.00), ( 2060.00, -1890.00)  400.00    
internal:     40 x 40      (  4080, -3820 ), (  4120, -3780 )  1600      
Root cell box:
           width x height  (   llx,  lly  ), (   urx,  ury  )  area (units^2)

microns:   0.400 x 0.400   ( 20.300, -19.200), ( 20.700, -18.800)  0.160     
lambda:    40.00 x 40.00   ( 2030.00, -1920.00), ( 2070.00, -1880.00)  1600.00   
internal:     80 x 80      (  4060, -3840 ), (  4140, -3760 )  6400      
Root cell box:
           width x height  (   llx,  lly  ), (   urx,  ury  )  area (units^2)

microns:  32.850 x 0.200   (-12.250, -19.100), ( 20.600, -18.900)  6.570     
lambda:   3285.00 x 20.00   (-1225.00, -1910.00), ( 2060.00, -1890.00)  65700.00  
internal:   6570 x 40      ( -2450, -3820 ), (  4120, -3780 )  262800    
Root cell box:
           width x height  (   llx,  lly  ), (   urx,  ury  )  area (units^2)

microns:   0.400 x 0.400   (-12.350, -19.200), (-11.950, -18.800)  0.160     
lambda:    40.00 x 40.00   (-1235.00, -1920.00), (-1195.00, -1880.00)  1600.00   
internal:     80 x 80      ( -2470, -3840 ), ( -2390, -3760 )  6400      
Root cell box:
           width x height  (   llx,  lly  ), (   urx,  ury  )  area (units^2)

microns:   0.200 x 0.200   (-12.250, -19.100), (-12.050, -18.900)  0.040     
lambda:    20.00 x 20.00   (-1225.00, -1910.00), (-1205.00, -1890.00)  400.00    
internal:     40 x 40      ( -2450, -3820 ), ( -2410, -3780 )  1600      
Root cell box:
           width x height  (   llx,  lly  ), (   urx,  ury  )  area (units^2)

microns:   0.400 x 0.400   (-12.350, -19.200), (-11.950, -18.800)  0.160     
lambda:    40.00 x 40.00   (-1235.00, -1920.00), (-1195.00, -1880.00)  1600.00   
internal:     80 x 80      ( -2470, -3840 ), ( -2390, -3760 )  6400      
Root cell box:
           width x height  (   llx,  lly  ), (   urx,  ury  )  area (units^2)

microns:   0.400 x 0.400   (-12.350, -19.200), (-11.950, -18.800)  0.160     
lambda:    40.00 x 40.00   (-1235.00, -1920.00), (-1195.00, -1880.00)  1600.00   
internal:     80 x 80      ( -2470, -3840 ), ( -2390, -3760 )  6400      
Root cell box:
           width x height  (   llx,  lly  ), (   urx,  ury  )  area (units^2)

microns:   0.200 x 0.200   (-12.250, -19.100), (-12.050, -18.900)  0.040     
lambda:    20.00 x 20.00   (-1225.00, -1910.00), (-1205.00, -1890.00)  400.00    
internal:     40 x 40      ( -2450, -3820 ), ( -2410, -3780 )  1600      
Root cell box:
           width x height  (   llx,  lly  ), (   urx,  ury  )  area (units^2)

microns:   0.400 x 0.400   (-12.350, -19.200), (-11.950, -18.800)  0.160     
lambda:    40.00 x 40.00   (-1235.00, -1920.00), (-1195.00, -1880.00)  1600.00   
internal:     80 x 80      ( -2470, -3840 ), ( -2390, -3760 )  6400      
Root cell box:
           width x height  (   llx,  lly  ), (   urx,  ury  )  area (units^2)

microns:   0.400 x 0.400   (-12.350, -19.200), (-11.950, -18.800)  0.160     
lambda:    40.00 x 40.00   (-1235.00, -1920.00), (-1195.00, -1880.00)  1600.00   
internal:     80 x 80      ( -2470, -3840 ), ( -2390, -3760 )  6400      
Root cell box:
           width x height  (   llx,  lly  ), (   urx,  ury  )  area (units^2)

microns:   0.200 x 0.200   (-12.250, -19.100), (-12.050, -18.900)  0.040     
lambda:    20.00 x 20.00   (-1225.00, -1910.00), (-1205.00, -1890.00)  400.00    
internal:     40 x 40      ( -2450, -3820 ), ( -2410, -3780 )  1600      
Root cell box:
           width x height  (   llx,  lly  ), (   urx,  ury  )  area (units^2)

microns:   0.400 x 0.400   (-12.350, -19.200), (-11.950, -18.800)  0.160     
lambda:    40.00 x 40.00   (-1235.00, -1920.00), (-1195.00, -1880.00)  1600.00   
internal:     80 x 80      ( -2470, -3840 ), ( -2390, -3760 )  6400      
Root cell box:
           width x height  (   llx,  lly  ), (   urx,  ury  )  area (units^2)

microns:   0.200 x 0.200   (-12.250, -19.100), (-12.050, -18.900)  0.040     
lambda:    20.00 x 20.00   (-1225.00, -1910.00), (-1205.00, -1890.00)  400.00    
internal:     40 x 40      ( -2450, -3820 ), ( -2410, -3780 )  1600      
DONE
